{"english-450k": {"oneh-in": 0.0025106691746072766, "dsfb-alt": 0.05374931079383103, "bad-redirect": 0.0010328591283054855, "sfR": 0.11369548401129392, "dsfb-red": 0.0129336882806009, "unknown": 0.00015377410175167997, "dsfb": 0.0, "redirect": 0.032197841198712975, "sfb": 0.025172177295107703, "alternate": 0.3560680254528297, "oneh-out": 0.005260185195471441, "sft": 0.0, "roll-out": 0.173708604508797, "roll-in": 0.2234235377281543, "sfT": 9.384313053667162e-05}, "shai": {"oneh-in": 0.0015639586603183706, "dsfb-alt": 0.05025422393194521, "bad-redirect": 0.0009436327595116845, "sfR": 0.09823378925716947, "dsfb-red": 0.011909445283721091, "unknown": 0.023260762136131256, "dsfb": 0.0, "redirect": 0.037810147468768124, "sfb": 0.01535088894001269, "alternate": 0.31299646120782143, "oneh-out": 0.007252987413740199, "sft": 0.0, "roll-out": 0.22155826606304804, "roll-in": 0.21881613948086362, "sfT": 4.92973969488174e-05}, "tr-quotes": {"oneh-in": 0.0011245694736598784, "dsfb-alt": 0.05199949145881972, "bad-redirect": 0.002627077506298976, "sfR": 0.09677191928064538, "dsfb-red": 0.012303229236494764, "unknown": 0.013835787429786644, "dsfb": 0.0, "redirect": 0.04610619264464529, "sfb": 0.01417905272647419, "alternate": 0.31089665056286264, "oneh-out": 0.008766556482744273, "sft": 0.0, "roll-out": 0.23207623494602528, "roll-in": 0.20928203231548045, "sfT": 3.1205936062504334e-05}, "gutenberg": {"oneh-in": 0.0012406214587162324, "dsfb-alt": 0.04602574900460445, "bad-redirect": 0.0011273382655092837, "sfR": 0.09863878308844841, "dsfb-red": 0.011429289123335845, "unknown": 0.032975828246008664, "dsfb": 0.0, "redirect": 0.034041978432243956, "sfb": 0.012702683144635359, "alternate": 0.29547534044630547, "oneh-out": 0.008619562832958817, "sft": 0.0, "roll-out": 0.2404066374100507, "roll-in": 0.2172119983193169, "sfT": 0.00010419022786592271}, "english-200": {"oneh-in": 0.0022271714922048997, "dsfb-alt": 0.05790645879732739, "bad-redirect": 0.0, "sfR": 0.10690423162583519, "dsfb-red": 0.013363028953229399, "unknown": 0.0, "dsfb": 0.0, "redirect": 0.0378619153674833, "sfb": 0.008908685968819599, "alternate": 0.30957683741648107, "oneh-out": 0.008908685968819599, "sft": 0.0, "roll-out": 0.2182628062360802, "roll-in": 0.23608017817371937, "sfT": 0.0}, "monkeyracer": {"oneh-in": 0.0011397938595805247, "dsfb-alt": 0.05195935061075747, "bad-redirect": 0.002706766035316014, "sfR": 0.09690789370786869, "dsfb-red": 0.0121946212678105, "unknown": 0.013436077701487402, "dsfb": 0.0, "redirect": 0.04652138042135227, "sfb": 0.014118389977634234, "alternate": 0.31025462564712136, "oneh-out": 0.008849531570139357, "sft": 0.0, "roll-out": 0.2326499131958021, "roll-in": 0.20923233026260224, "sfT": 2.9325742527800803e-05}, "chained-bigrams": {"oneh-in": 0.005598954359723889, "dsfb-alt": 0.061666414520011245, "bad-redirect": 0.0020537507410189797, "sfR": 0.11914286586209158, "dsfb-red": 0.022230894047109654, "unknown": 0.022916559801936097, "dsfb": 0.0, "redirect": 0.039769263084625826, "sfb": 0.018036385736334246, "alternate": 0.3089976099094285, "oneh-out": 0.006218391035959143, "sft": 0.0, "roll-out": 0.20265059161397017, "roll-in": 0.19063520828720565, "sfT": 8.311100058502352e-05}, "english-5k": {"oneh-in": 0.002074086364956237, "dsfb-alt": 0.05073215248682955, "bad-redirect": 0.0004977807275894969, "sfR": 0.10644211224955408, "dsfb-red": 0.014477122827394533, "unknown": 0.002157049819554486, "dsfb": 0.0, "redirect": 0.031069813747044428, "sfb": 0.018334923466213134, "alternate": 0.3450864894014187, "oneh-out": 0.006180777367569586, "sft": 0.0, "roll-out": 0.18629443730036918, "roll-in": 0.23665325424150663, "sfT": 0.0}, "mt-quotes": {"oneh-in": 0.001041405194774148, "dsfb-alt": 0.052655956777949105, "bad-redirect": 0.002916532195407657, "sfR": 0.0964592223377679, "dsfb-red": 0.012069542558659352, "unknown": 0.007977133909467972, "dsfb": 0.0, "redirect": 0.04809140459712411, "sfb": 0.013209560010040521, "alternate": 0.31022668866018815, "oneh-out": 0.008973715351238929, "sft": 0.0, "roll-out": 0.23646023834283597, "roll-in": 0.20990216468844503, "sfT": 1.6435376101170198e-05}, "wordle": {"oneh-in": 0.0027600134634803096, "dsfb-alt": 0.060989565802760014, "bad-redirect": 0.0018175698418041065, "sfR": 0.13138112868843263, "dsfb-red": 0.013104454168069112, "unknown": 0.0, "dsfb": 0.0, "redirect": 0.032581622349377316, "sfb": 0.02966453494895097, "alternate": 0.32779086727252327, "oneh-out": 0.007988331650398294, "sft": 0.0, "roll-out": 0.19573656456860766, "roll-in": 0.19611802984404803, "sfT": 6.731740154830023e-05}, "english-1k": {"oneh-in": 0.0017642907551164433, "dsfb-alt": 0.043048694424841216, "bad-redirect": 0.0, "sfR": 0.10832745236414962, "dsfb-red": 0.016937191249117856, "unknown": 0.0, "dsfb": 0.0, "redirect": 0.03140437544107269, "sfb": 0.012702893436838392, "alternate": 0.3140437544107269, "oneh-out": 0.010232886379675371, "sft": 0.0, "roll-out": 0.221242060691602, "roll-in": 0.24029640084685958, "sfT": 0.0}, "english-10k": {"oneh-in": 0.0017367476505663728, "dsfb-alt": 0.05335674726462245, "bad-redirect": 0.000675401864109145, "sfR": 0.10567144593890508, "dsfb-red": 0.013102796163717411, "unknown": 0.0, "dsfb": 0.0, "redirect": 0.03434900908897937, "sfb": 0.01860249705717759, "alternate": 0.33847281989926864, "oneh-out": 0.005673375658516818, "sft": 0.0, "roll-out": 0.187317882711642, "roll-in": 0.2409833851141429, "sfT": 5.789158835221242e-05}, "reddit": {"oneh-in": 0.001463760795460611, "dsfb-alt": 0.05618754327501776, "bad-redirect": 0.0014129310856637932, "sfR": 0.10397777127267367, "dsfb-red": 0.011765860452032317, "unknown": 0.039285409944231534, "dsfb": 0.0, "redirect": 0.04021750021584834, "sfb": 0.016370163147636334, "alternate": 0.30178325380188065, "oneh-out": 0.007598910513677855, "sft": 0.0, "roll-out": 0.21609398963965407, "roll-in": 0.2037651068088775, "sfT": 7.77990473456085e-05}, "akl": {"oneh-in": 0.002436144869862959, "dsfb-alt": 0.04938315865099754, "bad-redirect": 0.0011614549644775097, "sfR": 0.13064861186637447, "dsfb-red": 0.01221064525558569, "unknown": 0.13277008071454782, "dsfb": 0.0, "redirect": 0.03280729777575, "sfb": 0.021743950028578048, "alternate": 0.25557383121984917, "oneh-out": 0.006460790900723792, "sft": 0.0, "roll-out": 0.1765904956821859, "roll-in": 0.1779801500606337, "sfT": 0.00023338801043342743}, "french": {"oneh-in": 0.003731436584657432, "dsfb-alt": 0.03803845307545155, "bad-redirect": 0.0015194730264210862, "sfR": 0.10898279115633469, "dsfb-red": 0.00859960517162872, "unknown": 0.15807953387545715, "dsfb": 0.0, "redirect": 0.027837289385129325, "sfb": 0.039096695226694914, "alternate": 0.2480356300476529, "oneh-out": 0.010685751251474156, "sft": 0.0, "roll-out": 0.1597209740478154, "roll-in": 0.19562948912994965, "sfT": 4.287802133302914e-05}, "keymash": {"oneh-in": 0.0013587123839860762, "dsfb-alt": 0.05061716739254473, "bad-redirect": 0.002762578351729998, "sfR": 0.099723742164827, "dsfb-red": 0.012774359332219544, "unknown": 0.01232282349464109, "dsfb": 0.0, "redirect": 0.04475541124652625, "sfb": 0.0144368321887584, "alternate": 0.307844819447238, "oneh-out": 0.008406776321460677, "sft": 0.0, "roll-out": 0.23323467959427452, "roll-in": 0.21174978346804152, "sfT": 1.2314613752139664e-05}, "movie": {"oneh-in": 0.0009705340595603922, "dsfb-alt": 0.05709359067202937, "bad-redirect": 0.004985847310449434, "sfR": 0.11567713207251198, "dsfb-red": 0.01197553490902444, "unknown": 0.030236445784519856, "dsfb": 0.0, "redirect": 0.0504194746903799, "sfb": 0.01590425678212491, "alternate": 0.3026776607010296, "oneh-out": 0.00848134909892986, "sft": 0.0, "roll-out": 0.2129754416061569, "roll-in": 0.18854403967727473, "sfT": 5.869263600866914e-05}, "dutch": {"oneh-in": 0.0029142202638129068, "dsfb-alt": 0.04563817471830453, "bad-redirect": 0.0010837013419657435, "sfR": 0.18880787437283908, "dsfb-red": 0.007059264036288485, "unknown": 0.07290361491625476, "dsfb": 0.0, "redirect": 0.017324123742706157, "sfb": 0.03197636190568338,