{"monkeyracer": {"sft": 0.0, "dsfb-red": 0.014514287501759544, "redirect": 0.031151758762531866, "roll-out": 0.20387549462752397, "oneh-out": 0.005260060684736538, "unknown": 0.013436077701487402, "sfR": 0.09690789370786869, "dsfb": 0.0, "sfT": 8.797722758340242e-06, "alternate": 0.2825261585623348, "dsfb-alt": 0.041991530725557974, "oneh-in": 0.019736224721209943, "roll-in": 0.2543822434584044, "bad-redirect": 0.016101787697264495, "sfb": 0.020107684126562084}, "english-200": {"sft": 0.0, "dsfb-red": 0.015590200445434299, "redirect": 0.022271714922048998, "roll-out": 0.2182628062360802, "oneh-out": 0.0066815144766146995, "unknown": 0.0, "sfR": 0.10690423162583519, "dsfb": 0.0, "sfT": 0.0, "alternate": 0.30066815144766146, "dsfb-alt": 0.028953229398663696, "oneh-in": 0.031180400890868598, "roll-in": 0.2583518930957684, "bad-redirect": 0.004454342984409799, "sfb": 0.0066815144766146995}, "english-10k": {"sft": 0.0, "dsfb-red": 0.00964859805870207, "redirect": 0.03014222033538527, "roll-out": 0.1990119835587889, "oneh-out": 0.00685050462167847, "unknown": 0.0, "sfR": 0.10567144593890508, "dsfb": 0.0, "sfT": 0.0, "alternate": 0.3155091565195577, "dsfb-alt": 0.04457652303120357, "oneh-in": 0.013064201771482603, "roll-in": 0.24681113834159896, "bad-redirect": 0.0016209644738619479, "sfb": 0.027093263348835415}, "shai": {"sft": 0.0, "dsfb-red": 0.012362631450694243, "redirect": 0.02970555400567185, "roll-out": 0.19355717042772352, "oneh-out": 0.0059840313125361306, "unknown": 0.023260762136131256, "sfR": 0.09823378925716947, "dsfb": 0.0, "sfT": 3.6420546854704546e-05, "alternate": 0.29123235132289027, "dsfb-alt": 0.0412495475492107, "oneh-in": 0.0165248187642373, "roll-in": 0.2581726158978435, "bad-redirect": 0.007804733540931741, "sfb": 0.021875573788105337}}