{"english-450k": {"sfR": 0.11369548401129392, "redirect": 0.023083071342412827, "oneh-out": 0.0038425984665857063, "bad-redirect": 0.000534701201718294, "oneh-in": 0.0011492129163229163, "dsfb-red": 0.008533585608615092, "sfT": 0.001716949238759727, "roll-in": 0.1907915624208838, "dsfb": 0.0, "alternate": 0.3566196827342088, "roll-out": 0.1916645081772156, "unknown": 0.00015377410175167997, "dsfb-alt": 0.06452636114929478, "sft": 0.0, "sfb": 0.043688508630936894}, "shai": {"sfR": 0.09823378925716947, "redirect": 0.01681047815649642, "oneh-out": 0.01243357604408922, "bad-redirect": 0.0006520748642338, "oneh-in": 0.0013584709160452597, "dsfb-red": 0.00895917585682336, "sfT": 0.00019635744990220252, "roll-in": 0.19413453479079512, "dsfb": 0.0, "alternate": 0.31164109048922894, "roll-out": 0.23800528961030556, "unknown": 0.023621906111313578, "dsfb-alt": 0.0704015556875967, "sft": 0.0, "sfb": 0.02355170076600035}, "tr-quotes": {"sfR": 0.09677191928064538, "redirect": 0.01632301611150921, "oneh-out": 0.022247520861746146, "bad-redirect": 0.0006934652458334297, "oneh-in": 0.002007581886687779, "dsfb-red": 0.009707357666258293, "sfT": 0.00018492406555558125, "roll-in": 0.1810649314625182, "dsfb": 0.0, "alternate": 0.2947747393726451, "roll-out": 0.2606943898661612, "unknown": 0.01476965396084233, "dsfb-alt": 0.07587434409745498, "sft": 0.0, "sfb": 0.024886156122142344}, "gutenberg": {"sfR": 0.09863878308844841, "redirect": 0.01656359411579058, "oneh-out": 0.015413144563372854, "bad-redirect": 0.0009049394882100233, "oneh-in": 0.0017642247129369786, "dsfb-red": 0.010968578879390529, "sfT": 9.926487163953364e-05, "roll-in": 0.18479803955667248, "dsfb": 0.0, "alternate": 0.2663225358158644, "roll-out": 0.26864768282827595, "unknown": 0.03802431837805746, "dsfb-alt": 0.07117442845976912, "sft": 0.0, "sfb": 0.026680465241571673}, "english-200": {"sfR": 0.10690423162583519, "redirect": 0.0066815144766146995, "oneh-out": 0.017817371937639197, "bad-redirect": 0.0, "oneh-in": 0.004454342984409799, "dsfb-red": 0.0066815144766146995, "sfT": 0.0, "roll-in": 0.18040089086859687, "dsfb": 0.0, "alternate": 0.30066815144766146, "roll-out": 0.2828507795100223, "unknown": 0.0, "dsfb-alt": 0.08240534521158129, "sft": 0.0, "sfb": 0.011135857461024499}, "monkeyracer": {"sfR": 0.09690789370786869, "redirect": 0.016341281261241535, "oneh-out": 0.022615035112689055, "bad-redirect": 0.0006813347513959054, "oneh-in": 0.002053779501696983, "dsfb-red": 0.009736146519229867, "sfT": 0.00017399940566495143, "roll-in": 0.18097013466380968, "dsfb": 0.0, "alternate": 0.2939661307224299, "roll-out": 0.2614829832491359, "unknown": 0.014352018393105714, "dsfb-alt": 0.07584614542440214, "sft": 0.0, "sfb": 0.024873117287329716}, "chained-bigrams": {"sfR": 0.11914286586209158, "redirect": 0.02244061946264842, "oneh-out": 0.007783864648541109, "bad-redirect": 0.0015349562920546533, "oneh-in": 0.004988607949177623, "dsfb-red": 0.013799023315882187, "sfT": 7.726725835638906e-05, "roll-in": 0.17359745316727582, "dsfb": 0.0, "alternate": 0.31984424479046614, "roll-out": 0.22359196654262783, "unknown": 0.02365222201805197, "dsfb-alt": 0.06498436149649148, "sft": 0.0, "sfb": 0.024562547196334807}, "english-5k": {"sfR": 0.10644211224955408, "redirect": 0.01709047164723939, "oneh-out": 0.004562990002903721, "bad-redirect": 0.00020740863649562367, "oneh-in": 0.0009540797278798689, "dsfb-red": 0.008254863732525822, "sfT": 0.0003733355456921226, "roll-in": 0.2142946032272784, "dsfb": 0.0, "alternate": 0.3600199112291036, "roll-out": 0.19479819139668975, "unknown": 0.002157049819554486, "dsfb-alt": 0.06682706267888995, "sft": 0.0, "sfb": 0.024017920106193223}, "mt-quotes": {"sfR": 0.0964592223377679, "redirect": 0.016244128088356583, "oneh-out": 0.024185402995422, "bad-redirect": 0.000700744671949893, "oneh-in": 0.0021619990198539344, "dsfb-red": 0.009717789651091907, "sfT": 0.0001389536343098935, "roll-in": 0.1808175254897742, "dsfb": 0.0, "alternate": 0.29180711442607665, "roll-out": 0.26794743070247784, "unknown": 0.008869126594231481, "dsfb-alt": 0.07666804126175876, "sft": 0.0, "sfb": 0.024282521126928917}, "wordle": {"sfR": 0.13138112868843263, "redirect": 0.029866487153595873, "oneh-out": 0.005744418265454953, "bad-redirect": 0.0023336699203410746, "oneh-in": 0.0020868394479973073, "dsfb-red": 0.012924941097273645, "sfT": 0.000381465275440368, "roll-in": 0.1846965107146864, "dsfb": 0.0, "alternate": 0.3269157410523954, "roll-out": 0.20403904409289803, "unknown": 0.0, "dsfb-alt": 0.06336811399079996, "sft": 0.0, "sfb": 0.03626164030068439}, "english-1k": {"sfR": 0.10832745236414962, "redirect": 0.013408609738884969, "oneh-out": 0.009880028228652082, "bad-redirect": 0.00035285815102328866, "oneh-in": 0.0014114326040931546, "dsfb-red": 0.0077628793225123505, "sfT": 0.0, "roll-in": 0.205363443895554, "dsfb": 0.0, "alternate": 0.3228652081863091, "roll-out": 0.23747353563867327, "unknown": 0.0, "dsfb-alt": 0.07374735356386733, "sft": 0.0, "sfb": 0.019407198306280876}, "english-10k": {"sfR": 0.10567144593890508, "redirect": 0.021458482082553406, "oneh-out": 0.004013816792420062, "bad-redirect": 0.0005596186874047201, "oneh-in": 0.0007139962563439532, "dsfb-red": 0.008066227977074932, "sfT": 0.00036664672623067866, "roll-in": 0.22108797591709925, "dsfb": 0.0, "alternate": 0.35066864784546803, "roll-out": 0.19360876864591575, "unknown": 0.0, "dsfb-alt": 0.06790683313714517, "sft": 0.0, "sfb": 0.025877539993438954}, "reddit": {"sfR": 0.10397777127267367, "redirect": 0.01585175254808736, "oneh-out": 0.016559285627197228, "bad-redirect": 0.0005330939055477613, "oneh-in": 0.0013897074894412235, "dsfb-red": 0.010291386836378714, "sfT": 0.0002626888392078731, "roll-in": 0.17511651596612876, "dsfb": 0.0, "alternate": 0.29362068413343306, "roll-out": 0.24623035147976446, "unknown": 0.041217688064775854, "dsfb-alt": 0.06896999792298643, "sft": 0.0, "sfb": 0.0259790759143776}, "akl": {"sfR": 0.13064861186637447, "redirect": 0.016158870672824822, "oneh-out": 0.015018516000630835, "bad-redirect": 0.0006130944411279979, "oneh-in": 0.0014285441443192787, "dsfb-red": 0.007458483877783055, "sfT": 0.0002289406420364322, "roll-in": 0.15813441098669984, "dsfb": 0.0, "alternate": 0.24803645596822385, "roll-out": 0.20523626731085645, "unknown": 0.13295000147380848, "dsfb-alt": 0.057858483897549134, "sft": 0.0, "sfb": 0.02622931871776538}, "french": {"sfR": 0.10898279115633469, "redirect": 0.01854700648412465, "oneh-out": 0.008492859573446388, "bad-redirect": 0.0019176603258582799, "oneh-in": 0.0017085438262892999, "dsfb-red": 0.006542658694710631, "sfT": 0.00016109970768485757, "roll-in": 0.20575467991804275, "dsfb": 0.0, "alternate": 0.24707617813843258, "roll-out": 0.1594913174478804, "unknown": 0.15822382396052298, "dsfb-alt": 0.05061561647200989, "sft": 0.0, "sfb": 0.032485764294662614}, "keymash": {"sfR": 0.099723742164827, "redirect": 0.016550840882875707, "oneh-out": 0.021566993551247266, "bad-redirect": 0.0006690940138662551, "oneh-in": 0.0017363605390516925, "dsfb-red": 0.009732649735441048, "sfT": 0.00018061433503138174, "roll-in": 0.18323734776058748, "dsfb": 0.0, "alternate": 0.2907028771042596, "roll-out": 0.26109033590161446, "unknown": 0.013394194891077241, "dsfb-alt": 0.07692939210961648, "sft": 0.0, "sfb": 0.024485557010504366}, "movie": {"sfR": 0.11567713207251198, "redirect": 0.015621584624845487, "oneh-out": 0.034047519189925816, "bad-redirect": 0.0006906254568912458, "oneh-in": 0.0012046466144021463, "dsfb-red": 0.011117122207938007, "sfT": 0.00010935780386368622, "roll-in": 0.15646219740228498, "dsfb": 0.0, "alternate": 0.280278918986923, "roll-out": 0.25869845263313457, "unknown": 0.030451476652766863, "dsfb-alt": 0.07330157526560721, "sft": 0.0, "sfb": 0.022339391088904998}, "dutch": {"sfR": 0.18880787437283908, "redirect": 0.015656057816626715, "oneh-out": 0.003807765532918087, "bad-redirect": 0.0004071724754849285, "oneh-in": 0.0027620236823475168, "dsfb-red": 0.011099340939313264,