{"english-450k": {"dsfb": 0.0, "bad-redirect": 0.008235100137344246, "oneh-out": 0.005534113585854186, "roll-in": 0.19227872754561917, "sfT": 9.939770835659921e-06, "sft": 0.0, "sfR": 0.11369548401129392, "sfb": 0.02241009038759844, "alternate": 0.3737064411469092, "unknown": 0.00015377410175167997, "redirect": 0.020429152529291627, "oneh-in": 0.0035069850277816596, "roll-out": 0.19320751142635126, "dsfb-alt": 0.060340548242677754, "dsfb-red": 0.006492132086691173}, "shai": {"dsfb": 0.0, "bad-redirect": 0.005023899000288887, "oneh-out": 0.0036101857393703867, "roll-in": 0.2130610583307763, "sfT": 3.6443769307534326e-05, "sft": 0.0, "sfR": 0.09823378925716947, "sfb": 0.018347100119425336, "alternate": 0.3323233475754056, "unknown": 0.02085404518098496, "redirect": 0.02701294930414694, "oneh-in": 0.0043875186437592134, "roll-out": 0.2084428826742853, "dsfb-alt": 0.061423852183823985, "dsfb-red": 0.007242928221256099}, "tr-quotes": {"dsfb": 0.0, "bad-redirect": 0.004213957143847808, "oneh-out": 0.004560689766764522, "roll-in": 0.21875707912438455, "sfT": 9.246203277779062e-06, "sft": 0.0, "sfR": 0.09677191928064538, "sfb": 0.02149742262083632, "alternate": 0.3246873627516701, "unknown": 0.011968054367675273, "redirect": 0.0334862809458866, "oneh-in": 0.00379325489470886, "roll-out": 0.20684912507801484, "dsfb-alt": 0.06484824668870345, "dsfb-red": 0.008557361133584521}, "gutenberg": {"dsfb": 0.0, "bad-redirect": 0.0044116036846211055, "oneh-out": 0.004206254217336269, "roll-in": 0.2199444344042952, "sfT": 1.913311457174217e-05, "sft": 0.0, "sfR": 0.09863878308844841, "sfb": 0.01513978729280826, "alternate": 0.2992322506263727, "unknown": 0.03543926410631495, "redirect": 0.028827352245943495, "oneh-in": 0.0036544248832027547, "roll-out": 0.22123089956327247, "dsfb-alt": 0.0618397417900942, "dsfb-red": 0.007416070982718441}, "english-200": {"dsfb": 0.0, "bad-redirect": 0.0, "oneh-out": 0.004454342984409799, "roll-in": 0.22271714922049, "sfT": 0.0, "sft": 0.0, "sfR": 0.10690423162583519, "sfb": 0.011135857461024499, "alternate": 0.34521158129175944, "unknown": 0.0, "redirect": 0.0200445434298441, "oneh-in": 0.0022271714922048997, "roll-out": 0.20935412026726058, "dsfb-alt": 0.06904231625835189, "dsfb-red": 0.008908685968819599}, "monkeyracer": {"dsfb": 0.0, "bad-redirect": 0.004238547320018143, "oneh-out": 0.00461196177487214, "roll-in": 0.21851588282215306, "sfT": 9.775247509266934e-06, "sft": 0.0, "sfR": 0.09690789370786869, "sfb": 0.021429297589814975, "alternate": 0.32433782473372225, "unknown": 0.011536747110436837, "redirect": 0.033914243708650704, "oneh-in": 0.0037546725683094296, "roll-out": 0.20731735927553685, "dsfb-alt": 0.06490177831302689, "dsfb-red": 0.008524015828080767}, "chained-bigrams": {"dsfb": 0.0, "bad-redirect": 0.007334545801628327, "oneh-out": 0.0050412016292353335, "roll-in": 0.19881709671198597, "sfT": 7.01249067436136e-05, "sft": 0.0, "sfR": 0.11914286586209158, "sfb": 0.01810845855715407, "alternate": 0.3272177488736187, "unknown": 0.021095260140678355, "redirect": 0.025360542662889445, "oneh-in": 0.006669008492256067, "roll-out": 0.18444408804831347, "dsfb-alt": 0.07158908882423257, "dsfb-red": 0.01510996948917252}, "english-5k": {"dsfb": 0.0, "bad-redirect": 0.004936325548595843, "oneh-out": 0.003111129547434355, "roll-in": 0.20691085576803417, "sfT": 0.0, "sft": 0.0, "sfR": 0.10644211224955408, "sfb": 0.017380843738333263, "alternate": 0.3639606753225204, "unknown": 0.002157049819554486, "redirect": 0.022026797195835234, "oneh-in": 0.005060770730493218, "roll-out": 0.20176712158294272, "dsfb-alt": 0.06010702285643174, "dsfb-red": 0.006139295640270461}, "mt-quotes": {"dsfb": 0.0, "bad-redirect": 0.004029655394986911, "oneh-out": 0.0046183406844288255, "roll-in": 0.2204043700170928, "sfT": 7.470625500531909e-06, "sft": 0.0, "sfR": 0.0964592223377679, "sfb": 0.021421271560225195, "alternate": 0.3244791479901029, "unknown": 0.006620468318571378, "redirect": 0.03468760832406976, "oneh-in": 0.0035918767406557415, "roll-out": 0.20970045779993068, "dsfb-alt": 0.06521557236944335, "dsfb-red": 0.008764537837224036}, "wordle": {"dsfb": 0.0, "bad-redirect": 0.0043756311006395154, "oneh-out": 0.004532705037585549, "roll-in": 0.1597666330079659, "sfT": 0.0, "sft": 0.0, "sfR": 0.13138112868843263, "sfb": 0.025962077863794456, "alternate": 0.36845057780769663, "unknown": 0.0, "redirect": 0.016201054639290922, "oneh-in": 0.0024009873218893752, "roll-out": 0.2146976326713789, "dsfb-alt": 0.06677886233591383, "dsfb-red": 0.005452709525412319}, "english-1k": {"dsfb": 0.0, "bad-redirect": 0.0056457304163726185, "oneh-out": 0.0028228652081863093, "roll-in": 0.22477064220183487, "sfT": 0.0, "sft": 0.0, "sfR": 0.10832745236414962, "sfb": 0.012350035285815103, "alternate": 0.3352152434721242, "unknown": 0.0, "redirect": 0.02611150317572336, "oneh-in": 0.00529287226534933, "roll-out": 0.2148906139731828, "dsfb-alt": 0.05786873676781934, "dsfb-red": 0.0067043048694424845}, "english-10k": {"dsfb": 0.0, "bad-redirect": 0.006425966307095579, "oneh-out": 0.003126145771019471, "roll-in": 0.2012890527006426, "sfT": 0.0, "sft": 0.0, "sfR": 0.10567144593890508, "sfb": 0.01669207464155458, "alternate": 0.37025530190463324, "unknown": 0.0, "redirect": 0.01970243723586963, "oneh-in": 0.004496246695355165, "roll-out": 0.2060168657494066, "dsfb-alt": 0.06067038459311862, "dsfb-red": 0.005654078462399414}, "reddit": {"dsfb": 0.0, "bad-redirect": 0.003598084203141291, "oneh-out": 0.004608160809170024, "roll-in": 0.20554126243094492, "sfT": 9.109642905369277e-05, "sft": 0.0, "sfR": 0.10397777127267367, "sfb": 0.02008769904167081, "alternate": 0.31912356395300817, "unknown": 0.041080856134129005, "redirect": 0.02890712190908449, "oneh-in": 0.004149869357906895, "roll-out": 0.19827815762716278, "dsfb-alt": 0.06119627366161385, "dsfb-red": 0.009360083170440408}, "akl": {"dsfb": 0.0, "bad-redirect": 0.0029900646037087147, "oneh-out": 0.004401436964495151, "roll-in": 0.1661309770253149, "sfT": 0.00012855365427536766, "sft": 0.0, "sfR": 0.13064861186637447, "sfb": 0.020513116117107412, "alternate": 0.27333543463254223, "unknown": 0.133585999862181, "redirect": 0.025468423400243908, "oneh-in": 0.0039860280486135906, "roll-out": 0.17406233970170956, "dsfb-alt": 0.05400570394762996, "dsfb-red": 0.010743310175803732}, "french": {"dsfb": 0.0, "bad-redirect": 0.00988461242800721, "oneh-out": 0.009037524306347251, "roll-in": 0.1540616745053892, "sfT": 0.00043477294866684337, "sft": 0.0, "sfR": 0.10898279115633469, "sfb": 0.04790898257541786, "alternate": 0.22280574984378063, "unknown": 0.15503574868883072, "redirect": 0.022436516445121985, "oneh-in": 0.005076835631390025, "roll-out": 0.2124369094187417, "dsfb-alt": 0.046197337508591896, "dsfb-red": 0.00570054454338001}, "keymash": {"dsfb": 0.0, "bad-redirect": 0.004125395606966787, "oneh-out": 0.004609770414550947, "roll-in": 0.21504599508236424, "sfT": 3.694384125641899e-05, "sft": 0.0, "sfR": 0.099723742164827, "sfb": 0.02156288867999655, "alternate": 0.3223350149622557, "unknown": 0.010976425724407154, "redirect": 0.03350806401957203, "oneh-in": 0.0036040769581262085, "roll-out": 0.21131877198671664, "dsfb-alt": 0.06449163221995542, "dsfb-red": 0.008661278339004897}, "movie": {"dsfb": 0.0, "bad-redirect": 0.0039347753736753525, "oneh-out": 0.004175731016123499, "roll-in": 0.20065696272978134, "sfT": 4.250610186278056e-05, "sft": 0.0, "sfR": 0.11567713207251198, "sfb": 0.02938263900778388, "alternate": 0.3116598711736119, "unknown": 0.016870316515173428, "redirect": 0.04436729009388058, "oneh-in": 0.004702517163977092, "roll-out": 0.1871105444215742, "dsfb-alt": 0.06974619646057086, "dsfb-red": 0.011673517869473104}, "dutch": {"dsfb": 0.0, "bad-redirect": 0.002970899504389261, "oneh-out": 0.0031134672493505376, "roll-in": 0.1189265127556622, "sfT": 7.80706780985282e-05, "sft": 0.0, "sfR": 0.18880787437283908, "sfb": 0.02819852286834325, "alternate": 0.30969879529090005, "unknown": 0.07043884794073256,