{"english-450k": {"dsfb": 0.0, "oneh-out": 0.00103665962891912, "dsfb-red": 0.004837452588754845, "sfb": 0.032331151066391235, "oneh-in": 0.005775591547920512, "dsfb-alt": 0.06796113666541738, "alternate": 0.3827381846821115, "bad-redirect": 0.004057765270557638, "sfT": 8.185693629366994e-05, "sft": 0.0, "unknown": 0.00015377410175167997, "roll-out": 0.10096117583980832, "sfR": 0.11369548401129392, "redirect": 0.0140624369628504, "roll-in": 0.2723073306979298}, "shai": {"dsfb": 0.0, "oneh-out": 0.0002984356117243043, "dsfb-red": 0.0049272200587497095, "sfb": 0.024653161055760826, "oneh-in": 0.013070962706908185, "dsfb-alt": 0.06559744946252408, "alternate": 0.3201533308892992, "bad-redirect": 0.006162902255457509, "sfT": 0.00010380823455792036, "sft": 0.0, "unknown": 0.023621906111313578, "roll-out": 0.08697229685230488, "sfR": 0.09823378925716947, "redirect": 0.014609868211032027, "roll-in": 0.3415948692931983}, "tr-quotes": {"dsfb": 0.0, "oneh-out": 0.00023115508194447655, "dsfb-red": 0.004633503617577033, "sfb": 0.026467256882642565, "oneh-in": 0.022349229097801716, "dsfb-alt": 0.06560759113289105, "alternate": 0.3084787684057234, "bad-redirect": 0.007964448348396939, "sfT": 6.472342294445344e-05, "sft": 0.0, "unknown": 0.01476965396084233, "roll-out": 0.08337070340491436, "sfR": 0.09677191928064538, "redirect": 0.014315434224821432, "roll-in": 0.35497561313885484}, "gutenberg": {"dsfb": 0.0, "oneh-out": 0.0003817151075451532, "dsfb-red": 0.0066230886302698, "sfb": 0.02109757395895966, "oneh-in": 0.016153652928332658, "dsfb-alt": 0.05898587673045761, "alternate": 0.28183873398643555, "bad-redirect": 0.007063339702197808, "sfT": 0.000155906468243008, "sft": 0.0, "unknown": 0.03802431837805746, "roll-out": 0.08638658060174971, "sfR": 0.09863878308844841, "redirect": 0.013821307318359493, "roll-in": 0.3708291231009437}, "english-200": {"dsfb": 0.0, "oneh-out": 0.0, "dsfb-red": 0.0022271714922048997, "sfb": 0.024498886414253896, "oneh-in": 0.017817371937639197, "dsfb-alt": 0.08240534521158129, "alternate": 0.2962138084632517, "bad-redirect": 0.008908685968819599, "sfT": 0.0, "sft": 0.0, "unknown": 0.0, "roll-out": 0.08240534521158129, "sfR": 0.10690423162583519, "redirect": 0.004454342984409799, "roll-in": 0.3741648106904232}, "monkeyracer": {"dsfb": 0.0, "oneh-out": 0.00023558346497333312, "dsfb-red": 0.004630534745139747, "sfb": 0.026570100254938455, "oneh-in": 0.022733315607551183, "dsfb-alt": 0.0655616075199024, "alternate": 0.3077296792154777, "bad-redirect": 0.007891557314231197, "sfT": 6.256158405930838e-05, "sft": 0.0, "unknown": 0.014352018393105714, "roll-out": 0.08344249026385347, "sfR": 0.09690789370786869, "redirect": 0.014342243145596446, "roll-in": 0.35554041478330234}, "chained-bigrams": {"dsfb": 0.0, "oneh-out": 0.001606379808182408, "dsfb-red": 0.00981294181126141, "sfb": 0.026700707547322948, "oneh-in": 0.012360813422946038, "dsfb-alt": 0.06973207740491096, "alternate": 0.3209435176341415, "bad-redirect": 0.006176186230974561, "sfT": 0.00012921163372202877, "sft": 0.0, "unknown": 0.02365222201805197, "roll-out": 0.07668483204760182, "sfR": 0.11914286586209158, "redirect": 0.016646224390611315, "roll-in": 0.3164120201881815}, "english-5k": {"dsfb": 0.0, "oneh-out": 0.0004977807275894969, "dsfb-red": 0.005682996639980089, "sfb": 0.025013481561372217, "oneh-in": 0.006761521549757332, "dsfb-alt": 0.06537520222342058, "alternate": 0.369809598871697, "bad-redirect": 0.003608910275023852, "sfT": 8.296345459824948e-05, "sft": 0.0, "unknown": 0.002157049819554486, "roll-out": 0.10034429833658273, "sfR": 0.10644211224955408, "redirect": 0.013440079644916414, "roll-in": 0.30078400464595345}, "mt-quotes": {"dsfb": 0.0, "oneh-out": 0.00021814226461553172, "dsfb-red": 0.004480881175219039, "sfb": 0.0265266970272887, "oneh-in": 0.02410770849021647, "dsfb-alt": 0.06591183466609292, "alternate": 0.30509885131662307, "bad-redirect": 0.008214699800384887, "sfT": 4.781200320340421e-05, "sft": 0.0, "unknown": 0.008869126594231481, "roll-out": 0.08283728380009801, "sfR": 0.0964592223377679, "redirect": 0.01441980134112669, "roll-in": 0.3628079391831319}, "wordle": {"dsfb": 0.0, "oneh-out": 0.0016604959048580725, "dsfb-red": 0.007786379445753394, "sfb": 0.03978458431504544, "oneh-in": 0.0054302703915628855, "dsfb-alt": 0.07229888926287445, "alternate": 0.346415348367553, "bad-redirect": 0.007180522831818692, "sfT": 8.975653539773365e-05, "sft": 0.0, "unknown": 0.0, "roll-out": 0.1368113990799955, "sfR": 0.13138112868843263, "redirect": 0.023561090541905083, "roll-in": 0.2276001346348031}, "english-1k": {"dsfb": 0.0, "oneh-out": 0.0, "dsfb-red": 0.003175723359209598, "sfb": 0.02081863091037403, "oneh-in": 0.010232886379675371, "dsfb-alt": 0.06386732533521525, "alternate": 0.3479181369089626, "bad-redirect": 0.0038814396612561752, "sfT": 0.0, "sft": 0.0, "unknown": 0.0, "roll-out": 0.1086803105151729, "sfR": 0.10832745236414962, "redirect": 0.012702893436838392, "roll-in": 0.3203952011291461}, "english-10k": {"dsfb": 0.0, "oneh-out": 0.00040524111846548696, "dsfb-red": 0.0056154840701646055, "sfb": 0.026263483915787037, "oneh-in": 0.005789158835221242, "dsfb-alt": 0.06649813782057468, "alternate": 0.3629609617722545, "bad-redirect": 0.003415603712780533, "sfT": 0.00013508037282182898, "sft": 0.0, "unknown": 0.0, "roll-out": 0.09843499739487853, "sfR": 0.10567144593890508, "redirect": 0.01729028772119411, "roll-in": 0.3075201173269524}, "reddit": {"dsfb": 0.0, "oneh-out": 0.00026250155214156207, "dsfb-red": 0.005087990273058924, "sfb": 0.02917063481138413, "oneh-in": 0.016626746428482466, "dsfb-alt": 0.06455227060284148, "alternate": 0.2981154238952451, "bad-redirect": 0.008105409655809448, "sfT": 0.00011795339436269676, "sft": 0.0, "unknown": 0.041217688064775854, "roll-out": 0.08610290637688113, "sfR": 0.10397777127267367, "redirect": 0.014843848472027833, "roll-in": 0.3318188552003157}, "akl": {"dsfb": 0.0, "oneh-out": 0.00046932090389402437, "dsfb-red": 0.004425378631032309, "sfb": 0.026059972812248686, "oneh-in": 0.01593301848106408, "dsfb-alt": 0.05466087543531398, "alternate": 0.2536333949730357, "bad-redirect": 0.007949349810800302, "sfT": 0.00023274561277608367, "sft": 0.0, "unknown": 0.13295000147380848, "roll-out": 0.08436709735064582, "sfR": 0.13064861186637447, "redirect": 0.016863902101759594, "roll-in": 0.27180633054724646}, "french": {"dsfb": 0.0, "oneh-out": 0.0015422304388616422, "dsfb-red": 0.012409606516548348, "sfb": 0.031775580211766186, "oneh-in": 0.009179387333601777, "dsfb-alt": 0.034366943844159635, "alternate": 0.2662682276723453, "bad-redirect": 0.0013203044675107825, "sfT": 0.0008007792593467532, "sft": 0.0, "unknown": 0.15822382396052298, "roll-out": 0.1102263886115376, "sfR": 0.10898279115633469, "redirect": 0.01658425082485882, "roll-in": 0.24831968570260546}, "keymash": {"dsfb": 0.0, "oneh-out": 0.00022576791878922716, "dsfb-red": 0.005172137775898659, "sfb": 0.025983835017014692, "oneh-in": 0.021661405590013668, "dsfb-alt": 0.06525103340133737, "alternate": 0.30685554547581617, "bad-redirect": 0.007376453637531659, "sfT": 5.74681975099851e-05, "sft": 0.0, "unknown": 0.013394194891077241, "roll-out": 0.08543468534109427, "sfR": 0.099723742164827, "redirect": 0.014477880901265531, "roll-in": 0.35438584968782455}, "movie": {"dsfb": 0.0, "oneh-out": 0.0002267430758810245, "dsfb-red": 0.005729638294128802, "sfb": 0.026934919210112925, "oneh-in": 0.03339545189973982, "dsfb-alt": 0.06286178713286342, "alternate": 0.2956692862093756, "bad-redirect": 0.0072615687330905, "sfT": 4.6980428374652205e-05, "sft": 0.0, "unknown": 0.030451476652766863, "roll-out": 0.07491378038610542, "sfR": 0.11567713207251198, "redirect": 0.015327989846963557, "roll-in": 0.33150324605808545}, "dutch": {"dsfb": 0.0, "oneh-out": 0.0015260002433567393, "dsfb-red": 0.004917932727174466, "sfb": 0.07692563550948504, "oneh-in": 0.0076159793356920455, "dsfb-alt": 0.05299067896350972, "alternate": 0.2687090893240087, "bad-redirect": 0.005879489498812425,