{"english-450k": {"oneh-in": 0.009368526358810525, "unknown": 0.00015377410175167997, "oneh-out": 0.0035002610651575367, "sfb": 0.024345422238541636, "dsfb-red": 0.0106145058676806, "dsfb": 0.0, "roll-out": 0.1876795371107191, "alternate": 0.3451322311101964, "sfT": 4.355958395627436e-05, "sft": 0.0, "redirect": 0.03291145827547315, "sfR": 0.11369548401129392, "dsfb-alt": 0.052276762979148114, "bad-redirect": 0.0028892575049655, "roll-in": 0.21738921979230558}, "shai": {"oneh-in": 0.004657673178345651, "unknown": 0.024097749651430984, "oneh-out": 0.006316178184951665, "sfb": 0.015450950618847405, "dsfb-red": 0.009921982621554833, "dsfb": 0.0, "roll-out": 0.20383043135241682, "alternate": 0.3062519487508333, "sfT": 4.674292713754163e-05, "sft": 0.0, "redirect": 0.03829068968517475, "sfR": 0.09823378925716947, "dsfb-alt": 0.04527473400228447, "bad-redirect": 0.0032426826825215126, "roll-in": 0.2443844470873316}, "tr-quotes": {"oneh-in": 0.0057025958715702365, "unknown": 0.013894731975682485, "oneh-out": 0.007977161877903885, "sfb": 0.013571114860960218, "dsfb-red": 0.010658560828459814, "dsfb": 0.0, "roll-out": 0.19915628395090265, "alternate": 0.2970862901920899, "sfT": 2.3115508194447656e-05, "sft": 0.0, "redirect": 0.045912022375811934, "sfR": 0.09677191928064538, "dsfb-alt": 0.04922794202630545, "bad-redirect": 0.0035216476734241, "roll-in": 0.25649661357804954}, "gutenberg": {"oneh-in": 0.005347231930857092, "unknown": 0.03298207965968062, "oneh-out": 0.01012615352790006, "sfb": 0.01372980935461542, "dsfb-red": 0.009797670154955496, "dsfb": 0.0, "roll-out": 0.195962306627673, "alternate": 0.2788390026077867, "sfT": 2.803664313483011e-05, "sft": 0.0, "redirect": 0.03500848487328385, "sfR": 0.09863878308844841, "dsfb-alt": 0.0485183581287132, "bad-redirect": 0.0039848026239266985, "roll-in": 0.26703728077902467}, "english-200": {"oneh-in": 0.004454342984409799, "unknown": 0.0, "oneh-out": 0.0066815144766146995, "sfb": 0.011135857461024499, "dsfb-red": 0.008908685968819599, "dsfb": 0.0, "roll-out": 0.2383073496659243, "alternate": 0.29398663697104677, "sfT": 0.0, "sft": 0.0, "redirect": 0.031180400890868598, "sfR": 0.10690423162583519, "dsfb-alt": 0.051224944320712694, "bad-redirect": 0.0022271714922048997, "roll-in": 0.24498886414253898}, "monkeyracer": {"oneh-in": 0.005769351079969345, "unknown": 0.013491796612290222, "oneh-out": 0.008043073650624833, "sfb": 0.013513302156810611, "dsfb-red": 0.010666750082112078, "dsfb": 0.0, "roll-out": 0.19942384691180381, "alternate": 0.29616556141201494, "sfT": 2.1505544520387257e-05, "sft": 0.0, "redirect": 0.04635226863944195, "sfR": 0.09690789370786869, "dsfb-alt": 0.04927018002095813, "bad-redirect": 0.003571875439886138, "roll-in": 0.25680259474169886}, "chained-bigrams": {"oneh-in": 0.007563750357929212, "unknown": 0.023159399756770463, "oneh-out": 0.005626874461482921, "sfb": 0.01721371669148093, "dsfb-red": 0.02021350436884662, "dsfb": 0.0, "roll-out": 0.16871598049228984, "alternate": 0.2966932859946926, "sfT": 6.428116451497913e-05, "sft": 0.0, "redirect": 0.04127370205615317, "sfR": 0.11914286586209158, "dsfb-alt": 0.05987173635112839, "bad-redirect": 0.004822385948007576, "roll-in": 0.23563851649461173}, "english-5k": {"oneh-in": 0.00472891691210022, "unknown": 0.002157049819554486, "oneh-out": 0.004480026548305471, "sfb": 0.016634172646949018, "dsfb-red": 0.009831169369892562, "dsfb": 0.0, "roll-out": 0.21856722113908822, "alternate": 0.3326834529389804, "sfT": 4.148172729912474e-05, "sft": 0.0, "redirect": 0.035425395113452524, "sfR": 0.10644211224955408, "dsfb-alt": 0.05060770730493218, "bad-redirect": 0.0035259468204256023, "roll-in": 0.21487534740946612}, "mt-quotes": {"oneh-in": 0.005710546132606591, "unknown": 0.007995063410669249, "oneh-out": 0.008168381922281589, "sfb": 0.01273891060350701, "dsfb-red": 0.010700923966961906, "dsfb": 0.0, "roll-out": 0.19978245538542452, "alternate": 0.29501350689090494, "sfT": 1.792950120127658e-05, "sft": 0.0, "redirect": 0.047816485578704535, "sfR": 0.0964592223377679, "dsfb-alt": 0.04974091870764155, "bad-redirect": 0.0035724531143543586, "roll-in": 0.26228320244797454}, "wordle": {"oneh-in": 0.0041736788959946146, "unknown": 0.0, "oneh-out": 0.003994165825199147, "sfb": 0.032716257152473914, "dsfb-red": 0.015729832828452823, "dsfb": 0.0, "roll-out": 0.1910692247279255, "alternate": 0.3326152810501515, "sfT": 0.0001570739369460339, "sft": 0.0, "redirect": 0.03013575675978907, "sfR": 0.13138112868843263, "dsfb-alt": 0.06004712218108381, "bad-redirect": 0.0013687871648154382, "roll-in": 0.19661169078873555}, "english-1k": {"oneh-in": 0.0024700070571630206, "unknown": 0.0, "oneh-out": 0.009880028228652082, "sfb": 0.01305575158786168, "dsfb-red": 0.011291460832745237, "dsfb": 0.0, "roll-out": 0.2487649964714185, "alternate": 0.312985179957657, "sfT": 0.0, "sft": 0.0, "redirect": 0.032815808045165845, "sfR": 0.10832745236414962, "dsfb-alt": 0.0465772759350741, "bad-redirect": 0.0028228652081863093, "roll-in": 0.21100917431192662}, "english-10k": {"oneh-in": 0.005711970050751625, "unknown": 0.0, "oneh-out": 0.003955925204067849, "sfb": 0.017907797996951042, "dsfb-red": 0.009802975627641304, "dsfb": 0.0, "roll-out": 0.2083711236757299, "alternate": 0.34225507033827984, "sfT": 5.789158835221242e-05, "sft": 0.0, "redirect": 0.03236139788888674, "sfR": 0.10567144593890508, "dsfb-alt": 0.04932363327608499, "bad-redirect": 0.00270160745643658, "roll-in": 0.22187916095791282}, "reddit": {"oneh-in": 0.005622545017723911, "unknown": 0.04519937363713543, "oneh-out": 0.006551676153693011, "sfb": 0.014181526490725451, "dsfb-red": 0.010880704319233051, "dsfb": 0.0, "roll-out": 0.19683582247208814, "alternate": 0.2909435278927564, "sfT": 7.498974135094282e-05, "sft": 0.0, "redirect": 0.039439097710846374, "sfR": 0.10397777127267367, "dsfb-alt": 0.04690177561248957, "bad-redirect": 0.002459790871516016, "roll-in": 0.236931398807768}, "akl": {"oneh-in": 0.004313280239825823, "unknown": 0.13920166722946467, "oneh-out": 0.005571663127755623, "sfb": 0.01889560823112025, "dsfb-red": 0.011272472892239547, "dsfb": 0.0, "roll-out": 0.15903621375959942, "alternate": 0.2468273647466941, "sfT": 0.0001572391804359869, "sft": 0.0, "redirect": 0.033505262830453984, "sfR": 0.13064861186637447, "dsfb-alt": 0.042841796259481514, "bad-redirect": 0.001619706862583457, "roll-in": 0.20610911277397118}, "french": {"oneh-in": 0.00881807033832272, "unknown": 0.15842537463172957, "oneh-out": 0.008943438361563387, "sfb": 0.0464948768180517, "dsfb-red": 0.010382039424617705, "dsfb": 0.0, "roll-out": 0.18472967737225388, "alternate": 0.21011891939056337, "sfT": 4.621897128315685e-05, "sft": 0.0, "redirect": 0.03219453233914454, "sfR": 0.10898279115633469, "dsfb-alt": 0.0388958936474054, "bad-redirect": 0.00349439393842012, "roll-in": 0.18847377361030976}, "keymash": {"oneh-in": 0.005402010565938599, "unknown": 0.012376186820900362, "oneh-out": 0.008242581471432149, "sfb": 0.013853940471157122, "dsfb-red": 0.010672665251854375, "dsfb": 0.0, "roll-out": 0.2001617319272781, "alternate": 0.2970941616416201, "sfT": 1.6419485002852885e-05, "sft": 0.0, "redirect": 0.04351984500006157, "sfR": 0.099723742164827, "dsfb-alt": 0.04815834951336751, "bad-redirect": 0.0038873130744254206, "roll-in": 0.2568910526121348}, "movie": {"oneh-in": 0.004712518599709511, "unknown": 0.030282373430185833, "oneh-out": 0.00950583827230988, "sfb": 0.012742487112294672, "dsfb-red": 0.012591544391438298, "dsfb": 0.0, "roll-out": 0.187893156767636, "alternate": 0.28717332975036286, "sfT": 1.1054218441094636e-05, "sft": 0.0, "redirect": 0.055657463459557154, "sfR": 0.11567713207251198, "dsfb-alt": 0.05275652070580132, "bad-redirect": 0.0038477892023710248, "roll-in": 0.2271487920173804}, "dutch": {"oneh-in": 0.0032349842418801025, "unknown": 0.07360268279108878, "oneh-out": 0.005886823193654478, "sfb": 0.02584906883054535, "dsfb-red": 0.005083971881789159, "dsfb": 0.0, "roll-out": 0.16065019785376283,