{"english-450k": {"oneh-in": 0.033615135581397664, "unknown": 0.00015377410175167997, "oneh-out": 0.01827076052694818, "sfb": 0.022489023861881622, "dsfb-red": 0.0270200976319373, "dsfb": 0.0, "roll-out": 0.1848604426940053, "alternate": 0.25101400279833785, "sfT": 1.6079041057685168e-05, "sft": 0.0, "redirect": 0.05828126160248986, "sfR": 0.11369548401129392, "dsfb-alt": 0.032672026736814165, "bad-redirect": 0.02840494158630557, "roll-in": 0.2295069698257792}, "shai": {"oneh-in": 0.04001961290957827, "unknown": 0.023621906111313578, "oneh-out": 0.01736595922818475, "sfb": 0.01544043471812432, "dsfb-red": 0.023096575524215908, "dsfb": 0.0, "roll-out": 0.1921208307569312, "alternate": 0.23712985345393733, "sfT": 3.888986767227112e-05, "sft": 0.0, "redirect": 0.08972732737744506, "sfR": 0.09823378925716947, "dsfb-alt": 0.02703424429339185, "bad-redirect": 0.025928453016178618, "roll-in": 0.21024212348585739}, "tr-quotes": {"oneh-in": 0.0451977531726035, "unknown": 0.01476965396084233, "oneh-out": 0.01835949238344005, "sfb": 0.013588451492106053, "dsfb-red": 0.020734610850419548, "dsfb": 0.0, "roll-out": 0.19876332031159705, "alternate": 0.22685328586948983, "sfT": 1.9648181965280506e-05, "sft": 0.0, "redirect": 0.09660317607082591, "sfR": 0.09677191928064538, "dsfb-alt": 0.02548022468273965, "bad-redirect": 0.02878458657913594, "roll-in": 0.21407387716418946}, "gutenberg": {"oneh-in": 0.038633168182350325, "unknown": 0.03802431837805746, "oneh-out": 0.018018658007132673, "sfb": 0.014787245449065565, "dsfb-red": 0.027983411400229523, "dsfb": 0.0, "roll-out": 0.17404333479957398, "alternate": 0.2214716737080317, "sfT": 1.591268934679547e-05, "sft": 0.0, "redirect": 0.10842603422061732, "sfR": 0.09863878308844841, "dsfb-alt": 0.02144746368781122, "bad-redirect": 0.030958326560968523, "roll-in": 0.20755166982836648}, "english-200": {"oneh-in": 0.0467706013363029, "unknown": 0.0, "oneh-out": 0.013363028953229399, "sfb": 0.0066815144766146995, "dsfb-red": 0.022271714922048998, "dsfb": 0.0, "roll-out": 0.19599109131403117, "alternate": 0.23162583518930957, "sfT": 0.0, "sft": 0.0, "redirect": 0.08463251670378619, "sfR": 0.10690423162583519, "dsfb-alt": 0.028953229398663696, "bad-redirect": 0.0334075723830735, "roll-in": 0.22939866369710468}, "monkeyracer": {"oneh-in": 0.04536399111625506, "unknown": 0.014352018393105714, "oneh-out": 0.01849183571328026, "sfb": 0.01354556047359119, "dsfb-red": 0.02071277194738571, "dsfb": 0.0, "roll-out": 0.19974056493110406, "alternate": 0.22635269875033237, "sfT": 1.955049501853387e-05, "sft": 0.0, "redirect": 0.09644747955018221, "sfR": 0.09690789370786869, "dsfb-alt": 0.025417598573595882, "bad-redirect": 0.02884773292459765, "roll-in": 0.2138003034236827}, "chained-bigrams": {"oneh-in": 0.029786203444041946, "unknown": 0.02365222201805197, "oneh-out": 0.022047140819253703, "sfb": 0.017369549817577847, "dsfb-red": 0.03022188689242125, "dsfb": 0.0, "roll-out": 0.173718873144693, "alternate": 0.2260969840446358, "sfT": 5.7138812902203675e-05, "sft": 0.0, "redirect": 0.08664906185211566, "sfR": 0.11914286586209158, "dsfb-alt": 0.038810889359129776, "bad-redirect": 0.03064977868449571, "roll-in": 0.20179740524858955}, "english-5k": {"oneh-in": 0.038329116024391256, "unknown": 0.002157049819554486, "oneh-out": 0.019040112830298255, "sfb": 0.017380843738333263, "dsfb-red": 0.024681627742979217, "dsfb": 0.0, "roll-out": 0.19699672294354337, "alternate": 0.25283112788816525, "sfT": 4.148172729912474e-05, "sft": 0.0, "redirect": 0.06301074376737047, "sfR": 0.10644211224955408, "dsfb-alt": 0.028705355290994317, "bad-redirect": 0.026174969925747707, "roll-in": 0.2242087360517692}, "mt-quotes": {"oneh-in": 0.04710378790595379, "unknown": 0.008869126594231481, "oneh-out": 0.018619786997525728, "sfb": 0.01272247522740584, "dsfb-red": 0.020372395739950516, "dsfb": 0.0, "roll-out": 0.20145288724734345, "alternate": 0.22568610224596886, "sfT": 2.0917751401489345e-05, "sft": 0.0, "redirect": 0.09970745030539917, "sfR": 0.0964592223377679, "dsfb-alt": 0.02472627628166051, "bad-redirect": 0.029257957710283167, "roll-in": 0.21500161365510811}, "wordle": {"oneh-in": 0.034646022663525185, "unknown": 0.0, "oneh-out": 0.023269381801862447, "sfb": 0.027914282508695164, "dsfb-red": 0.028205991248737797, "dsfb": 0.0, "roll-out": 0.1930214293728262, "alternate": 0.24048019746437788, "sfT": 6.731740154830023e-05, "sft": 0.0, "redirect": 0.05120610344440705, "sfR": 0.13138112868843263, "dsfb-alt": 0.0367328621115225, "bad-redirect": 0.027532817233254795, "roll-in": 0.20554246606081006}, "english-1k": {"oneh-in": 0.038461538461538464, "unknown": 0.0, "oneh-out": 0.0187014820042343, "sfb": 0.016584333098094567, "dsfb-red": 0.0187014820042343, "dsfb": 0.0, "roll-out": 0.18419195483415668, "alternate": 0.2706422018348624, "sfT": 0.0, "sft": 0.0, "redirect": 0.06492589978828511, "sfR": 0.10832745236414962, "dsfb-alt": 0.028228652081863093, "bad-redirect": 0.02928722653493296, "roll-in": 0.22194777699364857}, "english-10k": {"oneh-in": 0.03479284459967966, "unknown": 0.0, "oneh-out": 0.017251693328959303, "sfb": 0.018988440979525675, "dsfb-red": 0.02585824279732155, "dsfb": 0.0, "roll-out": 0.20067154242488566, "alternate": 0.24823913085428687, "sfT": 5.789158835221242e-05, "sft": 0.0, "redirect": 0.06393161073695992, "sfR": 0.10567144593890508, "dsfb-alt": 0.028347581096466682, "bad-redirect": 0.024295169911811815, "roll-in": 0.23189440574284556}, "reddit": {"oneh-in": 0.045280206734955274, "unknown": 0.041217688064775854, "oneh-out": 0.017838943236474083, "sfb": 0.013347125152896478, "dsfb-red": 0.019954500480110396, "dsfb": 0.0, "roll-out": 0.19102932409783352, "alternate": 0.2197904370100219, "sfT": 9.383082022183404e-05, "sft": 0.0, "redirect": 0.0880954160179511, "sfR": 0.10397777127267367, "dsfb-alt": 0.025870861447463075, "bad-redirect": 0.027000876690757403, "roll-in": 0.2065030189738654}, "akl": {"oneh-in": 0.04174616234727953, "unknown": 0.13295000147380848, "oneh-out": 0.014930161615143862, "sfb": 0.01901220340592814, "dsfb-red": 0.01475416936463388, "dsfb": 0.0, "roll-out": 0.15805593964209505, "alternate": 0.18388316684156766, "sfT": 0.00014335350799647955, "sft": 0.0, "redirect": 0.0696114455298796, "sfR": 0.13064861186637447, "dsfb-alt": 0.024089590951562153, "bad-redirect": 0.021268229855712792, "roll-in": 0.1889069635980179}, "french": {"oneh-in": 0.020918241965768206, "unknown": 0.15822382396052298, "oneh-out": 0.0202360889024085, "sfb": 0.018520548557613776, "dsfb-red": 0.022287986499805543, "dsfb": 0.0, "roll-out": 0.17307666867378355, "alternate": 0.20783649624660752, "sfT": 0.00016324211056767488, "sft": 0.0, "redirect": 0.05385325166493544, "sfR": 0.10898279115633469, "dsfb-alt": 0.026156012504621334, "bad-redirect": 0.026710520305312485, "roll-in": 0.16303432745171828}, "keymash": {"oneh-in": 0.04226785926859404, "unknown": 0.013394194891077241, "oneh-out": 0.01817226502690743, "sfb": 0.014186435042464893, "dsfb-red": 0.021911802736307176, "dsfb": 0.0, "roll-out": 0.19776038224561088, "alternate": 0.2274550208732703, "sfT": 2.873409875499255e-05, "sft": 0.0, "redirect": 0.0963413282542393, "sfR": 0.099723742164827, "dsfb-alt": 0.025130021796866343, "bad-redirect": 0.028894188733770365, "roll-in": 0.21473402486731002}, "movie": {"oneh-in": 0.04608806343121098, "unknown": 0.030451476652766863, "oneh-out": 0.018611092723968665, "sfb": 0.013556288146100973, "dsfb-red": 0.02321399032413732, "dsfb": 0.0, "roll-out": 0.19851744507007518, "alternate": 0.20536040107862852, "sfT": 1.7502512531733173e-05, "sft": 0.0, "redirect": 0.08824779978283724, "sfR": 0.11567713207251198, "dsfb-alt": 0.02746499530393113, "bad-redirect": 0.026823455840831886, "roll-in": 0.20597035706046748}, "dutch": {"oneh-in": 0.03040232506457148, "unknown": 0.07325981014373002, "oneh-out": 0.01248811681439071, "sfb": 0.036849790401566954, "dsfb-red": 0.0190135452447193, "dsfb": 0.0, "roll-out": 0.1317545257055687, "alternate": 0.18730249454285242,