{"english-450k": {"sfb": 0.04260098076303528, "dsfb-red": 0.0382435606364026, "sfR": 0.11369548401129392, "sft": 0.0, "sfT": 5.9638625013959534e-05, "oneh-out": 0.004863763746849239, "bad-redirect": 0.0038048858066504084, "dsfb-alt": 0.03371687205936265, "roll-out": 0.16750794158455148, "roll-in": 0.2715337826499546, "dsfb": 0.0, "unknown": 0.00015377410175167997, "redirect": 0.05689378653231215, "alternate": 0.2513902523590877, "oneh-in": 0.01553527712373436}, "shai": {"sfb": 0.022886923220068658, "dsfb-red": 0.03366416942730025, "sfR": 0.09823378925716947, "sft": 0.0, "sfT": 9.902053886618077e-05, "oneh-out": 0.006252722832594292, "bad-redirect": 0.003057410083436725, "dsfb-alt": 0.03365969523472172, "roll-out": 0.1546615939024651, "roll-in": 0.31844896153835434, "dsfb": 0.0, "unknown": 0.023260762136131256, "redirect": 0.042227774022621144, "alternate": 0.24747395834139668, "oneh-in": 0.016073219464874184}, "tr-quotes": {"sfb": 0.023012644182982364, "dsfb-red": 0.036372252143963384, "sfR": 0.09677191928064538, "sft": 0.0, "sfT": 1.733663114583574e-05, "oneh-out": 0.00889600332863318, "bad-redirect": 0.004151545271722799, "dsfb-alt": 0.032730403827928155, "roll-out": 0.1606585608284598, "roll-in": 0.3269087630891565, "dsfb": 0.0, "unknown": 0.013835787429786644, "redirect": 0.04713830008552738, "alternate": 0.2366935577078662, "oneh-in": 0.012812926192182335}, "gutenberg": {"sfb": 0.021297240322906353, "dsfb-red": 0.035228420972469913, "sfR": 0.09863878308844841, "sft": 0.0, "sfT": 3.4666930362661555e-05, "oneh-out": 0.007168098240397544, "bad-redirect": 0.0025524711459371683, "dsfb-alt": 0.031116316833768847, "roll-out": 0.15752728931504587, "roll-in": 0.33385845208177756, "dsfb": 0.0, "unknown": 0.032975828246008664, "redirect": 0.04028808787441705, "alternate": 0.22659404418347634, "oneh-in": 0.012720300764983596}, "english-200": {"sfb": 0.011135857461024499, "dsfb-red": 0.042316258351893093, "sfR": 0.10690423162583519, "sft": 0.0, "sfT": 0.0, "oneh-out": 0.0066815144766146995, "bad-redirect": 0.0, "dsfb-alt": 0.0200445434298441, "roll-out": 0.1603563474387528, "roll-in": 0.34521158129175944, "dsfb": 0.0, "unknown": 0.0, "redirect": 0.0400890868596882, "alternate": 0.25389755011135856, "oneh-in": 0.013363028953229399}, "monkeyracer": {"sfb": 0.02303243818133475, "dsfb-red": 0.03598561865586437, "sfR": 0.09690789370786869, "sft": 0.0, "sfT": 1.955049501853387e-05, "oneh-out": 0.00890720553044403, "bad-redirect": 0.004220951874501462, "dsfb-alt": 0.03258383252263947, "roll-out": 0.1608223720224596, "roll-in": 0.32762915057009245, "dsfb": 0.0, "unknown": 0.013436077701487402, "redirect": 0.047320018142859376, "alternate": 0.2363664622988254, "oneh-in": 0.01276842829660447}, "chained-bigrams": {"sfb": 0.023870388394587657, "dsfb-red": 0.03588252519789184, "sfR": 0.11914286586209158, "sft": 0.0, "sfT": 0.0001214199774171828, "oneh-out": 0.005789200634500545, "bad-redirect": 0.0032861310465687817, "dsfb-alt": 0.04282034583266509, "roll-out": 0.12897268959534683, "roll-in": 0.300639110608405, "dsfb": 0.0, "unknown": 0.022916559801936097, "redirect": 0.056000581777004094, "alternate": 0.24362691212115506, "oneh-in": 0.01693126915043026}, "english-5k": {"sfb": 0.025635707470859085, "dsfb-red": 0.03434687020367528, "sfR": 0.10644211224955408, "sft": 0.0, "sfT": 4.148172729912474e-05, "oneh-out": 0.0048118803666984695, "bad-redirect": 0.0041896544572115986, "dsfb-alt": 0.036877255568921886, "roll-out": 0.15198904882399303, "roll-in": 0.29622101464304973, "dsfb": 0.0, "unknown": 0.002157049819554486, "redirect": 0.04380470402787572, "alternate": 0.26905048326212305, "oneh-in": 0.024432737379184468}, "mt-quotes": {"sfb": 0.021948697720562748, "dsfb-red": 0.036072662291868375, "sfR": 0.0964592223377679, "sft": 0.0, "sfT": 1.3447125900957435e-05, "oneh-out": 0.009048421606244248, "bad-redirect": 0.004341927540909145, "dsfb-alt": 0.03240607929620731, "roll-out": 0.16190787822282784, "roll-in": 0.33345136921624174, "dsfb": 0.0, "unknown": 0.007977133909467972, "redirect": 0.04777614420100166, "alternate": 0.2361644015730149, "oneh-in": 0.012432614957985201}, "wordle": {"sfb": 0.04110849321216201, "dsfb-red": 0.03976214518119601, "sfR": 0.13138112868843263, "sft": 0.0, "sfT": 2.2439133849433412e-05, "oneh-out": 0.00756198810725906, "bad-redirect": 0.003096600471221811, "dsfb-alt": 0.04236508470773028, "roll-out": 0.19607315157634916, "roll-in": 0.2468753506114664, "dsfb": 0.0, "unknown": 0.0, "redirect": 0.057623695725345, "alternate": 0.226455738808482, "oneh-in": 0.007674183776506227}, "english-1k": {"sfb": 0.019054340155257588, "dsfb-red": 0.04551870148200424, "sfR": 0.10832745236414962, "sft": 0.0, "sfT": 0.0, "oneh-out": 0.0077628793225123505, "bad-redirect": 0.0056457304163726185, "dsfb-alt": 0.02928722653493296, "roll-out": 0.17642907551164433, "roll-in": 0.305575158786168, "dsfb": 0.0, "unknown": 0.0, "redirect": 0.04410726887791108, "alternate": 0.24311926605504589, "oneh-in": 0.015172900494001412}, "english-10k": {"sfb": 0.026224889523552227, "dsfb-red": 0.03508230254144073, "sfR": 0.10567144593890508, "sft": 0.0, "sfT": 0.00011578317670442484, "oneh-out": 0.004920785009938056, "bad-redirect": 0.0044769494992377605, "dsfb-alt": 0.03564192122884545, "roll-out": 0.15817911657436173, "roll-in": 0.30333262576947567, "dsfb": 0.0, "unknown": 0.0, "redirect": 0.04343798846027672, "alternate": 0.26074371393836476, "oneh-in": 0.022172478338897357}, "reddit": {"sfb": 0.024371141535270743, "dsfb-red": 0.029672077202725328, "sfR": 0.10397777127267367, "sft": 0.0, "sfT": 0.00015608504106362573, "oneh-out": 0.007300599674457621, "bad-redirect": 0.002728959843218251, "dsfb-alt": 0.03563188876946217, "roll-out": 0.15201563022940606, "roll-in": 0.31184656244890574, "dsfb": 0.0, "unknown": 0.039285409944231534, "redirect": 0.046173416211605915, "alternate": 0.23354142799271155, "oneh-in": 0.013299029834267803}, "akl": {"sfb": 0.02728695233777526, "dsfb-red": 0.02726239298118296, "sfR": 0.13064861186637447, "sft": 0.0, "sfT": 0.00022422149001517615, "oneh-out": 0.005341660058824353, "bad-redirect": 0.002413216215016228, "dsfb-alt": 0.0326272287708761, "roll-out": 0.13644276695199087, "roll-in": 0.2631189152433626, "dsfb": 0.0, "unknown": 0.13277008071454782, "redirect": 0.03843408356402615, "alternate": 0.1925267261515367, "oneh-in": 0.010903143654471299}, "french": {"sfb": 0.046559283741081293, "dsfb-red": 0.034771138860771725, "sfR": 0.10898279115633469, "sft": 0.0, "sfT": 3.0308258964611445e-05, "oneh-out": 0.008413335975530343, "bad-redirect": 0.005041897984377928, "dsfb-alt": 0.025191661534263398, "roll-out": 0.13490872756954744, "roll-in": 0.24058606075078517, "dsfb": 0.0, "unknown": 0.15807953387545715, "redirect": 0.040886006143482596, "alternate": 0.17507334321505427, "oneh-in": 0.02147591093434939}, "keymash": {"sfb": 0.02308990078526187, "dsfb-red": 0.03712856046270109, "sfR": 0.099723742164827, "sft": 0.0, "sfT": 1.2314613752139664e-05, "oneh-out": 0.008681802695258463, "bad-redirect": 0.0045276729895366834, "dsfb-alt": 0.03239153903937803, "roll-out": 0.15950298218896364, "roll-in": 0.32813519803951346, "dsfb": 0.0, "unknown": 0.01232282349464109, "redirect": 0.04628242335179157, "alternate": 0.23522554215087044, "oneh-in": 0.012975498023504492}, "movie": {"sfb": 0.022819854797576863, "dsfb-red": 0.03697583429410722, "sfR": 0.11567713207251198, "sft": 0.0, "sfT": 6.4088147390632e-05, "oneh-out": 0.010999605338082086, "bad-redirect": 0.005369455009923135, "dsfb-alt": 0.03691490449484262, "roll-out": 0.15289155324797282, "roll-in": 0.30229510578426455, "dsfb": 0.0, "unknown": 0.030236445784519856, "redirect": 0.047221647212777516, "alternate": 0.22822131440184373, "oneh-in": 0.010313059414186958}, "dutch": {"sfb": 0.030287765220205036, "dsfb-red": 0.03037761643011586, "sfR": 0.18880787437283908, "sft": 0.0, "sfT": 9.205669760170965e-05, "oneh-out": 0.0038228094692811247, "bad-redirect": 0.002584580542599461, "dsfb-alt": 0.02207128358558793,