{"english-450k": {"oneh-out": 0.012597490149394756, "sfb": 0.1868747080192317, "roll-out": 0.19112162128186794, "sfR": 0.11369548401129392, "unknown": 0.00015377410175167997, "dsfb-red": 0.06097990938437152, "redirect": 0.04140002256912672, "bad-redirect": 0.00457814150842454, "dsfb-alt": 0.06110035601920364, "alternate": 0.1504550953311727, "oneh-in": 0.005699581535647819, "roll-in": 0.16272691181259907, "sft": 0.0, "sfT": 0.008616904275914005, "dsfb": 0.0}, "shai": {"oneh-out": 0.016093674575408414, "sfb": 0.1681599194087997, "roll-out": 0.21913364459676998, "sfR": 0.09823378925716947, "unknown": 0.023260762136131256, "dsfb-red": 0.05288113618482348, "redirect": 0.03710779986456666, "bad-redirect": 0.00438264192866496, "dsfb-alt": 0.05651024048243252, "alternate": 0.14814096524280004, "oneh-in": 0.0038718640786739545, "roll-in": 0.16455732354109584, "sft": 0.0, "sfT": 0.007666238702663739, "dsfb": 0.0}, "tr-quotes": {"oneh-out": 0.01954762950463466, "sfb": 0.16247890709877258, "roll-out": 0.2355516516030605, "sfR": 0.09677191928064538, "unknown": 0.013835787429786644, "dsfb-red": 0.04997804026721527, "redirect": 0.037188229583227386, "bad-redirect": 0.005226416402764614, "dsfb-alt": 0.055042648112618754, "alternate": 0.14897945031321513, "oneh-in": 0.003342502484917131, "roll-in": 0.16483206583296733, "sft": 0.0, "sfT": 0.007224752086174614, "dsfb": 0.0}, "gutenberg": {"oneh-out": 0.020150200632491514, "sfb": 0.156264124879755, "roll-out": 0.24421355889949356, "sfR": 0.09863878308844841, "unknown": 0.032975828246008664, "dsfb-red": 0.042774635021631785, "redirect": 0.0380015859647049, "bad-redirect": 0.00480487443562048, "dsfb-alt": 0.05020946024536609, "alternate": 0.14682827897066117, "oneh-in": 0.0037093615488047863, "roll-in": 0.15424700206827074, "sft": 0.0, "sfT": 0.007182305998742897, "dsfb": 0.0}, "english-200": {"oneh-out": 0.015590200445434299, "sfb": 0.17817371937639198, "roll-out": 0.24053452115812918, "sfR": 0.10690423162583519, "unknown": 0.0, "dsfb-red": 0.0467706013363029, "redirect": 0.026726057906458798, "bad-redirect": 0.011135857461024499, "dsfb-alt": 0.05790645879732739, "alternate": 0.16258351893095768, "oneh-in": 0.0, "roll-in": 0.1492204899777283, "sft": 0.0, "sfT": 0.004454342984409799, "dsfb": 0.0}, "monkeyracer": {"oneh-out": 0.019519214226504215, "sfb": 0.16213812033720693, "roll-out": 0.23602432863600106, "sfR": 0.09690789370786869, "unknown": 0.013436077701487402, "dsfb-red": 0.050011143782160566, "redirect": 0.037204592020269954, "bad-redirect": 0.005325554843048626, "dsfb-alt": 0.05508547476422103, "alternate": 0.14874407620000937, "oneh-in": 0.0033118538561396375, "roll-in": 0.16501204310493142, "sft": 0.0, "sfT": 0.007279626820151086, "dsfb": 0.0}, "chained-bigrams": {"oneh-out": 0.02064269477030522, "sfb": 0.15504292228666933, "roll-out": 0.22771634994665962, "sfR": 0.11914286586209158, "unknown": 0.022916559801936097, "dsfb-red": 0.04360665381476246, "redirect": 0.04628568497424533, "bad-redirect": 0.0037224637996401554, "dsfb-alt": 0.053107929373830035, "alternate": 0.14588253169093876, "oneh-in": 0.0069897650101388925, "roll-in": 0.1487621980002714, "sft": 0.0, "sfT": 0.006181380668511125, "dsfb": 0.0}, "english-5k": {"oneh-out": 0.0155971294644709, "sfb": 0.17617289583938275, "roll-out": 0.18156552038826898, "sfR": 0.10644211224955408, "unknown": 0.002157049819554486, "dsfb-red": 0.056456630854108764, "redirect": 0.03878541502468163, "bad-redirect": 0.005102252457792342, "dsfb-alt": 0.061683328493798484, "alternate": 0.16609283610569545, "oneh-in": 0.004355581366408097, "roll-in": 0.1789521715684241, "sft": 0.0, "sfT": 0.006637076367859957, "dsfb": 0.0}, "mt-quotes": {"oneh-out": 0.02048296099735839, "sfb": 0.16167628883231136, "roll-out": 0.24111144977946714, "sfR": 0.0964592223377679, "unknown": 0.007977133909467972, "dsfb-red": 0.050228003490276237, "redirect": 0.03725750349625274, "bad-redirect": 0.005490909742890953, "dsfb-alt": 0.05452510727818219, "alternate": 0.14917643824482135, "oneh-in": 0.003061462330117976, "roll-in": 0.16539964858177644, "sft": 0.0, "sfT": 0.0071538709793093555, "dsfb": 0.0}, "wordle": {"oneh-out": 0.01406933692359475, "sfb": 0.172197913160552, "roll-out": 0.19178727701110737, "sfR": 0.13138112868843263, "unknown": 0.0, "dsfb-red": 0.0470773028161113, "redirect": 0.04373387187254572, "bad-redirect": 0.003859531022102547, "dsfb-alt": 0.05746662178839897, "alternate": 0.1495568271064737, "oneh-in": 0.008100527319645461, "roll-in": 0.17376865253001234, "sft": 0.0, "sfT": 0.007001009761023224, "dsfb": 0.0}, "english-1k": {"oneh-out": 0.019760056457304165, "sfb": 0.16090331686661963, "roll-out": 0.19654199011997178, "sfR": 0.10832745236414962, "unknown": 0.0, "dsfb-red": 0.05786873676781934, "redirect": 0.04199011997177135, "bad-redirect": 0.00529287226534933, "dsfb-alt": 0.05786873676781934, "alternate": 0.16372618207480594, "oneh-in": 0.0024700070571630206, "roll-in": 0.17889908256880735, "sft": 0.0, "sfT": 0.006351446718419196, "dsfb": 0.0}, "english-10k": {"oneh-out": 0.014415005499700893, "sfb": 0.1877810154184597, "roll-out": 0.186410914494124, "sfR": 0.10567144593890508, "unknown": 0.0, "dsfb-red": 0.06186681075239767, "redirect": 0.03890314737268675, "bad-redirect": 0.0044769494992377605, "dsfb-alt": 0.061538758418401805, "alternate": 0.1551880511761641, "oneh-in": 0.004573435479824781, "roll-in": 0.1715327762876054, "sft": 0.0, "sfT": 0.00764168966249204, "dsfb": 0.0}, "reddit": {"oneh-out": 0.017011733721991454, "sfb": 0.15802979250278637, "roll-out": 0.21767042233420741, "sfR": 0.10397777127267367, "unknown": 0.039285409944231534, "dsfb-red": 0.05174393288230862, "redirect": 0.037422090921502935, "bad-redirect": 0.004338242689202545, "dsfb-alt": 0.05405516765282672, "alternate": 0.1461764689907868, "oneh-in": 0.0035103963986944592, "roll-in": 0.16003885832051823, "sft": 0.0, "sfT": 0.006739712368269301, "dsfb": 0.0}, "akl": {"oneh-out": 0.014095118783403597, "sfb": 0.14492357728623212, "roll-out": 0.17804473573279894, "sfR": 0.13064861186637447, "unknown": 0.13277008071454782, "dsfb-red": 0.0475115330763265, "redirect": 0.03464403621610682, "bad-redirect": 0.0030154887263782043, "dsfb-alt": 0.0451265823582334, "alternate": 0.12197184553904118, "oneh-in": 0.0034720110923297646, "roll-in": 0.13834463463176147, "sft": 0.0, "sfT": 0.005431743976465712, "dsfb": 0.0}, "french": {"oneh-out": 0.012373560213498986, "sfb": 0.13592903570611045, "roll-out": 0.15405918752022454, "sfR": 0.10898279115633469, "unknown": 0.15807953387545715, "dsfb-red": 0.02623770846909688, "redirect": 0.03633587202082212, "bad-redirect": 0.007480671593264423, "dsfb-alt": 0.06372003570531641, "alternate": 0.1599766241372727, "oneh-in": 0.0032631043181058977, "roll-in": 0.1297948418519392, "sft": 0.0, "sfT": 0.0037670334325565504, "dsfb": 0.0}, "keymash": {"oneh-out": 0.01842266217320094, "sfb": 0.16494193659615866, "roll-out": 0.23455234326575347, "sfR": 0.099723742164827, "unknown": 0.01232282349464109, "dsfb-red": 0.05005480003119702, "redirect": 0.03716139943270679, "bad-redirect": 0.005159823162146519, "dsfb-alt": 0.05376149877059106, "alternate": 0.14861275876082147, "oneh-in": 0.003378309039336981, "roll-in": 0.16453555434233805, "sft": 0.0, "sfT": 0.007372348766280946, "dsfb": 0.0}, "movie": {"oneh-out": 0.01669831814014354, "sfb": 0.14812547432795944, "roll-out": 0.21513733089842238, "sfR": 0.11567713207251198, "unknown": 0.030236445784519856, "dsfb-red": 0.04900795627372298, "redirect": 0.03736536389631722, "bad-redirect": 0.004251399773309563, "dsfb-alt": 0.056126346558433585, "alternate": 0.1516488748582198, "oneh-in": 0.0037647509662242303, "roll-in": 0.16613569132095146, "sft": 0.0, "sfT": 0.005824915129263951, "dsfb": 0.0}, "dutch": {"oneh-out": 0.008323994676849253, "sfb": 0.1586669802882117, "roll-out": 0.15437103095145563, "sfR": 0.18880787437283908, "unknown": 0.07290361491625476, "dsfb-red": 0.05430674546796486, "redirect": 0.05683068406446207, "bad-redirect": 0.0049866076690939344,