{"english-450k": {"dsfb": 0.0, "bad-redirect": 0.005530313085240551, "roll-in": 0.26981800279599905, "oneh-out": 0.006355898757002422, "oneh-in": 0.011821310985610135, "sfR": 0.11369548401129392, "sfT": 2.3972388486003343e-05, "redirect": 0.043968868637742714, "roll-out": 0.15422548428609933, "sft": 0.0, "dsfb-red": 0.017192880083681177, "alternate": 0.31269817418103596, "sfb": 0.022469144320210303, "dsfb-alt": 0.04204669236584671, "unknown": 0.00015377410175167997}, "shai": {"dsfb": 0.0, "bad-redirect": 0.00249759802429564, "roll-in": 0.31008115705406775, "oneh-out": 0.0064705726625904555, "oneh-in": 0.011999865774222645, "sfR": 0.09823378925716947, "sfT": 4.003163826973529e-05, "redirect": 0.031182262040299936, "roll-out": 0.14071044217717618, "sft": 0.0, "dsfb-red": 0.012498920155943415, "alternate": 0.309506037528103, "sfb": 0.014146247421920695, "dsfb-alt": 0.03937231412980979, "unknown": 0.023260762136131256}, "tr-quotes": {"dsfb": 0.0, "bad-redirect": 0.001627331776889115, "roll-in": 0.31497191465754376, "oneh-out": 0.008145905087723353, "oneh-in": 0.010118813712119461, "sfR": 0.09677191928064538, "sfT": 2.542705901389242e-05, "redirect": 0.03227156099026837, "roll-out": 0.1587619333811054, "sft": 0.0, "dsfb-red": 0.015605279582071611, "alternate": 0.2996035690344652, "sfb": 0.011667552761147454, "dsfb-alt": 0.03659300524722036, "unknown": 0.013835787429786644}, "gutenberg": {"dsfb": 0.0, "bad-redirect": 0.0021578743374922283, "roll-in": 0.3190242263117834, "oneh-out": 0.007281381433604493, "oneh-in": 0.007744364918885066, "sfR": 0.09863878308844841, "sfT": 0.0001165036184318954, "redirect": 0.03196537247248715, "roll-out": 0.1480420004069102, "sft": 0.0, "dsfb-red": 0.012769554327247487, "alternate": 0.2921783827630718, "sfb": 0.01246171956309817, "dsfb-alt": 0.034644008512531056, "unknown": 0.032975828246008664}, "english-200": {"dsfb": 0.0, "bad-redirect": 0.0022271714922048997, "roll-in": 0.34075723830734966, "oneh-out": 0.004454342984409799, "oneh-in": 0.011135857461024499, "sfR": 0.10690423162583519, "sfT": 0.0, "redirect": 0.022271714922048998, "roll-out": 0.12694877505567928, "sft": 0.0, "dsfb-red": 0.013363028953229399, "alternate": 0.33407572383073497, "sfb": 0.008908685968819599, "dsfb-alt": 0.028953229398663696, "unknown": 0.0}, "monkeyracer": {"dsfb": 0.0, "bad-redirect": 0.0016178034627836776, "roll-in": 0.3152272940550855, "oneh-out": 0.008176994541501791, "oneh-in": 0.010066549885043088, "sfR": 0.09690789370786869, "sfT": 2.4438118773167336e-05, "redirect": 0.03221335064203826, "roll-out": 0.15960730875705773, "sft": 0.0, "dsfb-red": 0.015604227599042808, "alternate": 0.2991225737835682, "sfb": 0.011542612258942396, "dsfb-alt": 0.036452875486807326, "unknown": 0.013436077701487402}, "chained-bigrams": {"dsfb": 0.0, "bad-redirect": 0.00417373056062915, "roll-in": 0.29651083137622075, "oneh-out": 0.005243784693161328, "oneh-in": 0.01591121147918751, "sfR": 0.11914286586209158, "sfT": 3.0517320527313326e-05, "redirect": 0.03716360335534693, "roll-out": 0.12171216452861454, "sft": 0.0, "dsfb-red": 0.01700658849471044, "alternate": 0.29468693449619476, "sfb": 0.015727458251331563, "dsfb-alt": 0.04977374978004803, "unknown": 0.022916559801936097}, "english-5k": {"dsfb": 0.0, "bad-redirect": 0.003484465093126478, "roll-in": 0.2887543037292073, "oneh-out": 0.006595594640560833, "oneh-in": 0.019289003194093, "sfR": 0.10644211224955408, "sfT": 0.0, "redirect": 0.03380760774878666, "roll-out": 0.13523043099514664, "sft": 0.0, "dsfb-red": 0.01331563446301904, "alternate": 0.3316878914838014, "sfb": 0.017048989919940267, "dsfb-alt": 0.04218691666320985, "unknown": 0.002157049819554486}, "mt-quotes": {"dsfb": 0.0, "bad-redirect": 0.0014134423447006372, "roll-in": 0.3205167282246208, "oneh-out": 0.008362618185295418, "oneh-in": 0.009850766785001375, "sfR": 0.0964592223377679, "sfT": 1.4941251001063817e-05, "redirect": 0.03165154612065359, "roll-out": 0.16135206368558827, "sft": 0.0, "dsfb-red": 0.015737619679420518, "alternate": 0.29939129343421667, "sfb": 0.010747241845065203, "dsfb-alt": 0.036525382197200605, "unknown": 0.007977133909467972}, "wordle": {"dsfb": 0.0, "bad-redirect": 0.004353191966790082, "roll-in": 0.2303601480982834, "oneh-out": 0.007180522831818692, "oneh-in": 0.005340513856165152, "sfR": 0.13138112868843263, "sfT": 2.2439133849433412e-05, "redirect": 0.0480870638393358, "roll-out": 0.1781667227645013, "sft": 0.0, "dsfb-red": 0.018512285425782565, "alternate": 0.29819364972512064, "sfb": 0.028250869516436666, "dsfb-alt": 0.05015146415348368, "unknown": 0.0}, "english-1k": {"dsfb": 0.0, "bad-redirect": 0.0014114326040931546, "roll-in": 0.3203952011291461, "oneh-out": 0.0077628793225123505, "oneh-in": 0.009527170077628794, "sfR": 0.10832745236414962, "sfT": 0.0, "redirect": 0.037755822159491886, "roll-out": 0.1489061397318278, "sft": 0.0, "dsfb-red": 0.013408609738884969, "alternate": 0.30698659139026113, "sfb": 0.011291460832745237, "dsfb-alt": 0.034227240649259, "unknown": 0.0}, "english-10k": {"dsfb": 0.0, "bad-redirect": 0.003164740163254279, "roll-in": 0.3030431678277146, "oneh-out": 0.0052295401478165224, "oneh-in": 0.017599042859072576, "sfR": 0.10567144593890508, "sfT": 1.929719611740414e-05, "redirect": 0.03693483336871153, "roll-out": 0.13349800274020185, "sft": 0.0, "dsfb-red": 0.012697555045251925, "alternate": 0.3201983751760869, "sfb": 0.016981532583315643, "dsfb-alt": 0.04496246695355165, "unknown": 0.0}, "reddit": {"dsfb": 0.0, "bad-redirect": 0.002099600385586612, "roll-in": 0.298637392949054, "oneh-out": 0.007907372311892149, "oneh-in": 0.01068959659676926, "sfR": 0.10397777127267367, "sfT": 9.948688962442762e-05, "redirect": 0.029542886584383966, "roll-out": 0.14482504297769955, "sft": 0.0, "dsfb-red": 0.014403349292064254, "alternate": 0.29515591367339794, "sfb": 0.013981354074252205, "dsfb-alt": 0.03939482304837044, "unknown": 0.039285409944231534}, "akl": {"dsfb": 0.0, "bad-redirect": 0.0017864584698685725, "roll-in": 0.2557460926224261, "oneh-out": 0.005719167512922632, "oneh-in": 0.0075913366548421846, "sfR": 0.13064861186637447, "sfT": 0.00021708099297777827, "redirect": 0.022949779846616686, "roll-out": 0.12385125400840696, "sft": 0.0, "dsfb-red": 0.01304704700544726, "alternate": 0.25275894351577766, "sfb": 0.01759210926156315, "dsfb-alt": 0.035322037528228746, "unknown": 0.13277008071454782}, "french": {"dsfb": 0.0, "bad-redirect": 0.003041537910875231, "roll-in": 0.20401064411672273, "oneh-out": 0.01236599438513659, "oneh-in": 0.01334588152185454, "sfR": 0.10898279115633469, "sfT": 4.3702022441805036e-05, "redirect": 0.03052089619619065, "roll-out": 0.15140621856857134, "sft": 0.0, "dsfb-red": 0.012984309835323678, "alternate": 0.22915728522677029, "sfb": 0.046645594111765984, "dsfb-alt": 0.029415611072555352, "unknown": 0.15807953387545715}, "keymash": {"dsfb": 0.0, "bad-redirect": 0.00194981384408878, "roll-in": 0.3143099916671114, "oneh-out": 0.008324678896446412, "oneh-in": 0.009482252589147542, "sfR": 0.099723742164827, "sfT": 1.2314613752139664e-05, "redirect": 0.0322273441893495, "roll-out": 0.15985189624527427, "sft": 0.0, "dsfb-red": 0.016041836847787268, "alternate": 0.29807933074179127, "sfb": 0.011805609717051224, "dsfb-alt": 0.03586836498873213, "unknown": 0.01232282349464109}, "movie": {"dsfb": 0.0, "bad-redirect": 0.001484950010587046, "roll-in": 0.2860958066480333, "oneh-out": 0.010321744871533532, "oneh-in": 0.007601749145831329, "sfR": 0.11567713207251198, "sfT": 1.0527827086756796e-05, "redirect": 0.029746375433631327, "roll-out": 0.1647719429197007, "sft": 0.0, "dsfb-red": 0.02091839762787, "alternate": 0.2833165918949681, "sfb": 0.010858269259442376, "dsfb-alt": 0.03896006650428371, "unknown": 0.030236445784519856}, "dutch": {"dsfb": 0.0, "bad-redirect": 0.005935290130471273, "roll-in": 0.26106058352757466, "oneh-out": 0.005315368781389873, "oneh-in": 0.0055748811663508275, "sfR": 0.18880787437283908, "sfT": 3.917878540314289e-05, "redirect": 0.03434865977533647,