{"english-450k": {"unknown": 0.00015377410175167997, "sft": 0.0, "sfR": 0.11369548401129392, "roll-out": 0.1699732970979962, "sfT": 6.256208702444775e-05, "roll-in": 0.2707500024849427, "bad-redirect": 0.0029143992782556987, "dsfb": 0.0, "sfb": 0.04201950416914917, "redirect": 0.05360489177051291, "dsfb-alt": 0.034980099994094606, "oneh-in": 0.015405183064267634, "oneh-out": 0.004745071189223417, "dsfb-red": 0.03468746144684474, "alternate": 0.2570082693046429}, "shai": {"unknown": 0.023621906111313578, "sft": 0.0, "sfR": 0.09823378925716947, "roll-out": 0.1552109248945623, "sfT": 8.572955502993684e-05, "roll-in": 0.3192485067188749, "bad-redirect": 0.0023078783254939493, "dsfb": 0.0, "sfb": 0.02278506567154844, "redirect": 0.04195573459894669, "dsfb-alt": 0.03639755275599426, "oneh-in": 0.01635033686490075, "oneh-out": 0.00647643246152117, "dsfb-red": 0.03213386784194985, "alternate": 0.24519227494269472}, "tr-quotes": {"unknown": 0.01476965396084233, "sft": 0.0, "sfR": 0.09677191928064538, "roll-out": 0.16184438639883497, "sfT": 1.271352950694621e-05, "roll-in": 0.3282494625644345, "bad-redirect": 0.0028004438177573333, "dsfb": 0.0, "sfb": 0.020727676197961214, "redirect": 0.04602875569219389, "dsfb-alt": 0.03393472180485888, "oneh-in": 0.01442523288874506, "oneh-out": 0.00921153001548739, "dsfb-red": 0.0364970758882134, "alternate": 0.2347264279605187}, "gutenberg": {"unknown": 0.03802431837805746, "sft": 0.0, "sfR": 0.09863878308844841, "roll-out": 0.1582833314957966, "sfT": 1.723874679236176e-05, "roll-in": 0.3344364236912665, "bad-redirect": 0.002555502134384177, "dsfb": 0.0, "sfb": 0.01976848552494636, "redirect": 0.04010812293537592, "dsfb-alt": 0.031685574351472665, "oneh-in": 0.012765765591688726, "oneh-out": 0.007674462747825929, "dsfb-red": 0.032925059189521266, "alternate": 0.2231169321244236}, "english-200": {"unknown": 0.0, "sft": 0.0, "sfR": 0.10690423162583519, "roll-out": 0.15812917594654788, "sfT": 0.0, "roll-in": 0.34966592427616927, "bad-redirect": 0.0, "dsfb": 0.0, "sfb": 0.011135857461024499, "redirect": 0.0400890868596882, "dsfb-alt": 0.026726057906458798, "oneh-in": 0.013363028953229399, "oneh-out": 0.0066815144766146995, "dsfb-red": 0.042316258351893093, "alternate": 0.24498886414253898}, "monkeyracer": {"unknown": 0.014352018393105714, "sft": 0.0, "sfR": 0.09690789370786869, "roll-out": 0.162030592614605, "sfT": 1.5640396014827094e-05, "roll-in": 0.3289888874986315, "bad-redirect": 0.002876855341977259, "dsfb": 0.0, "sfb": 0.020753827986924628, "redirect": 0.0461088649764612, "dsfb-alt": 0.033809648560301546, "oneh-in": 0.014401872155402975, "oneh-out": 0.00920046295572204, "dsfb-red": 0.03624857281386365, "alternate": 0.234304862599121}, "chained-bigrams": {"unknown": 0.02365222201805197, "sft": 0.0, "sfR": 0.11914286586209158, "roll-out": 0.12820586075401158, "sfT": 9.220126627401047e-05, "roll-in": 0.3011962140342015, "bad-redirect": 0.0034198878131353042, "dsfb": 0.0, "sfb": 0.022939934770850635, "redirect": 0.05540581867906752, "dsfb-alt": 0.0429346234584695, "oneh-in": 0.01697996700233555, "oneh-out": 0.005935943494908477, "dsfb-red": 0.03518257473983984, "alternate": 0.24491188610676257}, "english-5k": {"unknown": 0.002157049819554486, "sft": 0.0, "sfR": 0.10644211224955408, "roll-out": 0.152984610279172, "sfT": 4.148172729912474e-05, "roll-in": 0.2955987887335629, "bad-redirect": 0.0034015016385282285, "dsfb": 0.0, "sfb": 0.02725349483552495, "redirect": 0.04214543493591073, "dsfb-alt": 0.03861948811548513, "oneh-in": 0.024432737379184468, "oneh-out": 0.005102252457792342, "dsfb-red": 0.03189944829302692, "alternate": 0.2699215995354047}, "mt-quotes": {"unknown": 0.008869126594231481, "sft": 0.0, "sfR": 0.0964592223377679, "roll-out": 0.16308226055151145, "sfT": 1.1953000800851053e-05, "roll-in": 0.3349918121944514, "bad-redirect": 0.0029180263205077633, "dsfb": 0.0, "sfb": 0.019743369072805727, "redirect": 0.046328336978998574, "dsfb-alt": 0.03369999163289944, "oneh-in": 0.014001446313096903, "oneh-out": 0.009285987497161162, "dsfb-red": 0.03683317196782252, "alternate": 0.2337752955379448}, "wordle": {"unknown": 0.0, "sft": 0.0, "sfR": 0.13138112868843263, "roll-out": 0.19706047346572422, "sfT": 2.2439133849433412e-05, "roll-in": 0.24676315494221923, "bad-redirect": 0.0018848872433524066, "dsfb": 0.0, "sfb": 0.04214069336923595, "redirect": 0.05504319533266016, "dsfb-alt": 0.042993380455514416, "oneh-in": 0.007517109839560193, "oneh-out": 0.007023448894872658, "dsfb-red": 0.03823628407943453, "alternate": 0.22993380455514417}, "english-1k": {"unknown": 0.0, "sft": 0.0, "sfR": 0.10832745236414962, "roll-out": 0.17889908256880735, "sfT": 0.0, "roll-in": 0.3066337332392378, "bad-redirect": 0.0038814396612561752, "dsfb": 0.0, "sfb": 0.01834862385321101, "redirect": 0.043754410726887794, "dsfb-alt": 0.033168666196189134, "oneh-in": 0.015172900494001412, "oneh-out": 0.008115737473535639, "dsfb-red": 0.043754410726887794, "alternate": 0.2399435426958363}, "english-10k": {"unknown": 0.0, "sft": 0.0, "sfR": 0.10567144593890508, "roll-out": 0.1584106829277706, "sfT": 0.00011578317670442484, "roll-in": 0.3031203566121842, "bad-redirect": 0.0036085756739545746, "dsfb": 0.0, "sfb": 0.027787962409061964, "redirect": 0.04220296790876286, "dsfb-alt": 0.03722429131047259, "oneh-in": 0.022211072731132167, "oneh-out": 0.005055865382759885, "dsfb-red": 0.03241928947723896, "alternate": 0.26217170645105264}, "reddit": {"unknown": 0.041217688064775854, "sft": 0.0, "sfR": 0.10397777127267367, "roll-out": 0.15335383377561174, "sfT": 0.00014642102844197576, "roll-in": 0.3120966655972575, "bad-redirect": 0.001628685786054118, "dsfb": 0.0, "sfb": 0.02210770242407523, "redirect": 0.045209449681302964, "dsfb-alt": 0.03841261475780879, "oneh-in": 0.01433922220055935, "oneh-out": 0.007510361188725992, "dsfb-red": 0.030179700067254785, "alternate": 0.229819884155458}, "akl": {"unknown": 0.13295000147380848, "sft": 0.0, "sfR": 0.13064861186637447, "roll-out": 0.13734573098219416, "sfT": 0.00019677134396483339, "roll-in": 0.2632323478450882, "bad-redirect": 0.001503605839819676, "dsfb": 0.0, "sfb": 0.026064123689419214, "redirect": 0.03708578971167044, "dsfb-alt": 0.03440323592501174, "oneh-in": 0.012234833998144904, "oneh-out": 0.005412101432712316, "dsfb-red": 0.028207582303555474, "alternate": 0.19071526358823615}, "french": {"unknown": 0.15822382396052298, "sft": 0.0, "sfR": 0.10898279115633469, "roll-out": 0.14335742068356344, "sfT": 2.9064766382276916e-05, "roll-in": 0.23237790105134, "bad-redirect": 0.002894461203877905, "dsfb": 0.0, "sfb": 0.04876173383197086, "redirect": 0.0403608477641022, "dsfb-alt": 0.02464620276393044, "oneh-in": 0.019986116929682576, "oneh-out": 0.010116291576118309, "dsfb-red": 0.030359391978870574, "alternate": 0.17990395233330372}, "keymash": {"unknown": 0.013394194891077241, "sft": 0.0, "sfR": 0.099723742164827, "roll-out": 0.16057024871414907, "sfT": 4.104871250713221e-06, "roll-in": 0.3294898055522488, "bad-redirect": 0.00305812908178135, "dsfb": 0.0, "sfb": 0.0207706485286089, "redirect": 0.04525620553911327, "dsfb-alt": 0.03306063305324428, "oneh-in": 0.01441220296125412, "oneh-out": 0.009030716751569088, "dsfb-red": 0.037177818917709646, "alternate": 0.23405154897316646}, "movie": {"unknown": 0.030451476652766863, "sft": 0.0, "sfR": 0.11567713207251198, "roll-out": 0.15550298075684285, "sfT": 8.553859507989896e-06, "roll-in": 0.30371333569068926, "bad-redirect": 0.0030712303568841263, "dsfb": 0.0, "sfb": 0.017291166402966532, "redirect": 0.04460811413849015, "dsfb-alt": 0.038817414447258156, "oneh-in": 0.014136634614258441, "oneh-out": 0.012025147294170781, "dsfb-red": 0.04091850553809764, "alternate": 0.2237783081755552}, "dutch": {"unknown": 0.07325981014373002, "sft": 0.0, "sfR": 0.18880787437283908, "roll-out": 0.11856285831778525, "sfT": 0.00021499022287582758, "roll-in": 0.2934859325208986, "bad-redirect": 0.0022649462045690604, "dsfb": 0.0, "sfb": 0.03537467775224871,