{"english-450k": {"sfb": 0.04167365861330842, "dsfb-red": 0.03478890557860868, "sfR": 0.11369548401129392, "sft": 0.0, "sfT": 3.5958582729005014e-05, "oneh-out": 0.005996605275913421, "bad-redirect": 0.002992748060136783, "dsfb-alt": 0.0358381360941729, "roll-out": 0.16638913267313765, "roll-in": 0.2719342969453915, "dsfb": 0.0, "unknown": 0.00015377410175167997, "redirect": 0.05496342456678678, "alternate": 0.25606223699804886, "oneh-in": 0.0154756384987204}, "shai": {"sfb": 0.02143633270405647, "dsfb-red": 0.02569227293008215, "sfR": 0.09823378925716947, "sft": 0.0, "sfT": 3.2197930848489594e-05, "oneh-out": 0.006974875318650757, "bad-redirect": 0.0023958914217188146, "dsfb-alt": 0.03935184740804915, "roll-out": 0.14660981603792134, "roll-in": 0.3270144626339897, "dsfb": 0.0, "unknown": 0.023621906111313578, "redirect": 0.040154125097185966, "alternate": 0.25231909477021075, "oneh-in": 0.016163388378803413}, "tr-quotes": {"sfb": 0.01830170361295393, "dsfb-red": 0.026868310949816232, "sfR": 0.09677191928064538, "sft": 0.0, "sfT": 6.934652458334297e-06, "oneh-out": 0.008805852846674834, "bad-redirect": 0.0028304939784101154, "dsfb-alt": 0.038520838630637294, "roll-out": 0.1534026028062227, "roll-in": 0.33958646355840133, "dsfb": 0.0, "unknown": 0.01476965396084233, "redirect": 0.04346986893506854, "alternate": 0.24226670673354753, "oneh-in": 0.014398650054321444}, "gutenberg": {"sfb": 0.01759261469355002, "dsfb-red": 0.02475787138227849, "sfR": 0.09863878308844841, "sft": 0.0, "sfT": 1.458663190122918e-05, "oneh-out": 0.008252434357314892, "bad-redirect": 0.00257747680062499, "dsfb-alt": 0.03626672395234831, "roll-out": 0.14660455413591633, "roll-in": 0.34460576880453647, "dsfb": 0.0, "unknown": 0.03802431837805746, "redirect": 0.03782919849678128, "alternate": 0.23207179805433273, "oneh-in": 0.012763871223909345}, "english-200": {"sfb": 0.008908685968819599, "dsfb-red": 0.026726057906458798, "sfR": 0.10690423162583519, "sft": 0.0, "sfT": 0.0, "oneh-out": 0.0066815144766146995, "bad-redirect": 0.0, "dsfb-alt": 0.0334075723830735, "roll-out": 0.15367483296213807, "roll-in": 0.36080178173719374, "dsfb": 0.0, "unknown": 0.0, "redirect": 0.035634743875278395, "alternate": 0.25389755011135856, "oneh-in": 0.013363028953229399}, "monkeyracer": {"sfb": 0.0182259489810282, "dsfb-red": 0.02662484164099035, "sfR": 0.09690789370786869, "sft": 0.0, "sfT": 9.775247509266934e-06, "oneh-out": 0.008764486916808733, "bad-redirect": 0.002901293460750426, "dsfb-alt": 0.03849883479049689, "roll-out": 0.15351341945978073, "roll-in": 0.3404308147082284, "dsfb": 0.0, "unknown": 0.014352018393105714, "redirect": 0.043537974881524, "alternate": 0.24186210644853529, "oneh-in": 0.014370591363373321}, "chained-bigrams": {"sfb": 0.021695866980843564, "dsfb-red": 0.0290544370560785, "sfR": 0.11914286586209158, "sft": 0.0, "sfT": 5.519089882599218e-05, "oneh-out": 0.005400267123950318, "bad-redirect": 0.003615977830140594, "dsfb-alt": 0.04534289456135897, "roll-out": 0.1225601564564586, "roll-in": 0.3077379588068117, "dsfb": 0.0, "unknown": 0.02365222201805197, "redirect": 0.0524527809395309, "alternate": 0.252191890314257, "oneh-in": 0.017097491151600308}, "english-5k": {"sfb": 0.02663126892603808, "dsfb-red": 0.030074252291865434, "sfR": 0.10644211224955408, "sft": 0.0, "sfT": 0.0, "oneh-out": 0.005848923549176588, "bad-redirect": 0.003442983365827353, "dsfb-alt": 0.04002986684365537, "roll-out": 0.1484216202762683, "roll-in": 0.29970547973617623, "dsfb": 0.0, "unknown": 0.002157049819554486, "redirect": 0.04222839839050898, "alternate": 0.27062678889948977, "oneh-in": 0.024391255651885345}, "mt-quotes": {"sfb": 0.0169508492607069, "dsfb-red": 0.02645796727268381, "sfR": 0.0964592223377679, "sft": 0.0, "sfT": 8.96475060063829e-06, "oneh-out": 0.008713737583820418, "bad-redirect": 0.0029389440719092526, "dsfb-alt": 0.038614169087149326, "roll-out": 0.15442529972149507, "roll-in": 0.3474901686568413, "dsfb": 0.0, "unknown": 0.008869126594231481, "redirect": 0.04362098229760581, "alternate": 0.24146555742819234, "oneh-in": 0.013985010936995734}, "wordle": {"sfb": 0.03886457982721867, "dsfb-red": 0.031190396050712443, "sfR": 0.13138112868843263, "sft": 0.0, "sfT": 2.2439133849433412e-05, "oneh-out": 0.008459553461236396, "bad-redirect": 0.0022663525187927745, "dsfb-alt": 0.046426567934477726, "roll-out": 0.1916077639403119, "roll-in": 0.2445865589588242, "dsfb": 0.0, "unknown": 0.0, "redirect": 0.05358465163244699, "alternate": 0.24366655447099742, "oneh-in": 0.007943453382699427}, "english-1k": {"sfb": 0.01834862385321101, "dsfb-red": 0.032462949894142556, "sfR": 0.10832745236414962, "sft": 0.0, "sfT": 0.0, "oneh-out": 0.010232886379675371, "bad-redirect": 0.0038814396612561752, "dsfb-alt": 0.03881439661256175, "roll-out": 0.17290049400141144, "roll-in": 0.31333803810868033, "dsfb": 0.0, "unknown": 0.0, "redirect": 0.04269583627381793, "alternate": 0.24417784050811575, "oneh-in": 0.014820042342978124}, "english-10k": {"sfb": 0.027247640917774648, "dsfb-red": 0.030296597904324502, "sfR": 0.10567144593890508, "sft": 0.0, "sfT": 1.929719611740414e-05, "oneh-out": 0.006040022384747496, "bad-redirect": 0.0036664672623067866, "dsfb-alt": 0.03851720345033867, "roll-out": 0.15385654464406323, "roll-in": 0.3061114220103819, "dsfb": 0.0, "unknown": 0.0, "redirect": 0.04177842959417997, "alternate": 0.26479612512301964, "oneh-in": 0.021998803573840722}, "reddit": {"sfb": 0.020581200461400415, "dsfb-red": 0.02341923629203822, "sfR": 0.10397777127267367, "sft": 0.0, "sfT": 8.652662463570325e-05, "oneh-out": 0.007397576917393481, "bad-redirect": 0.0017375744864073603, "dsfb-alt": 0.041555816134293815, "roll-out": 0.14408915463675018, "roll-in": 0.32069786157500557, "dsfb": 0.0, "unknown": 0.041217688064775854, "redirect": 0.042682984614180214, "alternate": 0.23835669083980832, "oneh-in": 0.014199918080637195}, "akl": {"sfb": 0.025165952934043823, "dsfb-red": 0.02232524578566753, "sfR": 0.13064861186637447, "sft": 0.0, "sfT": 0.00014762792317803608, "oneh-out": 0.005141750849379418, "bad-redirect": 0.0017465803999088486, "dsfb-alt": 0.03733417523664262, "roll-out": 0.128754452958492, "roll-in": 0.27167898756547915, "dsfb": 0.0, "unknown": 0.13295000147380848, "redirect": 0.035188517645910064, "alternate": 0.19782984235092044, "oneh-in": 0.011088253010195122}, "french": {"sfb": 0.049630710419447575, "dsfb-red": 0.030979010848993363, "sfR": 0.10898279115633469, "sft": 0.0, "sfT": 2.665269040931476e-05, "oneh-out": 0.014950721063144807, "bad-redirect": 0.0028945660767462945, "dsfb-alt": 0.02427185156929438, "roll-out": 0.13661656724943472, "roll-in": 0.23706303651929467, "dsfb": 0.0, "unknown": 0.15822382396052298, "redirect": 0.04289033640414576, "alternate": 0.1753647399707941, "oneh-in": 0.018105192071437362}, "keymash": {"sfb": 0.018398032945696658, "dsfb-red": 0.027695566328562106, "sfR": 0.099723742164827, "sft": 0.0, "sfT": 8.209742501426442e-06, "oneh-out": 0.008833682931534852, "bad-redirect": 0.003078653438034916, "dsfb-alt": 0.03784280806032519, "roll-out": 0.15091559153247158, "roll-in": 0.3407330479079524, "dsfb": 0.0, "unknown": 0.013394194891077241, "redirect": 0.04286306559994746, "alternate": 0.24212583072331936, "oneh-in": 0.014387573733749841}, "movie": {"sfb": 0.015460508870418109, "dsfb-red": 0.02838328502157349, "sfR": 0.11567713207251198, "sft": 0.0, "sfT": 5.658707059131778e-06, "oneh-out": 0.010629683813821168, "bad-redirect": 0.0030733359223014778, "dsfb-alt": 0.042077750898188146, "roll-out": 0.15068360471220277, "roll-in": 0.31749241897751374, "dsfb": 0.0, "unknown": 0.030451476652766863, "redirect": 0.042126442098464396, "alternate": 0.229816411803326, "oneh-in": 0.014122290449852736}, "dutch": {"sfb": 0.035959114059539346, "dsfb-red": 0.032492069478671844, "sfR": 0.18880787437283908, "sft": 0.0, "sfT": 0.00017934380393694972, "oneh-out": 0.004053058798050808, "bad-redirect": 0.002312785563587635, "dsfb-alt": 0.02554004952270198, "roll-out": 0.11221415579543531,