{"english-450k": {"dsfb-red": 0.034200120329696354, "alternate": 0.26105901826637534, "unknown": 0.00015377410175167997, "bad-redirect": 0.0030488785307381566, "dsfb": 0.0, "sfb": 0.03705926617595382, "oneh-in": 0.015983443849942203, "redirect": 0.058608104655262436, "oneh-out": 0.004385193015732318, "sfR": 0.11369548401129392, "roll-out": 0.16716326541351492, "roll-in": 0.2693701284159923, "dsfb-alt": 0.035253736038276307, "sfT": 1.9587195470271023e-05, "sft": 0.0}, "shai": {"dsfb-red": 0.025828921583350182, "alternate": 0.24685321056603027, "unknown": 0.023621906111313578, "bad-redirect": 0.00401521240958338, "dsfb": 0.0, "sfb": 0.021127419895697126, "oneh-in": 0.021809656855748007, "redirect": 0.043596083517848626, "oneh-out": 0.006600800307651055, "sfR": 0.09823378925716947, "roll-out": 0.14968234393815025, "roll-in": 0.31801811924141227, "dsfb-alt": 0.04053965651824836, "sfT": 7.287979779745872e-05, "sft": 0.0}, "tr-quotes": {"dsfb-red": 0.025171632648343774, "alternate": 0.232893368160699, "unknown": 0.01476965396084233, "bad-redirect": 0.0037909433438894154, "dsfb": 0.0, "sfb": 0.02196897898800305, "oneh-in": 0.026293890571184208, "redirect": 0.047450359446152425, "oneh-out": 0.007249023369778784, "sfR": 0.09677191928064538, "roll-out": 0.1580707796860914, "roll-in": 0.3272370033055177, "dsfb-alt": 0.038258477612630314, "sfT": 7.39696262222325e-05, "sft": 0.0}, "gutenberg": {"dsfb-red": 0.024543997259986444, "alternate": 0.22274563603966502, "unknown": 0.03802431837805746, "bad-redirect": 0.0038050271216634973, "dsfb": 0.0, "sfb": 0.022907642372157644, "oneh-in": 0.017388780720488686, "redirect": 0.04048491268669468, "oneh-out": 0.005993779653959626, "sfR": 0.09863878308844841, "roll-out": 0.15005741828739302, "roll-in": 0.3381726852625385, "dsfb-alt": 0.03711540071751074, "sfT": 0.00012161841143622251, "sft": 0.0}, "english-200": {"dsfb-red": 0.024498886414253896, "alternate": 0.24944320712694878, "unknown": 0.0, "bad-redirect": 0.0022271714922048997, "dsfb": 0.0, "sfb": 0.008908685968819599, "oneh-in": 0.015590200445434299, "redirect": 0.0400890868596882, "oneh-out": 0.011135857461024499, "sfR": 0.10690423162583519, "roll-out": 0.16258351893095768, "roll-in": 0.34966592427616927, "dsfb-alt": 0.028953229398663696, "sfT": 0.0, "sft": 0.0}, "monkeyracer": {"dsfb-red": 0.02492199352487605, "alternate": 0.23273886794813645, "unknown": 0.014352018393105714, "bad-redirect": 0.003788885934591864, "dsfb": 0.0, "sfb": 0.02185354333171716, "oneh-in": 0.026643414611257958, "redirect": 0.04752725339005583, "oneh-out": 0.007246390978619579, "sfR": 0.09690789370786869, "roll-out": 0.15815861707618437, "roll-in": 0.3276164427483304, "dsfb-alt": 0.03816745389993274, "sfT": 7.722445532320879e-05, "sft": 0.0}, "chained-bigrams": {"dsfb-red": 0.03011864744638204, "alternate": 0.24981543514127896, "unknown": 0.02365222201805197, "bad-redirect": 0.0038705052694322285, "dsfb": 0.0, "sfb": 0.022465942345639173, "oneh-in": 0.01754680999851309, "redirect": 0.0575212533658332, "oneh-out": 0.005352218576737101, "sfR": 0.11914286586209158, "roll-out": 0.1228133852863661, "roll-in": 0.3047738828875099, "dsfb-alt": 0.04284566871565584, "sfT": 8.116308650881204e-05, "sft": 0.0}, "english-5k": {"dsfb-red": 0.02978388020077156, "alternate": 0.2762683038121707, "unknown": 0.002157049819554486, "bad-redirect": 0.0038163189115194758, "dsfb": 0.0, "sfb": 0.020450491558468495, "oneh-in": 0.024764591197577467, "redirect": 0.045754345210934584, "oneh-out": 0.005558551458082714, "sfR": 0.10644211224955408, "roll-out": 0.15402165346165014, "roll-in": 0.29120172563985564, "dsfb-alt": 0.03978097647986062, "sfT": 0.0, "sft": 0.0}, "mt-quotes": {"dsfb-red": 0.024331827255232426, "alternate": 0.2317358147762996, "unknown": 0.008869126594231481, "bad-redirect": 0.0038055366299709543, "dsfb": 0.0, "sfb": 0.02130771805261711, "oneh-in": 0.02760545534956551, "redirect": 0.04787176820740847, "oneh-out": 0.007457178374630951, "sfR": 0.0964592223377679, "roll-out": 0.1595068191869569, "roll-in": 0.3332511564528275, "dsfb-alt": 0.03772217640238582, "sfT": 7.620038010542547e-05, "sft": 0.0}, "wordle": {"dsfb-red": 0.03433187478963312, "alternate": 0.24261191518007405, "unknown": 0.0, "bad-redirect": 0.0041736788959946146, "dsfb": 0.0, "sfb": 0.033456748569505215, "oneh-in": 0.009042970941321666, "redirect": 0.0570851565129586, "oneh-out": 0.008526870862784697, "sfR": 0.13138112868843263, "roll-out": 0.19315606417592282, "roll-in": 0.24792998990238976, "dsfb-alt": 0.038303601480982837, "sfT": 0.0, "sft": 0.0}, "english-1k": {"dsfb-red": 0.03140437544107269, "alternate": 0.25052928722653495, "unknown": 0.0, "bad-redirect": 0.0038814396612561752, "dsfb": 0.0, "sfb": 0.016231474947071278, "oneh-in": 0.016231474947071278, "redirect": 0.04410726887791108, "oneh-out": 0.008821453775582216, "sfR": 0.10832745236414962, "roll-out": 0.1806633733239238, "roll-in": 0.30522230063514466, "dsfb-alt": 0.03458009880028229, "sfT": 0.0, "sft": 0.0}, "english-10k": {"dsfb-red": 0.030180814727620076, "alternate": 0.2666486559502904, "unknown": 0.0, "bad-redirect": 0.004399760714768144, "dsfb": 0.0, "sfb": 0.023098743752532756, "oneh-in": 0.02213388394666255, "redirect": 0.044460739854499144, "oneh-out": 0.005596186874047201, "sfR": 0.10567144593890508, "roll-out": 0.15752301190637, "roll-in": 0.3010169622353872, "dsfb-alt": 0.03926979409891743, "sfT": 0.0, "sft": 0.0}, "reddit": {"dsfb-red": 0.02230525282162012, "alternate": 0.22808766607914713, "unknown": 0.041217688064775854, "bad-redirect": 0.0035108084302403436, "dsfb": 0.0, "sfb": 0.022314654632348933, "oneh-in": 0.02245650585637292, "redirect": 0.04805853544885312, "oneh-out": 0.0076109718007482865, "sfR": 0.10397777127267367, "roll-out": 0.1501185620773282, "roll-in": 0.3105884053948414, "dsfb-alt": 0.03961795685917342, "sfT": 0.0001352212618765752, "sft": 0.0}, "akl": {"dsfb-red": 0.022702703824561396, "alternate": 0.19115730729929525, "unknown": 0.13295000147380848, "bad-redirect": 0.004043942668183351, "dsfb": 0.0, "sfb": 0.023660024579616825, "oneh-in": 0.018920389956132395, "redirect": 0.04107216366671491, "oneh-out": 0.007755395133486898, "sfR": 0.13064861186637447, "roll-out": 0.13313775454296828, "roll-in": 0.26090716481673026, "dsfb-alt": 0.032889870582320874, "sfT": 0.00015466958980661185, "sft": 0.0}, "french": {"dsfb-red": 0.03057006658962706, "alternate": 0.1903460839115087, "unknown": 0.15822382396052298, "bad-redirect": 0.0035823373294840196, "dsfb": 0.0, "sfb": 0.041577567801320686, "oneh-in": 0.01795276684815216, "redirect": 0.037174974822646124, "oneh-out": 0.007838437892856574, "sfR": 0.10898279115633469, "roll-out": 0.13737214630250552, "roll-in": 0.24131549649595027, "dsfb-alt": 0.024649723495940662, "sfT": 0.0004137833931505702, "sft": 0.0}, "keymash": {"dsfb-red": 0.026451790339596, "alternate": 0.2335343351955766, "unknown": 0.013394194891077241, "bad-redirect": 0.0039037325594282737, "dsfb": 0.0, "sfb": 0.021620356877506536, "oneh-in": 0.02562671121820264, "redirect": 0.046130543115515184, "oneh-out": 0.007351824410027379, "sfR": 0.099723742164827, "roll-out": 0.1560713098233674, "roll-in": 0.32845537799706914, "dsfb-alt": 0.03765398398279238, "sfT": 8.209742501426443e-05, "sft": 0.0}, "movie": {"dsfb-red": 0.025248361310814486, "alternate": 0.21406928284047091, "unknown": 0.030451476652766863, "bad-redirect": 0.004067952386322826, "dsfb": 0.0, "sfb": 0.021837871726059624, "oneh-in": 0.033187000923422035, "redirect": 0.04742944019990238, "oneh-out": 0.008784813714705623, "sfR": 0.11567713207251198, "roll-out": 0.1532483149883753, "roll-in": 0.3053881813823537, "dsfb-alt": 0.04055832225389197, "sfT": 5.184954840227722e-05, "sft": 0.0}, "dutch": {"dsfb-red": 0.034846831031563254, "alternate": 0.17092721463867172, "unknown": 0.07325981014373002, "bad-redirect": 0.0025106698087634174, "dsfb": 0.0, "sfb": 0.0373913183182536, "oneh-in": 0.007697707895814483, "redirect": 0.04511703411466291, "oneh-out": 0.0037052193206889915,