{"english-450k": {"roll-in": 0.2584325799961527, "dsfb": 0.0, "sfT": 5.905393261186189e-05, "dsfb-red": 0.0377214303213294, "sfb": 0.044692133139137495, "roll-out": 0.18206152016516391, "oneh-out": 0.007552764104096297, "sfR": 0.11369548401129392, "oneh-in": 0.01160935998984974, "unknown": 0.00015377410175167997, "sft": 0.0, "bad-redirect": 0.0029658522096402914, "alternate": 0.2506251823509429, "dsfb-alt": 0.03685286975801336, "redirect": 0.05357799592001642}, "shai": {"roll-in": 0.3010624078649184, "dsfb": 0.0, "sfT": 0.00010677296770252224, "dsfb-red": 0.037908660984080855, "sfb": 0.025576509002725695, "roll-out": 0.17210313447379316, "oneh-out": 0.006850615843967411, "sfR": 0.09823378925716947, "oneh-in": 0.013404208775424328, "unknown": 0.023621906111313578, "sft": 0.0, "bad-redirect": 0.002361657655838914, "alternate": 0.2427796827069825, "dsfb-alt": 0.037829840108767776, "redirect": 0.038160814247315406}, "tr-quotes": {"roll-in": 0.2993654793000624, "dsfb": 0.0, "sfT": 2.195973278472527e-05, "dsfb-red": 0.04476087006772844, "sfb": 0.028702526525045652, "roll-out": 0.18606134855874806, "oneh-out": 0.009700423013799959, "sfR": 0.09677191928064538, "oneh-in": 0.010018261251473613, "unknown": 0.01476965396084233, "sft": 0.0, "bad-redirect": 0.002140496058805853, "alternate": 0.23059684242158063, "dsfb-alt": 0.037366218996324634, "redirect": 0.039724000832158296}, "gutenberg": {"roll-in": 0.3180692755141977, "dsfb": 0.0, "sfT": 3.182537869359094e-05, "dsfb-red": 0.0403998555734005, "sfb": 0.027013305660408812, "roll-out": 0.17022144780467402, "oneh-out": 0.007121307356246848, "sfR": 0.09863878308844841, "oneh-in": 0.010641232127113593, "unknown": 0.03802431837805746, "sft": 0.0, "bad-redirect": 0.0020758482126450564, "alternate": 0.2162788327511941, "dsfb-alt": 0.0378905760128332, "redirect": 0.033593392142086675}, "english-200": {"roll-in": 0.311804008908686, "dsfb": 0.0, "sfT": 0.0, "dsfb-red": 0.0556792873051225, "sfb": 0.015590200445434299, "roll-out": 0.1915367483296214, "oneh-out": 0.008908685968819599, "sfR": 0.10690423162583519, "oneh-in": 0.008908685968819599, "unknown": 0.0, "sft": 0.0, "bad-redirect": 0.0, "alternate": 0.24053452115812918, "dsfb-alt": 0.031180400890868598, "redirect": 0.028953229398663696}, "monkeyracer": {"roll-in": 0.29955952734723246, "dsfb": 0.0, "sfT": 2.541564352409403e-05, "dsfb-red": 0.04453993775122386, "sfb": 0.028828182429579116, "roll-out": 0.1866319580211771, "oneh-out": 0.009775247509266935, "sfR": 0.09690789370786869, "oneh-in": 0.00995999968719208, "unknown": 0.014352018393105714, "sft": 0.0, "bad-redirect": 0.0021603296995479923, "alternate": 0.22999495597228523, "dsfb-alt": 0.03738152400018768, "redirect": 0.03988300983780909}, "chained-bigrams": {"roll-in": 0.28725629160014, "dsfb": 0.0, "sfT": 0.00010064222727092693, "dsfb-red": 0.03595135149525131, "sfb": 0.025152115856734814, "roll-out": 0.14003099780599945, "oneh-out": 0.006909251228322151, "sfR": 0.11914286586209158, "oneh-in": 0.014310026108541669, "unknown": 0.02365222201805197, "sft": 0.0, "bad-redirect": 0.00268227768294322, "alternate": 0.24193871992177177, "dsfb-alt": 0.0467265628601612, "redirect": 0.056146675332719956}, "english-5k": {"roll-in": 0.28916912100219855, "dsfb": 0.0, "sfT": 4.148172729912474e-05, "dsfb-red": 0.035259468204256024, "sfb": 0.025718670925457335, "roll-out": 0.1624839258306716, "oneh-out": 0.005682996639980089, "sfR": 0.10644211224955408, "oneh-in": 0.022814950014518606, "unknown": 0.002157049819554486, "sft": 0.0, "bad-redirect": 0.003442983365827353, "alternate": 0.2675986228066537, "dsfb-alt": 0.03845356120628863, "redirect": 0.04073505620774049}, "mt-quotes": {"roll-in": 0.3034777255830076, "dsfb": 0.0, "sfT": 1.792950120127658e-05, "dsfb-red": 0.04546323854603698, "sfb": 0.028237470266910508, "roll-out": 0.1892234733029727, "oneh-out": 0.010116721052820311, "sfR": 0.0964592223377679, "oneh-in": 0.009779048780196269, "unknown": 0.008869126594231481, "sft": 0.0, "bad-redirect": 0.0021380930182522324, "alternate": 0.22933923811572896, "dsfb-alt": 0.03746817513536774, "redirect": 0.03941053776550603}, "wordle": {"roll-in": 0.24238752384157972, "dsfb": 0.0, "sfT": 2.2439133849433412e-05, "dsfb-red": 0.0392909233703579, "sfb": 0.03682261864692023, "roll-out": 0.2054527095254123, "oneh-out": 0.008706383933580164, "sfR": 0.13138112868843263, "oneh-in": 0.007853696847301694, "unknown": 0.0, "sft": 0.0, "bad-redirect": 0.002019522046449007, "alternate": 0.2296869740828004, "dsfb-alt": 0.04272411084932121, "redirect": 0.053651969033995286}, "english-1k": {"roll-in": 0.29710656316160905, "dsfb": 0.0, "sfT": 0.0, "dsfb-red": 0.04693013408609739, "sfb": 0.020112914608327453, "roll-out": 0.18807339449541285, "oneh-out": 0.009880028228652082, "sfR": 0.10832745236414962, "oneh-in": 0.013408609738884969, "unknown": 0.0, "sft": 0.0, "bad-redirect": 0.004234297812279464, "alternate": 0.23782639378969656, "dsfb-alt": 0.035285815102328866, "redirect": 0.03881439661256175}, "english-10k": {"roll-in": 0.29642422955944503, "dsfb": 0.0, "sfT": 0.00011578317670442484, "dsfb-red": 0.035448949267671406, "sfb": 0.02572316242449972, "roll-out": 0.1682329557515293, "oneh-out": 0.006020725188630092, "sfR": 0.10567144593890508, "oneh-in": 0.020204164334922135, "unknown": 0.0, "sft": 0.0, "bad-redirect": 0.0036664672623067866, "alternate": 0.25979815132861195, "dsfb-alt": 0.03761023523282067, "redirect": 0.041083730533953415}, "reddit": {"roll-in": 0.28837020360164267, "dsfb": 0.0, "sfT": 0.00016260263097125013, "dsfb-red": 0.03672549540706563, "sfb": 0.028148983864657376, "roll-out": 0.17278969891169357, "oneh-out": 0.008533210772677139, "sfR": 0.10397777127267367, "oneh-in": 0.009500848129479789, "unknown": 0.041217688064775854, "sft": 0.0, "bad-redirect": 0.0015026415904267842, "alternate": 0.23172687852205034, "dsfb-alt": 0.036506669198787804, "redirect": 0.04083730803309812}, "akl": {"roll-in": 0.24136510688150453, "dsfb": 0.0, "sfT": 0.00022414736720855957, "dsfb-red": 0.03354785873665632, "sfb": 0.026833444299292773, "roll-out": 0.15824900484572907, "oneh-out": 0.006715971016302496, "sfR": 0.13064861186637447, "oneh-in": 0.0077853901625644095, "unknown": 0.13295000147380848, "sft": 0.0, "bad-redirect": 0.0015706869798076874, "alternate": 0.19592668987583517, "dsfb-alt": 0.030039922790719716, "redirect": 0.03414316370419634}, "french": {"roll-in": 0.24069667166325956, "dsfb": 0.0, "sfT": 5.862393342981937e-05, "dsfb-red": 0.02814483656260117, "sfb": 0.02902605331200279, "roll-out": 0.1527103276688351, "oneh-out": 0.008753004214406107, "sfR": 0.10898279115633469, "oneh-in": 0.0233228719650747, "unknown": 0.15822382396052298, "sft": 0.0, "bad-redirect": 0.0035478641194605044, "alternate": 0.17704863867301182, "dsfb-alt": 0.02781217982406917, "redirect": 0.04167231294699157}, "keymash": {"roll-in": 0.30157668104739893, "dsfb": 0.0, "sfT": 3.694384125641899e-05, "dsfb-red": 0.04494423532405906, "sfb": 0.02763809813105212, "roll-out": 0.18484235241961636, "oneh-out": 0.00972443999293962, "sfR": 0.099723742164827, "oneh-in": 0.010093878405503812, "unknown": 0.013394194891077241, "sft": 0.0, "bad-redirect": 0.002372615582912242, "alternate": 0.2282636805096608, "dsfb-alt": 0.038089100335367984, "redirect": 0.03930003735432838}, "movie": {"roll-in": 0.26300670267271264, "dsfb": 0.0, "sfT": 3.171507909885485e-05, "dsfb-red": 0.04460798254065156, "sfb": 0.024712494912098565, "roll-out": 0.19302507767891416, "oneh-out": 0.013448904309816054, "sfR": 0.11567713207251198, "oneh-in": 0.007059960844379108, "unknown": 0.030451476652766863, "sft": 0.0, "bad-redirect": 0.0013234794626439136, "alternate": 0.22359565037559997, "dsfb-alt": 0.038655154312283516, "redirect": 0.04440426908652281}, "dutch": {"roll-in": 0.26712884842809154, "dsfb": 0.0, "sfT": 0.00017801692516357097, "dsfb-red": 0.04424294375730254, "sfb": 0.05519345910446657, "roll-out": 0.12490038995532686, "oneh-out": 0.004222845488660584, "sfR": 0.18880787437283908,