{"english-450k": {"sfb": 0.03666839930515155, "oneh-in": 0.021548546133107565, "dsfb-alt": 0.025856559751762993, "sfT": 2.9234620104882124e-05, "oneh-out": 0.011868086377777946, "alternate": 0.2730446278169749, "unknown": 0.00015377410175167997, "sft": 0.0, "redirect": 0.04931471127012146, "roll-in": 0.266661833209476, "bad-redirect": 0.0041706109041624835, "roll-out": 0.16831189363743576, "sfR": 0.11369548401129392, "dsfb-red": 0.028676238860878875, "dsfb": 0.0}, "shai": {"sfb": 0.02256223462542029, "oneh-in": 0.021516972671507876, "dsfb-alt": 0.028174904083528997, "sfT": 3.3726742326450094e-05, "oneh-out": 0.00936190737461501, "alternate": 0.2602840013091271, "unknown": 0.023260762136131256, "sft": 0.0, "redirect": 0.03965817865373558, "roll-in": 0.29908844518866384, "bad-redirect": 0.009482830556908479, "roll-out": 0.1654830130853877, "sfR": 0.09823378925716947, "dsfb-red": 0.022859234315477952, "dsfb": 0.0}, "tr-quotes": {"sfb": 0.02148702064214882, "oneh-in": 0.02370495365340607, "dsfb-alt": 0.028010217054621946, "sfT": 1.271352950694621e-05, "oneh-out": 0.009129469961397102, "alternate": 0.24697995885439541, "unknown": 0.013835787429786644, "sft": 0.0, "redirect": 0.04035736575668616, "roll-in": 0.30746515337139685, "bad-redirect": 0.017048843068814868, "roll-out": 0.17056471186519034, "sfR": 0.09677191928064538, "dsfb-red": 0.02463188553200342, "dsfb": 0.0}, "gutenberg": {"sfb": 0.021236999427522055, "oneh-in": 0.02100834923655084, "dsfb-alt": 0.029847658731917786, "sfT": 3.978172336698867e-05, "oneh-out": 0.009615621411357038, "alternate": 0.23251697448248715, "unknown": 0.032975828246008664, "sft": 0.0, "redirect": 0.03471997266048421, "roll-in": 0.32554217753029757, "bad-redirect": 0.00821492587528316, "roll-out": 0.1638806199735319, "sfR": 0.09863878308844841, "dsfb-red": 0.021762307612744246, "dsfb": 0.0}, "english-200": {"sfb": 0.015590200445434299, "oneh-in": 0.0334075723830735, "dsfb-alt": 0.011135857461024499, "sfT": 0.0, "oneh-out": 0.0066815144766146995, "alternate": 0.267260579064588, "unknown": 0.0, "sft": 0.0, "redirect": 0.026726057906458798, "roll-in": 0.32962138084632514, "bad-redirect": 0.004454342984409799, "roll-out": 0.1759465478841871, "sfR": 0.10690423162583519, "dsfb-red": 0.022271714922048998, "dsfb": 0.0}, "monkeyracer": {"sfb": 0.021469376104602967, "oneh-in": 0.023761671645526065, "dsfb-alt": 0.027955252827001578, "sfT": 1.4662871263900401e-05, "oneh-out": 0.009103688005380296, "alternate": 0.2467663481239345, "unknown": 0.013436077701487402, "sft": 0.0, "redirect": 0.04032485102522796, "roll-in": 0.30758305050283874, "bad-redirect": 0.01749573799208596, "roll-out": 0.1707579335908785, "sfR": 0.09690789370786869, "dsfb-red": 0.024423455901903438, "dsfb": 0.0}, "chained-bigrams": {"sfb": 0.022613983815431244, "oneh-in": 0.02841227471562078, "dsfb-alt": 0.0339664270515918, "sfT": 4.804854721321673e-05, "oneh-out": 0.013299708007679975, "alternate": 0.26043481338009195, "unknown": 0.022916559801936097, "sft": 0.0, "redirect": 0.04488383614406513, "roll-in": 0.28063078652225265, "bad-redirect": 0.004825632471467929, "roll-out": 0.14562021259534227, "sfR": 0.11914286586209158, "dsfb-red": 0.023204851085215396, "dsfb": 0.0}, "english-5k": {"sfb": 0.02356162110590285, "oneh-in": 0.01953789355788775, "dsfb-alt": 0.027626830381217073, "sfT": 0.0, "oneh-out": 0.011531920189156676, "alternate": 0.28721947981913964, "unknown": 0.002157049819554486, "sft": 0.0, "redirect": 0.04699879702990833, "roll-in": 0.2571867092545734, "bad-redirect": 0.004977807275894968, "roll-out": 0.18641888248226657, "sfR": 0.10644211224955408, "dsfb-red": 0.026340896834944207, "dsfb": 0.0}, "mt-quotes": {"sfb": 0.02112095241510381, "oneh-in": 0.024445380762840512, "dsfb-alt": 0.02776532673527689, "sfT": 1.1953000800851053e-05, "oneh-out": 0.009063362857245311, "alternate": 0.24582093209500244, "unknown": 0.007977133909467972, "sft": 0.0, "redirect": 0.03943145551690752, "roll-in": 0.3127442894538674, "bad-redirect": 0.018703458003131685, "roll-out": 0.17207390540395165, "sfR": 0.0964592223377679, "dsfb-red": 0.024382627508636043, "dsfb": 0.0}, "wordle": {"sfb": 0.034960170537417255, "oneh-in": 0.024189386289689217, "dsfb-alt": 0.03354650510490295, "sfT": 0.0, "oneh-out": 0.010344440704588802, "alternate": 0.25598563895433635, "unknown": 0.0, "sft": 0.0, "redirect": 0.04249971951082688, "roll-in": 0.24759340289464826, "bad-redirect": 0.004083922360596881, "roll-out": 0.18774823291820936, "sfR": 0.13138112868843263, "dsfb-red": 0.027667452036351396, "dsfb": 0.0}, "english-1k": {"sfb": 0.016584333098094567, "oneh-in": 0.025052928722653495, "dsfb-alt": 0.025052928722653495, "sfT": 0.0, "oneh-out": 0.008115737473535639, "alternate": 0.25970359915314045, "unknown": 0.0, "sft": 0.0, "redirect": 0.03987297106563162, "roll-in": 0.29322512350035285, "bad-redirect": 0.00529287226534933, "roll-out": 0.19089625970359916, "sfR": 0.10832745236414962, "dsfb-red": 0.027875793930839804, "dsfb": 0.0}, "english-10k": {"sfb": 0.025375812894386444, "oneh-in": 0.01966384284363482, "dsfb-alt": 0.027228343721657243, "sfT": 1.929719611740414e-05, "oneh-out": 0.010748538237394106, "alternate": 0.27809189324791106, "unknown": 0.0, "sft": 0.0, "redirect": 0.045329113679782325, "roll-in": 0.2775708689527412, "bad-redirect": 0.004573435479824781, "roll-out": 0.17909727716562784, "sfR": 0.10567144593890508, "dsfb-red": 0.026630130642017715, "dsfb": 0.0}, "reddit": {"sfb": 0.025698969378002798, "oneh-in": 0.023906931812712185, "dsfb-alt": 0.02887086313304667, "sfT": 7.431550791222305e-05, "oneh-out": 0.009578759549065185, "alternate": 0.2434149773841503, "unknown": 0.039285409944231534, "sft": 0.0, "redirect": 0.037694556145572246, "roll-in": 0.29158101560906596, "bad-redirect": 0.012662141436570459, "roll-out": 0.16200016593634076, "sfR": 0.10397777127267367, "dsfb-red": 0.021254122890656004, "dsfb": 0.0}, "akl": {"sfb": 0.02584911091310532, "oneh-in": 0.022092762615713506, "dsfb-alt": 0.024171389749123688, "sfT": 0.00015847897848836828, "oneh-out": 0.014711285128216185, "alternate": 0.2304711212022198, "unknown": 0.06665478384099267, "sft": 0.0, "redirect": 0.03287936974186513, "roll-in": 0.27585998388445976, "bad-redirect": 0.014461423626948166, "roll-out": 0.15329712478986665, "sfR": 0.11790358951788564, "dsfb-red": 0.021489576011115088, "dsfb": 0.0}, "french": {"sfb": 0.022186050071730794, "oneh-in": 0.020324122184502448, "dsfb-alt": 0.01534312537298223, "sfT": 7.609275693586828e-05, "oneh-out": 0.01377431715290298, "alternate": 0.18321514835248545, "unknown": 0.15807953387545715, "sft": 0.0, "redirect": 0.06202403167771885, "roll-in": 0.22302623755865073, "bad-redirect": 0.006067180091270258, "roll-out": 0.16317993593855817, "sfR": 0.10898279115633469, "dsfb-red": 0.023721433810470427, "dsfb": 0.0}, "keymash": {"sfb": 0.022075997586335706, "oneh-in": 0.02316789333902542, "dsfb-alt": 0.0283154018874198, "sfT": 1.2314613752139664e-05, "oneh-out": 0.009281113897862594, "alternate": 0.24595157072898408, "unknown": 0.01232282349464109, "sft": 0.0, "redirect": 0.03976799267690969, "roll-in": 0.3105581393439595, "bad-redirect": 0.016382541161596466, "roll-out": 0.1666331435514525, "sfR": 0.099723742164827, "dsfb-red": 0.025807325553234024, "dsfb": 0.0}, "movie": {"sfb": 0.020444119017611607, "oneh-in": 0.02232083579366459, "dsfb-alt": 0.03043515852078239, "sfT": 6.448294090638538e-06, "oneh-out": 0.00828013600373422, "alternate": 0.23057941607143867, "unknown": 0.030236445784519856, "sft": 0.0, "redirect": 0.04305210129506749, "roll-in": 0.2818766483451769, "bad-redirect": 0.02791795506433884, "roll-out": 0.16308301625930774, "sfR": 0.11567713207251198, "dsfb-red": 0.026090587477755032, "dsfb": 0.0}, "dutch": {"sfb": 0.03199965400739444, "oneh-in": 0.010200775047822325, "dsfb-alt": 0.0165066409027452, "sfT": 0.00014064914997814775, "oneh-out": 0.017756793807593037, "alternate": 0.1859629745595381, "unknown": 0.07290361491625476, "sft": 0.0, "redirect": 0.0347431193177089,