{"english-450k": {"sfb": 0.03666839930515155, "dsfb-red": 0.028676238860878875, "sfR": 0.11369548401129392, "sft": 0.0, "sfT": 2.9234620104882124e-05, "oneh-out": 0.011868086377777946, "bad-redirect": 0.0041706109041624835, "dsfb-alt": 0.025856559751762993, "roll-out": 0.16831189363743576, "roll-in": 0.266661833209476, "dsfb": 0.0, "unknown": 0.00015377410175167997, "redirect": 0.04931471127012146, "alternate": 0.2730446278169749, "oneh-in": 0.021548546133107565}, "shai": {"sfb": 0.02256223462542029, "dsfb-red": 0.022859234315477952, "sfR": 0.09823378925716947, "sft": 0.0, "sfT": 3.3726742326450094e-05, "oneh-out": 0.00936190737461501, "bad-redirect": 0.009482830556908479, "dsfb-alt": 0.028174904083528997, "roll-out": 0.1654830130853877, "roll-in": 0.29908844518866384, "dsfb": 0.0, "unknown": 0.023260762136131256, "redirect": 0.03965817865373558, "alternate": 0.2602840013091271, "oneh-in": 0.021516972671507876}, "tr-quotes": {"sfb": 0.02148702064214882, "dsfb-red": 0.02463188553200342, "sfR": 0.09677191928064538, "sft": 0.0, "sfT": 1.271352950694621e-05, "oneh-out": 0.009129469961397102, "bad-redirect": 0.017048843068814868, "dsfb-alt": 0.028010217054621946, "roll-out": 0.17056471186519034, "roll-in": 0.30746515337139685, "dsfb": 0.0, "unknown": 0.013835787429786644, "redirect": 0.04035736575668616, "alternate": 0.24697995885439541, "oneh-in": 0.02370495365340607}, "gutenberg": {"sfb": 0.021236999427522055, "dsfb-red": 0.021762307612744246, "sfR": 0.09863878308844841, "sft": 0.0, "sfT": 3.978172336698867e-05, "oneh-out": 0.009615621411357038, "bad-redirect": 0.00821492587528316, "dsfb-alt": 0.029847658731917786, "roll-out": 0.1638806199735319, "roll-in": 0.32554217753029757, "dsfb": 0.0, "unknown": 0.032975828246008664, "redirect": 0.03471997266048421, "alternate": 0.23251697448248715, "oneh-in": 0.02100834923655084}, "english-200": {"sfb": 0.015590200445434299, "dsfb-red": 0.022271714922048998, "sfR": 0.10690423162583519, "sft": 0.0, "sfT": 0.0, "oneh-out": 0.0066815144766146995, "bad-redirect": 0.004454342984409799, "dsfb-alt": 0.011135857461024499, "roll-out": 0.1759465478841871, "roll-in": 0.32962138084632514, "dsfb": 0.0, "unknown": 0.0, "redirect": 0.026726057906458798, "alternate": 0.267260579064588, "oneh-in": 0.0334075723830735}, "monkeyracer": {"sfb": 0.021469376104602967, "dsfb-red": 0.024423455901903438, "sfR": 0.09690789370786869, "sft": 0.0, "sfT": 1.4662871263900401e-05, "oneh-out": 0.009103688005380296, "bad-redirect": 0.01749573799208596, "dsfb-alt": 0.027955252827001578, "roll-out": 0.1707579335908785, "roll-in": 0.30758305050283874, "dsfb": 0.0, "unknown": 0.013436077701487402, "redirect": 0.04032485102522796, "alternate": 0.2467663481239345, "oneh-in": 0.023761671645526065}, "chained-bigrams": {"sfb": 0.022613983815431244, "dsfb-red": 0.023204851085215396, "sfR": 0.11914286586209158, "sft": 0.0, "sfT": 4.804854721321673e-05, "oneh-out": 0.013299708007679975, "bad-redirect": 0.004825632471467929, "dsfb-alt": 0.0339664270515918, "roll-out": 0.14562021259534227, "roll-in": 0.28063078652225265, "dsfb": 0.0, "unknown": 0.022916559801936097, "redirect": 0.04488383614406513, "alternate": 0.26043481338009195, "oneh-in": 0.02841227471562078}, "english-5k": {"sfb": 0.02356162110590285, "dsfb-red": 0.026340896834944207, "sfR": 0.10644211224955408, "sft": 0.0, "sfT": 0.0, "oneh-out": 0.011531920189156676, "bad-redirect": 0.004977807275894968, "dsfb-alt": 0.027626830381217073, "roll-out": 0.18641888248226657, "roll-in": 0.2571867092545734, "dsfb": 0.0, "unknown": 0.002157049819554486, "redirect": 0.04699879702990833, "alternate": 0.28721947981913964, "oneh-in": 0.01953789355788775}, "mt-quotes": {"sfb": 0.02112095241510381, "dsfb-red": 0.024382627508636043, "sfR": 0.0964592223377679, "sft": 0.0, "sfT": 1.1953000800851053e-05, "oneh-out": 0.009063362857245311, "bad-redirect": 0.018703458003131685, "dsfb-alt": 0.02776532673527689, "roll-out": 0.17207390540395165, "roll-in": 0.3127442894538674, "dsfb": 0.0, "unknown": 0.007977133909467972, "redirect": 0.03943145551690752, "alternate": 0.24582093209500244, "oneh-in": 0.024445380762840512}, "wordle": {"sfb": 0.034960170537417255, "dsfb-red": 0.027667452036351396, "sfR": 0.13138112868843263, "sft": 0.0, "sfT": 0.0, "oneh-out": 0.010344440704588802, "bad-redirect": 0.004083922360596881, "dsfb-alt": 0.03354650510490295, "roll-out": 0.18774823291820936, "roll-in": 0.24759340289464826, "dsfb": 0.0, "unknown": 0.0, "redirect": 0.04249971951082688, "alternate": 0.25598563895433635, "oneh-in": 0.024189386289689217}, "english-1k": {"sfb": 0.016584333098094567, "dsfb-red": 0.027875793930839804, "sfR": 0.10832745236414962, "sft": 0.0, "sfT": 0.0, "oneh-out": 0.008115737473535639, "bad-redirect": 0.00529287226534933, "dsfb-alt": 0.025052928722653495, "roll-out": 0.19089625970359916, "roll-in": 0.29322512350035285, "dsfb": 0.0, "unknown": 0.0, "redirect": 0.03987297106563162, "alternate": 0.25970359915314045, "oneh-in": 0.025052928722653495}, "english-10k": {"sfb": 0.025375812894386444, "dsfb-red": 0.026630130642017715, "sfR": 0.10567144593890508, "sft": 0.0, "sfT": 1.929719611740414e-05, "oneh-out": 0.010748538237394106, "bad-redirect": 0.004573435479824781, "dsfb-alt": 0.027228343721657243, "roll-out": 0.17909727716562784, "roll-in": 0.2775708689527412, "dsfb": 0.0, "unknown": 0.0, "redirect": 0.045329113679782325, "alternate": 0.27809189324791106, "oneh-in": 0.01966384284363482}, "reddit": {"sfb": 0.025698969378002798, "dsfb-red": 0.021254122890656004, "sfR": 0.10397777127267367, "sft": 0.0, "sfT": 7.431550791222305e-05, "oneh-out": 0.009578759549065185, "bad-redirect": 0.012662141436570459, "dsfb-alt": 0.02887086313304667, "roll-out": 0.16200016593634076, "roll-in": 0.29158101560906596, "dsfb": 0.0, "unknown": 0.039285409944231534, "redirect": 0.037694556145572246, "alternate": 0.2434149773841503, "oneh-in": 0.023906931812712185}, "akl": {"sfb": 0.023710156304491845, "dsfb-red": 0.021024019915513344, "sfR": 0.13064861186637447, "sft": 0.0, "sfT": 0.00012684882972318614, "oneh-out": 0.012196092477886633, "bad-redirect": 0.012732642767381903, "dsfb-alt": 0.021905290670980154, "roll-out": 0.1392023343347242, "roll-in": 0.24868409163723518, "dsfb": 0.0, "unknown": 0.13277008071454782, "redirect": 0.029657103202147247, "alternate": 0.20778344814503105, "oneh-in": 0.019559279133962965}, "french": {"sfb": 0.022186050071730794, "dsfb-red": 0.023721433810470427, "sfR": 0.10898279115633469, "sft": 0.0, "sfT": 7.609275693586828e-05, "oneh-out": 0.01377431715290298, "bad-redirect": 0.006067180091270258, "dsfb-alt": 0.01534312537298223, "roll-out": 0.16317993593855817, "roll-in": 0.22302623755865073, "dsfb": 0.0, "unknown": 0.15807953387545715, "redirect": 0.06202403167771885, "alternate": 0.18321514835248545, "oneh-in": 0.020324122184502448}, "keymash": {"sfb": 0.022075997586335706, "dsfb-red": 0.025807325553234024, "sfR": 0.099723742164827, "sft": 0.0, "sfT": 1.2314613752139664e-05, "oneh-out": 0.009281113897862594, "bad-redirect": 0.016382541161596466, "dsfb-alt": 0.0283154018874198, "roll-out": 0.1666331435514525, "roll-in": 0.3105581393439595, "dsfb": 0.0, "unknown": 0.01232282349464109, "redirect": 0.03976799267690969, "alternate": 0.24595157072898408, "oneh-in": 0.02316789333902542}, "movie": {"sfb": 0.020444119017611607, "dsfb-red": 0.026090587477755032, "sfR": 0.11567713207251198, "sft": 0.0, "sfT": 6.448294090638538e-06, "oneh-out": 0.00828013600373422, "bad-redirect": 0.02791795506433884, "dsfb-alt": 0.03043515852078239, "roll-out": 0.16308301625930774, "roll-in": 0.2818766483451769, "dsfb": 0.0, "unknown": 0.030236445784519856, "redirect": 0.04305210129506749, "alternate": 0.23057941607143867, "oneh-in": 0.02232083579366459}, "dutch": {"sfb": 0.03199965400739444, "dsfb-red": 0.030769727038443516, "sfR": 0.18880787437283908, "sft": 0.0, "sfT": 0.00014064914997814775, "oneh-out": 0.017756793807593037, "bad-redirect": 0.0032911434894236464, "dsfb-alt": 0.0165066409027452, "roll-out": 0.16313137150600993,