{"english-450k": {"oneh-in": 0.018633854508650818, "unknown": 0.00015377410175167997, "oneh-out": 0.00585803317661628, "sfb": 0.03732880937332084, "dsfb-red": 0.031133116334493168, "dsfb": 0.0, "roll-out": 0.18012794239142702, "alternate": 0.2062096087179976, "sfT": 2.835758150173566e-05, "sft": 0.0, "redirect": 0.06997247852863327, "sfR": 0.11369548401129392, "dsfb-alt": 0.026866031183984573, "bad-redirect": 0.032349861223258364, "roll-in": 0.27764264886707074}, "shai": {"oneh-in": 0.04494172015829662, "unknown": 0.023260762136131256, "oneh-out": 0.0055204608387392625, "sfb": 0.023529314321472438, "dsfb-red": 0.028640657467891864, "dsfb": 0.0, "roll-out": 0.14704370434659295, "alternate": 0.1904216322721498, "sfT": 3.548003751509846e-05, "sft": 0.0, "redirect": 0.060068078942715784, "sfR": 0.09823378925716947, "dsfb-alt": 0.024601065353246018, "bad-redirect": 0.038881627571925356, "roll-in": 0.3148217072961541}, "tr-quotes": {"oneh-in": 0.048368045121472, "unknown": 0.013835787429786644, "oneh-out": 0.004724809874945101, "sfb": 0.02198747139455861, "dsfb-red": 0.03182543168211553, "dsfb": 0.0, "roll-out": 0.1452902152053813, "alternate": 0.18271075564596287, "sfT": 1.271352950694621e-05, "sft": 0.0, "redirect": 0.056488523150181456, "sfR": 0.09677191928064538, "dsfb-alt": 0.02393726451076027, "bad-redirect": 0.04004646217147084, "roll-in": 0.33400060100321305}, "gutenberg": {"oneh-in": 0.058237601457602345, "unknown": 0.032975828246008664, "oneh-out": 0.004921188617274436, "sfb": 0.022180394581653502, "dsfb-red": 0.027197627645342528, "dsfb": 0.0, "roll-out": 0.13825740138963244, "alternate": 0.17279380981229467, "sfT": 4.186552792430713e-05, "sft": 0.0, "redirect": 0.057135268846780884, "sfR": 0.09863878308844841, "dsfb-alt": 0.02597462380697453, "bad-redirect": 0.03257175959866682, "roll-in": 0.3290738473813965}, "english-200": {"oneh-in": 0.044543429844097995, "unknown": 0.0, "oneh-out": 0.0066815144766146995, "sfb": 0.015590200445434299, "dsfb-red": 0.0334075723830735, "dsfb": 0.0, "roll-out": 0.12472160356347439, "alternate": 0.16926503340757237, "sfT": 0.0, "sft": 0.0, "redirect": 0.0556792873051225, "sfR": 0.10690423162583519, "dsfb-alt": 0.0066815144766146995, "bad-redirect": 0.028953229398663696, "roll-in": 0.40757238307349664}, "monkeyracer": {"oneh-in": 0.0481851275474295, "unknown": 0.013436077701487402, "oneh-out": 0.0046833210816897885, "sfb": 0.021985509173092263, "dsfb-red": 0.03173240846458232, "dsfb": 0.0, "roll-out": 0.14512918967108246, "alternate": 0.1823846129784006, "sfT": 1.4662871263900401e-05, "sft": 0.0, "redirect": 0.05632497614839608, "sfR": 0.09690789370786869, "dsfb-alt": 0.023869199368128, "bad-redirect": 0.04044508656959194, "roll-in": 0.33490193471698704}, "chained-bigrams": {"oneh-in": 0.047907648095037426, "unknown": 0.022916559801936097, "oneh-out": 0.006657321007798799, "sfb": 0.023477559055885007, "dsfb-red": 0.02833630606664853, "dsfb": 0.0, "roll-out": 0.13654682882834918, "alternate": 0.18166701188032794, "sfT": 4.5451328444934745e-05, "sft": 0.0, "redirect": 0.06907238383776733, "sfR": 0.11914286586209158, "dsfb-alt": 0.027789591515925173, "bad-redirect": 0.027613629944374066, "roll-in": 0.30882684277541395}, "english-5k": {"oneh-in": 0.020160119467374622, "unknown": 0.002157049819554486, "oneh-out": 0.004645953457501971, "sfb": 0.02513792674326959, "dsfb-red": 0.02866387356369519, "dsfb": 0.0, "roll-out": 0.16269133446716721, "alternate": 0.2143360849545775, "sfT": 0.0, "sft": 0.0, "redirect": 0.06761521549757332, "sfR": 0.10644211224955408, "dsfb-alt": 0.03111129547434355, "bad-redirect": 0.03895134193387813, "roll-in": 0.29808769237151034}, "mt-quotes": {"oneh-in": 0.04987090759135081, "unknown": 0.007977133909467972, "oneh-out": 0.004585469932226485, "sfb": 0.021682743452743812, "dsfb-red": 0.03223276078459497, "dsfb": 0.0, "roll-out": 0.14438328492368008, "alternate": 0.18101475000298825, "sfT": 1.1953000800851053e-05, "sft": 0.0, "redirect": 0.055348370208340804, "sfR": 0.0964592223377679, "dsfb-alt": 0.02309170342214413, "bad-redirect": 0.041272217640238584, "roll-in": 0.34206948279365534}, "wordle": {"oneh-in": 0.015572758891506788, "unknown": 0.0, "oneh-out": 0.007517109839560193, "sfb": 0.036889936048468526, "dsfb-red": 0.03332211376640862, "dsfb": 0.0, "roll-out": 0.18519017165937396, "alternate": 0.19526534275776955, "sfT": 0.0, "sft": 0.0, "redirect": 0.057511500056097835, "sfR": 0.13138112868843263, "dsfb-alt": 0.029619656681252104, "bad-redirect": 0.023246942668013016, "roll-in": 0.2844833389431168}, "english-1k": {"oneh-in": 0.027170077628793227, "unknown": 0.0, "oneh-out": 0.00529287226534933, "sfb": 0.01799576570218772, "dsfb-red": 0.03175723359209598, "dsfb": 0.0, "roll-out": 0.1400846859562456, "alternate": 0.1993648553281581, "sfT": 0.0, "sft": 0.0, "redirect": 0.05822159491884263, "sfR": 0.10832745236414962, "dsfb-alt": 0.025758645024700072, "bad-redirect": 0.03916725476358504, "roll-in": 0.3468595624558927}, "english-10k": {"oneh-in": 0.020242758727156945, "unknown": 0.0, "oneh-out": 0.0063680747187433665, "sfb": 0.026398564288608865, "dsfb-red": 0.031029891356785858, "dsfb": 0.0, "roll-out": 0.16906273518457768, "alternate": 0.20373979660755293, "sfT": 1.929719611740414e-05, "sft": 0.0, "redirect": 0.07082070975087319, "sfR": 0.10567144593890508, "dsfb-alt": 0.027498504467300903, "bad-redirect": 0.043515177244746336, "roll-in": 0.2956330445186314}, "reddit": {"oneh-in": 0.04200912574959307, "unknown": 0.039285409944231534, "oneh-out": 0.005370793743188603, "sfb": 0.0260367603308014, "dsfb-red": 0.027882474369296757, "dsfb": 0.0, "roll-out": 0.14182271893249368, "alternate": 0.18141269510396024, "sfT": 7.304195586130793e-05, "sft": 0.0, "redirect": 0.05298718188589461, "sfR": 0.10397777127267367, "dsfb-alt": 0.023779763894686983, "bad-redirect": 0.034546298018296825, "roll-in": 0.3208159647990213}, "akl": {"oneh-in": 0.029958066504612798, "unknown": 0.13277008071454782, "oneh-out": 0.008741401414702945, "sfb": 0.023627632913125377, "dsfb-red": 0.025782555854685005, "dsfb": 0.0, "roll-out": 0.12466386233734461, "alternate": 0.1556076633395492, "sfT": 0.00011017119823445404, "sft": 0.0, "redirect": 0.04343937432642444, "sfR": 0.13064861186637447, "dsfb-alt": 0.018537446829548897, "bad-redirect": 0.032001805236247544, "roll-in": 0.2741113274646025}, "french": {"oneh-in": 0.015583913478804886, "unknown": 0.15807953387545715, "oneh-out": 0.006621208473134485, "sfb": 0.024169750340997876, "dsfb-red": 0.018682322448023994, "dsfb": 0.0, "roll-out": 0.1424661960661498, "alternate": 0.1734491021931119, "sfT": 7.535864685714067e-05, "sft": 0.0, "redirect": 0.05348114774605059, "sfR": 0.10898279115633469, "dsfb-alt": 0.022277649031349992, "bad-redirect": 0.035063898963800626, "roll-in": 0.24106712757992688}, "keymash": {"oneh-in": 0.04957863496611429, "unknown": 0.01232282349464109, "oneh-out": 0.0050777257371322545, "sfb": 0.02265478443268627, "dsfb-red": 0.03320430354701925, "dsfb": 0.0, "roll-out": 0.14323948229363787, "alternate": 0.1790421693423586, "sfT": 1.2314613752139664e-05, "sft": 0.0, "redirect": 0.05771448978502789, "sfR": 0.099723742164827, "dsfb-alt": 0.024317257289225125, "bad-redirect": 0.04065874973831446, "roll-in": 0.3324535225952638}, "movie": {"oneh-in": 0.040240645071549085, "unknown": 0.030236445784519856, "oneh-out": 0.0038437096693749065, "sfb": 0.02092958344414968, "dsfb-red": 0.03308896053367661, "dsfb": 0.0, "roll-out": 0.1394051435541602, "alternate": 0.17953458845210543, "sfT": 6.579891929222998e-06, "sft": 0.0, "redirect": 0.053993935182010996, "sfR": 0.11567713207251198, "dsfb-alt": 0.024559051832309085, "bad-redirect": 0.04314698333668689, "roll-in": 0.31533724117501605}, "dutch": {"oneh-in": 0.019654893892911345, "unknown": 0.07290361491625476, "oneh-out": 0.006804216419092007, "sfb": 0.034872167243817094, "dsfb-red": 0.033458485495547446, "dsfb": 0.0, "roll-out": 0.1415332098571027, "alternate": 0.12630044429997803, "sfT": 9.372426146555052e-05, "sft": 0.0,