{"english-450k": {"sfb": 0.03573055269218693, "roll-in": 0.2765837709268719, "dsfb": 0.0, "redirect": 0.04065395506405013, "sfT": 0.00017716179783558566, "oneh-in": 0.014422607482542546, "alternate": 0.31228596603755715, "sfR": 0.11369548401129392, "unknown": 0.00015377410175167997, "dsfb-alt": 0.04279656037153694, "dsfb-red": 0.01682540090896281, "roll-out": 0.1379070116897552, "bad-redirect": 0.004524057461230508, "oneh-out": 0.004243697454424689, "sft": 0.0}, "shai": {"sfb": 0.02233379922734255, "roll-in": 0.31249691915459127, "dsfb": 0.0, "redirect": 0.03211138463720181, "sfT": 6.402430245170272e-05, "oneh-in": 0.02152854519383472, "alternate": 0.2809515547122537, "sfR": 0.09823378925716947, "unknown": 0.023621906111313578, "dsfb-alt": 0.04600127553192576, "dsfb-red": 0.012972840102884756, "roll-out": 0.139941887359957, "bad-redirect": 0.004426501401242804, "oneh-out": 0.0053155730078309205, "sft": 0.0}, "tr-quotes": {"sfb": 0.023754651996024133, "roll-in": 0.32644067404821897, "dsfb": 0.0, "redirect": 0.03746908300778993, "sfT": 2.8894385243059568e-05, "oneh-in": 0.02642102586625367, "alternate": 0.26438362497399504, "sfR": 0.09677191928064538, "unknown": 0.01476965396084233, "dsfb-alt": 0.04333926631376991, "dsfb-red": 0.011899863618501653, "roll-out": 0.1450162964332771, "bad-redirect": 0.0035609440373546614, "oneh-out": 0.006144102078084187, "sft": 0.0}, "gutenberg": {"sfb": 0.021922002816546014, "roll-in": 0.33540899210920044, "dsfb": 0.0, "redirect": 0.031887324519976674, "sfT": 3.694017169791805e-05, "oneh-in": 0.017768222586698582, "alternate": 0.2507504537958016, "sfR": 0.09863878308844841, "unknown": 0.03802431837805746, "dsfb-alt": 0.0453865893158415, "dsfb-red": 0.010980892269956502, "roll-out": 0.13968329201717206, "bad-redirect": 0.003449643726251732, "oneh-out": 0.006062545204351136, "sft": 0.0}, "english-200": {"sfb": 0.004454342984409799, "roll-in": 0.32962138084632514, "dsfb": 0.0, "redirect": 0.0378619153674833, "sfT": 0.0, "oneh-in": 0.011135857461024499, "alternate": 0.289532293986637, "sfR": 0.10690423162583519, "unknown": 0.0, "dsfb-alt": 0.042316258351893093, "dsfb-red": 0.013363028953229399, "roll-out": 0.15812917594654788, "bad-redirect": 0.0022271714922048997, "oneh-out": 0.004454342984409799, "sft": 0.0}, "monkeyracer": {"sfb": 0.023681514615950076, "roll-in": 0.3267122323537232, "dsfb": 0.0, "redirect": 0.03743626538623958, "sfT": 3.616841578428766e-05, "oneh-in": 0.026779290551636768, "alternate": 0.2637224924535089, "sfR": 0.09690789370786869, "unknown": 0.014352018393105714, "dsfb-alt": 0.04334344745608959, "dsfb-red": 0.011895498694026932, "roll-out": 0.14537063828456137, "bad-redirect": 0.003574808014138918, "oneh-out": 0.00618773167336597, "sft": 0.0}, "chained-bigrams": {"sfb": 0.022885393176716715, "roll-in": 0.31025920892612147, "dsfb": 0.0, "redirect": 0.04096723024149589, "sfT": 0.00016752061055418804, "oneh-in": 0.018692183475325447, "alternate": 0.272593043739112, "sfR": 0.11914286586209158, "unknown": 0.02365222201805197, "dsfb-alt": 0.04745767994343258, "dsfb-red": 0.022355560547987187, "roll-out": 0.11233036103288793, "bad-redirect": 0.00426463321751902, "oneh-out": 0.005232097208704059, "sft": 0.0}, "english-5k": {"sfb": 0.02173642510474136, "roll-in": 0.2871365163645414, "dsfb": 0.0, "redirect": 0.0320238934749243, "sfT": 0.0, "oneh-in": 0.024059401833492346, "alternate": 0.3211100510225246, "sfR": 0.10644211224955408, "unknown": 0.002157049819554486, "dsfb-alt": 0.044924710664952086, "dsfb-red": 0.014643049736591031, "roll-out": 0.13622599245032563, "bad-redirect": 0.004604471730202846, "oneh-out": 0.004936325548595843, "sft": 0.0}, "mt-quotes": {"sfb": 0.022978149914536044, "roll-in": 0.3320543622476423, "dsfb": 0.0, "redirect": 0.0379059537896989, "sfT": 3.137662710223402e-05, "oneh-in": 0.027668208603769978, "alternate": 0.26237284995398097, "sfR": 0.0964592223377679, "unknown": 0.008869126594231481, "dsfb-alt": 0.04337445165608826, "dsfb-red": 0.011592916651725415, "roll-out": 0.14685157958905584, "bad-redirect": 0.003545558862552444, "oneh-out": 0.0062962431718482925, "sft": 0.0}, "wordle": {"sfb": 0.04294850218781555, "roll-in": 0.23576797935599686, "dsfb": 0.0, "redirect": 0.04101873667676428, "sfT": 0.0005609783462358353, "oneh-in": 0.008571749130483563, "alternate": 0.2773028161112981, "sfR": 0.13138112868843263, "unknown": 0.0, "dsfb-alt": 0.0492314596656569, "dsfb-red": 0.021070346684617974, "roll-out": 0.17509256142712892, "bad-redirect": 0.007180522831818692, "oneh-out": 0.009873218893750701, "sft": 0.0}, "english-1k": {"sfb": 0.01587861679604799, "roll-in": 0.2981651376146789, "dsfb": 0.0, "redirect": 0.04022582921665491, "sfT": 0.0, "oneh-in": 0.015172900494001412, "alternate": 0.28334509527170076, "sfR": 0.10832745236414962, "unknown": 0.0, "dsfb-alt": 0.046224417784050814, "dsfb-red": 0.009527170077628794, "roll-out": 0.1714890613973183, "bad-redirect": 0.0038814396612561752, "oneh-out": 0.0077628793225123505, "sft": 0.0}, "english-10k": {"sfb": 0.024391655892398834, "roll-in": 0.2969259566584975, "dsfb": 0.0, "redirect": 0.0330753941452307, "sfT": 5.789158835221242e-05, "oneh-in": 0.02134269890584898, "alternate": 0.3084270855444704, "sfR": 0.10567144593890508, "unknown": 0.0, "dsfb-alt": 0.045927326759421856, "dsfb-red": 0.013990467185118002, "roll-out": 0.1393257559676579, "bad-redirect": 0.005557592481812393, "oneh-out": 0.005306728932286139, "sft": 0.0}, "reddit": {"sfb": 0.024512243611029483, "roll-in": 0.30480764026349794, "dsfb": 0.0, "redirect": 0.035428045526489226, "sfT": 0.00014503510415127401, "oneh-in": 0.021175275035739054, "alternate": 0.26326609540365703, "sfR": 0.10397777127267367, "unknown": 0.041217688064775854, "dsfb-alt": 0.04140295243077074, "dsfb-red": 0.01360573113405877, "roll-out": 0.14038899898246937, "bad-redirect": 0.003769414411402636, "oneh-out": 0.006303108759284991, "sft": 0.0}, "akl": {"sfb": 0.0284833932669758, "roll-in": 0.25932516175511244, "dsfb": 0.0, "redirect": 0.02914392630433841, "sfT": 0.0002083592093992265, "oneh-in": 0.017009405171147955, "alternate": 0.22222795713122304, "sfR": 0.13064861186637447, "unknown": 0.13295000147380848, "dsfb-alt": 0.03286869616723074, "dsfb-red": 0.014115601385631981, "roll-out": 0.12394963968038937, "bad-redirect": 0.004852202459132823, "oneh-out": 0.004217044129235288, "sft": 0.0}, "french": {"sfb": 0.045638814575225256, "roll-in": 0.2416282124076499, "dsfb": 0.0, "redirect": 0.02619147451597538, "sfT": 0.00041092186202736666, "oneh-in": 0.01755763584373661, "alternate": 0.22512400954504908, "sfR": 0.10898279115633469, "unknown": 0.15822382396052298, "dsfb-alt": 0.031052107238260955, "dsfb-red": 0.016504112971570777, "roll-out": 0.1183552044951268, "bad-redirect": 0.00450577289933165, "oneh-out": 0.005825118529188583, "sft": 0.0}, "keymash": {"sfb": 0.024066860142931617, "roll-in": 0.3277698644982, "dsfb": 0.0, "redirect": 0.03676322692138761, "sfT": 4.104871250713222e-05, "oneh-in": 0.025712913514467618, "alternate": 0.2614474597004265, "sfR": 0.099723742164827, "unknown": 0.013394194891077241, "dsfb-alt": 0.04319966504250594, "dsfb-red": 0.012367977078398935, "roll-out": 0.14612110191163855, "bad-redirect": 0.003591762344374069, "oneh-out": 0.005800183077257782, "sft": 0.0}, "movie": {"sfb": 0.02761778039452769, "roll-in": 0.3048420503522282, "dsfb": 0.0, "redirect": 0.03963437382919048, "sfT": 5.22443419180306e-05, "oneh-in": 0.033960138225105733, "alternate": 0.24227109444263645, "sfR": 0.11567713207251198, "unknown": 0.030451476652766863, "dsfb-alt": 0.04025893717111233, "dsfb-red": 0.012931856402017711, "roll-out": 0.14441309930149182, "bad-redirect": 0.00333955834975784, "oneh-out": 0.004550258464734872, "sft": 0.0}, "dutch": {"sfb": 0.07474684677121443, "roll-in": 0.2677336720484272, "dsfb": 0.0, "redirect": 0.025740444079070644, "sfT": 0.0003952664281129894, "oneh-in": 0.00942523233557668, "alternate": 0.2049146764949414, "sfR": 0.18880787437283908, "unknown": 0.07325981014373002,