{"english-450k": {"unknown": 0.00015377410175167997, "dsfb": 0.0, "sft": 0.0, "sfT": 0.0017341976646216076, "oneh-out": 0.008708116290641239, "sfb": 0.043992548680027665, "oneh-in": 0.0013991689182196584, "bad-redirect": 0.0031462298156874143, "dsfb-red": 0.007164528349103462, "dsfb-alt": 0.05514204809562761, "roll-out": 0.23593712451784804, "roll-in": 0.1450826491944985, "sfR": 0.11369548401129392, "redirect": 0.017187910198263347, "alternate": 0.36665622016241584}, "shai": {"unknown": 0.024097749651430984, "dsfb": 0.0, "sft": 0.0, "sfT": 0.0001871149136759502, "oneh-out": 0.01655044474093496, "sfb": 0.02231955999334909, "oneh-in": 0.0014650619745339487, "bad-redirect": 0.0031838447278684607, "dsfb-red": 0.008188132366742599, "dsfb-alt": 0.058396573232933895, "roll-out": 0.29486112663575087, "roll-in": 0.13603429940801323, "sfR": 0.09823378925716947, "redirect": 0.012777550885812722, "alternate": 0.3237047522117838}, "tr-quotes": {"unknown": 0.013894731975682485, "dsfb": 0.0, "sft": 0.0, "sfT": 0.00018607984096530363, "oneh-out": 0.02473359376805899, "sfb": 0.02631007142692032, "oneh-in": 0.0013487899031460206, "bad-redirect": 0.003010794942326807, "dsfb-red": 0.010709414946487599, "dsfb-alt": 0.06304061394789764, "roll-out": 0.31538568225422436, "roll-in": 0.12341485402556575, "sfR": 0.09677191928064538, "redirect": 0.01449342363791868, "alternate": 0.30670003005016067}, "gutenberg": {"unknown": 0.03298207965968062, "dsfb": 0.0, "sft": 0.0, "sfT": 9.945430841747168e-05, "oneh-out": 0.01933808516547113, "sfb": 0.021615304673064325, "oneh-in": 0.0013116602504429978, "bad-redirect": 0.0029612757127274614, "dsfb-red": 0.01083786750261328, "dsfb-alt": 0.0532919754959739, "roll-out": 0.33797604988703883, "roll-in": 0.12126245973047693, "sfR": 0.09863878308844841, "redirect": 0.014420874720533394, "alternate": 0.28526412980511123}, "english-200": {"unknown": 0.0, "dsfb": 0.0, "sft": 0.0, "sfT": 0.0, "oneh-out": 0.017817371937639197, "sfb": 0.0200445434298441, "oneh-in": 0.0022271714922048997, "bad-redirect": 0.0, "dsfb-red": 0.0066815144766146995, "dsfb-alt": 0.07126948775055679, "roll-out": 0.32293986636971045, "roll-in": 0.12694877505567928, "sfR": 0.10690423162583519, "redirect": 0.013363028953229399, "alternate": 0.311804008908686}, "monkeyracer": {"unknown": 0.013491796612290222, "dsfb": 0.0, "sft": 0.0, "sfT": 0.00017302188091402473, "oneh-out": 0.02510772322755212, "sfb": 0.02621428124560114, "oneh-in": 0.001364624552293664, "bad-redirect": 0.0030498772228912834, "dsfb-red": 0.010747884636438994, "dsfb-alt": 0.06298582980121056, "roll-out": 0.3163123465286141, "roll-in": 0.12329030921062921, "sfR": 0.09690789370786869, "redirect": 0.014494737006741011, "alternate": 0.305859674366955}, "chained-bigrams": {"unknown": 0.023159399756770463, "dsfb": 0.0, "sft": 0.0, "sfT": 8.635752404537601e-05, "oneh-out": 0.011633592167827082, "sfb": 0.022916559801936097, "oneh-in": 0.003769213737469231, "bad-redirect": 0.0037575262530119623, "dsfb-red": 0.012927656419123582, "dsfb-alt": 0.06305203073288969, "roll-out": 0.2818839445779487, "roll-in": 0.116659924719614, "sfR": 0.11914286586209158, "redirect": 0.01927071395596026, "alternate": 0.32174021449131196}, "english-5k": {"unknown": 0.002157049819554486, "dsfb": 0.0, "sft": 0.0, "sfT": 0.0003733355456921226, "oneh-out": 0.008296345459824947, "sfb": 0.024142365288090595, "oneh-in": 0.001078524909777243, "bad-redirect": 0.003899282366117725, "dsfb-red": 0.006885966731654706, "dsfb-alt": 0.05616625876301489, "roll-out": 0.24565478906541668, "roll-in": 0.15920686937404074, "sfR": 0.10644211224955408, "redirect": 0.013025262371925167, "alternate": 0.3726718380553366}, "mt-quotes": {"unknown": 0.007995063410669249, "dsfb": 0.0, "sft": 0.0, "sfT": 0.00013148300880936158, "oneh-out": 0.02644452014678285, "sfb": 0.025673551595127957, "oneh-in": 0.001358159715996701, "bad-redirect": 0.0030853683317196784, "dsfb-red": 0.011171573373495416, "dsfb-alt": 0.06405015479136036, "roll-out": 0.32399953383296876, "roll-in": 0.12204611467708969, "sfR": 0.0964592223377679, "redirect": 0.014443707342728393, "alternate": 0.30314154743548366}, "wordle": {"unknown": 0.0, "dsfb": 0.0, "sft": 0.0, "sfT": 0.0005161000785369685, "oneh-out": 0.009559071019858633, "sfb": 0.03951531470885224, "oneh-in": 0.0023336699203410746, "bad-redirect": 0.0039044092898014135, "dsfb-red": 0.014630315269830585, "dsfb-alt": 0.05603051722203523, "roll-out": 0.23399528778189163, "roll-in": 0.14513631773813532, "sfR": 0.13138112868843263, "redirect": 0.027330865028609895, "alternate": 0.33566700325367443}, "english-1k": {"unknown": 0.0, "dsfb": 0.0, "sft": 0.0, "sfT": 0.0, "oneh-out": 0.011997177134791814, "sfb": 0.019054340155257588, "oneh-in": 0.0007057163020465773, "bad-redirect": 0.0038814396612561752, "dsfb-red": 0.008821453775582216, "dsfb-alt": 0.061397318278052226, "roll-out": 0.2889908256880734, "roll-in": 0.14467184191954835, "sfR": 0.10832745236414962, "redirect": 0.01058574453069866, "alternate": 0.3415666901905434}, "english-10k": {"unknown": 0.0, "dsfb": 0.0, "sft": 0.0, "sfT": 0.00036664672623067866, "oneh-out": 0.009995947588815345, "sfb": 0.02568456803226491, "oneh-in": 0.0008297794330483781, "bad-redirect": 0.004438355107002952, "dsfb-red": 0.006734721444974045, "dsfb-alt": 0.05800737152891685, "roll-out": 0.24752513459794293, "roll-in": 0.1640454641940526, "sfR": 0.10567144593890508, "redirect": 0.012967715790895583, "alternate": 0.3637328496169507}, "reddit": {"unknown": 0.04519937363713543, "dsfb": 0.0, "sft": 0.0, "sfT": 0.0002516014448822592, "oneh-out": 0.019201082069754318, "sfb": 0.024875767806739224, "oneh-in": 0.0015698776472324496, "bad-redirect": 0.0024932777989724307, "dsfb-red": 0.010738178861770345, "dsfb-alt": 0.058934407761775345, "roll-out": 0.2938723979505551, "roll-in": 0.12430474827026347, "sfR": 0.10397777127267367, "redirect": 0.014558722642275897, "alternate": 0.30002279283597005}, "akl": {"unknown": 0.13920166722946467, "dsfb": 0.0, "sft": 0.0, "sfT": 0.00029184619725170917, "oneh-out": 0.01749075867731607, "sfb": 0.023877253818207836, "oneh-in": 0.0015806441434965156, "bad-redirect": 0.002549157442351049, "dsfb-red": 0.008568324661253214, "dsfb-alt": 0.051712344310912754, "roll-out": 0.23957775893795658, "roll-in": 0.11933517376967816, "sfR": 0.13064861186637447, "redirect": 0.01619603090654194, "alternate": 0.24897042803919506}, "french": {"unknown": 0.15842537463172957, "dsfb": 0.0, "sft": 0.0, "sfT": 0.00029632578055415214, "oneh-out": 0.01316620433462637, "sfb": 0.028307554308826897, "oneh-in": 0.0010645195415084042, "bad-redirect": 0.004567917564771693, "dsfb-red": 0.0058887164329477415, "dsfb-alt": 0.04409703359151385, "roll-out": 0.21889664363823277, "roll-in": 0.1493431295379333, "sfR": 0.10898279115633469, "redirect": 0.010904306309198206, "alternate": 0.25605948317182237}, "keymash": {"unknown": 0.012376186820900362, "dsfb": 0.0, "sft": 0.0, "sfT": 0.00016008997877781564, "oneh-out": 0.024103803984188037, "sfb": 0.02542146765566698, "oneh-in": 0.0012478808602168193, "bad-redirect": 0.0031607508630491807, "dsfb-red": 0.010832755230632192, "dsfb-alt": 0.06196713640076679, "roll-out": 0.3182383534540439, "roll-in": 0.12322002520390948, "sfR": 0.099723742164827, "redirect": 0.014679019592550479, "alternate": 0.30486878779047094}, "movie": {"unknown": 0.030282373430185833, "dsfb": 0.0, "sft": 0.0, "sfT": 9.672441135957806e-05, "oneh-out": 0.033810511482635204, "sfb": 0.02775003622230507, "oneh-in": 0.001735249099574689, "bad-redirect": 0.0020464779878269367, "dsfb-red": 0.013589977192778595, "dsfb-alt": 0.06379086787326971, "roll-out": 0.29120403994836624, "roll-in": 0.11140533463422184, "sfR": 0.11567713207251198, "redirect": 0.016672788159458152, "alternate": 0.29193848748550616}, "dutch": {"unknown": 0.07360268279108878, "dsfb": 0.0, "sft": 0.0, "sfT": 0.00012725484668471627, "oneh-out": 0.006327633839123982, "sfb": 0.055195790107717094, "oneh-in": 0.004277068210426764, "bad-redirect": 0.002351480217546437,