{"english-450k": {"oneh-out": 0.008708116290641239, "roll-out": 0.23593712451784804, "sfT": 0.0017341976646216076, "alternate": 0.36665622016241584, "dsfb-alt": 0.05514204809562761, "sfb": 0.043992548680027665, "roll-in": 0.1450826491944985, "redirect": 0.017187910198263347, "sfR": 0.11369548401129392, "oneh-in": 0.0013991689182196584, "unknown": 0.00015377410175167997, "bad-redirect": 0.0031462298156874143, "dsfb-red": 0.007164528349103462, "sft": 0.0, "dsfb": 0.0}, "shai": {"oneh-out": 0.01655044474093496, "roll-out": 0.29486112663575087, "sfT": 0.0001871149136759502, "alternate": 0.3237047522117838, "dsfb-alt": 0.058396573232933895, "sfb": 0.02231955999334909, "roll-in": 0.13603429940801323, "redirect": 0.012777550885812722, "sfR": 0.09823378925716947, "oneh-in": 0.0014650619745339487, "unknown": 0.024097749651430984, "bad-redirect": 0.0031838447278684607, "dsfb-red": 0.008188132366742599, "sft": 0.0, "dsfb": 0.0}, "tr-quotes": {"oneh-out": 0.02473359376805899, "roll-out": 0.31538568225422436, "sfT": 0.00018607984096530363, "alternate": 0.30670003005016067, "dsfb-alt": 0.06304061394789764, "sfb": 0.02631007142692032, "roll-in": 0.12341485402556575, "redirect": 0.01449342363791868, "sfR": 0.09677191928064538, "oneh-in": 0.0013487899031460206, "unknown": 0.013894731975682485, "bad-redirect": 0.003010794942326807, "dsfb-red": 0.010709414946487599, "sft": 0.0, "dsfb": 0.0}, "gutenberg": {"oneh-out": 0.01933808516547113, "roll-out": 0.33797604988703883, "sfT": 9.945430841747168e-05, "alternate": 0.28526412980511123, "dsfb-alt": 0.0532919754959739, "sfb": 0.021615304673064325, "roll-in": 0.12126245973047693, "redirect": 0.014420874720533394, "sfR": 0.09863878308844841, "oneh-in": 0.0013116602504429978, "unknown": 0.03298207965968062, "bad-redirect": 0.0029612757127274614, "dsfb-red": 0.01083786750261328, "sft": 0.0, "dsfb": 0.0}, "english-200": {"oneh-out": 0.017817371937639197, "roll-out": 0.32293986636971045, "sfT": 0.0, "alternate": 0.311804008908686, "dsfb-alt": 0.07126948775055679, "sfb": 0.0200445434298441, "roll-in": 0.12694877505567928, "redirect": 0.013363028953229399, "sfR": 0.10690423162583519, "oneh-in": 0.0022271714922048997, "unknown": 0.0, "bad-redirect": 0.0, "dsfb-red": 0.0066815144766146995, "sft": 0.0, "dsfb": 0.0}, "monkeyracer": {"oneh-out": 0.02510772322755212, "roll-out": 0.3163123465286141, "sfT": 0.00017302188091402473, "alternate": 0.305859674366955, "dsfb-alt": 0.06298582980121056, "sfb": 0.02621428124560114, "roll-in": 0.12329030921062921, "redirect": 0.014494737006741011, "sfR": 0.09690789370786869, "oneh-in": 0.001364624552293664, "unknown": 0.013491796612290222, "bad-redirect": 0.0030498772228912834, "dsfb-red": 0.010747884636438994, "sft": 0.0, "dsfb": 0.0}, "chained-bigrams": {"oneh-out": 0.011633592167827082, "roll-out": 0.2818839445779487, "sfT": 8.635752404537601e-05, "alternate": 0.32174021449131196, "dsfb-alt": 0.06305203073288969, "sfb": 0.022916559801936097, "roll-in": 0.116659924719614, "redirect": 0.01927071395596026, "sfR": 0.11914286586209158, "oneh-in": 0.003769213737469231, "unknown": 0.023159399756770463, "bad-redirect": 0.0037575262530119623, "dsfb-red": 0.012927656419123582, "sft": 0.0, "dsfb": 0.0}, "english-5k": {"oneh-out": 0.008296345459824947, "roll-out": 0.24565478906541668, "sfT": 0.0003733355456921226, "alternate": 0.3726718380553366, "dsfb-alt": 0.05616625876301489, "sfb": 0.024142365288090595, "roll-in": 0.15920686937404074, "redirect": 0.013025262371925167, "sfR": 0.10644211224955408, "oneh-in": 0.001078524909777243, "unknown": 0.002157049819554486, "bad-redirect": 0.003899282366117725, "dsfb-red": 0.006885966731654706, "sft": 0.0, "dsfb": 0.0}, "mt-quotes": {"oneh-out": 0.02644452014678285, "roll-out": 0.32399953383296876, "sfT": 0.00013148300880936158, "alternate": 0.30314154743548366, "dsfb-alt": 0.06405015479136036, "sfb": 0.025673551595127957, "roll-in": 0.12204611467708969, "redirect": 0.014443707342728393, "sfR": 0.0964592223377679, "oneh-in": 0.001358159715996701, "unknown": 0.007995063410669249, "bad-redirect": 0.0030853683317196784, "dsfb-red": 0.011171573373495416, "sft": 0.0, "dsfb": 0.0}, "wordle": {"oneh-out": 0.009559071019858633, "roll-out": 0.23399528778189163, "sfT": 0.0005161000785369685, "alternate": 0.33566700325367443, "dsfb-alt": 0.05603051722203523, "sfb": 0.03951531470885224, "roll-in": 0.14513631773813532, "redirect": 0.027330865028609895, "sfR": 0.13138112868843263, "oneh-in": 0.0023336699203410746, "unknown": 0.0, "bad-redirect": 0.0039044092898014135, "dsfb-red": 0.014630315269830585, "sft": 0.0, "dsfb": 0.0}, "english-1k": {"oneh-out": 0.011997177134791814, "roll-out": 0.2889908256880734, "sfT": 0.0, "alternate": 0.3415666901905434, "dsfb-alt": 0.061397318278052226, "sfb": 0.019054340155257588, "roll-in": 0.14467184191954835, "redirect": 0.01058574453069866, "sfR": 0.10832745236414962, "oneh-in": 0.0007057163020465773, "unknown": 0.0, "bad-redirect": 0.0038814396612561752, "dsfb-red": 0.008821453775582216, "sft": 0.0, "dsfb": 0.0}, "english-10k": {"oneh-out": 0.009995947588815345, "roll-out": 0.24752513459794293, "sfT": 0.00036664672623067866, "alternate": 0.3637328496169507, "dsfb-alt": 0.05800737152891685, "sfb": 0.02568456803226491, "roll-in": 0.1640454641940526, "redirect": 0.012967715790895583, "sfR": 0.10567144593890508, "oneh-in": 0.0008297794330483781, "unknown": 0.0, "bad-redirect": 0.004438355107002952, "dsfb-red": 0.006734721444974045, "sft": 0.0, "dsfb": 0.0}, "reddit": {"oneh-out": 0.019201082069754318, "roll-out": 0.2938723979505551, "sfT": 0.0002516014448822592, "alternate": 0.30002279283597005, "dsfb-alt": 0.058934407761775345, "sfb": 0.024875767806739224, "roll-in": 0.12430474827026347, "redirect": 0.014558722642275897, "sfR": 0.10397777127267367, "oneh-in": 0.0015698776472324496, "unknown": 0.04519937363713543, "bad-redirect": 0.0024932777989724307, "dsfb-red": 0.010738178861770345, "sft": 0.0, "dsfb": 0.0}, "akl": {"oneh-out": 0.01749075867731607, "roll-out": 0.23957775893795658, "sfT": 0.00029184619725170917, "alternate": 0.24897042803919506, "dsfb-alt": 0.051712344310912754, "sfb": 0.023877253818207836, "roll-in": 0.11933517376967816, "redirect": 0.01619603090654194, "sfR": 0.13064861186637447, "oneh-in": 0.0015806441434965156, "unknown": 0.13920166722946467, "bad-redirect": 0.002549157442351049, "dsfb-red": 0.008568324661253214, "sft": 0.0, "dsfb": 0.0}, "french": {"oneh-out": 0.01316620433462637, "roll-out": 0.21889664363823277, "sfT": 0.00029632578055415214, "alternate": 0.25605948317182237, "dsfb-alt": 0.04409703359151385, "sfb": 0.028307554308826897, "roll-in": 0.1493431295379333, "redirect": 0.010904306309198206, "sfR": 0.10898279115633469, "oneh-in": 0.0010645195415084042, "unknown": 0.15842537463172957, "bad-redirect": 0.004567917564771693, "dsfb-red": 0.0058887164329477415, "sft": 0.0, "dsfb": 0.0}, "keymash": {"oneh-out": 0.024103803984188037, "roll-out": 0.3182383534540439, "sfT": 0.00016008997877781564, "alternate": 0.30486878779047094, "dsfb-alt": 0.06196713640076679, "sfb": 0.02542146765566698, "roll-in": 0.12322002520390948, "redirect": 0.014679019592550479, "sfR": 0.099723742164827, "oneh-in": 0.0012478808602168193, "unknown": 0.012376186820900362, "bad-redirect": 0.0031607508630491807, "dsfb-red": 0.010832755230632192, "sft": 0.0, "dsfb": 0.0}, "movie": {"oneh-out": 0.033810511482635204, "roll-out": 0.29120403994836624, "sfT": 9.672441135957806e-05, "alternate": 0.29193848748550616, "dsfb-alt": 0.06379086787326971, "sfb": 0.02775003622230507, "roll-in": 0.11140533463422184, "redirect": 0.016672788159458152, "sfR": 0.11567713207251198, "oneh-in": 0.001735249099574689, "unknown": 0.030282373430185833, "bad-redirect": 0.0020464779878269367, "dsfb-red": 0.013589977192778595, "sft": 0.0, "dsfb": 0.0}, "dutch": {"oneh-out": 0.006327633839123982, "roll-out": 0.1864761718213337, "sfT": 0.00012725484668471627, "alternate": 0.2730861037815005, "dsfb-alt": 0.0528360975864111, "sfb": 0.055195790107717094, "roll-in": 0.13623679392521904,