{"english-450k": {"sfR": 0.11369548401129392, "unknown": 0.0001543587941537776, "sfT": 2.7188196697540374e-05, "bad-redirect": 0.015322741435571868, "oneh-in": 0.012347826493699062, "dsfb": 0.0, "sfb": 0.0403124947012251, "dsfb-alt": 0.03713527618822652, "redirect": 0.0656121349399901, "sft": 0.0, "alternate": 0.2400083377136539, "roll-out": 0.1885495594050404, "roll-in": 0.24872493204412557, "oneh-out": 0.010343208593107295, "dsfb-red": 0.02776645748321494}, "shai": {"sfR": 0.09823378925716947, "unknown": 0.06456276146546681, "sfT": 2.374108760964481e-05, "bad-redirect": 0.01925582953233386, "oneh-in": 0.014302460991697819, "dsfb": 0.0, "sfb": 0.02766498546429269, "dsfb-alt": 0.04223258107035691, "redirect": 0.0566823265987188, "sft": 0.0, "alternate": 0.2119262931732491, "roll-out": 0.18377163132777005, "roll-in": 0.24657639892829927, "oneh-out": 0.010916364181317197, "dsfb-red": 0.02385083692171835}, "tr-quotes": {"sfR": 0.09677191928064538, "unknown": 0.09006264302720696, "sfT": 5.778877048611914e-06, "bad-redirect": 0.02628002126626754, "oneh-in": 0.01338272346917547, "dsfb": 0.0, "sfb": 0.02262314786990592, "dsfb-alt": 0.03900048542567208, "redirect": 0.05919303760893183, "sft": 0.0, "alternate": 0.19437830840711032, "roll-out": 0.1847102471047826, "roll-in": 0.23854279836342202, "oneh-out": 0.01315503571346016, "dsfb-red": 0.021893853586371095}, "gutenberg": {"sfR": 0.09863878308844841, "unknown": 0.09436925698728084, "sfT": 3.0309884470086605e-06, "bad-redirect": 0.019320278108344954, "oneh-in": 0.01321037370950931, "dsfb": 0.0, "sfb": 0.020616215106219096, "dsfb-alt": 0.04277236178029653, "redirect": 0.052142852001001744, "sft": 0.0, "alternate": 0.1961530694630566, "roll-out": 0.19171664956052561, "roll-in": 0.2323239384057683, "oneh-out": 0.011160667772219702, "dsfb-red": 0.02757252302888191}, "english-200": {"sfR": 0.10690423162583519, "unknown": 0.0, "sfT": 0.0, "bad-redirect": 0.015590200445434299, "oneh-in": 0.022271714922048998, "dsfb": 0.0, "sfb": 0.015590200445434299, "dsfb-alt": 0.051224944320712694, "redirect": 0.0467706013363029, "sft": 0.0, "alternate": 0.22494432071269488, "roll-out": 0.2026726057906459, "roll-in": 0.2873051224944321, "oneh-out": 0.008908685968819599, "dsfb-red": 0.017817371937639197}, "monkeyracer": {"sfR": 0.09690789370786869, "unknown": 0.0900202543128392, "sfT": 4.887623754633467e-06, "bad-redirect": 0.02671379639332468, "oneh-in": 0.013304111860112298, "dsfb": 0.0, "sfb": 0.022558338677135303, "dsfb-alt": 0.03880773261178973, "redirect": 0.05888706852057494, "sft": 0.0, "alternate": 0.1944902794938768, "roll-out": 0.18465638049955424, "roll-in": 0.23883373477016437, "oneh-out": 0.013119359682187153, "dsfb-red": 0.02169616184681796}, "chained-bigrams": {"sfR": 0.11914286586209158, "unknown": 0.05987563217928082, "sfT": 0.00011038179765198437, "bad-redirect": 0.0129250592003553, "oneh-in": 0.012371851602711237, "dsfb": 0.0, "sfb": 0.026674735359640128, "dsfb-alt": 0.04278073824644879, "redirect": 0.0613768246273478, "sft": 0.0, "alternate": 0.20424463463300324, "roll-out": 0.1741435184133071, "roll-in": 0.2453871771413582, "oneh-out": 0.01240301822793062, "dsfb-red": 0.028563562708873204}, "english-5k": {"sfR": 0.10644211224955408, "unknown": 0.0022400132741527356, "sfT": 0.0, "bad-redirect": 0.014228232463599784, "oneh-in": 0.014643049736591031, "dsfb": 0.0, "sfb": 0.03617206620483677, "dsfb-alt": 0.04214543493591073, "redirect": 0.06844485004355581, "sft": 0.0, "alternate": 0.23822955987887334, "roll-out": 0.16642468992408843, "roll-in": 0.2725349483552495, "oneh-out": 0.00850375409632057, "dsfb-red": 0.029991288837267184}, "mt-quotes": {"sfR": 0.0964592223377679, "unknown": 0.0857358864943044, "sfT": 1.4941251001063816e-06, "bad-redirect": 0.02791473924528753, "oneh-in": 0.013357478394951052, "dsfb": 0.0, "sfb": 0.02159608419693764, "dsfb-alt": 0.03878300522346135, "redirect": 0.05990694588876538, "sft": 0.0, "alternate": 0.1934563297115741, "roll-out": 0.18683436726790262, "roll-in": 0.2410098492726599, "oneh-out": 0.013786292298681583, "dsfb-red": 0.021158305542606472}, "wordle": {"sfR": 0.13138112868843263, "unknown": 0.0, "sfT": 2.2439133849433412e-05, "bad-redirect": 0.018961068102771234, "oneh-in": 0.016694715583978458, "dsfb": 0.0, "sfb": 0.039896779984292606, "dsfb-alt": 0.042567036912375185, "redirect": 0.06453494895097049, "sft": 0.0, "alternate": 0.2206888814091776, "roll-out": 0.190732637720184, "roll-in": 0.23390553124649388, "oneh-out": 0.011264445192415573, "dsfb-red": 0.029350387075058902}, "english-1k": {"sfR": 0.10832745236414962, "unknown": 0.0, "sfT": 0.0, "bad-redirect": 0.017642907551164433, "oneh-in": 0.022230063514467185, "dsfb": 0.0, "sfb": 0.021524347212420608, "dsfb-alt": 0.043048694424841216, "redirect": 0.06033874382498236, "sft": 0.0, "alternate": 0.2335920959774171, "roll-out": 0.1676076217360621, "roll-in": 0.28722653493295697, "oneh-out": 0.008468595624558928, "dsfb-red": 0.029992942836979536}, "english-10k": {"sfR": 0.10567144593890508, "unknown": 0.0, "sfT": 0.0, "bad-redirect": 0.014550085872522723, "oneh-in": 0.014685166245344551, "dsfb": 0.0, "sfb": 0.03629802589683719, "dsfb-alt": 0.04366955481368557, "redirect": 0.06456841820883426, "sft": 0.0, "alternate": 0.23476968796433878, "roll-out": 0.17691669400436116, "roll-in": 0.2707589587232975, "oneh-out": 0.009532814881997646, "dsfb-red": 0.028579147449875532}, "reddit": {"sfR": 0.10397777127267367, "unknown": 0.10396709590989395, "sfT": 8.43166372532329e-05, "bad-redirect": 0.022030877269474437, "oneh-in": 0.013825306490601841, "dsfb": 0.0, "sfb": 0.024805572614285846, "dsfb-alt": 0.03904643164761864, "redirect": 0.0573449024299935, "sft": 0.0, "alternate": 0.184339579918856, "roll-out": 0.1764913528625049, "roll-in": 0.2372523339245986, "oneh-out": 0.013906589077380835, "dsfb-red": 0.02292786994486456}, "akl": {"sfR": 0.13064861186637447, "unknown": 0.17107002670620014, "sfT": 0.00011086301109620886, "bad-redirect": 0.019185033083355816, "oneh-in": 0.01143719847614381, "dsfb": 0.0, "sfb": 0.024007018144991277, "dsfb-alt": 0.03312765654594689, "redirect": 0.05015640776962177, "sft": 0.0, "alternate": 0.16066869445252313, "roll-out": 0.1560032567584619, "roll-in": 0.2090808937520478, "oneh-out": 0.011923048765913333, "dsfb-red": 0.022581290667323426}, "french": {"sfR": 0.10898279115633469, "unknown": 0.21023212216107084, "sfT": 2.068991874944558e-05, "bad-redirect": 0.007296964291522424, "oneh-in": 0.009141812883041597, "dsfb": 0.0, "sfb": 0.04434498301606369, "dsfb-alt": 0.023798095877263267, "redirect": 0.04846170753734639, "sft": 0.0, "alternate": 0.17903184454161364, "roll-out": 0.13274076567051973, "roll-in": 0.20461050194207323, "oneh-out": 0.006701376290099209, "dsfb-red": 0.02463634471430181}, "keymash": {"sfR": 0.099723742164827, "unknown": 0.0849421007910087, "sfT": 0.0, "bad-redirect": 0.025339370230652716, "oneh-in": 0.013849835599906409, "dsfb": 0.0, "sfb": 0.023758994799128127, "dsfb-alt": 0.03928361786932553, "redirect": 0.05776785311128717, "sft": 0.0, "alternate": 0.19254719575720508, "roll-out": 0.184546801689565, "roll-in": 0.24180154589451303, "oneh-out": 0.012433655018410348, "dsfb-red": 0.02400528707417092}, "movie": {"sfR": 0.11567713207251198, "unknown": 0.15450046842250645, "sfT": 7.369478960729757e-06, "bad-redirect": 0.037261927995189834, "oneh-in": 0.013112803430071342, "dsfb": 0.0, "sfb": 0.017811635854568072, "dsfb-alt": 0.03876043258315108, "redirect": 0.05344109266211768, "sft": 0.0, "alternate": 0.15863448292379867, "roll-out": 0.16375192807283256, "roll-in": 0.2145332968193197, "oneh-out": 0.011443616445466053, "dsfb-red": 0.02106381323950583}, "dutch": {"sfR": 0.18880787437283908, "unknown": 0.10091669751062121, "sfT": 7.573967484799797e-05, "bad-redirect": 0.007096793188622021, "oneh-in": 0.01605969792564738, "dsfb": 0.0, "sfb": 0.04607760469261795, "dsfb-alt": 0.0269612263429618, "redirect": 0.034502577713048405, "sft": 0.0, "alternate": 0.17443184216425547,