{"english-450k": {"unknown": 0.00015377410175167997, "bad-redirect": 0.0005095594284280954, "sfR": 0.11369548401129392, "dsfb-alt": 0.059288394265103045, "oneh-in": 0.0020361912903050397, "sfT": 0.002139097153074225, "sft": 0.0, "dsfb": 0.0, "alternate": 0.3476540094404435, "dsfb-red": 0.012535512754772406, "oneh-out": 0.005266324465693466, "roll-in": 0.18802596735896196, "redirect": 0.028567778420289763, "sfb": 0.04402470676214304, "roll-out": 0.19610320054773983}, "shai": {"unknown": 0.023260762136131256, "bad-redirect": 0.0006674171647366744, "sfR": 0.09823378925716947, "dsfb-alt": 0.06256970606257739, "oneh-in": 0.002328259898260886, "sfT": 0.0002431777852158434, "sft": 0.0, "dsfb": 0.0, "alternate": 0.3114023017475979, "dsfb-red": 0.013772787805920983, "oneh-out": 0.014166110359907766, "roll-in": 0.1781921583659815, "redirect": 0.024119156882531235, "sfb": 0.022009006131656444, "roll-out": 0.24903536640231258}, "tr-quotes": {"unknown": 0.013835787429786644, "bad-redirect": 0.0008090427868056679, "sfR": 0.09677191928064538, "dsfb-alt": 0.06721874205404406, "oneh-in": 0.002153209588312799, "sfT": 0.00019185871801391554, "sft": 0.0, "dsfb": 0.0, "alternate": 0.3049062666142715, "dsfb-red": 0.014213725988765863, "oneh-out": 0.02481565382214928, "roll-in": 0.16039157670881393, "redirect": 0.02274450428792677, "sfb": 0.02079817849795428, "roll-out": 0.27114953422250987}, "gutenberg": {"unknown": 0.032975828246008664, "bad-redirect": 0.0009752205328250365, "sfR": 0.09863878308844841, "dsfb-alt": 0.059049906361400666, "oneh-in": 0.004636654576811498, "sfT": 8.467823973830446e-05, "sft": 0.0, "dsfb": 0.0, "alternate": 0.2887671947027415, "dsfb-red": 0.016512446185747306, "oneh-out": 0.01799706221444774, "roll-in": 0.15493522588251965, "redirect": 0.0236409521395558, "sfb": 0.021020662627116812, "roll-out": 0.2807653852026386}, "english-200": {"unknown": 0.0, "bad-redirect": 0.0, "sfR": 0.10690423162583519, "dsfb-alt": 0.08685968819599109, "oneh-in": 0.0022271714922048997, "sfT": 0.0, "sft": 0.0, "dsfb": 0.0, "alternate": 0.311804008908686, "dsfb-red": 0.008908685968819599, "oneh-out": 0.017817371937639197, "roll-in": 0.1403118040089087, "redirect": 0.013363028953229399, "sfb": 0.015590200445434299, "roll-out": 0.2962138084632517}, "monkeyracer": {"unknown": 0.013436077701487402, "bad-redirect": 0.0008045028700126687, "sfR": 0.09690789370786869, "dsfb-alt": 0.06726738821026948, "oneh-in": 0.0022013857390869138, "sfT": 0.00018377465317421837, "sft": 0.0, "dsfb": 0.0, "alternate": 0.3044579038741261, "dsfb-red": 0.014308029779314013, "oneh-out": 0.025237734019425372, "roll-in": 0.16004426232072197, "redirect": 0.022716697686785428, "sfb": 0.020754805511675557, "roll-out": 0.2716795439260522}, "chained-bigrams": {"unknown": 0.022916559801936097, "bad-redirect": 0.0015498902999722746, "sfR": 0.11914286586209158, "dsfb-alt": 0.05878480029660239, "oneh-in": 0.004751611736571892, "sfT": 8.440960996916452e-05, "sft": 0.0, "dsfb": 0.0, "alternate": 0.3160237359823233, "dsfb-red": 0.019830414600525027, "oneh-out": 0.009857094530322205, "roll-in": 0.16175673280267824, "redirect": 0.027925296196567907, "sfb": 0.023760655901627743, "roll-out": 0.23361593237881215}, "english-5k": {"unknown": 0.002157049819554486, "bad-redirect": 0.00020740863649562367, "sfR": 0.10644211224955408, "dsfb-alt": 0.06259592649437923, "oneh-in": 0.0014518604554693657, "sfT": 0.00041481727299124733, "sft": 0.0, "dsfb": 0.0, "alternate": 0.34504500767411955, "dsfb-red": 0.012029700916746173, "oneh-out": 0.005848923549176588, "roll-in": 0.20620566640394905, "redirect": 0.024764591197577467, "sfb": 0.023934956651594973, "roll-out": 0.20890197867839216}, "mt-quotes": {"unknown": 0.007977133909467972, "bad-redirect": 0.000841192431359893, "sfR": 0.0964592223377679, "dsfb-alt": 0.06839357645736963, "oneh-in": 0.0021739520206547854, "sfT": 0.00013596538410968074, "sft": 0.0, "dsfb": 0.0, "alternate": 0.30374965635122697, "dsfb-red": 0.014451177968228923, "oneh-out": 0.026835980923010722, "roll-in": 0.15864022662889518, "redirect": 0.022414864751795938, "sfb": 0.01996898196292179, "roll-out": 0.27795806887319063}, "wordle": {"unknown": 0.0, "bad-redirect": 0.0023112307864916414, "sfR": 0.13138112868843263, "dsfb-alt": 0.058678335016268374, "oneh-in": 0.0037248962190059463, "sfT": 0.00047122181083810165, "sft": 0.0, "dsfb": 0.0, "alternate": 0.31408055649051947, "dsfb-red": 0.016537641647032423, "oneh-out": 0.007876135981151127, "roll-in": 0.1877706720520588, "redirect": 0.033075283294064846, "sfb": 0.03601480982834063, "roll-out": 0.20807808818579604}, "english-1k": {"unknown": 0.0, "bad-redirect": 0.00035285815102328866, "sfR": 0.10832745236414962, "dsfb-alt": 0.07057163020465773, "oneh-in": 0.002117148906139732, "sfT": 0.0, "sft": 0.0, "dsfb": 0.0, "alternate": 0.32251235003528583, "dsfb-red": 0.010232886379675371, "oneh-out": 0.011997177134791814, "roll-in": 0.18595624558927312, "redirect": 0.02364149611856034, "sfb": 0.02081863091037403, "roll-out": 0.24347212420606917}, "english-10k": {"unknown": 0.0, "bad-redirect": 0.0005210242951699118, "sfR": 0.10567144593890508, "dsfb-alt": 0.06030373786688794, "oneh-in": 0.00191042241562301, "sfT": 0.0004245383145828911, "sft": 0.0, "dsfb": 0.0, "alternate": 0.33472916385249224, "dsfb-red": 0.012427394299608267, "oneh-out": 0.005596186874047201, "roll-in": 0.2194477142471199, "redirect": 0.028135311939175237, "sfb": 0.024719708226394705, "roll-out": 0.20611335172999362}, "reddit": {"unknown": 0.039285409944231534, "bad-redirect": 0.0005220065112221474, "sfR": 0.10397777127267367, "dsfb-alt": 0.06348293636903193, "oneh-in": 0.0022036945370422917, "sfT": 0.0003446456594255868, "sft": 0.0, "dsfb": 0.0, "alternate": 0.2962706462920813, "dsfb-red": 0.014675627229067253, "oneh-out": 0.018438224391256166, "roll-in": 0.15998686743091026, "redirect": 0.021649186228332524, "sfb": 0.025195429371518918, "roll-out": 0.2539675547632064}, "akl": {"unknown": 0.13277008071454782, "bad-redirect": 0.0005716597922293257, "sfR": 0.13064861186637447, "dsfb-alt": 0.05588476651056486, "oneh-in": 0.00198038843957977, "sfT": 0.0003494643255950029, "sft": 0.0, "dsfb": 0.0, "alternate": 0.250159827301767, "dsfb-red": 0.012440796570130194, "oneh-out": 0.016332268625103227, "roll-in": 0.14551149468071267, "redirect": 0.01913205998422716, "sfb": 0.02477443626949501, "roll-out": 0.20944414491967348}, "french": {"unknown": 0.15807953387545715, "bad-redirect": 0.0024799886461636315, "sfR": 0.10898279115633469, "dsfb-alt": 0.04567131018258771, "oneh-in": 0.0021766513652657134, "sfT": 0.00019353538769394495, "sft": 0.0, "dsfb": 0.0, "alternate": 0.2375817976537033, "dsfb-red": 0.008685915542313408, "oneh-out": 0.011099879226906579, "roll-in": 0.19179882782995727, "redirect": 0.02398867984280396, "sfb": 0.028901149725750707, "roll-out": 0.18035993956506194}, "keymash": {"unknown": 0.01232282349464109, "bad-redirect": 0.0008086596363905046, "sfR": 0.099723742164827, "dsfb-alt": 0.06759901975674533, "oneh-in": 0.0021591622778751544, "sfT": 0.00017650946378066853, "sft": 0.0, "dsfb": 0.0, "alternate": 0.3000701932983872, "dsfb-red": 0.014572292940031937, "oneh-out": 0.023902665292903087, "roll-in": 0.16317273708710126, "redirect": 0.023483968425330338, "sfb": 0.020762438786107475, "roll-out": 0.27124578737587896}, "movie": {"unknown": 0.030236445784519856, "bad-redirect": 0.0008268292198261619, "sfR": 0.11567713207251198, "dsfb-alt": 0.06505828665667664, "oneh-in": 0.002322965046692887, "sfT": 9.882997677692943e-05, "sft": 0.0, "dsfb": 0.0, "alternate": 0.2848508910950243, "dsfb-red": 0.01359603069335348, "oneh-out": 0.03720428814188984, "roll-in": 0.1419057656829421, "redirect": 0.02251665337747827, "sfb": 0.019677430010018544, "roll-out": 0.266028452242289}, "dutch": {"unknown": 0.07290361491625476, "bad-redirect": 0.0006190068785754228, "sfR": 0.18880787437283908, "dsfb-alt": 0.05350156315284901, "oneh-in": 0.0034076936519501586, "sfT": 0.00016107232461163963, "sft": 0.0, "dsfb": 0.0,