{"english-450k": {"sfT": 2.7772889099638017e-05, "alternate": 0.1758775209743782, "oneh-out": 0.015262225771954761, "roll-in": 0.2922652211511307, "redirect": 0.06017449560048202, "sfb": 0.023872113739043594, "roll-out": 0.212787105895395, "bad-redirect": 0.01817136281859158, "oneh-in": 0.018663966167358846, "dsfb-red": 0.03512130320920119, "sfR": 0.11369548401129392, "unknown": 0.00015377410175167997, "dsfb-alt": 0.03392765367031885, "sft": 0.0, "dsfb": 0.0}, "shai": {"sfT": 2.268059559708487e-05, "alternate": 0.1715156683437406, "oneh-out": 0.0123232964860094, "roll-in": 0.34387866206469897, "redirect": 0.04699556807228561, "sfb": 0.01776988283188833, "roll-out": 0.16959192422173044, "bad-redirect": 0.01662887857536754, "oneh-in": 0.04701803192498962, "dsfb-red": 0.026816557020565495, "sfR": 0.09823378925716947, "unknown": 0.023260762136131256, "dsfb-alt": 0.025944298469826137, "sft": 0.0, "dsfb": 0.0}, "tr-quotes": {"sfT": 1.1557754097223828e-06, "alternate": 0.17238852546173228, "oneh-out": 0.012661519613508703, "roll-in": 0.36925752987679433, "redirect": 0.04214419454011697, "sfb": 0.017865976283488592, "roll-out": 0.1614421765562516, "bad-redirect": 0.01737939483599547, "oneh-in": 0.051839994452278035, "dsfb-red": 0.023008021081343474, "sfR": 0.09677191928064538, "unknown": 0.013835787429786644, "dsfb-alt": 0.021403804812648804, "sft": 0.0, "dsfb": 0.0}, "gutenberg": {"sfT": 8.335218229273816e-06, "alternate": 0.16683772807714473, "oneh-out": 0.010794675917243406, "roll-in": 0.35832534857314324, "redirect": 0.035519206426604805, "sfb": 0.01732456165276769, "roll-out": 0.15154108713220377, "bad-redirect": 0.019934432142420085, "oneh-in": 0.060621473871174655, "dsfb-red": 0.024013574281759927, "sfR": 0.09863878308844841, "unknown": 0.032975828246008664, "dsfb-alt": 0.02346496537285136, "sft": 0.0, "dsfb": 0.0}, "english-200": {"sfT": 0.0, "alternate": 0.14699331848552338, "oneh-out": 0.0066815144766146995, "roll-in": 0.43207126948775054, "redirect": 0.0334075723830735, "sfb": 0.0200445434298441, "roll-out": 0.155902004454343, "bad-redirect": 0.011135857461024499, "oneh-in": 0.042316258351893093, "dsfb-red": 0.028953229398663696, "sfR": 0.10690423162583519, "unknown": 0.0, "dsfb-alt": 0.015590200445434299, "sft": 0.0, "dsfb": 0.0}, "monkeyracer": {"sfT": 9.775247509266934e-07, "alternate": 0.17255657913258363, "oneh-out": 0.012433137307036614, "roll-in": 0.37060309367033173, "redirect": 0.041777452805105024, "sfb": 0.017936601654753897, "roll-out": 0.16101396687364125, "bad-redirect": 0.017305120665655253, "oneh-in": 0.051760913086319346, "dsfb-red": 0.022930775607238375, "sfR": 0.09690789370786869, "unknown": 0.013436077701487402, "dsfb-alt": 0.021337410263227864, "sft": 0.0, "dsfb": 0.0}, "chained-bigrams": {"sfT": 4.350341436872325e-05, "alternate": 0.17167291405997886, "oneh-out": 0.008291620917740238, "roll-in": 0.321104545197775, "redirect": 0.057266076621849495, "sfb": 0.019186953650683167, "roll-out": 0.14223019279804222, "bad-redirect": 0.024051544403675323, "oneh-in": 0.040888664373755365, "dsfb-red": 0.034333284202611634, "sfR": 0.11914286586209158, "unknown": 0.022916559801936097, "dsfb-alt": 0.038871274695492335, "sft": 0.0, "dsfb": 0.0}, "english-5k": {"sfT": 0.0, "alternate": 0.17969884265980834, "oneh-out": 0.014643049736591031, "roll-in": 0.3305264031194259, "redirect": 0.05807441821877463, "sfb": 0.018542332102708756, "roll-out": 0.19139668975816154, "bad-redirect": 0.013606006554112914, "oneh-in": 0.02293939519641598, "dsfb-red": 0.028954245654789067, "sfR": 0.10644211224955408, "unknown": 0.002157049819554486, "dsfb-alt": 0.03301945493010329, "sft": 0.0, "dsfb": 0.0}, "mt-quotes": {"sfT": 0.0, "alternate": 0.1736546897598642, "oneh-out": 0.01200380105425467, "roll-in": 0.37960190530832766, "redirect": 0.040317471701270605, "sfb": 0.017721817812361793, "roll-out": 0.15814417709565987, "bad-redirect": 0.01766952343385807, "oneh-in": 0.05362116159261782, "dsfb-red": 0.022237063864883277, "sfR": 0.0964592223377679, "unknown": 0.007977133909467972, "dsfb-alt": 0.020592032129666153, "sft": 0.0, "dsfb": 0.0}, "wordle": {"sfT": 2.2439133849433412e-05, "alternate": 0.15891394592168742, "oneh-out": 0.017928867945697296, "roll-in": 0.29467070571075954, "redirect": 0.04658364187142376, "sfb": 0.030562100302928306, "roll-out": 0.21126444519241558, "bad-redirect": 0.019544485582856503, "oneh-in": 0.023964994951194883, "dsfb-red": 0.034242118254235385, "sfR": 0.13138112868843263, "unknown": 0.0, "dsfb-alt": 0.03092112644451924, "sft": 0.0, "dsfb": 0.0}, "english-1k": {"sfT": 0.0, "alternate": 0.16231474947071278, "oneh-out": 0.016231474947071278, "roll-in": 0.3856739590684545, "redirect": 0.04269583627381793, "sfb": 0.019407198306280876, "roll-out": 0.17007762879322513, "bad-redirect": 0.011997177134791814, "oneh-in": 0.035285815102328866, "dsfb-red": 0.024700070571630206, "sfR": 0.10832745236414962, "unknown": 0.0, "dsfb-alt": 0.02328863796753705, "sft": 0.0, "dsfb": 0.0}, "english-10k": {"sfT": 0.0, "alternate": 0.1715520734837228, "oneh-out": 0.015958781189093225, "roll-in": 0.3216456648848922, "redirect": 0.05939676964936995, "sfb": 0.01989540919704367, "roll-out": 0.203218772312383, "bad-redirect": 0.01854460546882538, "oneh-in": 0.021554968063140424, "dsfb-red": 0.032033345554890874, "sfR": 0.10567144593890508, "unknown": 0.0, "dsfb-alt": 0.030528164257733352, "sft": 0.0, "dsfb": 0.0}, "reddit": {"sfT": 3.2288290232024327e-05, "alternate": 0.17173074038135766, "oneh-out": 0.011722559682301204, "roll-in": 0.35041200345282436, "redirect": 0.042940167213638546, "sfb": 0.01661490988589161, "roll-out": 0.15720149672331912, "bad-redirect": 0.016593971191878033, "oneh-in": 0.04379513267134847, "dsfb-red": 0.022634803143501036, "sfR": 0.10397777127267367, "unknown": 0.039285409944231534, "dsfb-alt": 0.02305874614680272, "sft": 0.0, "dsfb": 0.0}, "akl": {"sfT": 8.840380069138295e-05, "alternate": 0.1434944648670621, "oneh-out": 0.009926452139286735, "roll-in": 0.3042086460152456, "redirect": 0.03466434586511977, "sfb": 0.019325668755109687, "roll-out": 0.1373195409238563, "bad-redirect": 0.014573507377307051, "oneh-in": 0.031667313717589095, "dsfb-red": 0.019156718171228278, "sfR": 0.13064861186637447, "unknown": 0.13277008071454782, "dsfb-alt": 0.02215624578658171, "sft": 0.0, "dsfb": 0.0}, "french": {"sfT": 0.00016068021621129893, "alternate": 0.1552257183989994, "oneh-out": 0.006334276305220378, "roll-in": 0.27653586577938827, "redirect": 0.05252735897172332, "sfb": 0.01971319278061766, "roll-out": 0.1304934299919594, "bad-redirect": 0.018808394617666705, "oneh-in": 0.023139868809734742, "dsfb-red": 0.019938219992505186, "sfR": 0.10898279115633469, "unknown": 0.15807953387545715, "dsfb-alt": 0.0300606691041818, "sft": 0.0, "dsfb": 0.0}, "keymash": {"sfT": 1.6419485002852885e-05, "alternate": 0.17055329559588364, "oneh-out": 0.012482913473418907, "roll-in": 0.36841629962276234, "redirect": 0.041594660383477075, "sfb": 0.018229733224417417, "roll-out": 0.16117776965925465, "bad-redirect": 0.018229733224417417, "oneh-in": 0.05273528095791276, "dsfb-red": 0.02258089675017343, "sfR": 0.099723742164827, "unknown": 0.01232282349464109, "dsfb-alt": 0.021936431963811454, "sft": 0.0, "dsfb": 0.0}, "movie": {"sfT": 4.211130834702719e-06, "alternate": 0.17165622064956956, "oneh-out": 0.014661973185887606, "roll-in": 0.3533898089844213, "redirect": 0.041813370840471965, "sfb": 0.014838445887429367, "roll-out": 0.15587921897735582, "bad-redirect": 0.014951883224289171, "oneh-in": 0.04524517927507751, "dsfb-red": 0.020708235879650618, "sfR": 0.11567713207251198, "unknown": 0.030236445784519856, "dsfb-alt": 0.0209378741079805, "sft": 0.0, "dsfb": 0.0}, "dutch": {"sfT": 8.242786109759628e-05, "alternate": 0.13377851789720985, "oneh-out": 0.012493603637426574, "roll-in": 0.2799828072372559, "redirect": 0.034910987413335544, "sfb": 0.03571878762440968, "roll-out": 0.14852015900024204, "bad-redirect": 0.02156276626108764, "oneh-in": 0.01565343992066843,