{"english-450k": {"alternate": 0.16766902434132938, "redirect": 0.045610392556631844, "dsfb": 0.0, "dsfb-alt": 0.02464946228763241, "sfT": 6.665493383913124e-05, "roll-out": 0.21495806878438356, "sft": 0.0, "bad-redirect": 0.03542008102667308, "roll-in": 0.278464434038219, "unknown": 0.00015377410175167997, "sfR": 0.11369548401129392, "oneh-out": 0.028524511182534535, "dsfb-red": 0.02282376026208252, "oneh-in": 0.03791700992983107, "sfb": 0.030047342543797845}, "shai": {"alternate": 0.1494632671885629, "redirect": 0.036797114408974645, "dsfb": 0.0, "dsfb-alt": 0.022250662846211938, "sfT": 0.00020143929666311932, "roll-out": 0.23420966871468057, "sft": 0.0, "bad-redirect": 0.021915218385494574, "roll-in": 0.2691653509857002, "unknown": 0.023260762136131256, "sfR": 0.09823378925716947, "oneh-out": 0.056775611191736026, "dsfb-red": 0.01857882536498729, "oneh-in": 0.03874203740796555, "sfb": 0.030406252815722404}, "tr-quotes": {"alternate": 0.13689581840456763, "redirect": 0.03998289452393611, "dsfb": 0.0, "dsfb-alt": 0.020640993042232034, "sfT": 0.0004415062065139502, "roll-out": 0.2519821548276739, "sft": 0.0, "bad-redirect": 0.01924250479646795, "roll-in": 0.2744469614664478, "unknown": 0.013835787429786644, "sfR": 0.09677191928064538, "oneh-out": 0.059241580176140174, "dsfb-red": 0.01666281408196759, "oneh-in": 0.03554934005224105, "sfb": 0.03430572571137976}, "gutenberg": {"alternate": 0.13464957795380242, "redirect": 0.03585716163844627, "dsfb": 0.0, "dsfb-alt": 0.0204474269370763, "sfT": 0.00015249660624012325, "roll-out": 0.25234039667303554, "sft": 0.0, "bad-redirect": 0.018335206863067142, "roll-in": 0.25244401859056764, "unknown": 0.032975828246008664, "sfR": 0.09863878308844841, "oneh-out": 0.06760714449441786, "dsfb-red": 0.016948719085338616, "oneh-in": 0.03384610080385602, "sfb": 0.03575713901969498}, "english-200": {"alternate": 0.12026726057906459, "redirect": 0.0334075723830735, "dsfb": 0.0, "dsfb-alt": 0.008908685968819599, "sfT": 0.0, "roll-out": 0.30957683741648107, "sft": 0.0, "bad-redirect": 0.0200445434298441, "roll-in": 0.27616926503340755, "unknown": 0.0, "sfR": 0.10690423162583519, "oneh-out": 0.042316258351893093, "dsfb-red": 0.017817371937639197, "oneh-in": 0.0400890868596882, "sfb": 0.024498886414253896}, "monkeyracer": {"alternate": 0.13690722899103805, "redirect": 0.039693370036129313, "dsfb": 0.0, "dsfb-alt": 0.020633592442560647, "sfT": 0.000436953563664232, "roll-out": 0.25295701237155327, "sft": 0.0, "bad-redirect": 0.019247462345746594, "roll-in": 0.27427389461501167, "unknown": 0.013436077701487402, "sfR": 0.09690789370786869, "oneh-out": 0.05911678683704271, "dsfb-red": 0.01665604423103993, "oneh-in": 0.03526811548868417, "sfb": 0.03446556766817336}, "chained-bigrams": {"alternate": 0.15443971822773583, "redirect": 0.0416009516209567, "dsfb": 0.0, "dsfb-alt": 0.028842763726463518, "sfT": 0.0001415484228713682, "roll-out": 0.2215323720593802, "sft": 0.0, "bad-redirect": 0.03133804165809043, "roll-in": 0.2419510567109211, "unknown": 0.022916559801936097, "sfR": 0.11914286586209158, "oneh-out": 0.04648372290532683, "dsfb-red": 0.03320154612433276, "oneh-in": 0.02746039403704543, "sfb": 0.030948458842848137}, "english-5k": {"alternate": 0.17638030447587838, "redirect": 0.03816318911519476, "dsfb": 0.0, "dsfb-alt": 0.025594225743559962, "sfT": 0.0, "roll-out": 0.22010204504915584, "sft": 0.0, "bad-redirect": 0.029452026382378562, "roll-in": 0.2834031609076202, "unknown": 0.002157049819554486, "sfR": 0.10644211224955408, "oneh-out": 0.02882980047289169, "dsfb-red": 0.017546770647529762, "oneh-in": 0.04455137511925997, "sfb": 0.027377940017422324}, "mt-quotes": {"alternate": 0.13591906623157743, "redirect": 0.03953903252411518, "dsfb": 0.0, "dsfb-alt": 0.02036641923955009, "sfT": 0.00045570815553244644, "roll-out": 0.25907680998314625, "sft": 0.0, "bad-redirect": 0.01876322300713594, "roll-in": 0.2759619177394485, "unknown": 0.007977133909467972, "sfR": 0.0964592223377679, "oneh-out": 0.06103202208914548, "dsfb-red": 0.01593484419263456, "oneh-in": 0.03447394843475454, "sfb": 0.034040652155723695}, "wordle": {"alternate": 0.13476943789969706, "redirect": 0.050286098956580275, "dsfb": 0.0, "dsfb-alt": 0.026051834399192193, "sfT": 8.975653539773365e-05, "roll-out": 0.24285874565241783, "sft": 0.0, "bad-redirect": 0.025356221249859756, "roll-in": 0.24979243801189274, "unknown": 0.0, "sfR": 0.13138112868843263, "oneh-out": 0.03579041848984629, "dsfb-red": 0.024368899360484687, "oneh-in": 0.030853809042970942, "sfb": 0.04840121171322787}, "english-1k": {"alternate": 0.15314043754410728, "redirect": 0.043401552575864505, "dsfb": 0.0, "dsfb-alt": 0.017642907551164433, "sfT": 0.0, "roll-out": 0.2537050105857445, "sft": 0.0, "bad-redirect": 0.025758645024700072, "roll-in": 0.27240649258997884, "unknown": 0.0, "sfR": 0.10832745236414962, "oneh-out": 0.035638673253352154, "dsfb-red": 0.016937191249117856, "oneh-in": 0.04269583627381793, "sfb": 0.030345800988002825}, "english-10k": {"alternate": 0.1686767912622296, "redirect": 0.04280118098840238, "dsfb": 0.0, "dsfb-alt": 0.022712799830184673, "sfT": 3.859439223480828e-05, "roll-out": 0.21113062272051872, "sft": 0.0, "bad-redirect": 0.029601898844097953, "roll-in": 0.2964435267555624, "unknown": 0.0, "sfR": 0.10567144593890508, "oneh-out": 0.030450975473263735, "dsfb-red": 0.01696223538719824, "oneh-in": 0.04606240713224369, "sfb": 0.02944752127515872}, "reddit": {"alternate": 0.14194835109657514, "redirect": 0.03620918242265934, "dsfb": 0.0, "dsfb-alt": 0.021532244184127906, "sfT": 0.000531970183149895, "roll-out": 0.242054112102921, "sft": 0.0, "bad-redirect": 0.01906447488358704, "roll-in": 0.26176367855770977, "unknown": 0.039285409944231534, "sfR": 0.10397777127267367, "oneh-out": 0.0516679317907996, "dsfb-red": 0.016101593494546294, "oneh-in": 0.03183157199211821, "sfb": 0.03403170807490059}, "akl": {"alternate": 0.12220913735062308, "redirect": 0.03534736282048941, "dsfb": 0.0, "dsfb-alt": 0.02098928102681237, "sfT": 0.0005224916638403229, "roll-out": 0.21706873800708432, "sft": 0.0, "bad-redirect": 0.014517816441935788, "roll-in": 0.21429283889929313, "unknown": 0.13277008071454782, "sfR": 0.13064861186637447, "oneh-out": 0.0375410025747051, "dsfb-red": 0.013854367907512922, "oneh-in": 0.024454769312159872, "sfb": 0.03578350141462141}, "french": {"alternate": 0.14572516539687347, "redirect": 0.02647701337292374, "dsfb": 0.0, "dsfb-alt": 0.014354518806349597, "sfT": 0.0001540132981493849, "roll-out": 0.17688257997683599, "sft": 0.0, "bad-redirect": 0.024929224672037446, "roll-in": 0.2243335078268045, "unknown": 0.15807953387545715, "sfR": 0.10898279115633469, "oneh-out": 0.02868458725252606, "dsfb-red": 0.015963418425830378, "oneh-in": 0.04150694341537942, "sfb": 0.03392670252449819}, "keymash": {"alternate": 0.13489017416968715, "redirect": 0.04026468209824599, "dsfb": 0.0, "dsfb-alt": 0.02058182445107609, "sfT": 0.0002093484337863743, "roll-out": 0.25209245812005104, "sft": 0.0, "bad-redirect": 0.019654123548414903, "roll-in": 0.2727522751248907, "unknown": 0.01232282349464109, "sfR": 0.099723742164827, "oneh-out": 0.06030055867297722, "dsfb-red": 0.016419485002852886, "oneh-in": 0.03628295698505416, "sfb": 0.03450554773349534}, "movie": {"alternate": 0.13235149940603316, "redirect": 0.039878487819764656, "dsfb": 0.0, "dsfb-alt": 0.0222674070711993, "sfT": 0.0006969421531432999, "roll-out": 0.25030237893360746, "sft": 0.0, "bad-redirect": 0.015107431869496002, "roll-in": 0.2536833906025194, "unknown": 0.030236445784519856, "sfR": 0.11567713207251198, "oneh-out": 0.04868146203619493, "dsfb-red": 0.01601111422705549, "oneh-in": 0.030902857239111563, "sfb": 0.04420345078484293}, "dutch": {"alternate": 0.14502410239430255, "redirect": 0.04203946431537054, "dsfb": 0.0, "dsfb-alt": 0.012836512146373807, "sfT": 0.0004356465767298671, "roll-out": 0.16190718239121413, "sft": 0.0, "bad-redirect": 0.014628067452348646, "roll-in": 0.25730533729097044, "unknown": 0.07290361491625476,