{"english-450k": {"dsfb-red": 0.011757871859982541, "alternate": 0.3468705216216327, "unknown": 0.00015377410175167997, "bad-redirect": 0.003566623652795619, "dsfb": 0.0, "sfb": 0.020454001956380776, "oneh-in": 0.00957346104574575, "redirect": 0.033442651322778856, "oneh-out": 0.004896798867567755, "sfR": 0.11369548401129392, "roll-out": 0.1935825916022969, "roll-in": 0.2127888599726013, "dsfb-alt": 0.049214436523161716, "sfT": 2.9234620104882125e-06, "sft": 0.0}, "shai": {"dsfb-red": 0.011566867659576182, "alternate": 0.30751262991801237, "unknown": 0.023621906111313578, "bad-redirect": 0.004476147134984068, "dsfb": 0.0, "sfb": 0.015126985790645562, "oneh-in": 0.010431711590759693, "redirect": 0.032214020137891826, "oneh-out": 0.006927373791387442, "sfR": 0.09823378925716947, "roll-out": 0.22955107050863055, "roll-in": 0.21911840292689602, "dsfb-alt": 0.04119370529097269, "sfT": 2.538988176055917e-05, "sft": 0.0}, "tr-quotes": {"dsfb-red": 0.010181225584244469, "alternate": 0.30100783615727794, "unknown": 0.01476965396084233, "bad-redirect": 0.0051720949585076625, "dsfb": 0.0, "sfb": 0.013705184808488015, "oneh-in": 0.01925637410138462, "redirect": 0.03262985136728231, "oneh-out": 0.00883821455814706, "sfR": 0.09677191928064538, "roll-out": 0.230770208733039, "roll-in": 0.22900880700862208, "dsfb-alt": 0.03788631793069971, "sfT": 2.3115508194447656e-06, "sft": 0.0}, "gutenberg": {"dsfb-red": 0.009780052534607257, "alternate": 0.2805914822404915, "unknown": 0.03802431837805746, "bad-redirect": 0.0053239312071707125, "dsfb": 0.0, "sfb": 0.015084850627206228, "oneh-in": 0.010307633961164703, "redirect": 0.029212287778713597, "oneh-out": 0.011227160081275955, "sfR": 0.09863878308844841, "roll-out": 0.23425562523040247, "roll-in": 0.22451649103982985, "dsfb-alt": 0.04303359509707309, "sfT": 3.788735558760826e-06, "sft": 0.0}, "english-200": {"dsfb-red": 0.008908685968819599, "alternate": 0.3028953229398664, "unknown": 0.0, "bad-redirect": 0.0066815144766146995, "dsfb": 0.0, "sfb": 0.004454342984409799, "oneh-in": 0.0066815144766146995, "redirect": 0.026726057906458798, "oneh-out": 0.0066815144766146995, "sfR": 0.10690423162583519, "roll-out": 0.2828507795100223, "roll-in": 0.20489977728285078, "dsfb-alt": 0.042316258351893093, "sfT": 0.0, "sft": 0.0}, "monkeyracer": {"dsfb-red": 0.010136931667109812, "alternate": 0.30017145784131255, "unknown": 0.014352018393105714, "bad-redirect": 0.005260060684736538, "dsfb": 0.0, "sfb": 0.013617897305159766, "oneh-in": 0.019728404523202528, "redirect": 0.03279400034408871, "oneh-out": 0.00884562147113565, "sfR": 0.09690789370786869, "roll-out": 0.2309969188419851, "roll-in": 0.22940941864648012, "dsfb-alt": 0.03777644399956207, "sfT": 2.9325742527800804e-06, "sft": 0.0}, "chained-bigrams": {"dsfb-red": 0.016593630710553604, "alternate": 0.29946711563921774, "unknown": 0.02365222201805197, "bad-redirect": 0.008029301822143757, "dsfb": 0.0, "sfb": 0.017065675221688854, "oneh-in": 0.007005348322748585, "redirect": 0.04062180014531439, "oneh-out": 0.0072787055981102635, "sfR": 0.11914286586209158, "roll-out": 0.1899540876652237, "roll-in": 0.21660609736064135, "dsfb-alt": 0.05453315317292477, "sfT": 4.999646128942822e-05, "sft": 0.0}, "english-5k": {"dsfb-red": 0.013813415190608537, "alternate": 0.33761977848757624, "unknown": 0.002157049819554486, "bad-redirect": 0.0036918737296221015, "dsfb": 0.0, "sfb": 0.013854896917907662, "oneh-in": 0.005019289003194093, "redirect": 0.03372464429418841, "oneh-out": 0.006097813912971336, "sfR": 0.10644211224955408, "roll-out": 0.23092877587422742, "roll-in": 0.20251379267432695, "dsfb-alt": 0.04413655784626872, "sfT": 0.0, "sft": 0.0}, "mt-quotes": {"dsfb-red": 0.010031555922114247, "alternate": 0.29960196507333164, "unknown": 0.008869126594231481, "bad-redirect": 0.005238402600972974, "dsfb": 0.0, "sfb": 0.01302428849762733, "oneh-in": 0.020999928281995196, "redirect": 0.033088894466955926, "oneh-out": 0.008925903348035525, "sfR": 0.0964592223377679, "roll-out": 0.23322844575130586, "roll-in": 0.23356761214903002, "dsfb-alt": 0.03696316085153178, "sfT": 1.4941251001063816e-06, "sft": 0.0}, "wordle": {"dsfb-red": 0.014316167395938518, "alternate": 0.3353304162459329, "unknown": 0.0, "bad-redirect": 0.0027375743296308764, "dsfb": 0.0, "sfb": 0.027196230225513294, "oneh-in": 0.005250757320767419, "redirect": 0.03157186132615281, "oneh-out": 0.007090766296420958, "sfR": 0.13138112868843263, "roll-out": 0.20035902614159093, "roll-in": 0.18869067653988555, "dsfb-alt": 0.05605295635588466, "sfT": 2.2439133849433412e-05, "sft": 0.0}, "english-1k": {"dsfb-red": 0.011997177134791814, "alternate": 0.31545518701482006, "unknown": 0.0, "bad-redirect": 0.0035285815102328866, "dsfb": 0.0, "sfb": 0.011644318983768526, "oneh-in": 0.0038814396612561752, "redirect": 0.033168666196189134, "oneh-out": 0.013408609738884969, "sfR": 0.10832745236414962, "roll-out": 0.2727593507410021, "roll-in": 0.18419195483415668, "dsfb-alt": 0.04163726182074806, "sfT": 0.0, "sft": 0.0}, "english-10k": {"dsfb-red": 0.012658960653017116, "alternate": 0.3444742478917813, "unknown": 0.0, "bad-redirect": 0.003126145771019471, "dsfb": 0.0, "sfb": 0.016016672777445437, "oneh-in": 0.005904942011925667, "redirect": 0.03149302406360356, "oneh-out": 0.005692672854634221, "sfR": 0.10567144593890508, "roll-out": 0.2227668319793134, "roll-in": 0.206846645182455, "dsfb-alt": 0.04534841087589973, "sfT": 0.0, "sft": 0.0}, "reddit": {"dsfb-red": 0.011018585057451244, "alternate": 0.2941344125563242, "unknown": 0.041217688064775854, "bad-redirect": 0.0046308600016069235, "dsfb": 0.0, "sfb": 0.015182838062050827, "oneh-in": 0.015117474875908272, "redirect": 0.03129697979003996, "oneh-out": 0.006748102828840035, "sfR": 0.10397777127267367, "roll-out": 0.22268027644320135, "roll-in": 0.21669656704680323, "dsfb-alt": 0.037240197722701644, "sfT": 5.8246277622735305e-05, "sft": 0.0}, "akl": {"dsfb-red": 0.011188961196784858, "alternate": 0.25428513210401316, "unknown": 0.13295000147380848, "bad-redirect": 0.004149295883987727, "dsfb": 0.0, "sfb": 0.019562688783067328, "oneh-in": 0.013519530482423592, "redirect": 0.026898252339877873, "oneh-out": 0.0051072590367005, "sfR": 0.13064861186637447, "roll-out": 0.18570228876155195, "roll-in": 0.18528169124920724, "dsfb-alt": 0.03057101270012756, "sfT": 0.00013527412207527156, "sft": 0.0}, "french": {"dsfb-red": 0.013994759922258041, "alternate": 0.2164364160368414, "unknown": 0.15822382396052298, "bad-redirect": 0.002170808448312575, "dsfb": 0.0, "sfb": 0.03871822402651498, "oneh-in": 0.0072411119981857595, "redirect": 0.03454160211554344, "oneh-out": 0.012202407692287063, "sfR": 0.10898279115633469, "roll-out": 0.1876863132052485, "roll-in": 0.18499136514256276, "dsfb-alt": 0.0347893417943565, "sfT": 2.1034501031297314e-05, "sft": 0.0}, "keymash": {"dsfb-red": 0.010414058363059442, "alternate": 0.29959402823330444, "unknown": 0.013394194891077241, "bad-redirect": 0.005348647239679327, "dsfb": 0.0, "sfb": 0.014342420149991996, "oneh-in": 0.018254362451921694, "redirect": 0.0312339653466769, "oneh-out": 0.008989668039061954, "sfR": 0.099723742164827, "roll-out": 0.23165430416274993, "roll-in": 0.2285428117547093, "dsfb-alt": 0.038503692331690015, "sfT": 4.104871250713221e-06, "sft": 0.0}, "movie": {"dsfb-red": 0.00915881477196266, "alternate": 0.28479430402443295, "unknown": 0.030451476652766863, "bad-redirect": 0.006182466456697929, "dsfb": 0.0, "sfb": 0.015387340472165148, "oneh-in": 0.02928407222668412, "redirect": 0.033347813482172244, "oneh-out": 0.009469648866699154, "sfR": 0.11567713207251198, "roll-out": 0.21530103860962146, "roll-in": 0.211473647072231, "dsfb-alt": 0.03945921710603456, "sfT": 1.3028186019861535e-05, "sft": 0.0}, "dutch": {"dsfb-red": 0.005435666479911468, "alternate": 0.28871573160742503, "unknown": 0.07325981014373002, "bad-redirect": 0.0019719390959774094, "dsfb": 0.0, "sfb": 0.025960598370686105, "oneh-in": 0.003136418665971143, "redirect": 0.01925605923674562,