{"english-450k": {"sfb": 0.03979767304117813, "sft": 0.0, "roll-in": 0.19690247506140732, "oneh-out": 0.005378293060695164, "oneh-in": 0.003625385239206432, "redirect": 0.01995964453040722, "dsfb-alt": 0.049006578374216, "dsfb": 0.0, "roll-out": 0.18622336068329493, "sfR": 0.11369548401129392, "bad-redirect": 0.002997717945554613, "sfT": 0.0017914975200271765, "unknown": 0.00015377410175167997, "alternate": 0.3711919714716883, "dsfb-red": 0.009276144959279097}, "shai": {"sfb": 0.019057815547463133, "sft": 0.0, "roll-in": 0.2039671148393641, "oneh-out": 0.01382095504349875, "oneh-in": 0.004496606115927104, "redirect": 0.019015871927243747, "dsfb-alt": 0.04498729809238387, "dsfb": 0.0, "roll-out": 0.23184553012679768, "sfR": 0.09823378925716947, "bad-redirect": 0.0023070190947392473, "sfT": 0.00021173845449312662, "unknown": 0.024097749651430984, "alternate": 0.32947611617171363, "dsfb-red": 0.008482395677775152}, "tr-quotes": {"sfb": 0.018402256073599778, "sft": 0.0, "roll-in": 0.1920679133630753, "oneh-out": 0.023397517394419916, "oneh-in": 0.004531795381521463, "redirect": 0.021883451607683596, "dsfb-alt": 0.04082776634844317, "dsfb": 0.0, "roll-out": 0.2556690783846883, "sfR": 0.09677191928064538, "bad-redirect": 0.0019798432768544415, "sfT": 0.000187235616375026, "unknown": 0.013894731975682485, "alternate": 0.31996486442754446, "dsfb-red": 0.010421626869466726}, "gutenberg": {"sfb": 0.019329939384019796, "sft": 0.0, "roll-in": 0.18693810683703851, "oneh-out": 0.016729351296486363, "oneh-in": 0.004316127548540332, "redirect": 0.022091359296022624, "dsfb-alt": 0.038695492882291946, "dsfb": 0.0, "roll-out": 0.2758284733327953, "sfR": 0.09863878308844841, "bad-redirect": 0.0022374377842262058, "sfT": 0.00012749095155230178, "unknown": 0.03298207965968062, "alternate": 0.2919959551459175, "dsfb-red": 0.01008940279298008}, "english-200": {"sfb": 0.011135857461024499, "sft": 0.0, "roll-in": 0.18930957683741648, "oneh-out": 0.013363028953229399, "oneh-in": 0.0022271714922048997, "redirect": 0.028953229398663696, "dsfb-alt": 0.028953229398663696, "dsfb": 0.0, "roll-out": 0.2717149220489978, "sfR": 0.10690423162583519, "bad-redirect": 0.0, "sfT": 0.0, "unknown": 0.0, "alternate": 0.33853006681514475, "dsfb-red": 0.008908685968819599}, "monkeyracer": {"sfb": 0.018316858782864383, "sft": 0.0, "roll-in": 0.19224783771525095, "oneh-out": 0.023893637486901168, "oneh-in": 0.0045396249433035645, "redirect": 0.021815419866431016, "dsfb-alt": 0.04076473716314497, "dsfb": 0.0, "roll-out": 0.25627864147520213, "sfR": 0.09690789370786869, "bad-redirect": 0.0019970830661432347, "sfT": 0.00017399940566495143, "unknown": 0.013491796612290222, "alternate": 0.31912957286078486, "dsfb-red": 0.010442896914149867}, "chained-bigrams": {"sfb": 0.022914611887859884, "sft": 0.0, "roll-in": 0.18343506855683592, "oneh-out": 0.007407267927140222, "oneh-in": 0.004795764455632685, "redirect": 0.02752727242032869, "dsfb-alt": 0.05661352540631864, "dsfb": 0.0, "roll-out": 0.2205558178025062, "sfR": 0.11914286586209158, "bad-redirect": 0.003565332064159095, "sfT": 0.00017076713401454054, "unknown": 0.023159399756770463, "alternate": 0.3165412318219035, "dsfb-red": 0.014171074904438582}, "english-5k": {"sfb": 0.02181938855933961, "sft": 0.0, "roll-in": 0.22259094868710333, "oneh-out": 0.0076326378230389515, "oneh-in": 0.002074086364956237, "redirect": 0.01742232546563239, "dsfb-alt": 0.04782843157589082, "dsfb": 0.0, "roll-out": 0.1866262911187622, "sfR": 0.10644211224955408, "bad-redirect": 0.0035259468204256023, "sfT": 0.0003733355456921226, "unknown": 0.002157049819554486, "alternate": 0.3748703696021902, "dsfb-red": 0.006637076367859957}, "mt-quotes": {"sfb": 0.0174424164186419, "sft": 0.0, "roll-in": 0.19267639640931855, "oneh-out": 0.025628727842124766, "oneh-in": 0.004648223186430953, "redirect": 0.021996509723766152, "dsfb-alt": 0.04027862444866784, "dsfb": 0.0, "roll-out": 0.2625088153380906, "sfR": 0.0964592223377679, "bad-redirect": 0.0018153619966292539, "sfT": 0.00013297713390946798, "unknown": 0.007995063410669249, "alternate": 0.3176584669081173, "dsfb-red": 0.010759194845866054}, "wordle": {"sfb": 0.04523729384045776, "sft": 0.0, "roll-in": 0.1734769437899697, "oneh-out": 0.007270279367216426, "oneh-in": 0.00756198810725906, "redirect": 0.0285425782564793, "dsfb-alt": 0.053382699427802084, "dsfb": 0.0, "roll-out": 0.2051834399192191, "sfR": 0.13138112868843263, "bad-redirect": 0.0008302479524290362, "sfT": 0.0006282957477841356, "unknown": 0.0, "alternate": 0.32832940648490966, "dsfb-red": 0.018175698418041064}, "english-1k": {"sfb": 0.016231474947071278, "sft": 0.0, "roll-in": 0.1990119971771348, "oneh-out": 0.012702893436838392, "oneh-in": 0.0014114326040931546, "redirect": 0.0187014820042343, "dsfb-alt": 0.04128440366972477, "dsfb": 0.0, "roll-out": 0.23817925194071984, "sfR": 0.10832745236414962, "bad-redirect": 0.0014114326040931546, "sfT": 0.0, "unknown": 0.0, "alternate": 0.3542695836273818, "dsfb-red": 0.008468595624558928}, "english-10k": {"sfb": 0.024314467107929217, "sft": 0.0, "roll-in": 0.23544508982844792, "oneh-out": 0.006271588738156346, "oneh-in": 0.0059821307963952835, "redirect": 0.018177958742594702, "dsfb-alt": 0.05048146504312923, "dsfb": 0.0, "roll-out": 0.1784990640859883, "sfR": 0.10567144593890508, "bad-redirect": 0.002450743906910326, "sfT": 0.00040524111846548696, "unknown": 0.0, "alternate": 0.3654117056791648, "dsfb-red": 0.006889099013913279}, "reddit": {"sfb": 0.018035519741274156, "sft": 0.0, "roll-in": 0.18424410097245064, "oneh-out": 0.01791456975385048, "oneh-in": 0.004989102702046692, "redirect": 0.021137817622476844, "dsfb-alt": 0.0418383199451174, "dsfb": 0.0, "roll-out": 0.24209351730167283, "sfR": 0.10397777127267367, "bad-redirect": 0.002369593420380616, "sfT": 0.0002390157540261569, "unknown": 0.04519937363713543, "alternate": 0.30664803534931007, "dsfb-red": 0.011313262527585044}, "akl": {"sfb": 0.025019214484545183, "sft": 0.0, "roll-in": 0.1612655559990021, "oneh-out": 0.01540195327925844, "oneh-in": 0.004719794418913393, "redirect": 0.018612977969491202, "dsfb-alt": 0.033353533445309835, "dsfb": 0.0, "roll-out": 0.20008040842061767, "sfR": 0.13064861186637447, "bad-redirect": 0.001605697652132922, "sfT": 0.0002906849399480493, "unknown": 0.13920166722946467, "alternate": 0.25837256015207827, "dsfb-red": 0.011427340142863803}, "french": {"sfb": 0.048519387614960705, "sft": 0.0, "roll-in": 0.16505256085836226, "oneh-out": 0.011203193984108734, "oneh-in": 0.002466445064303024, "redirect": 0.01026549570416011, "dsfb-alt": 0.03892528801423119, "dsfb": 0.0, "roll-out": 0.1842224522533681, "sfR": 0.10898279115633469, "bad-redirect": 0.004720597479308695, "sfT": 0.0001492490735568261, "unknown": 0.15842537463172957, "alternate": 0.2607770543197861, "dsfb-red": 0.0062901098457899905}, "keymash": {"sfb": 0.019272370522098573, "sft": 0.0, "roll-in": 0.19011711197678285, "oneh-out": 0.02260552597767771, "oneh-in": 0.004359373268257441, "redirect": 0.021275547692446627, "dsfb-alt": 0.04051097437328878, "dsfb": 0.0, "roll-out": 0.25913231231502426, "sfR": 0.099723742164827, "bad-redirect": 0.002093484337863743, "sfT": 0.00016419485002852887, "unknown": 0.012376186820900362, "alternate": 0.3177991322302176, "dsfb-red": 0.010570043470586545}, "movie": {"sfb": 0.01757462814727746, "sft": 0.0, "roll-in": 0.1610240364768153, "oneh-out": 0.0334015054003147, "oneh-in": 0.0037613294224210342, "redirect": 0.02487107030759284, "dsfb-alt": 0.04153069868319255, "dsfb": 0.0, "roll-out": 0.25327267374829726, "sfR": 0.11567713207251198, "bad-redirect": 0.0018935612993917943, "sfT": 9.225008484770642e-05, "unknown": 0.030282373430185833, "alternate": 0.30272095638992386, "dsfb-red": 0.013897784537227648}, "dutch": {"sfb": 0.03184580779285945, "sft": 0.0, "roll-in": 0.18203964505777642, "oneh-out": 0.00700557923834935, "oneh-in": 0.004152126436198343, "redirect": 0.01718082083518125, "dsfb-alt": 0.04062628462933946, "dsfb": 0.0,