{"english-450k": {"dsfb": 0.0, "bad-redirect": 0.002997717945554613, "oneh-out": 0.005378293060695164, "roll-in": 0.19690247506140732, "sfT": 0.0017914975200271765, "sft": 0.0, "sfR": 0.11369548401129392, "sfb": 0.03979767304117813, "alternate": 0.3711919714716883, "unknown": 0.00015377410175167997, "redirect": 0.01995964453040722, "oneh-in": 0.003625385239206432, "roll-out": 0.18622336068329493, "dsfb-alt": 0.049006578374216, "dsfb-red": 0.009276144959279097}, "shai": {"dsfb": 0.0, "bad-redirect": 0.0023070190947392473, "oneh-out": 0.01382095504349875, "roll-in": 0.2039671148393641, "sfT": 0.00021173845449312662, "sft": 0.0, "sfR": 0.09823378925716947, "sfb": 0.019057815547463133, "alternate": 0.32947611617171363, "unknown": 0.024097749651430984, "redirect": 0.019015871927243747, "oneh-in": 0.004496606115927104, "roll-out": 0.23184553012679768, "dsfb-alt": 0.04498729809238387, "dsfb-red": 0.008482395677775152}, "tr-quotes": {"dsfb": 0.0, "bad-redirect": 0.0019798432768544415, "oneh-out": 0.023397517394419916, "roll-in": 0.1920679133630753, "sfT": 0.000187235616375026, "sft": 0.0, "sfR": 0.09677191928064538, "sfb": 0.018402256073599778, "alternate": 0.31996486442754446, "unknown": 0.013894731975682485, "redirect": 0.021883451607683596, "oneh-in": 0.004531795381521463, "roll-out": 0.2556690783846883, "dsfb-alt": 0.04082776634844317, "dsfb-red": 0.010421626869466726}, "gutenberg": {"dsfb": 0.0, "bad-redirect": 0.0022374377842262058, "oneh-out": 0.016729351296486363, "roll-in": 0.18693810683703851, "sfT": 0.00012749095155230178, "sft": 0.0, "sfR": 0.09863878308844841, "sfb": 0.019329939384019796, "alternate": 0.2919959551459175, "unknown": 0.03298207965968062, "redirect": 0.022091359296022624, "oneh-in": 0.004316127548540332, "roll-out": 0.2758284733327953, "dsfb-alt": 0.038695492882291946, "dsfb-red": 0.01008940279298008}, "english-200": {"dsfb": 0.0, "bad-redirect": 0.0, "oneh-out": 0.013363028953229399, "roll-in": 0.18930957683741648, "sfT": 0.0, "sft": 0.0, "sfR": 0.10690423162583519, "sfb": 0.011135857461024499, "alternate": 0.33853006681514475, "unknown": 0.0, "redirect": 0.028953229398663696, "oneh-in": 0.0022271714922048997, "roll-out": 0.2717149220489978, "dsfb-alt": 0.028953229398663696, "dsfb-red": 0.008908685968819599}, "monkeyracer": {"dsfb": 0.0, "bad-redirect": 0.0019970830661432347, "oneh-out": 0.023893637486901168, "roll-in": 0.19224783771525095, "sfT": 0.00017399940566495143, "sft": 0.0, "sfR": 0.09690789370786869, "sfb": 0.018316858782864383, "alternate": 0.31912957286078486, "unknown": 0.013491796612290222, "redirect": 0.021815419866431016, "oneh-in": 0.0045396249433035645, "roll-out": 0.25627864147520213, "dsfb-alt": 0.04076473716314497, "dsfb-red": 0.010442896914149867}, "chained-bigrams": {"dsfb": 0.0, "bad-redirect": 0.003565332064159095, "oneh-out": 0.007407267927140222, "roll-in": 0.18343506855683592, "sfT": 0.00017076713401454054, "sft": 0.0, "sfR": 0.11914286586209158, "sfb": 0.022914611887859884, "alternate": 0.3165412318219035, "unknown": 0.023159399756770463, "redirect": 0.02752727242032869, "oneh-in": 0.004795764455632685, "roll-out": 0.2205558178025062, "dsfb-alt": 0.05661352540631864, "dsfb-red": 0.014171074904438582}, "english-5k": {"dsfb": 0.0, "bad-redirect": 0.0035259468204256023, "oneh-out": 0.0076326378230389515, "roll-in": 0.22259094868710333, "sfT": 0.0003733355456921226, "sft": 0.0, "sfR": 0.10644211224955408, "sfb": 0.02181938855933961, "alternate": 0.3748703696021902, "unknown": 0.002157049819554486, "redirect": 0.01742232546563239, "oneh-in": 0.002074086364956237, "roll-out": 0.1866262911187622, "dsfb-alt": 0.04782843157589082, "dsfb-red": 0.006637076367859957}, "mt-quotes": {"dsfb": 0.0, "bad-redirect": 0.0018153619966292539, "oneh-out": 0.025628727842124766, "roll-in": 0.19267639640931855, "sfT": 0.00013297713390946798, "sft": 0.0, "sfR": 0.0964592223377679, "sfb": 0.0174424164186419, "alternate": 0.3176584669081173, "unknown": 0.007995063410669249, "redirect": 0.021996509723766152, "oneh-in": 0.004648223186430953, "roll-out": 0.2625088153380906, "dsfb-alt": 0.04027862444866784, "dsfb-red": 0.010759194845866054}, "wordle": {"dsfb": 0.0, "bad-redirect": 0.0008302479524290362, "oneh-out": 0.007270279367216426, "roll-in": 0.1734769437899697, "sfT": 0.0006282957477841356, "sft": 0.0, "sfR": 0.13138112868843263, "sfb": 0.04523729384045776, "alternate": 0.32832940648490966, "unknown": 0.0, "redirect": 0.0285425782564793, "oneh-in": 0.00756198810725906, "roll-out": 0.2051834399192191, "dsfb-alt": 0.053382699427802084, "dsfb-red": 0.018175698418041064}, "english-1k": {"dsfb": 0.0, "bad-redirect": 0.0014114326040931546, "oneh-out": 0.012702893436838392, "roll-in": 0.1990119971771348, "sfT": 0.0, "sft": 0.0, "sfR": 0.10832745236414962, "sfb": 0.016231474947071278, "alternate": 0.3542695836273818, "unknown": 0.0, "redirect": 0.0187014820042343, "oneh-in": 0.0014114326040931546, "roll-out": 0.23817925194071984, "dsfb-alt": 0.04128440366972477, "dsfb-red": 0.008468595624558928}, "english-10k": {"dsfb": 0.0, "bad-redirect": 0.002450743906910326, "oneh-out": 0.006271588738156346, "roll-in": 0.23544508982844792, "sfT": 0.00040524111846548696, "sft": 0.0, "sfR": 0.10567144593890508, "sfb": 0.024314467107929217, "alternate": 0.3654117056791648, "unknown": 0.0, "redirect": 0.018177958742594702, "oneh-in": 0.0059821307963952835, "roll-out": 0.1784990640859883, "dsfb-alt": 0.05048146504312923, "dsfb-red": 0.006889099013913279}, "reddit": {"dsfb": 0.0, "bad-redirect": 0.002369593420380616, "oneh-out": 0.01791456975385048, "roll-in": 0.18424410097245064, "sfT": 0.0002390157540261569, "sft": 0.0, "sfR": 0.10397777127267367, "sfb": 0.018035519741274156, "alternate": 0.30664803534931007, "unknown": 0.04519937363713543, "redirect": 0.021137817622476844, "oneh-in": 0.004989102702046692, "roll-out": 0.24209351730167283, "dsfb-alt": 0.0418383199451174, "dsfb-red": 0.011313262527585044}, "akl": {"dsfb": 0.0, "bad-redirect": 0.001605697652132922, "oneh-out": 0.01540195327925844, "roll-in": 0.1612655559990021, "sfT": 0.0002906849399480493, "sft": 0.0, "sfR": 0.13064861186637447, "sfb": 0.025019214484545183, "alternate": 0.25837256015207827, "unknown": 0.13920166722946467, "redirect": 0.018612977969491202, "oneh-in": 0.004719794418913393, "roll-out": 0.20008040842061767, "dsfb-alt": 0.033353533445309835, "dsfb-red": 0.011427340142863803}, "french": {"dsfb": 0.0, "bad-redirect": 0.004720597479308695, "oneh-out": 0.011203193984108734, "roll-in": 0.16505256085836226, "sfT": 0.0001492490735568261, "sft": 0.0, "sfR": 0.10898279115633469, "sfb": 0.048519387614960705, "alternate": 0.2607770543197861, "unknown": 0.15842537463172957, "redirect": 0.01026549570416011, "oneh-in": 0.002466445064303024, "roll-out": 0.1842224522533681, "dsfb-alt": 0.03892528801423119, "dsfb-red": 0.0062901098457899905}, "keymash": {"dsfb": 0.0, "bad-redirect": 0.002093484337863743, "oneh-out": 0.02260552597767771, "roll-in": 0.19011711197678285, "sfT": 0.00016419485002852887, "sft": 0.0, "sfR": 0.099723742164827, "sfb": 0.019272370522098573, "alternate": 0.3177991322302176, "unknown": 0.012376186820900362, "redirect": 0.021275547692446627, "oneh-in": 0.004359373268257441, "roll-out": 0.25913231231502426, "dsfb-alt": 0.04051097437328878, "dsfb-red": 0.010570043470586545}, "movie": {"dsfb": 0.0, "bad-redirect": 0.0018935612993917943, "oneh-out": 0.0334015054003147, "roll-in": 0.1610240364768153, "sfT": 9.225008484770642e-05, "sft": 0.0, "sfR": 0.11567713207251198, "sfb": 0.01757462814727746, "alternate": 0.30272095638992386, "unknown": 0.030282373430185833, "redirect": 0.02487107030759284, "oneh-in": 0.0037613294224210342, "roll-out": 0.25327267374829726, "dsfb-alt": 0.04153069868319255, "dsfb-red": 0.013897784537227648}, "dutch": {"dsfb": 0.0, "bad-redirect": 0.0013550121895332288, "oneh-out": 0.00700557923834935, "roll-in": 0.18203964505777642, "sfT": 0.0002150440152585321, "sft": 0.0, "sfR": 0.18880787437283908, "sfb": 0.03184580779285945,