{"english-450k": {"sft": 0.0, "bad-redirect": 0.004521426345421069, "alternate": 0.36367721237372835, "unknown": 0.0, "sfR": 0.11369548401129392, "dsfb-red": 0.004462957105211305, "oneh-out": 0.0034876901785124374, "oneh-in": 0.005246152577821097, "roll-in": 0.24223133822642914, "sfb": 0.045419782833548014, "redirect": 0.010802776821156043, "roll-out": 0.13154614304733495, "dsfb": 0.0, "sfT": 0.0003198267439474104, "dsfb-alt": 0.07458920973559625}, "shai": {"sft": 0.0, "bad-redirect": 0.004542783963379121, "alternate": 0.3163146671773542, "unknown": 0.015546460696927484, "sfR": 0.09823378925716947, "dsfb-red": 0.0050523078009173175, "oneh-out": 0.0027191324834741283, "oneh-in": 0.012472868434277208, "roll-in": 0.3013538186846617, "sfb": 0.041923134145582484, "redirect": 0.009840158309009105, "roll-out": 0.12147463426959039, "dsfb": 0.0, "sfT": 0.0002891234081395626, "dsfb-alt": 0.07023712136951783}, "tr-quotes": {"sft": 0.0, "bad-redirect": 0.005031090358521532, "alternate": 0.30385913409306303, "unknown": 0.009742030928549965, "sfR": 0.09677191928064538, "dsfb-red": 0.004602297681514528, "oneh-out": 0.002469892050576732, "oneh-in": 0.020938027322530684, "roll-in": 0.317556228473683, "sfb": 0.04766764522318023, "redirect": 0.010866600402209842, "roll-out": 0.10981253322854304, "dsfb": 0.0, "sfT": 0.0001606527819514112, "dsfb-alt": 0.07052194817503063}, "gutenberg": {"sft": 0.0, "bad-redirect": 0.005201933922178614, "alternate": 0.2780306758763251, "unknown": 0.025597834055655768, "sfR": 0.09863878308844841, "dsfb-red": 0.006535000528528611, "oneh-out": 0.0024007322868087972, "oneh-in": 0.013855974248722154, "roll-in": 0.33722398587862484, "sfb": 0.04512573487262082, "redirect": 0.010581370105285173, "roll-out": 0.11017150469253843, "dsfb": 0.0, "sfT": 0.00016310506580465356, "dsfb-alt": 0.06647336537845869}, "english-200": {"sft": 0.0, "bad-redirect": 0.0022271714922048997, "alternate": 0.3051224944320713, "unknown": 0.0, "sfR": 0.10690423162583519, "dsfb-red": 0.0022271714922048997, "oneh-out": 0.0, "oneh-in": 0.015590200445434299, "roll-in": 0.35412026726057905, "sfb": 0.028953229398663696, "redirect": 0.011135857461024499, "roll-out": 0.09799554565701558, "dsfb": 0.0, "sfT": 0.0, "dsfb-alt": 0.0757238307349666}, "monkeyracer": {"sft": 0.0, "bad-redirect": 0.004973645932715016, "alternate": 0.30318125654941586, "unknown": 0.009365664638628651, "sfR": 0.09690789370786869, "dsfb-red": 0.004599253953110093, "oneh-out": 0.002496598213866775, "oneh-in": 0.02130710699594914, "roll-in": 0.31809144157530067, "sfb": 0.047818555765831994, "redirect": 0.010888648200572438, "roll-out": 0.10976527675680749, "dsfb": 0.0, "sfT": 0.00017693197991773153, "dsfb-alt": 0.07042772573001549}, "chained-bigrams": {"sft": 0.0, "bad-redirect": 0.0037737588703137246, "alternate": 0.3196663353048388, "unknown": 0.01607548556628135, "sfR": 0.11914286586209158, "dsfb-red": 0.009979163812431458, "oneh-out": 0.0027725310351410194, "oneh-in": 0.010704437153474203, "roll-in": 0.28986519785287923, "sfb": 0.03963615562275138, "redirect": 0.01674297078972982, "roll-out": 0.09801189396334935, "dsfb": 0.0, "sfT": 0.00037919394016916984, "dsfb-alt": 0.0732500102265489}, "english-5k": {"sft": 0.0, "bad-redirect": 0.0032355747293317293, "alternate": 0.3593976853196167, "unknown": 0.0, "sfR": 0.10644211224955408, "dsfb-red": 0.005185215912390592, "oneh-out": 0.004314099639108972, "oneh-in": 0.004355581366408097, "roll-in": 0.2561081843447961, "sfb": 0.037167627660015766, "redirect": 0.009167461733106567, "roll-out": 0.14099639108972498, "dsfb": 0.0, "sfT": 0.00041481727299124733, "dsfb-alt": 0.07321524868295516}, "mt-quotes": {"sft": 0.0, "bad-redirect": 0.005063589964260528, "alternate": 0.3007838180275158, "unknown": 0.00522794372527223, "sfR": 0.0964592223377679, "dsfb-red": 0.004377786543311698, "oneh-out": 0.002474271165776168, "oneh-in": 0.02278241952642211, "roll-in": 0.3252157516644554, "sfb": 0.048203463979632086, "redirect": 0.010639664837857544, "roll-out": 0.10803122123809182, "dsfb": 0.0, "sfT": 0.00016136551081148923, "dsfb-alt": 0.07057948147882526}, "wordle": {"sft": 0.0, "bad-redirect": 0.003365870077415012, "alternate": 0.31852350499270726, "unknown": 0.0, "sfR": 0.13138112868843263, "dsfb-red": 0.009514192752159766, "oneh-out": 0.003051722203522944, "oneh-in": 0.009087849209020532, "roll-in": 0.20769662291035565, "sfb": 0.07021204981487715, "redirect": 0.015101537080668687, "roll-out": 0.14515875687198473, "dsfb": 0.0, "sfT": 0.0013912262986648714, "dsfb-alt": 0.08551553910019073}, "english-1k": {"sft": 0.0, "bad-redirect": 0.0028228652081863093, "alternate": 0.33697953422724064, "unknown": 0.0, "sfR": 0.10832745236414962, "dsfb-red": 0.003175723359209598, "oneh-out": 0.004940014114326041, "oneh-in": 0.007410021171489062, "roll-in": 0.2798165137614679, "sfb": 0.028228652081863093, "redirect": 0.007410021171489062, "roll-out": 0.14467184191954835, "dsfb": 0.0, "sfT": 0.0, "dsfb-alt": 0.07621736062103035}, "english-10k": {"sft": 0.0, "bad-redirect": 0.002836687829258409, "alternate": 0.353196580536848, "unknown": 0.0, "sfR": 0.10567144593890508, "dsfb-red": 0.004862893421585844, "oneh-out": 0.003859439223480828, "oneh-in": 0.006541749483800004, "roll-in": 0.2685204839736786, "sfb": 0.039810115590204746, "redirect": 0.008606549468362246, "roll-out": 0.13340151675961484, "dsfb": 0.0, "sfT": 0.0003280523339958704, "dsfb-alt": 0.07236448544026552}, "reddit": {"sft": 0.0, "bad-redirect": 0.00551197073377387, "alternate": 0.2972755163176666, "unknown": 0.03279448971484982, "sfR": 0.10397777127267367, "dsfb-red": 0.004756042676729226, "oneh-out": 0.0029963308590839, "oneh-in": 0.015822535765742836, "roll-in": 0.29480890819693684, "sfb": 0.048002386786373065, "redirect": 0.012315135960109353, "roll-out": 0.11534429824191758, "dsfb": 0.0, "sfT": 0.0003889952367280425, "dsfb-alt": 0.0660056182374152}, "akl": {"sft": 0.0, "bad-redirect": 0.0033411843386514884, "alternate": 0.2547804701130296, "unknown": 0.12423987988349773, "sfR": 0.13064861186637447, "dsfb-red": 0.004390516204320307, "oneh-out": 0.0032135695732599307, "oneh-in": 0.015099235737036297, "roll-in": 0.24802617760570636, "sfb": 0.04347238368297102, "redirect": 0.016520886460340233, "roll-out": 0.1027047338011586, "dsfb": 0.0, "sfT": 0.0004236612550182067, "dsfb-alt": 0.053138689478635745}, "french": {"sft": 0.0, "bad-redirect": 0.003247463278877497, "alternate": 0.25870415218503445, "unknown": 0.14987089475718507, "sfR": 0.10898279115633469, "dsfb-red": 0.005349699853101577, "oneh-out": 0.004244474656819644, "oneh-in": 0.004140395825862078, "roll-in": 0.21596811373396657, "sfb": 0.04057630158128959, "redirect": 0.009397612790882318, "roll-out": 0.14981983665211765, "dsfb": 0.0, "sfT": 0.0012242708837425374, "dsfb-alt": 0.04847399264478632}, "keymash": {"sft": 0.0, "bad-redirect": 0.004749336037075197, "alternate": 0.3006653996297406, "unknown": 0.008566866300238493, "sfR": 0.099723742164827, "dsfb-red": 0.0051228793208901, "oneh-out": 0.0026394322142086015, "oneh-in": 0.019892206080956272, "roll-in": 0.31548808971606607, "sfb": 0.04668470073436147, "redirect": 0.010528994758079413, "roll-out": 0.11352431930972486, "dsfb": 0.0, "sfT": 0.0002709215025470726, "dsfb-alt": 0.07214311223128486}, "movie": {"sft": 0.0, "bad-redirect": 0.0043907618843705065, "alternate": 0.29392522005461574, "unknown": 0.024481409107544254, "sfR": 0.11567713207251198, "dsfb-red": 0.005055462567060614, "oneh-out": 0.0018014428123826723, "oneh-in": 0.03116868487305217, "roll-in": 0.28757115001640365, "sfb": 0.04669973018495155, "redirect": 0.013628008968129504, "roll-out": 0.10837016208510986, "dsfb": 0.0, "sfT": 0.00021055654173513593, "dsfb-alt": 0.06702027883213235}, "dutch": {"sft": 0.0, "bad-redirect": 0.0031405786102336277, "alternate": 0.27462786519298965, "unknown": 0.06757562285572356, "sfR": 0.18880787437283908, "dsfb-red": 0.005954117464417863, "oneh-out": 0.003011638268890836, "oneh-in": 0.008141279883596152,