{"monkeyracer": {"oneh-out": 0.002406665936781519, "dsfb-alt": 0.06775321801148006, "bad-redirect": 0.002891518213241159, "sfb": 0.041625936468711384, "roll-out": 0.15475683094295947, "oneh-in": 0.005681373852385942, "sft": 0.0, "unknown": 0.014352018393105714, "dsfb-red": 0.018877957989896305, "dsfb": 0.0, "sfT": 8.99322770852558e-05, "sfR": 0.09690789370786869, "alternate": 0.3122839670300452, "roll-in": 0.26592876581635044, "redirect": 0.016443921360088837}}