{"english-450k": {"sfT": 0.00014208025370972713, "oneh-in": 0.0035923501184879155, "alternate": 0.36321705945327754, "unknown": 0.0001543587941537776, "dsfb-red": 0.013192999360931204, "sfb": 0.024354192624573102, "redirect": 0.03292022866150461, "bad-redirect": 0.002074780988843484, "roll-in": 0.22788795656437083, "dsfb": 0.0, "oneh-out": 0.0041627175567341655, "roll-out": 0.16386560026568422, "sfR": 0.11369548401129392, "sft": 0.0, "dsfb-alt": 0.05074019134643551}, "shai": {"sfT": 3.62038039616266e-05, "oneh-in": 0.0036738655754384474, "alternate": 0.3295041185794175, "unknown": 0.031793109309943265, "dsfb-red": 0.008888107410346624, "sfb": 0.013581098069037565, "redirect": 0.03317810413752894, "bad-redirect": 0.0012348307067707074, "roll-in": 0.23556609605487683, "dsfb": 0.0, "oneh-out": 0.010899752386726294, "roll-out": 0.1897455299100548, "sfR": 0.09823378925716947, "sft": 0.0, "dsfb-alt": 0.043665394798727906}, "tr-quotes": {"sfT": 2.3115508194447656e-05, "oneh-in": 0.00386606874552137, "alternate": 0.32134948336839186, "unknown": 0.039616513719054114, "dsfb-red": 0.00818288990083447, "sfb": 0.010762580615334829, "redirect": 0.031076489216615426, "bad-redirect": 0.001881602367028039, "roll-in": 0.22222093802732254, "dsfb": 0.0, "oneh-out": 0.0199267238390236, "roll-out": 0.2006599477589515, "sfR": 0.09677191928064538, "sft": 0.0, "dsfb-alt": 0.043661727653082454}, "gutenberg": {"sfT": 0.00015268604301806128, "oneh-in": 0.003354357026948897, "alternate": 0.3126176639186968, "unknown": 0.04011588984327138, "dsfb-red": 0.007148017941936112, "sfb": 0.010423758706040722, "redirect": 0.02947389996904603, "bad-redirect": 0.0018708776189160958, "roll-in": 0.2240836280022414, "dsfb": 0.0, "oneh-out": 0.01044137632638896, "roll-out": 0.22116497556455, "sfR": 0.09863878308844841, "sft": 0.0, "dsfb-alt": 0.04051408595049714}, "english-200": {"sfT": 0.0, "oneh-in": 0.008908685968819599, "alternate": 0.33407572383073497, "unknown": 0.0, "dsfb-red": 0.0022271714922048997, "sfb": 0.008908685968819599, "redirect": 0.026726057906458798, "bad-redirect": 0.0, "roll-in": 0.27839643652561247, "dsfb": 0.0, "oneh-out": 0.017817371937639197, "roll-out": 0.17371937639198218, "sfR": 0.10690423162583519, "sft": 0.0, "dsfb-alt": 0.042316258351893093}, "monkeyracer": {"sfT": 2.1505544520387257e-05, "oneh-in": 0.0038973911819447267, "alternate": 0.3212156106792624, "unknown": 0.03912933825484461, "dsfb-red": 0.00815646652173233, "sfb": 0.01066968265636486, "redirect": 0.031048141138933637, "bad-redirect": 0.0019521169276006068, "roll-in": 0.22167133271814443, "dsfb": 0.0, "oneh-out": 0.020421469571609552, "roll-out": 0.20120587453274316, "sfR": 0.09690789370786869, "sft": 0.0, "dsfb-alt": 0.04370317656443061}, "chained-bigrams": {"sfT": 2.077775014625588e-05, "oneh-in": 0.005925554619835349, "alternate": 0.33016364426154254, "unknown": 0.033665798979163164, "dsfb-red": 0.017750691671823228, "sfb": 0.01458598060267163, "redirect": 0.03678635732925397, "bad-redirect": 0.00276019424599168, "roll-in": 0.1869900117459219, "dsfb": 0.0, "oneh-out": 0.005137948028353837, "roll-out": 0.18787955917405846, "sfR": 0.11914286586209158, "sft": 0.0, "dsfb-alt": 0.05919061572914645}, "english-5k": {"sfT": 0.0, "oneh-in": 0.004023727548015099, "alternate": 0.3567013730451736, "unknown": 0.0022400132741527356, "dsfb-red": 0.010536358733977683, "sfb": 0.015970465010163023, "redirect": 0.032770564566308544, "bad-redirect": 0.0018666777284606132, "roll-in": 0.26320155971294645, "dsfb": 0.0, "oneh-out": 0.004645953457501971, "roll-out": 0.15489276973493177, "sfR": 0.10644211224955408, "sft": 0.0, "dsfb-alt": 0.046708424938814455}, "mt-quotes": {"sfT": 7.470625500531909e-06, "oneh-in": 0.003929549013279784, "alternate": 0.32223945446504343, "unknown": 0.03468910244916987, "dsfb-red": 0.007924839530964248, "sfb": 0.009853755035201587, "redirect": 0.030740129809588696, "bad-redirect": 0.0019632803815397854, "roll-in": 0.22123809182295215, "dsfb": 0.0, "oneh-out": 0.022044321726969556, "roll-out": 0.2046249148348693, "sfR": 0.0964592223377679, "sft": 0.0, "dsfb-alt": 0.044285867967153156}, "wordle": {"sfT": 0.0001795130707954673, "oneh-in": 0.0025580612588354088, "alternate": 0.32507573207674184, "unknown": 0.0, "dsfb-red": 0.016223493773140356, "sfb": 0.030696735106024907, "redirect": 0.03583529675754516, "bad-redirect": 0.0019522046449007068, "roll-in": 0.20464490070683272, "dsfb": 0.0, "oneh-out": 0.006440031414787389, "roll-out": 0.1896555592954112, "sfR": 0.13138112868843263, "sft": 0.0, "dsfb-alt": 0.05535734320655223}, "english-1k": {"sfT": 0.0, "oneh-in": 0.004940014114326041, "alternate": 0.32357092448835567, "unknown": 0.0, "dsfb-red": 0.01058574453069866, "sfb": 0.011644318983768526, "redirect": 0.03352152434721242, "bad-redirect": 0.0, "roll-in": 0.27134791813690895, "dsfb": 0.0, "oneh-out": 0.007410021171489062, "roll-out": 0.189484827099506, "sfR": 0.10832745236414962, "sft": 0.0, "dsfb-alt": 0.03916725476358504}, "english-10k": {"sfT": 7.718878446961657e-05, "oneh-in": 0.0033191177321935123, "alternate": 0.35649640107292413, "unknown": 0.0, "dsfb-red": 0.01034329711892862, "sfb": 0.01611315875803246, "redirect": 0.03560332683661064, "bad-redirect": 0.0012736149437486733, "roll-in": 0.2582543756392196, "dsfb": 0.0, "oneh-out": 0.00438046351865074, "roll-out": 0.15951062310646263, "sfR": 0.10567144593890508, "sft": 0.0, "dsfb-alt": 0.04895698654985431}, "reddit": {"sfT": 0.00010765260571558924, "oneh-in": 0.004088663944636445, "alternate": 0.3130813086196812, "unknown": 0.06027826737738363, "dsfb-red": 0.008773537536167473, "sfb": 0.012667085815121071, "redirect": 0.03051550577715049, "bad-redirect": 0.001318912978375648, "roll-in": 0.21685890747588163, "dsfb": 0.0, "oneh-out": 0.015749381437641742, "roll-out": 0.18765092762347507, "sfR": 0.10397777127267367, "sft": 0.0, "dsfb-alt": 0.04493207753609631}, "akl": {"sfT": 0.00022609926778279635, "oneh-in": 0.0035626632848218508, "alternate": 0.26666860703702655, "unknown": 0.15113620503040356, "dsfb-red": 0.010036376261499134, "sfb": 0.019152270802831283, "redirect": 0.025472302493790178, "bad-redirect": 0.0015138842023371762, "roll-in": 0.1787528556120094, "dsfb": 0.0, "oneh-out": 0.014004861912546799, "roll-out": 0.1597484598083782, "sfR": 0.13064861186637447, "sft": 0.0, "dsfb-alt": 0.039076802420198585}, "french": {"sfT": 4.200907470922911e-05, "oneh-in": 0.0016031465935576928, "alternate": 0.2522961053078211, "unknown": 0.1845785256052277, "dsfb-red": 0.007761670953195344, "sfb": 0.03465523935936281, "redirect": 0.02456413225349636, "bad-redirect": 0.0008932921111047738, "roll-in": 0.18339653346928453, "dsfb": 0.0, "oneh-out": 0.010219336660230319, "roll-out": 0.15495604530885457, "sfR": 0.10898279115633469, "sft": 0.0, "dsfb-alt": 0.036051172146820874}, "keymash": {"sfT": 2.873409875499255e-05, "oneh-in": 0.00365744028438548, "alternate": 0.32086547105450036, "unknown": 0.03457533054475746, "dsfb-red": 0.008492978617725655, "sfb": 0.011271976454458505, "redirect": 0.03146383813671684, "bad-redirect": 0.0019703382003423463, "roll-in": 0.22296429172499005, "dsfb": 0.0, "oneh-out": 0.019309314363354993, "roll-out": 0.2027929543989853, "sfR": 0.099723742164827, "sft": 0.0, "dsfb-alt": 0.04288358995620102}, "movie": {"sfT": 1.6054936307304115e-05, "oneh-in": 0.002607216378035321, "alternate": 0.29355200858439023, "unknown": 0.08496732886260383, "dsfb-red": 0.007615303723205529, "sfb": 0.009877470568472395, "redirect": 0.027000718129405157, "bad-redirect": 0.002772371665458818, "roll-in": 0.1932485308088306, "dsfb": 0.0, "oneh-out": 0.030366596046879888, "roll-out": 0.18942719277201503, "sfR": 0.11567713207251198, "sft": 0.0, "dsfb-alt": 0.04287207545188395}, "dutch": {"sfT": 4.5831110064271494e-05, "oneh-in": 0.004025750198431134, "alternate": 0.26460326019852476, "unknown": 0.07489956334571263, "dsfb-red": 0.009603446499476833, "sfb": 0.02785946948015651, "redirect": 0.019688442408924745, "bad-redirect": 0.0011248704455289547,