{"english-450k": {"dsfb": 0.0, "sfR": 0.11369548401129392, "oneh-in": 0.006807281291421803, "oneh-out": 0.007852126613970289, "unknown": 0.00015377410175167997, "dsfb-red": 0.01696572708546624, "sfb": 0.03299009940355528, "sfT": 0.0004695079988844069, "redirect": 0.03436178777887635, "dsfb-alt": 0.04465705159501164, "alternate": 0.3050378266749537, "sft": 0.0, "roll-out": 0.2153954187011526, "roll-in": 0.21914066588278905, "bad-redirect": 0.0024732488608730278}, "shai": {"dsfb": 0.0, "sfR": 0.09823378925716947, "oneh-in": 0.008229777965484004, "oneh-out": 0.008575568028937034, "unknown": 0.024097749651430984, "dsfb-red": 0.012265251965161367, "sfb": 0.017297116266770867, "sfT": 9.905537254542544e-05, "redirect": 0.028342632119500884, "dsfb-alt": 0.04480111981763872, "alternate": 0.2797168052840679, "sft": 0.0, "roll-out": 0.24865301645728788, "roll-in": 0.2281042652524296, "bad-redirect": 0.001583852561575882}, "tr-quotes": {"dsfb": 0.0, "sfR": 0.09677191928064538, "oneh-in": 0.008414044982778946, "oneh-out": 0.010392732484223666, "unknown": 0.013894731975682485, "dsfb-red": 0.013197799403619889, "sfb": 0.014967291555904856, "sfT": 6.819074917362058e-05, "redirect": 0.03084417835926123, "dsfb-alt": 0.04165183421557523, "alternate": 0.2765157994498509, "sft": 0.0, "roll-out": 0.27822287973001086, "roll-in": 0.21370634058389773, "bad-redirect": 0.0013522572293751878}, "gutenberg": {"dsfb": 0.0, "sfR": 0.09863878308844841, "oneh-in": 0.005298736115704953, "oneh-out": 0.013620883207301045, "unknown": 0.03298207965968062, "dsfb-red": 0.019341495027474016, "sfb": 0.015669452523923023, "sfT": 3.523524069647568e-05, "redirect": 0.028658564076800702, "dsfb-alt": 0.037226221232604495, "alternate": 0.2580151647929475, "sft": 0.0, "roll-out": 0.2789708506052316, "roll-in": 0.20995884296562517, "bad-redirect": 0.0015836914635620253}, "english-200": {"dsfb": 0.0, "sfR": 0.10690423162583519, "oneh-in": 0.0022271714922048997, "oneh-out": 0.0066815144766146995, "unknown": 0.0, "dsfb-red": 0.015590200445434299, "sfb": 0.0066815144766146995, "sfT": 0.0, "redirect": 0.0400890868596882, "dsfb-alt": 0.0400890868596882, "alternate": 0.28507795100222716, "sft": 0.0, "roll-out": 0.2984409799554566, "roll-in": 0.19821826280623608, "bad-redirect": 0.0}, "monkeyracer": {"dsfb": 0.0, "sfR": 0.09690789370786869, "oneh-in": 0.00849664513505482, "oneh-out": 0.010454627211160987, "unknown": 0.013491796612290222, "dsfb-red": 0.01313793265245476, "sfb": 0.01479385958052458, "sfT": 6.647168306301516e-05, "redirect": 0.030872186683766834, "dsfb-alt": 0.04159172310242895, "alternate": 0.2762093936218465, "sft": 0.0, "roll-out": 0.2788604407463597, "roll-in": 0.21375924738414376, "bad-redirect": 0.0013577818790371772}, "chained-bigrams": {"dsfb": 0.0, "sfR": 0.11914286586209158, "oneh-in": 0.00694691090046224, "oneh-out": 0.007864378430357852, "unknown": 0.023159399756770463, "dsfb-red": 0.01933564442516731, "sfb": 0.01916552659584484, "sfT": 0.00013765259471894522, "redirect": 0.03752137024067777, "dsfb-alt": 0.05286184289553532, "alternate": 0.28743614899984354, "sft": 0.0, "roll-out": 0.22978048956275174, "roll-in": 0.1927467471458189, "bad-redirect": 0.003901022589959542}, "english-5k": {"dsfb": 0.0, "sfR": 0.10644211224955408, "oneh-in": 0.006554112913261708, "oneh-out": 0.0077156012776372004, "unknown": 0.002157049819554486, "dsfb-red": 0.01252748164433567, "sfb": 0.019745302194383373, "sfT": 0.00020740863649562367, "redirect": 0.029742398473472435, "dsfb-alt": 0.04650101630231883, "alternate": 0.30430995146637907, "sft": 0.0, "roll-out": 0.20757456340482017, "roll-in": 0.25420002488903637, "bad-redirect": 0.0023229767287509854}, "mt-quotes": {"dsfb": 0.0, "sfR": 0.0964592223377679, "oneh-in": 0.008420889064199567, "oneh-out": 0.01059185283465414, "unknown": 0.007995063410669249, "dsfb-red": 0.013124394879334457, "sfb": 0.013751927421379137, "sfT": 4.9306128303510596e-05, "redirect": 0.031167449588219123, "dsfb-alt": 0.041182570134232196, "alternate": 0.27609041249805766, "sft": 0.0, "roll-out": 0.28632218118358616, "roll-in": 0.21358667718530738, "bad-redirect": 0.0012580533342895733}, "wordle": {"dsfb": 0.0, "sfR": 0.13138112868843263, "oneh-in": 0.015079097946819253, "oneh-out": 0.008504431728935263, "unknown": 0.0, "dsfb-red": 0.02506451250981712, "sfb": 0.03850555368562773, "sfT": 0.00044878267698866825, "redirect": 0.034488948726579156, "dsfb-alt": 0.05603051722203523, "alternate": 0.27312913721530346, "sft": 0.0, "roll-out": 0.21445080219903512, "roll-in": 0.20213171771569619, "bad-redirect": 0.0007853696847301694}, "english-1k": {"dsfb": 0.0, "sfR": 0.10832745236414962, "oneh-in": 0.00529287226534933, "oneh-out": 0.014114326040931546, "unknown": 0.0, "dsfb-red": 0.0187014820042343, "sfb": 0.015172900494001412, "sfT": 0.0, "redirect": 0.030698659139026113, "dsfb-alt": 0.04128440366972477, "alternate": 0.2900494001411433, "sft": 0.0, "roll-out": 0.2537050105857445, "roll-in": 0.221242060691602, "bad-redirect": 0.0014114326040931546}, "english-10k": {"dsfb": 0.0, "sfR": 0.10567144593890508, "oneh-in": 0.010092433569402365, "oneh-out": 0.007062773778969916, "unknown": 0.0, "dsfb-red": 0.012871229810308563, "sfb": 0.022191775535014762, "sfT": 0.00015437756893923313, "redirect": 0.028540553057640725, "dsfb-alt": 0.048242990293510354, "alternate": 0.29891356785859013, "sft": 0.0, "roll-out": 0.20153991625016884, "roll-in": 0.2630979718646881, "bad-redirect": 0.0016209644738619479}, "reddit": {"dsfb": 0.0, "sfR": 0.10397777127267367, "oneh-in": 0.009065180955827035, "oneh-out": 0.00804626440026842, "unknown": 0.04519937363713543, "dsfb-red": 0.011343003713715237, "sfb": 0.015264420308135919, "sfT": 0.0001597558675633222, "redirect": 0.030405718098878955, "dsfb-alt": 0.04311434418530782, "alternate": 0.2666892534868638, "sft": 0.0, "roll-out": 0.2617056195671534, "roll-in": 0.20362396727570548, "bad-redirect": 0.0014053272307715647}, "akl": {"dsfb": 0.0, "sfR": 0.13064861186637447, "oneh-in": 0.01026667582165687, "oneh-out": 0.005328960351290712, "unknown": 0.13920166722946467, "dsfb-red": 0.009859000385265642, "sfb": 0.021781431461123834, "sfT": 0.00023714356596866784, "redirect": 0.028439561980663188, "dsfb-alt": 0.03765947552728061, "alternate": 0.21987794296264856, "sft": 0.0, "roll-out": 0.22694503371389382, "roll-in": 0.16869251297637092, "bad-redirect": 0.0010619821579980497}, "french": {"dsfb": 0.0, "sfR": 0.10898279115633469, "oneh-in": 0.004039837726914736, "oneh-out": 0.016273887061778795, "unknown": 0.15842537463172957, "dsfb-red": 0.012422266169946813, "sfb": 0.04819703838120757, "sfT": 9.04303762285688e-05, "redirect": 0.03175285276300231, "dsfb-alt": 0.03461294562972509, "alternate": 0.19664783464568994, "sft": 0.0, "roll-out": 0.20159817861596369, "roll-in": 0.1823317592365243, "bad-redirect": 0.004624803604953913}, "keymash": {"dsfb": 0.0, "sfR": 0.099723742164827, "oneh-in": 0.008111225591409326, "oneh-out": 0.010947691625652161, "unknown": 0.012376186820900362, "dsfb-red": 0.014289056823732724, "sfb": 0.015327589250163169, "sfT": 4.5153583757845434e-05, "redirect": 0.03076190515284488, "dsfb-alt": 0.04128679503967358, "alternate": 0.27686535611810537, "sft": 0.0, "roll-out": 0.276713475881829, "roll-in": 0.21218489982061714, "bad-redirect": 0.0013669221264875028}, "movie": {"dsfb": 0.0, "sfR": 0.11567713207251198, "oneh-in": 0.010712195658613624, "oneh-out": 0.010613892073191033, "unknown": 0.030282373430185833, "dsfb-red": 0.014805941221299005, "sfb": 0.012813681542968866, "sfT": 7.974829018218274e-05, "redirect": 0.03103116513173141, "dsfb-alt": 0.045307951444082305, "alternate": 0.26620255618273625, "sft": 0.0, "roll-out": 0.28304826390209437, "roll-in": 0.17834218043669164, "bad-redirect": 0.001082918613711521}, "dutch": {"dsfb": 0.0, "sfR": 0.18880787437283908, "oneh-in": 0.0033886332176785152, "oneh-out": 0.009999734982861209, "unknown": 0.07360268279108878, "dsfb-red": 0.013827206458643394, "sfb": 0.033041271775291, "sfT": 0.0002818720853718106,