{"monkeyracer": {"oneh-out": 0.021195669174343495, "dsfb-alt": 0.047126468242175895, "bad-redirect": 0.00413297464691806, "sfb": 0.01874892472277398, "roll-out": 0.22732533587750442, "oneh-in": 0.004818219497317672, "sft": 0.0, "unknown": 0.035061857766238644, "dsfb-red": 0.009014733253045967, "dsfb": 0.0, "sfT": 8.406712857969564e-05, "sfR": 0.09690789370786869, "alternate": 0.3221100458263603, "roll-in": 0.1880307959397532, "redirect": 0.025443014217119978}}