{"english-450k": {"sfb": 0.03784918561118774, "oneh-out": 0.0065213667067960555, "roll-in": 0.2420609003912177, "unknown": 0.013219310519025598, "dsfb-red": 0.019499783956157424, "dsfb": 0.0, "roll-out": 0.17041737097738935, "sfR": 0.11369548401129392, "dsfb-alt": 0.04417468036328109, "redirect": 0.03771499870490633, "sfT": 0.00011167624880064971, "bad-redirect": 0.0042732244207306196, "sft": 0.0, "alternate": 0.30195445129249177, "oneh-in": 0.008507566796721747}, "shai": {"sfb": 0.03262479436518019, "oneh-out": 0.006886757721388158, "roll-in": 0.2742537890528119, "unknown": 0.043001352630469156, "dsfb-red": 0.02244390074661734, "dsfb": 0.0, "roll-out": 0.18386988939610166, "sfR": 0.09823378925716947, "dsfb-alt": 0.03564680568968672, "redirect": 0.033078135348505545, "sfT": 0.00012745643235624604, "bad-redirect": 0.0032191776898489706, "sft": 0.0, "alternate": 0.2598281600417137, "oneh-in": 0.006785991628150938}, "tr-quotes": {"sfb": 0.035449943367004924, "oneh-out": 0.00900233466632764, "roll-in": 0.2739014354730589, "unknown": 0.047480409606805205, "dsfb-red": 0.02651811100067035, "dsfb": 0.0, "roll-out": 0.19125078014840155, "sfR": 0.09677191928064538, "dsfb-alt": 0.029825940223295808, "redirect": 0.03205543098865028, "sfT": 0.00013175839670835163, "bad-redirect": 0.002756524352187883, "sft": 0.0, "alternate": 0.24795658907561083, "oneh-in": 0.006898823420632903}, "gutenberg": {"sfb": 0.030927258929386685, "oneh-out": 0.007763498033456808, "roll-in": 0.2996384030782719, "unknown": 0.051219916018887604, "dsfb-red": 0.024260220966635257, "dsfb": 0.0, "roll-out": 0.17899805372654345, "sfR": 0.09863878308844841, "dsfb-alt": 0.029158108860223315, "redirect": 0.03370686477207156, "sfT": 0.00022448258185657892, "bad-redirect": 0.002251077232237745, "sft": 0.0, "alternate": 0.23553583897570776, "oneh-in": 0.007677493736272937}, "english-200": {"sfb": 0.035634743875278395, "oneh-out": 0.004454342984409799, "roll-in": 0.2739420935412027, "unknown": 0.0, "dsfb-red": 0.0400890868596882, "dsfb": 0.0, "roll-out": 0.22271714922049, "sfR": 0.10690423162583519, "dsfb-alt": 0.026726057906458798, "redirect": 0.031180400890868598, "sfT": 0.0, "bad-redirect": 0.0022271714922048997, "sft": 0.0, "alternate": 0.25389755011135856, "oneh-in": 0.0022271714922048997}, "monkeyracer": {"sfb": 0.035348272518260164, "oneh-out": 0.00911150820338771, "roll-in": 0.2737734019425372, "unknown": 0.0468009525001173, "dsfb-red": 0.026635594413250543, "dsfb": 0.0, "roll-out": 0.19219798395295368, "sfR": 0.09690789370786869, "dsfb-alt": 0.029800819556751176, "redirect": 0.03221921579054381, "sfT": 0.0001348984156278837, "bad-redirect": 0.002786923064892003, "sft": 0.0, "alternate": 0.2472981215884386, "oneh-in": 0.006984414345371225}, "chained-bigrams": {"sfb": 0.03144907276043449, "oneh-out": 0.007883857571119967, "roll-in": 0.25528063273443635, "unknown": 0.04516693298980787, "dsfb-red": 0.02688381147048683, "dsfb": 0.0, "roll-out": 0.1507497196626992, "sfR": 0.11914286586209158, "dsfb-alt": 0.04344497694643691, "redirect": 0.0439689658329378, "sfT": 9.414918035022196e-05, "bad-redirect": 0.0034607940087357453, "sft": 0.0, "alternate": 0.2592121726449232, "oneh-in": 0.013262048335539888}, "english-5k": {"sfb": 0.033102418384701536, "oneh-out": 0.007342265731945078, "roll-in": 0.2535363172522504, "unknown": 0.01775417928402539, "dsfb-red": 0.020657900194964118, "dsfb": 0.0, "roll-out": 0.18787074293773592, "sfR": 0.10644211224955408, "dsfb-alt": 0.03915875057037375, "redirect": 0.03546687684075165, "sfT": 0.00012444518189737422, "bad-redirect": 0.003982245820715975, "sft": 0.0, "alternate": 0.29024764591197577, "oneh-in": 0.004314099639108972}, "mt-quotes": {"sfb": 0.035207563858906776, "oneh-out": 0.009330811250164354, "roll-in": 0.27784750361578275, "unknown": 0.04156058378455911, "dsfb-red": 0.02772498535757402, "dsfb": 0.0, "roll-out": 0.1950087256905846, "sfR": 0.0964592223377679, "dsfb-alt": 0.0290547566966687, "redirect": 0.03229999641409976, "sfT": 0.0001225182582087233, "bad-redirect": 0.0026057541745855297, "sft": 0.0, "alternate": 0.2457596729658981, "oneh-in": 0.007017905595199675}, "wordle": {"sfb": 0.039178727701110735, "oneh-out": 0.006417592280937956, "roll-in": 0.23469090093122405, "unknown": 0.019185459441265568, "dsfb-red": 0.023628407943453382, "dsfb": 0.0, "roll-out": 0.16369348143161674, "sfR": 0.13138112868843263, "dsfb-alt": 0.04615729832828453, "redirect": 0.03473577919892292, "sfT": 0.00022439133849433412, "bad-redirect": 0.0028048917311791766, "sft": 0.0, "alternate": 0.291327274767194, "oneh-in": 0.006574666217883989}, "english-1k": {"sfb": 0.040931545518701484, "oneh-out": 0.01058574453069866, "roll-in": 0.24805928016937193, "unknown": 0.014467184191954835, "dsfb-red": 0.024700070571630206, "dsfb": 0.0, "roll-out": 0.21242060691601977, "sfR": 0.10832745236414962, "dsfb-alt": 0.035285815102328866, "redirect": 0.033168666196189134, "sfT": 0.00035285815102328866, "bad-redirect": 0.0028228652081863093, "sft": 0.0, "alternate": 0.2639378969654199, "oneh-in": 0.004940014114326041}, "english-10k": {"sfb": 0.033943767970513884, "oneh-out": 0.005866347619690859, "roll-in": 0.2609366858995388, "unknown": 0.014704463441461955, "dsfb-red": 0.01804287836977287, "dsfb": 0.0, "roll-out": 0.17647285849366087, "sfR": 0.10567144593890508, "dsfb-alt": 0.04228015669323247, "redirect": 0.03180177920148203, "sfT": 7.718878446961657e-05, "bad-redirect": 0.0033770093205457248, "sft": 0.0, "alternate": 0.2997626444877559, "oneh-in": 0.007062773778969916}, "reddit": {"sfb": 0.03550011358960572, "oneh-out": 0.008558756728521966, "roll-in": 0.25630965444225257, "unknown": 0.07734375248740635, "dsfb-red": 0.023642819591800347, "dsfb": 0.0, "roll-out": 0.17758765643386323, "sfR": 0.10397777127267367, "dsfb-alt": 0.03224543895125236, "redirect": 0.03159491605512758, "sfT": 0.00017739830920982276, "bad-redirect": 0.002659289054550542, "sft": 0.0, "alternate": 0.24407336633706017, "oneh-in": 0.006329066746675702}, "akl": {"sfb": 0.03443530639267451, "oneh-out": 0.006710263560193019, "roll-in": 0.21381795878490287, "unknown": 0.16752216327509942, "dsfb-red": 0.019958875184432984, "dsfb": 0.0, "roll-out": 0.1554599118783601, "sfR": 0.13064861186637447, "dsfb-alt": 0.027181920320799555, "redirect": 0.027193186987405277, "sfT": 0.0005232328919064888, "bad-redirect": 0.0025179023255610545, "sft": 0.0, "alternate": 0.20866597898821035, "oneh-in": 0.005364687544079907}, "french": {"sfb": 0.019477738209244533, "oneh-out": 0.007858139010275489, "roll-in": 0.22691195711454767, "unknown": 0.21489664261946775, "dsfb-red": 0.011276335318891351, "dsfb": 0.0, "roll-out": 0.14900642770304912, "sfR": 0.10898279115633469, "dsfb-alt": 0.024108789240786802, "redirect": 0.03501603199029992, "sfT": 2.572381643214921e-05, "bad-redirect": 0.005180584861904081, "sft": 0.0, "alternate": 0.18833231509269047, "oneh-in": 0.008926523866075968}, "keymash": {"sfb": 0.03594635754249568, "oneh-out": 0.009034821622819801, "roll-in": 0.27574062139540995, "unknown": 0.04267013665116394, "dsfb-red": 0.02604540808577539, "dsfb": 0.0, "roll-out": 0.1926128736972165, "sfR": 0.099723742164827, "dsfb-alt": 0.030749590539092743, "redirect": 0.031073875367899087, "sfT": 0.00014777536502567597, "bad-redirect": 0.0027174247679721524, "sft": 0.0, "alternate": 0.2466370842278532, "oneh-in": 0.006900288572448925}, "movie": {"sfb": 0.032737725902494685, "oneh-out": 0.009988407546399096, "roll-in": 0.23582424792822232, "unknown": 0.09060563825675502, "dsfb-red": 0.022998038271020222, "dsfb": 0.0, "roll-out": 0.18770944618497207, "sfR": 0.11567713207251198, "dsfb-alt": 0.027588828870039106, "redirect": 0.02948502212620259, "sfT": 0.00010659424925341256, "bad-redirect": 0.0028027707661718282, "sft": 0.0, "alternate": 0.23933764702275023, "oneh-in": 0.0051385008032074075}, "dutch": {"sfb": 0.04653313652015427, "oneh-out": 0.0017479476143956879, "roll-in": 0.21560001332616627, "unknown": 0.07809997701630796, "dsfb-red": 0.01629625889398773,