{"english-450k": {"bad-redirect": 0.003177510859199638, "sfT": 0.0009580185008369872, "roll-in": 0.19672268214776228, "dsfb-alt": 0.07065803037009274, "sfR": 0.11369548401129392, "sft": 0.0, "sfb": 0.08115179725674018, "unknown": 0.00015377410175167997, "oneh-out": 0.00513126052080891, "redirect": 0.019328761428543863, "roll-out": 0.1499209788218565, "dsfb-red": 0.007073608680577279, "alternate": 0.3471868402111675, "dsfb": 0.0, "oneh-in": 0.00484125308936848}, "shai": {"bad-redirect": 0.002003234578046484, "sfT": 0.0012156218678716745, "roll-in": 0.19696525503052514, "dsfb-alt": 0.07805451888805942, "sfR": 0.09823378925716947, "sft": 0.0, "sfb": 0.06791814271157125, "unknown": 0.024097749651430984, "oneh-out": 0.005714588933169806, "redirect": 0.02001807558320094, "roll-out": 0.17762170268262678, "dsfb-red": 0.012275616919941059, "alternate": 0.3127435416036435, "dsfb": 0.0, "oneh-in": 0.003138162292743479}, "tr-quotes": {"bad-redirect": 0.002793509165298999, "sfT": 0.001322207068722406, "roll-in": 0.19284228288758928, "dsfb-alt": 0.08228774184600449, "sfR": 0.09677191928064538, "sft": 0.0, "sfb": 0.06995561822426666, "unknown": 0.013894731975682485, "oneh-out": 0.005615912715841058, "redirect": 0.0217597836388433, "roll-out": 0.1840387415917339, "dsfb-red": 0.02072652042255149, "alternate": 0.3056448071010841, "dsfb": 0.0, "oneh-in": 0.002346224081736437}, "gutenberg": {"bad-redirect": 0.001954229801208834, "sfT": 0.0007257322962806362, "roll-in": 0.2038068836020873, "dsfb-alt": 0.07444997978709579, "sfR": 0.09863878308844841, "sft": 0.0, "sfb": 0.06956478415762958, "unknown": 0.03298207965968062, "oneh-out": 0.004741223678233298, "redirect": 0.021343462896723238, "roll-out": 0.18849129897935252, "dsfb-red": 0.011407314457095032, "alternate": 0.2889304892053241, "dsfb": 0.0, "oneh-in": 0.002963738390840656}, "english-200": {"bad-redirect": 0.0022271714922048997, "sfT": 0.0, "roll-in": 0.22717149220489977, "dsfb-alt": 0.0779510022271715, "sfR": 0.10690423162583519, "sft": 0.0, "sfb": 0.0779510022271715, "unknown": 0.0, "oneh-out": 0.008908685968819599, "redirect": 0.024498886414253896, "roll-out": 0.1514476614699332, "dsfb-red": 0.011135857461024499, "alternate": 0.30957683741648107, "dsfb": 0.0, "oneh-in": 0.0022271714922048997}, "monkeyracer": {"bad-redirect": 0.00278790058964293, "sfT": 0.0013274786117584497, "roll-in": 0.19316671098112204, "dsfb-alt": 0.0825167743247259, "sfR": 0.09690789370786869, "sft": 0.0, "sfb": 0.0697688740478909, "unknown": 0.013491796612290222, "oneh-out": 0.0056178347435757075, "redirect": 0.02182324006443843, "roll-out": 0.18410701158953344, "dsfb-red": 0.021215219669362028, "alternate": 0.3049046326852996, "dsfb": 0.0, "oneh-in": 0.0023646323724916714}, "chained-bigrams": {"bad-redirect": 0.002038167428409288, "sfT": 0.0016615707070084, "roll-in": 0.1819760809137535, "dsfb-alt": 0.06619856127066331, "sfR": 0.11914286586209158, "sft": 0.0, "sfb": 0.06708940730818404, "unknown": 0.023159399756770463, "oneh-out": 0.005707388243299662, "redirect": 0.027109120198635293, "roll-out": 0.16215345796953332, "dsfb-red": 0.013439957821167203, "alternate": 0.3265950656739231, "dsfb": 0.0, "oneh-in": 0.0037289568465608603}, "english-5k": {"bad-redirect": 0.0011614883643754927, "sfT": 0.000622225909486871, "roll-in": 0.20002488903637947, "dsfb-alt": 0.06852781349815407, "sfR": 0.10644211224955408, "sft": 0.0, "sfb": 0.07956195295972124, "unknown": 0.002157049819554486, "oneh-out": 0.004562990002903721, "redirect": 0.018168996557016634, "roll-out": 0.16260837101256898, "dsfb-red": 0.0053926245488862155, "alternate": 0.34716057576637493, "dsfb": 0.0, "oneh-in": 0.003608910275023852}, "mt-quotes": {"bad-redirect": 0.0028388376902021254, "sfT": 0.0013596538410968074, "roll-in": 0.19390755549180622, "dsfb-alt": 0.0840744193829861, "sfR": 0.0964592223377679, "sft": 0.0, "sfb": 0.06900317949821302, "unknown": 0.007995063410669249, "oneh-out": 0.005664228254503293, "redirect": 0.02235659387289179, "roll-out": 0.18665208400568964, "dsfb-red": 0.02254186538530498, "alternate": 0.30488668555240794, "dsfb": 0.0, "oneh-in": 0.0022606112764609557}, "wordle": {"bad-redirect": 0.004465387636037249, "sfT": 0.0029170874004263436, "roll-in": 0.18276674520363514, "dsfb-alt": 0.07164815438124088, "sfR": 0.13138112868843263, "sft": 0.0, "sfb": 0.1047683159430046, "unknown": 0.0, "oneh-out": 0.00783125771345226, "redirect": 0.02425670369123752, "roll-out": 0.15067878379894536, "dsfb-red": 0.011713227869404241, "alternate": 0.3017390328733311, "dsfb": 0.0, "oneh-in": 0.005834174800852687}, "english-1k": {"bad-redirect": 0.0007057163020465773, "sfT": 0.0007057163020465773, "roll-in": 0.2300635144671842, "dsfb-alt": 0.0716302046577276, "sfR": 0.10832745236414962, "sft": 0.0, "sfb": 0.07268877911079746, "unknown": 0.0, "oneh-out": 0.005998588567395907, "redirect": 0.021524347212420608, "roll-out": 0.1559633027522936, "dsfb-red": 0.0077628793225123505, "alternate": 0.3221594918842625, "dsfb": 0.0, "oneh-in": 0.0024700070571630206}, "english-10k": {"bad-redirect": 0.001505181297157523, "sfT": 0.0007139962563439532, "roll-in": 0.19872252561702786, "dsfb-alt": 0.07568360317245904, "sfR": 0.10567144593890508, "sft": 0.0, "sfb": 0.075490631211285, "unknown": 0.0, "oneh-out": 0.004882190617703248, "redirect": 0.020532216668918007, "roll-out": 0.16531907913780128, "dsfb-red": 0.006213697149804133, "alternate": 0.3416568572586403, "dsfb": 0.0, "oneh-in": 0.0036085756739545746}, "reddit": {"bad-redirect": 0.0029947576477268876, "sfT": 0.0016528083601949808, "roll-in": 0.18752802985056177, "dsfb-alt": 0.08012548982591106, "sfR": 0.10397777127267367, "sft": 0.0, "sfb": 0.06864164623832991, "unknown": 0.04519937363713543, "oneh-out": 0.006338918046363663, "redirect": 0.020067134921789857, "roll-out": 0.17132518896796772, "dsfb-red": 0.01610421551347465, "alternate": 0.2931120124613322, "dsfb": 0.0, "oneh-in": 0.002932653256538145}, "akl": {"bad-redirect": 0.003847517230649395, "sfT": 0.000998854234362923, "roll-in": 0.15755267049277064, "dsfb-alt": 0.06520902026129624, "sfR": 0.13064861186637447, "sft": 0.0, "sfb": 0.06428147216689847, "unknown": 0.13920166722946467, "oneh-out": 0.005287278626369984, "redirect": 0.017797058821858017, "roll-out": 0.14556827275058098, "dsfb-red": 0.015317601525328763, "alternate": 0.25016363227250665, "dsfb": 0.0, "oneh-in": 0.00412634252153879}, "french": {"bad-redirect": 0.0007718043839945245, "sfT": 0.0013808610580866398, "roll-in": 0.19146723480194752, "dsfb-alt": 0.03990268816578447, "sfR": 0.10898279115633469, "sft": 0.0, "sfb": 0.059353773684619686, "unknown": 0.15842537463172957, "oneh-out": 0.003999881164058276, "redirect": 0.01662801277465399, "roll-out": 0.15198360363640978, "dsfb-red": 0.007587821701081972, "alternate": 0.25765006000301166, "dsfb": 0.0, "oneh-in": 0.0018660928382872506}, "keymash": {"bad-redirect": 0.002631222471707175, "sfT": 0.0014572292940031935, "roll-in": 0.1959952876078042, "dsfb-alt": 0.08189628632297948, "sfR": 0.099723742164827, "sft": 0.0, "sfb": 0.07208974890502559, "unknown": 0.012376186820900362, "oneh-out": 0.005467688505950011, "redirect": 0.02141921818622159, "roll-out": 0.18198536202911997, "dsfb-red": 0.020146708098500492, "alternate": 0.3021267337949945, "dsfb": 0.0, "oneh-in": 0.0026845857979664466}, "movie": {"bad-redirect": 0.00330797486849757, "sfT": 0.0023706034642604614, "roll-in": 0.1783516554810697, "dsfb-alt": 0.08162895489339325, "sfR": 0.11567713207251198, "sft": 0.0, "sfb": 0.06628491011012239, "unknown": 0.030282373430185833, "oneh-out": 0.005838996097992488, "redirect": 0.01942765731238524, "roll-out": 0.16817598421036495, "dsfb-red": 0.03287129770865791, "alternate": 0.29341606801713244, "dsfb": 0.0, "oneh-in": 0.002366392333425759}, "dutch": {"bad-redirect": 0.004560177520600779, "sfT": 0.0005019905153988047, "roll-in": 0.19937183765788827, "dsfb-alt": 0.06511693441944696, "sfR": 0.18880787437283908, "sft": 0.0, "sfb": 0.06754885217993092, "unknown": 0.07360268279108878,