{"english-450k": {"sft": 0.0, "bad-redirect": 0.00413669874484082, "alternate": 0.4025238832228947, "unknown": 0.00015377410175167997, "sfR": 0.11369548401129392, "dsfb-red": 0.003664559630146974, "oneh-out": 0.005498739695527279, "oneh-in": 0.0039095457466258865, "roll-in": 0.19088102035840473, "sfb": 0.019672560560977277, "redirect": 0.01329824399330878, "roll-out": 0.1935249994006903, "dsfb": 0.0, "sfT": 1.5786694856636345e-05, "dsfb-alt": 0.04902470383868103}, "shai": {"sft": 0.0, "bad-redirect": 0.004033763278985569, "alternate": 0.34626927037839905, "unknown": 0.023260762136131256, "sfR": 0.09823378925716947, "dsfb-red": 0.00414644636093327, "oneh-out": 0.012294221975066516, "oneh-in": 0.004642845642213836, "roll-in": 0.20531475635157306, "sfb": 0.011823398355169148, "redirect": 0.01443351690424268, "roll-out": 0.23477290995602287, "dsfb": 0.0, "sfT": 1.9146912358153388e-05, "dsfb-alt": 0.04075517249173513}, "tr-quotes": {"sft": 0.0, "bad-redirect": 0.0036464714176741176, "alternate": 0.33699521508980373, "unknown": 0.013835787429786644, "sfR": 0.09677191928064538, "dsfb-red": 0.006085157532188345, "oneh-out": 0.02113566491759321, "oneh-in": 0.004557222440535355, "roll-in": 0.19558956103649938, "sfb": 0.010443586602251451, "redirect": 0.016387739534453664, "roll-out": 0.2565659601026329, "dsfb": 0.0, "sfT": 3.4673262291671484e-06, "dsfb-alt": 0.037982247289706665}, "gutenberg": {"sft": 0.0, "bad-redirect": 0.004155295724070936, "alternate": 0.3111266070395464, "unknown": 0.032975828246008664, "sfR": 0.09863878308844841, "dsfb-red": 0.005627030051871579, "oneh-out": 0.01537487833422937, "oneh-in": 0.004720575069438051, "roll-in": 0.18975635778242278, "sfb": 0.011318089734686215, "redirect": 0.01570052015550486, "roll-out": 0.2781373287823042, "dsfb": 0.0, "sfT": 1.041902278659227e-05, "dsfb-alt": 0.032458286968681936}, "english-200": {"sft": 0.0, "bad-redirect": 0.004454342984409799, "alternate": 0.33853006681514475, "unknown": 0.0, "sfR": 0.10690423162583519, "dsfb-red": 0.0022271714922048997, "oneh-out": 0.008908685968819599, "oneh-in": 0.0, "roll-in": 0.1870824053452116, "sfb": 0.008908685968819599, "redirect": 0.017817371937639197, "roll-out": 0.28507795100222716, "dsfb": 0.0, "sfT": 0.0, "dsfb-alt": 0.0400890868596882}, "monkeyracer": {"sft": 0.0, "bad-redirect": 0.003672560489231587, "alternate": 0.33615414392292414, "unknown": 0.013436077701487402, "sfR": 0.09690789370786869, "dsfb-red": 0.0061017094952844205, "oneh-out": 0.0215876565994651, "oneh-in": 0.004593388804604533, "roll-in": 0.19584610632341212, "sfb": 0.010371537607332218, "redirect": 0.0162924050236952, "roll-out": 0.25703720068192126, "dsfb": 0.0, "sfT": 3.9100990037067735e-06, "dsfb-alt": 0.03799540954376965}, "chained-bigrams": {"sft": 0.0, "bad-redirect": 0.006029443370566628, "alternate": 0.3409336611889158, "unknown": 0.022916559801936097, "sfR": 0.11914286586209158, "dsfb-red": 0.008631856576385178, "oneh-out": 0.007255330629195726, "oneh-in": 0.004804205416629602, "roll-in": 0.1825266912926293, "sfb": 0.013665915854007735, "redirect": 0.02217505384359159, "roll-out": 0.219522774037422, "dsfb": 0.0, "sfT": 3.895828152422978e-05, "dsfb-alt": 0.05235668384510447}, "english-5k": {"sft": 0.0, "bad-redirect": 0.005351142821587091, "alternate": 0.39250010370431826, "unknown": 0.002157049819554486, "sfR": 0.10644211224955408, "dsfb-red": 0.0026133488198448584, "oneh-out": 0.007425229186543328, "oneh-in": 0.0019081594557597379, "roll-in": 0.21860870286638737, "sfb": 0.013066744099224292, "redirect": 0.01261044509893392, "roll-out": 0.1930144771228274, "dsfb": 0.0, "sfT": 0.0, "dsfb-alt": 0.044302484755465214}, "mt-quotes": {"sft": 0.0, "bad-redirect": 0.0035156763605503163, "alternate": 0.33421934951769644, "unknown": 0.007977133909467972, "sfR": 0.0964592223377679, "dsfb-red": 0.006370949426853611, "oneh-out": 0.02305435029464147, "oneh-in": 0.004793153321141273, "roll-in": 0.19632206165357813, "sfb": 0.00977008402959563, "redirect": 0.016457787977671796, "roll-out": 0.2634844790284601, "dsfb": 0.0, "sfT": 2.9882502002127633e-06, "dsfb-alt": 0.03757276389237518}, "wordle": {"sft": 0.0, "bad-redirect": 0.0021541568495456074, "alternate": 0.3705149781218445, "unknown": 0.0, "sfR": 0.13138112868843263, "dsfb-red": 0.008526870862784697, "oneh-out": 0.0058566139347021205, "oneh-in": 0.010860540783125771, "roll-in": 0.17854818803994166, "sfb": 0.027779647705598563, "redirect": 0.017659598339504094, "roll-out": 0.19737462133961628, "dsfb": 0.0, "sfT": 0.00011219566924716706, "dsfb-alt": 0.0492314596656569}, "english-1k": {"sft": 0.0, "bad-redirect": 0.0028228652081863093, "alternate": 0.3779110797459421, "unknown": 0.0, "sfR": 0.10832745236414962, "dsfb-red": 0.0028228652081863093, "oneh-out": 0.011644318983768526, "oneh-in": 0.001058574453069866, "roll-in": 0.19477769936485534, "sfb": 0.009527170077628794, "redirect": 0.01058574453069866, "roll-out": 0.24453069865913904, "dsfb": 0.0, "sfT": 0.0, "dsfb-alt": 0.03599153140437544}, "english-10k": {"sft": 0.0, "bad-redirect": 0.00405241118465487, "alternate": 0.38509484571891706, "unknown": 0.0, "sfR": 0.10567144593890508, "dsfb-red": 0.0026630130642017716, "oneh-out": 0.006425966307095579, "oneh-in": 0.006811910229443662, "roll-in": 0.23401709731576, "sfb": 0.012987012987012988, "redirect": 0.012832635418073755, "roll-out": 0.18326547152698713, "dsfb": 0.0, "sfT": 0.0, "dsfb-alt": 0.04617819030894811}, "reddit": {"sft": 0.0, "bad-redirect": 0.004058997673332775, "alternate": 0.3235517418914533, "unknown": 0.039285409944231534, "sfR": 0.10397777127267367, "dsfb-red": 0.00611540966142806, "oneh-out": 0.015321692693013837, "oneh-in": 0.00476866582499859, "roll-in": 0.18743925578113035, "sfb": 0.011951948881118973, "redirect": 0.016093989639654065, "roll-out": 0.24713562224348554, "dsfb": 0.0, "sfT": 6.483878235688412e-05, "dsfb-alt": 0.04023465571112243}, "akl": {"sft": 0.0, "bad-redirect": 0.0034237324376201607, "alternate": 0.2742320241013765, "unknown": 0.13277008071454782, "sfR": 0.13064861186637447, "dsfb-red": 0.007763375688999283, "oneh-out": 0.013778490861139742, "oneh-in": 0.005798973068046491, "roll-in": 0.16342173902827423, "sfb": 0.014085631064156674, "redirect": 0.015752109417715196, "roll-out": 0.20379013135376683, "dsfb": 0.0, "sfT": 0.00013964736766565022, "dsfb-alt": 0.03439545303031699}, "french": {"sft": 0.0, "bad-redirect": 0.005491817571607906, "alternate": 0.26998607572962713, "unknown": 0.15807953387545715, "sfR": 0.10898279115633469, "dsfb-red": 0.004119196524609025, "oneh-out": 0.007307496523876414, "oneh-in": 0.002849066233703524, "roll-in": 0.1636298405439498, "sfb": 0.04522898638739681, "redirect": 0.00790028292152979, "roll-out": 0.19038473705442946, "dsfb": 0.0, "sfT": 2.4255596274693985e-05, "dsfb-alt": 0.03601591988120361}, "keymash": {"sft": 0.0, "bad-redirect": 0.003747747451901171, "alternate": 0.33574973420958654, "unknown": 0.01232282349464109, "sfR": 0.099723742164827, "dsfb-red": 0.006288662756092655, "oneh-out": 0.020470992927306836, "oneh-in": 0.004609770414550947, "roll-in": 0.193922327626194, "sfb": 0.011165249801939963, "redirect": 0.016037731976536556, "roll-out": 0.25858225956742864, "dsfb": 0.0, "sfT": 4.104871250713221e-06, "dsfb-alt": 0.03737485273774388}, "movie": {"sft": 0.0, "bad-redirect": 0.003217830349067215, "alternate": 0.3187645752831097, "unknown": 0.030236445784519856, "sfR": 0.11567713207251198, "dsfb-red": 0.008942994316684145, "oneh-out": 0.030728490102987154, "oneh-in": 0.0037496172147870174, "roll-in": 0.16308235827011483, "sfb": 0.010734830486850151, "redirect": 0.019902593911836554, "roll-out": 0.2548993546310398, "dsfb": 0.0, "sfT": 4.342728673287178e-06, "dsfb-alt": 0.040059434847818286}, "dutch": {"sft": 0.0, "bad-redirect": 0.00425338163124253, "alternate": 0.28886762336538846, "unknown": 0.07290361491625476, "sfR": 0.18880787437283908, "dsfb-red": 0.005376763820849992, "oneh-out": 0.0070220038458684705, "oneh-in": 0.004847644013773862, "roll-in": 0.1976257010537103,