{"english-450k": {"alternate": 0.27667585998020233, "redirect": 0.048440596128985484, "dsfb": 0.0, "dsfb-alt": 0.04346837194154713, "sfT": 0.0001721919124177557, "roll-out": 0.1616721267192149, "sft": 0.0, "bad-redirect": 0.0019905852829414238, "roll-in": 0.2550767379543133, "unknown": 0.017344900108226563, "sfR": 0.11369548401129392, "oneh-out": 0.005048234199711045, "dsfb-red": 0.021117920178962652, "oneh-in": 0.01435478316389922, "sfb": 0.04094220841828427}, "shai": {"alternate": 0.261453042807031, "redirect": 0.038945187425320466, "dsfb": 0.0, "dsfb-alt": 0.04202702365872531, "sfT": 0.0002025810672605835, "roll-out": 0.1829391528387281, "sft": 0.0, "bad-redirect": 0.002549662763540006, "roll-in": 0.2536413734935208, "unknown": 0.03960196483625229, "sfR": 0.09823378925716947, "oneh-out": 0.006803323318779564, "dsfb-red": 0.023744315530588152, "oneh-in": 0.021365159756541997, "sfb": 0.028493423246542256}, "tr-quotes": {"alternate": 0.24709438061995792, "redirect": 0.041318970897575184, "dsfb": 0.0, "dsfb-alt": 0.03916576130926239, "sfT": 0.00014216037539585308, "roll-out": 0.19311389010887403, "sft": 0.0, "bad-redirect": 0.002527680821062851, "roll-in": 0.23979219158133191, "unknown": 0.04563116895124939, "sfR": 0.09677191928064538, "oneh-out": 0.0077043988812094035, "dsfb-red": 0.029033078292226254, "oneh-in": 0.025813088000739698, "sfb": 0.03189131088046971}, "gutenberg": {"alternate": 0.23992186869530724, "redirect": 0.03618905487339372, "dsfb": 0.0, "dsfb-alt": 0.03573421716956448, "sfT": 0.00011025220475994003, "roll-out": 0.21276193896877438, "sft": 0.0, "bad-redirect": 0.0025566387550518053, "roll-in": 0.24614941333324242, "unknown": 0.049739088725745936, "sfR": 0.09863878308844841, "oneh-out": 0.007404136465708344, "dsfb-red": 0.02598239071486999, "oneh-in": 0.016281522753440834, "sfb": 0.028530694251692523}, "english-200": {"alternate": 0.2717149220489978, "redirect": 0.035634743875278395, "dsfb": 0.0, "dsfb-alt": 0.035634743875278395, "sfT": 0.0, "roll-out": 0.19599109131403117, "sft": 0.0, "bad-redirect": 0.0022271714922048997, "roll-in": 0.2717149220489978, "unknown": 0.0, "sfR": 0.10690423162583519, "oneh-out": 0.011135857461024499, "dsfb-red": 0.031180400890868598, "oneh-in": 0.015590200445434299, "sfb": 0.022271714922048998}, "monkeyracer": {"alternate": 0.24677905594569655, "redirect": 0.041479307756072385, "dsfb": 0.0, "dsfb-alt": 0.03912445063108998, "sfT": 0.00015347138589549088, "roll-out": 0.19325077810970173, "sft": 0.0, "bad-redirect": 0.0025210363326399424, "roll-in": 0.24009962932261444, "unknown": 0.04506291349296964, "sfR": 0.09690789370786869, "oneh-out": 0.007687254641287517, "dsfb-red": 0.028914204607660667, "oneh-in": 0.0261614949090511, "sfb": 0.031858509157451864}, "chained-bigrams": {"alternate": 0.25579942718340065, "redirect": 0.05553632892217369, "dsfb": 0.0, "dsfb-alt": 0.047262888535811426, "sfT": 0.00014739216510000267, "roll-out": 0.17149435526965948, "sft": 0.0, "bad-redirect": 0.003595200079994338, "roll-in": 0.23592421055912277, "unknown": 0.040520508613351394, "sfR": 0.11914286586209158, "oneh-out": 0.005634666117787767, "dsfb-red": 0.026120878457303997, "oneh-in": 0.010721968380160105, "sfb": 0.028099309854042798}, "english-5k": {"alternate": 0.2919483967312399, "redirect": 0.041108391753432616, "dsfb": 0.0, "dsfb-alt": 0.04421952130086697, "sfT": 0.00020740863649562367, "roll-out": 0.15041274318662629, "sft": 0.0, "bad-redirect": 0.0012029700916746174, "roll-in": 0.2773883104492471, "unknown": 0.011780810552951425, "sfR": 0.10644211224955408, "oneh-out": 0.005890405276475713, "dsfb-red": 0.018334923466213134, "oneh-in": 0.024100883560791472, "sfb": 0.02696312274443108}, "mt-quotes": {"alternate": 0.24735838682301192, "redirect": 0.0415336895327572, "dsfb": 0.0, "dsfb-alt": 0.0382794850647255, "sfT": 0.0001389536343098935, "roll-out": 0.19677776980911058, "sft": 0.0, "bad-redirect": 0.00249817716737787, "roll-in": 0.24018509221740117, "unknown": 0.039987270054147095, "sfR": 0.0964592223377679, "oneh-out": 0.007935298406664994, "dsfb-red": 0.02964792436141093, "oneh-in": 0.02721548869843774, "sfb": 0.031983241892877205}, "wordle": {"alternate": 0.24315045439246044, "redirect": 0.05154269045214855, "dsfb": 0.0, "dsfb-alt": 0.04503534163581286, "sfT": 4.4878267698866824e-05, "roll-out": 0.1813979580388197, "sft": 0.0, "bad-redirect": 0.004577583305284416, "roll-in": 0.23119039605071245, "unknown": 0.021878155503197577, "sfR": 0.13138112868843263, "oneh-out": 0.008953214405923931, "dsfb-red": 0.026051834399192193, "oneh-in": 0.008751262201279031, "sfb": 0.046045102659037364}, "english-1k": {"alternate": 0.2667607621736062, "redirect": 0.04128440366972477, "dsfb": 0.0, "dsfb-alt": 0.03458009880028229, "sfT": 0.0, "roll-out": 0.19442484121383205, "sft": 0.0, "bad-redirect": 0.001058574453069866, "roll-in": 0.27170077628793227, "unknown": 0.007057163020465773, "sfR": 0.10832745236414962, "oneh-out": 0.009527170077628794, "dsfb-red": 0.02646436132674665, "oneh-in": 0.015525758645024701, "sfb": 0.02328863796753705}, "english-10k": {"alternate": 0.28312846143455356, "redirect": 0.04033113988537466, "dsfb": 0.0, "dsfb-alt": 0.041546863240771115, "sfT": 0.00025086354952625386, "roll-out": 0.15204260820902724, "sft": 0.0, "bad-redirect": 0.0018718280233882016, "roll-in": 0.2886860539163659, "unknown": 0.01034329711892862, "sfR": 0.10567144593890508, "oneh-out": 0.005422512108990564, "dsfb-red": 0.019412979294108568, "oneh-in": 0.021883020397136296, "sfb": 0.02940892688292391}, "reddit": {"alternate": 0.24377977513191096, "redirect": 0.04168167304285484, "dsfb": 0.0, "dsfb-alt": 0.04016446051866906, "sfT": 0.0002769601136607748, "roll-out": 0.17912198699590984, "sft": 0.0, "bad-redirect": 0.002829233338521185, "roll-in": 0.23147636334215269, "unknown": 0.07337461514848961, "sfR": 0.10397777127267367, "oneh-out": 0.007658392885938244, "dsfb-red": 0.023065151364470557, "oneh-in": 0.022098188241106625, "sfb": 0.030495428603641947}, "akl": {"alternate": 0.20642754435119604, "redirect": 0.034003590459337305, "dsfb": 0.0, "dsfb-alt": 0.03117852322315711, "sfT": 0.0001399932740965276, "roll-out": 0.14975030620749102, "sft": 0.0, "bad-redirect": 0.003447006998897769, "roll-in": 0.19773143197133583, "unknown": 0.16460127995756618, "sfR": 0.13064861186637447, "oneh-out": 0.010885749502518607, "dsfb-red": 0.02293789548995583, "oneh-in": 0.019206034545230514, "sfb": 0.02904203215284281}, "french": {"alternate": 0.18748762406516511, "redirect": 0.030767856819409953, "dsfb": 0.0, "dsfb-alt": 0.029592187019246853, "sfT": 0.00038844910451529683, "roll-out": 0.12581915635680224, "sft": 0.0, "bad-redirect": 0.0026769249111610696, "roll-in": 0.23202841970835064, "unknown": 0.20901691528952485, "sfR": 0.10898279115633469, "oneh-out": 0.004552036816129831, "dsfb-red": 0.015895820371234073, "oneh-in": 0.017343170827879756, "sfb": 0.0354486475542456}, "keymash": {"alternate": 0.24685053753289027, "redirect": 0.04061359615455661, "dsfb": 0.0, "dsfb-alt": 0.03831486825415721, "sfT": 0.00013956562252424954, "roll-out": 0.19450111447254456, "sft": 0.0, "bad-redirect": 0.002540915304191484, "roll-in": 0.24203141868455297, "unknown": 0.040917356627109394, "sfR": 0.099723742164827, "oneh-out": 0.008464244518970663, "dsfb-red": 0.029189739463821716, "oneh-in": 0.02514233641061848, "sfb": 0.03157056478923539}, "movie": {"alternate": 0.2253645885218523, "redirect": 0.040802962635820485, "dsfb": 0.0, "dsfb-alt": 0.040699131941177344, "sfT": 0.0001679188420337709, "roll-out": 0.16579551090821065, "sft": 0.0, "bad-redirect": 0.0040291310239404104, "roll-in": 0.20823923539550218, "unknown": 0.08909489506980542, "sfR": 0.11567713207251198, "oneh-out": 0.00786468162732308, "dsfb-red": 0.03312449195009441, "oneh-in": 0.03283616108575586, "sfb": 0.036304158925972135}, "dutch": {"alternate": 0.19073738920965685, "redirect": 0.031595153220250506, "dsfb": 0.0, "dsfb-alt": 0.023538488754648604, "sfT": 0.00040290494645703464, "roll-out": 0.1133365697221541,