{"english-450k": {"dsfb": 0.0, "bad-redirect": 0.0015377410175167997, "sft": 0.0, "unknown": 0.0001543587941537776, "sfb": 0.03167483384503664, "roll-out": 0.20525188256336166, "dsfb-red": 0.025529132006588313, "dsfb-alt": 0.04806697768404509, "redirect": 0.041557304825290985, "oneh-in": 0.00962491397713034, "oneh-out": 0.0069560855077556525, "alternate": 0.29601894637259757, "sfR": 0.11369548401129392, "sfT": 1.5494348655587526e-05, "roll-in": 0.21991684504657366}, "shai": {"dsfb": 0.0, "bad-redirect": 0.0009026180374054885, "sft": 0.0, "unknown": 0.031793109309943265, "sfb": 0.020369326793477773, "roll-out": 0.24061785038733502, "dsfb-red": 0.027694551517153807, "dsfb-alt": 0.043580512863226256, "redirect": 0.030624834152982706, "oneh-in": 0.01092593570229187, "oneh-out": 0.007517212482037433, "alternate": 0.25718261177043955, "sfR": 0.09823378925716947, "sfT": 2.6396188049849627e-05, "roll-in": 0.2305312515384875}, "tr-quotes": {"dsfb": 0.0, "bad-redirect": 0.0008159774392640022, "sft": 0.0, "unknown": 0.039616513719054114, "sfb": 0.019674764799704123, "roll-out": 0.26583065578696746, "dsfb-red": 0.034691754698227044, "dsfb-alt": 0.042876956149880956, "redirect": 0.030057095305240287, "oneh-in": 0.008956103649938743, "oneh-out": 0.011008760777605696, "alternate": 0.23413813827697003, "sfR": 0.09677191928064538, "sfT": 5.778877048611914e-06, "roll-in": 0.21555558123945354}, "gutenberg": {"dsfb": 0.0, "bad-redirect": 0.0007530111923037141, "sft": 0.0, "unknown": 0.04011588984327138, "sfb": 0.018022257305913496, "roll-out": 0.27200166098166895, "dsfb-red": 0.034427103401791996, "dsfb-alt": 0.04254750032488407, "redirect": 0.029220244123386994, "oneh-in": 0.007720495884864873, "oneh-out": 0.014257580217950802, "alternate": 0.22908532725013953, "sfR": 0.09863878308844841, "sfT": 5.304229782265156e-06, "roll-in": 0.21320484215559352}, "english-200": {"dsfb": 0.0, "bad-redirect": 0.0, "sft": 0.0, "unknown": 0.0, "sfb": 0.015590200445434299, "roll-out": 0.29175946547884185, "dsfb-red": 0.0400890868596882, "dsfb-alt": 0.051224944320712694, "redirect": 0.017817371937639197, "oneh-in": 0.008908685968819599, "oneh-out": 0.011135857461024499, "alternate": 0.24053452115812918, "sfR": 0.10690423162583519, "sfT": 0.0, "roll-in": 0.21603563474387527}, "monkeyracer": {"dsfb": 0.0, "bad-redirect": 0.0008123230680200823, "sft": 0.0, "unknown": 0.03912933825484461, "sfb": 0.019708854028183995, "roll-out": 0.2664292584888249, "dsfb-red": 0.034763712717206, "dsfb-alt": 0.042896718644916086, "redirect": 0.02998263916042354, "oneh-in": 0.008916980777953297, "oneh-out": 0.01103625443796237, "alternate": 0.23368413438228255, "sfR": 0.09690789370786869, "sfT": 4.887623754633467e-06, "roll-in": 0.2157270047077592}, "chained-bigrams": {"dsfb": 0.0, "bad-redirect": 0.00138691482226258, "sft": 0.0, "unknown": 0.033665798979163164, "sfb": 0.02064788920784178, "roll-out": 0.2089884547132703, "dsfb-red": 0.036431187662691406, "dsfb-alt": 0.05437342421867543, "redirect": 0.04342160197752237, "oneh-in": 0.008198121042082087, "oneh-out": 0.009420761777250831, "alternate": 0.25238148728434157, "sfR": 0.11914286586209158, "sfT": 6.687838328326112e-05, "roll-in": 0.21187461406952365}, "english-5k": {"dsfb": 0.0, "bad-redirect": 0.0012859335462728667, "sft": 0.0, "unknown": 0.0022400132741527356, "sfb": 0.024100883560791472, "roll-out": 0.18753888911934294, "dsfb-red": 0.025345335379765212, "dsfb-alt": 0.04484174721035384, "redirect": 0.03442983365827353, "oneh-in": 0.019662338739785123, "oneh-out": 0.005060770730493218, "alternate": 0.29974696146347535, "sfR": 0.10644211224955408, "sfT": 0.0, "roll-in": 0.24930518106773966}, "mt-quotes": {"dsfb": 0.0, "bad-redirect": 0.0007978628034568078, "sft": 0.0, "unknown": 0.03468910244916987, "sfb": 0.019326508169876046, "roll-out": 0.2740359904854114, "dsfb-red": 0.03617575692377571, "dsfb-alt": 0.04290679049975497, "redirect": 0.029489547100799655, "oneh-in": 0.00884522059262978, "oneh-out": 0.011347880135307969, "alternate": 0.2301445715446863, "sfR": 0.0964592223377679, "sfT": 0.0, "roll-in": 0.21578154695736365}, "wordle": {"dsfb": 0.0, "bad-redirect": 0.0014809828340626053, "sft": 0.0, "unknown": 0.0, "sfb": 0.028048917311791766, "roll-out": 0.21117468865701783, "dsfb-red": 0.025603051722203524, "dsfb-alt": 0.05616515202513183, "redirect": 0.044496802423426456, "oneh-in": 0.005609783462358353, "oneh-out": 0.007584427241108493, "alternate": 0.2741164591046786, "sfR": 0.13138112868843263, "sfT": 2.2439133849433412e-05, "roll-in": 0.2143161673959385}, "english-1k": {"dsfb": 0.0, "bad-redirect": 0.0007057163020465773, "sft": 0.0, "unknown": 0.0, "sfb": 0.016584333098094567, "roll-out": 0.2335920959774171, "dsfb-red": 0.02858151023288638, "dsfb-alt": 0.04728299223712068, "redirect": 0.032462949894142556, "oneh-in": 0.011291460832745237, "oneh-out": 0.011291460832745237, "alternate": 0.2755822159491884, "sfR": 0.10832745236414962, "sfT": 0.0, "roll-in": 0.23429781227946367}, "english-10k": {"dsfb": 0.0, "bad-redirect": 0.0014472897088053105, "sft": 0.0, "unknown": 0.0, "sfb": 0.023388201694293818, "roll-out": 0.18700912757376353, "dsfb-red": 0.023967117577815944, "dsfb-alt": 0.0479728295478667, "redirect": 0.03519808571814515, "oneh-in": 0.017213098936724493, "oneh-out": 0.004805001833233631, "alternate": 0.29007545203681906, "sfR": 0.10567144593890508, "sfT": 0.0, "roll-in": 0.2632523494336273}, "reddit": {"dsfb": 0.0, "bad-redirect": 0.0008550403725364493, "sft": 0.0, "unknown": 0.06027826737738363, "sfb": 0.02358049045613203, "roll-out": 0.24706546450844544, "dsfb-red": 0.03204897481869207, "dsfb-alt": 0.04377767751676828, "redirect": 0.0299639079094512, "oneh-in": 0.008180137195267556, "oneh-out": 0.00853695651400336, "alternate": 0.22697072347308134, "sfR": 0.10397777127267367, "sfT": 9.89624858387567e-05, "roll-in": 0.21466562609972625}, "akl": {"dsfb": 0.0, "bad-redirect": 0.0008830339641887073, "sft": 0.0, "unknown": 0.08788458567040264, "sfb": 0.024269339422692927, "roll-out": 0.23545007472302423, "dsfb-red": 0.034412675542728546, "dsfb-alt": 0.04269087888426834, "redirect": 0.029241849701213227, "oneh-in": 0.006818437238669217, "oneh-out": 0.006198213214569509, "alternate": 0.21148139928883952, "sfR": 0.11790358951788564, "sfT": 0.0001206868843218692, "roll-in": 0.20264523594719563}, "french": {"dsfb": 0.0, "bad-redirect": 0.002235320244210557, "sft": 0.0, "unknown": 0.1845785256052277, "sfb": 0.019954700014680703, "roll-out": 0.15628805059210996, "dsfb-red": 0.022621557130476366, "dsfb-alt": 0.02696410290107868, "redirect": 0.0328366988759711, "oneh-in": 0.01734646683231486, "oneh-out": 0.00791462054082249, "alternate": 0.20697490570543312, "sfR": 0.10898279115633469, "sfT": 0.000169714264731151, "roll-in": 0.21313254613660862}, "keymash": {"dsfb": 0.0, "bad-redirect": 0.0008291839926440707, "sft": 0.0, "unknown": 0.03457533054475746, "sfb": 0.01891114185203581, "roll-out": 0.2655933796636468, "dsfb-red": 0.03466153284102244, "dsfb-alt": 0.04364709600883368, "redirect": 0.030105125752730767, "oneh-in": 0.008825473189033426, "oneh-out": 0.011013369565663574, "alternate": 0.2351844934383633, "sfR": 0.099723742164827, "sfT": 1.2314613752139664e-05, "roll-in": 0.21691781637268948}, "movie": {"dsfb": 0.0, "bad-redirect": 0.0008865746385435067, "sft": 0.0, "unknown": 0.08496732886260383, "sfb": 0.01684241777339352, "roll-out": 0.26411251931033786, "dsfb-red": 0.03351678510691469, "dsfb-alt": 0.043762598025584985, "redirect": 0.028522910328311602, "oneh-in": 0.006067318347936526, "oneh-out": 0.012666028768077101, "alternate": 0.2070566972179822, "sfR": 0.11567713207251198, "sfT": 3.5531416417804186e-06, "roll-in": 0.18591813640616042}, "dutch": {"dsfb": 0.0, "bad-redirect": 0.0013830380209222963, "sft": 0.0, "unknown": 0.07489956334571263, "sfb": 0.05782939344175463, "roll-out": 0.12736047699355377, "dsfb-red": 0.021358355206810373, "dsfb-alt": 0.03812199818332365, "redirect": 0.027114857387965978, "oneh-in": 0.004930018082488754,