{"english-450k": {"oneh-out": 0.006951407968538871, "roll-out": 0.20459264187999657, "sfT": 1.666373345978281e-05, "alternate": 0.2959207180490452, "dsfb-alt": 0.048165206007597494, "sfb": 0.03156754278925172, "roll-in": 0.22068571555533206, "redirect": 0.04155642778668784, "sfR": 0.11369548401129392, "oneh-in": 0.00963017620874922, "unknown": 0.00015377410175167997, "bad-redirect": 0.0015310170548926767, "dsfb-red": 0.025533224853402998, "sft": 0.0, "dsfb": 0.0}, "shai": {"oneh-out": 0.008037925671430779, "roll-out": 0.2439649218657352, "sfT": 2.8044982200763987e-05, "alternate": 0.25979594662923, "dsfb-alt": 0.04409286984000969, "sfb": 0.020491689767846686, "roll-in": 0.2308798282962801, "redirect": 0.031536567003123885, "sfR": 0.09823378925716947, "oneh-in": 0.010926198890090609, "unknown": 0.023260762136131256, "bad-redirect": 0.0009122050400153825, "dsfb-red": 0.027839250620736163, "sft": 0.0, "dsfb": 0.0}, "tr-quotes": {"oneh-out": 0.013017498439703196, "roll-out": 0.2757830378400869, "sfT": 5.778877048611914e-06, "alternate": 0.24217655625158918, "dsfb-alt": 0.044114791613693624, "sfb": 0.01977994036198886, "roll-in": 0.21591271584105776, "redirect": 0.033471255865560205, "sfR": 0.09677191928064538, "oneh-in": 0.009020827072883198, "unknown": 0.013835787429786644, "bad-redirect": 0.0008240678671320589, "dsfb-red": 0.035285823258824345, "sft": 0.0, "dsfb": 0.0}, "gutenberg": {"oneh-out": 0.014524117764509625, "roll-out": 0.2741083873891179, "sfT": 6.251413671955363e-06, "alternate": 0.23163419909729588, "dsfb-alt": 0.04307981767088997, "sfb": 0.018216808876855863, "roll-in": 0.21381274477599668, "redirect": 0.02978343966419679, "sfR": 0.09863878308844841, "oneh-in": 0.007768044516127321, "unknown": 0.032975828246008664, "bad-redirect": 0.0007609675369771118, "dsfb-red": 0.03469060995990381, "sft": 0.0, "dsfb": 0.0}, "english-200": {"oneh-out": 0.011135857461024499, "roll-out": 0.29175946547884185, "sfT": 0.0, "alternate": 0.24053452115812918, "dsfb-alt": 0.051224944320712694, "sfb": 0.015590200445434299, "roll-in": 0.21603563474387527, "redirect": 0.017817371937639197, "sfR": 0.10690423162583519, "oneh-in": 0.008908685968819599, "unknown": 0.0, "bad-redirect": 0.0, "dsfb-red": 0.0400890868596882, "sft": 0.0, "dsfb": 0.0}, "monkeyracer": {"oneh-out": 0.013038225127860237, "roll-out": 0.27633158421571236, "sfT": 4.887623754633467e-06, "alternate": 0.24165682625084067, "dsfb-alt": 0.04414501775184948, "sfb": 0.019827134523046124, "roll-in": 0.2160857562913493, "redirect": 0.033388335392652145, "sfR": 0.09690789370786869, "oneh-in": 0.008985407510518167, "unknown": 0.013436077701487402, "bad-redirect": 0.0008201432660274958, "dsfb-red": 0.03537271063703333, "sft": 0.0, "dsfb": 0.0}, "chained-bigrams": {"oneh-out": 0.009731778724752598, "roll-out": 0.21118959761938927, "sfT": 9.025335219779899e-05, "alternate": 0.2551734974602447, "dsfb-alt": 0.05552464143771642, "sfb": 0.02184715497409599, "roll-in": 0.2133173690953043, "redirect": 0.04442737494553957, "sfR": 0.11914286586209158, "oneh-in": 0.008343565293105877, "unknown": 0.022916559801936097, "bad-redirect": 0.0014596369477744757, "dsfb-red": 0.03683570448585133, "sft": 0.0, "dsfb": 0.0}, "english-5k": {"oneh-out": 0.005060770730493218, "roll-out": 0.1872899987555482, "sfT": 0.0, "alternate": 0.2995395528269797, "dsfb-alt": 0.045049155846849466, "sfb": 0.024017920106193223, "roll-in": 0.24971999834073091, "redirect": 0.03442983365827353, "sfR": 0.10644211224955408, "oneh-in": 0.019662338739785123, "unknown": 0.002157049819554486, "bad-redirect": 0.0012859335462728667, "dsfb-red": 0.025345335379765212, "sft": 0.0, "dsfb": 0.0}, "mt-quotes": {"oneh-out": 0.013493443779060733, "roll-out": 0.2845800313168621, "sfT": 0.0, "alternate": 0.23845041297617767, "dsfb-alt": 0.044172314459545066, "sfb": 0.019381790798579983, "roll-in": 0.216095313228386, "redirect": 0.03286477570193997, "sfR": 0.0964592223377679, "oneh-in": 0.00889452672093329, "unknown": 0.007977133909467972, "bad-redirect": 0.0008023451787571269, "dsfb-red": 0.0368286895925222, "sft": 0.0, "dsfb": 0.0}, "wordle": {"oneh-out": 0.007584427241108493, "roll-out": 0.21088297991697522, "sfT": 2.2439133849433412e-05, "alternate": 0.27386962863233477, "dsfb-alt": 0.056411982497475595, "sfb": 0.028048917311791766, "roll-in": 0.21460787613598115, "redirect": 0.044496802423426456, "sfR": 0.13138112868843263, "oneh-in": 0.005609783462358353, "unknown": 0.0, "bad-redirect": 0.0014809828340626053, "dsfb-red": 0.025603051722203524, "sft": 0.0, "dsfb": 0.0}, "english-1k": {"oneh-out": 0.011291460832745237, "roll-out": 0.2332392378263938, "sfT": 0.0, "alternate": 0.2755822159491884, "dsfb-alt": 0.04728299223712068, "sfb": 0.016584333098094567, "roll-in": 0.23465067043048696, "redirect": 0.032462949894142556, "sfR": 0.10832745236414962, "oneh-in": 0.011291460832745237, "unknown": 0.0, "bad-redirect": 0.0007057163020465773, "dsfb-red": 0.02858151023288638, "sft": 0.0, "dsfb": 0.0}, "english-10k": {"oneh-out": 0.004805001833233631, "roll-out": 0.1868740472009417, "sfT": 0.0, "alternate": 0.2898631828795276, "dsfb-alt": 0.04818509870515814, "sfb": 0.023233824125354584, "roll-in": 0.26354180737538835, "redirect": 0.03519808571814515, "sfR": 0.10567144593890508, "oneh-in": 0.017213098936724493, "unknown": 0.0, "bad-redirect": 0.0014472897088053105, "dsfb-red": 0.023967117577815944, "sft": 0.0, "dsfb": 0.0}, "reddit": {"oneh-out": 0.009626442836147976, "roll-out": 0.2553108150602025, "sfT": 0.000114057823383427, "alternate": 0.23399166610012329, "dsfb-alt": 0.044834913006094136, "sfb": 0.023728784355237117, "roll-in": 0.21489636376542146, "redirect": 0.03271567931734613, "sfR": 0.10397777127267367, "oneh-in": 0.008193921523348049, "unknown": 0.039285409944231534, "bad-redirect": 0.0008607338993523051, "dsfb-red": 0.032463441096438415, "sft": 0.0, "dsfb": 0.0}, "akl": {"oneh-out": 0.006352917509494452, "roll-out": 0.218625242823226, "sfT": 0.00019019912177816264, "alternate": 0.1974198196923197, "dsfb-alt": 0.03890085958489301, "sfb": 0.021973458945465207, "roll-in": 0.1839003633327027, "redirect": 0.02914303683065901, "sfR": 0.13064861186637447, "oneh-in": 0.006083283446625514, "unknown": 0.13277008071454782, "bad-redirect": 0.0008964906384254162, "dsfb-red": 0.03309563549348852, "sft": 0.0, "dsfb": 0.0}, "french": {"oneh-out": 0.007916013851788238, "roll-out": 0.15535283929732602, "sfT": 0.00017143717614040966, "alternate": 0.20557874819039992, "dsfb-alt": 0.028483516000146404, "sfb": 0.028175219730757487, "roll-in": 0.22593196510496133, "redirect": 0.03371977337332705, "sfR": 0.10898279115633469, "oneh-in": 0.021633939365174264, "unknown": 0.15807953387545715, "bad-redirect": 0.0027327022953060266, "dsfb-red": 0.023241520582881006, "sft": 0.0, "dsfb": 0.0}, "keymash": {"oneh-out": 0.012909820083493081, "roll-out": 0.27399605111385683, "sfT": 1.2314613752139664e-05, "alternate": 0.24175639231075519, "dsfb-alt": 0.04469794304901627, "sfb": 0.01905891721706149, "roll-in": 0.21742682040777792, "redirect": 0.033056528181993575, "sfR": 0.099723742164827, "oneh-in": 0.008923990099050544, "unknown": 0.01232282349464109, "bad-redirect": 0.00085381322014835, "dsfb-red": 0.035260844043626574, "sft": 0.0, "dsfb": 0.0}, "movie": {"oneh-out": 0.017182729783972936, "roll-out": 0.2847415332911606, "sfT": 8.553859507989896e-06, "alternate": 0.22262511631603957, "dsfb-alt": 0.04698858744064444, "sfb": 0.01730353659979347, "roll-in": 0.18651072147330625, "redirect": 0.03688345261142093, "sfR": 0.11567713207251198, "oneh-in": 0.006272610976128284, "unknown": 0.030236445784519856, "bad-redirect": 0.0009226324463156488, "dsfb-red": 0.034646947344678033, "sft": 0.0, "dsfb": 0.0}, "dutch": {"oneh-out": 0.004147052021429881, "roll-out": 0.12779732493349738, "sfT": 5.680475613599847e-05, "alternate": 0.19972548671258217, "dsfb-alt": 0.038246061348634564, "sfb": 0.05820604770545185, "roll-in": 0.25496117283747183, "redirect": 0.0273723973855611, "sfR": 0.18880787437283908,