{"english-450k": {"dsfb-red": 0.012607722266431464, "alternate": 0.33842697864294063, "unknown": 0.0, "bad-redirect": 0.0018344724115813532, "dsfb": 0.0, "sfb": 0.032029742133109905, "oneh-in": 0.008916266785787998, "redirect": 0.03478159692358246, "oneh-out": 0.003688824364834026, "sfR": 0.11369548401129392, "roll-out": 0.16683116012912347, "roll-in": 0.23698284687899965, "dsfb-alt": 0.050057855313187564, "sfT": 0.00014705013912755707, "sft": 0.0}, "shai": {"dsfb-red": 0.013724287713185988, "alternate": 0.30773844891973795, "unknown": 0.015572597567587401, "bad-redirect": 0.0010962468491001918, "dsfb": 0.0, "sfb": 0.02041222253426318, "oneh-in": 0.009895679323316302, "redirect": 0.02895173770518198, "oneh-out": 0.010670140384371847, "sfR": 0.09823378925716947, "roll-out": 0.197496673770673, "roll-in": 0.25042245899147053, "dsfb-alt": 0.04574436553626991, "sfT": 4.135144767222777e-05, "sft": 0.0}, "tr-quotes": {"dsfb-red": 0.01956727768659994, "alternate": 0.29171309031229053, "unknown": 0.009743186703959687, "bad-redirect": 0.0008587411294237304, "dsfb": 0.0, "sfb": 0.020457224752086174, "oneh-in": 0.007497515082869097, "redirect": 0.030675435149441762, "oneh-out": 0.020674510529113982, "sfR": 0.09677191928064538, "roll-out": 0.22409098264025334, "roll-in": 0.23434964517694923, "dsfb-alt": 0.04358197914981161, "sfT": 1.8492406555558125e-05, "sft": 0.0}, "gutenberg": {"dsfb-red": 0.018386923103444225, "alternate": 0.2788867406758271, "unknown": 0.025598023492433706, "bad-redirect": 0.0011267699551754697, "dsfb": 0.0, "sfb": 0.01873643395873991, "oneh-in": 0.006119376237732548, "redirect": 0.02807453049041772, "oneh-out": 0.012972441116419129, "sfR": 0.09863878308844841, "roll-out": 0.2413623459547481, "roll-in": 0.22967428619274888, "dsfb-alt": 0.04039530909072999, "sfT": 2.803664313483011e-05, "sft": 0.0}, "english-200": {"dsfb-red": 0.0200445434298441, "alternate": 0.3184855233853007, "unknown": 0.0, "bad-redirect": 0.0, "dsfb": 0.0, "sfb": 0.015590200445434299, "oneh-in": 0.0066815144766146995, "redirect": 0.017817371937639197, "oneh-out": 0.008908685968819599, "sfR": 0.10690423162583519, "roll-out": 0.22271714922049, "roll-in": 0.24276169265033407, "dsfb-alt": 0.0400890868596882, "sfT": 0.0, "sft": 0.0}, "monkeyracer": {"dsfb-red": 0.01959741620657835, "alternate": 0.29153795924112796, "unknown": 0.009366642163379577, "bad-redirect": 0.0008611993055664169, "dsfb": 0.0, "sfb": 0.020436132442873452, "oneh-in": 0.007404749988269703, "redirect": 0.03067179410982686, "oneh-out": 0.02108814145174156, "sfR": 0.09690789370786869, "roll-out": 0.22409168400143892, "roll-in": 0.23437622190593865, "dsfb-alt": 0.04364354755462408, "sfT": 1.661792076575379e-05, "sft": 0.0}, "chained-bigrams": {"dsfb-red": 0.022184144109280577, "alternate": 0.29860224178937983, "unknown": 0.016087822355430687, "bad-redirect": 0.0025251459474621603, "dsfb": 0.0, "sfb": 0.022663980276720674, "oneh-in": 0.008525370606885617, "redirect": 0.0342371871081852, "oneh-out": 0.005268458271460007, "sfR": 0.11914286586209158, "roll-out": 0.1876867156805135, "roll-in": 0.2218544271866472, "dsfb-alt": 0.06113203675843723, "sfT": 8.96040475057285e-05, "sft": 0.0}, "english-5k": {"dsfb-red": 0.008918571369311817, "alternate": 0.34877836313104077, "unknown": 0.0, "bad-redirect": 0.0019496411830588626, "dsfb": 0.0, "sfb": 0.021860870286638735, "oneh-in": 0.017214916829136766, "redirect": 0.02916165429128469, "oneh-out": 0.003277056456630854, "sfR": 0.10644211224955408, "roll-out": 0.14464678309204795, "roll-in": 0.2699630812627038, "dsfb-alt": 0.04778694984859169, "sfT": 0.0, "sft": 0.0}, "mt-quotes": {"dsfb-red": 0.02040377236705275, "alternate": 0.289143089372587, "unknown": 0.00522794372527223, "bad-redirect": 0.0007694744265547865, "dsfb": 0.0, "sfb": 0.019637286190698176, "oneh-in": 0.007098588350605419, "redirect": 0.030566811297976358, "oneh-out": 0.022655418892913066, "sfR": 0.0964592223377679, "roll-out": 0.23036869030970225, "roll-in": 0.23396504942565832, "dsfb-alt": 0.043698676802811344, "sfT": 5.9765004004255265e-06, "sft": 0.0}, "wordle": {"dsfb-red": 0.013800067317401549, "alternate": 0.31127566475934026, "unknown": 0.0, "bad-redirect": 0.0012790306294177044, "dsfb": 0.0, "sfb": 0.03594749242679233, "oneh-in": 0.003635139683608213, "redirect": 0.035364074946707055, "oneh-out": 0.004959048580724784, "sfR": 0.13138112868843263, "roll-out": 0.18124088410187367, "roll-in": 0.22091327274767195, "dsfb-alt": 0.05997980477953551, "sfT": 0.00022439133849433412, "sft": 0.0}, "english-1k": {"dsfb-red": 0.010232886379675371, "alternate": 0.3260409315455187, "unknown": 0.0, "bad-redirect": 0.00035285815102328866, "dsfb": 0.0, "sfb": 0.014820042342978124, "oneh-in": 0.008115737473535639, "redirect": 0.030345800988002825, "oneh-out": 0.008468595624558928, "sfR": 0.10832745236414962, "roll-out": 0.1831333803810868, "roll-in": 0.2699364855328158, "dsfb-alt": 0.04022582921665491, "sfT": 0.0, "sft": 0.0}, "english-10k": {"dsfb-red": 0.009513517685880242, "alternate": 0.3332046853592173, "unknown": 0.0, "bad-redirect": 0.0014858841010401188, "dsfb": 0.0, "sfb": 0.022191775535014762, "oneh-in": 0.0158429980123888, "redirect": 0.031203566121842496, "oneh-out": 0.0026823102603191758, "sfR": 0.10567144593890508, "roll-out": 0.14561664190193166, "roll-in": 0.2845950483394763, "dsfb-alt": 0.04793423515563189, "sfT": 5.789158835221242e-05, "sft": 0.0}, "reddit": {"dsfb-red": 0.018204939621459127, "alternate": 0.28244324218633676, "unknown": 0.0331983180872297, "bad-redirect": 0.00119500385530426, "dsfb": 0.0, "sfb": 0.022723764499998782, "oneh-in": 0.00803525192076933, "redirect": 0.03010006560665933, "oneh-out": 0.014902918812742338, "sfR": 0.10397777127267367, "roll-out": 0.207973634475953, "roll-in": 0.22887097550528646, "dsfb-alt": 0.04829979864767501, "sfT": 7.431550791222305e-05, "sft": 0.0}, "akl": {"dsfb-red": 0.017153549322415012, "alternate": 0.23900207180656774, "unknown": 0.12482253455870851, "bad-redirect": 0.0012513165136990188, "dsfb": 0.0, "sfb": 0.026611051171840806, "oneh-in": 0.00700524762292483, "redirect": 0.025849686409877427, "oneh-out": 0.013083045981860716, "sfR": 0.13064861186637447, "roll-out": 0.16940705683215482, "roll-in": 0.20175345899636288, "dsfb-alt": 0.04287193953417226, "sfT": 0.000540429383041537, "sft": 0.0}, "french": {"dsfb-red": 0.012299040549588964, "alternate": 0.22940366155829425, "unknown": 0.14988019847879508, "bad-redirect": 0.002504304169791691, "dsfb": 0.0, "sfb": 0.04339359133587105, "oneh-in": 0.01666068816407654, "redirect": 0.02785994192470149, "oneh-out": 0.008276656664341934, "sfR": 0.10898279115633469, "roll-out": 0.15250467197392298, "roll-in": 0.21548562363018242, "dsfb-alt": 0.032714162420176954, "sfT": 3.4667973921952985e-05, "sft": 0.0}, "keymash": {"dsfb-red": 0.01901376363330364, "alternate": 0.2917085705606844, "unknown": 0.008566866300238493, "bad-redirect": 0.000927700902661188, "dsfb": 0.0, "sfb": 0.019773164814685586, "oneh-in": 0.007355929281278093, "redirect": 0.03022827189025216, "oneh-out": 0.020167232454754058, "sfR": 0.099723742164827, "roll-out": 0.22353076395758847, "roll-in": 0.23562371466218962, "dsfb-alt": 0.043343335536280905, "sfT": 3.694384125641899e-05, "sft": 0.0}, "movie": {"dsfb-red": 0.021592968148453944, "alternate": 0.26457745447405673, "unknown": 0.02448311987944585, "bad-redirect": 0.0007140498721592797, "dsfb": 0.0, "sfb": 0.022559949066372553, "oneh-in": 0.006701619929913623, "redirect": 0.0338799951414078, "oneh-out": 0.03424873228512146, "sfR": 0.11567713207251198, "roll-out": 0.23181090864491205, "roll-in": 0.19948376799880088, "dsfb-alt": 0.04417252529277558, "sfT": 9.777719406825375e-05, "sft": 0.0}, "dutch": {"dsfb-red": 0.008252253569115627, "alternate": 0.23117011091523113, "unknown": 0.06758112760955366, "bad-redirect": 0.0013585624867917287, "dsfb": 0.0, "sfb": 0.031099599859982015, "oneh-in": 0.005680852160278779, "redirect": 0.02901484020667894, "oneh-out": 0.0064465508664894935,