{"english-450k": {"redirect": 0.043197074666973825, "sft": 0.0, "dsfb-red": 0.026263798009824, "sfb": 0.03173768827826213, "sfT": 1.5786694856636345e-05, "oneh-in": 0.008810729807209374, "roll-out": 0.20689574525185916, "bad-redirect": 0.0015941638343192222, "oneh-out": 0.009023557841572915, "alternate": 0.2917354898348302, "unknown": 0.00015377410175167997, "dsfb": 0.0, "sfR": 0.11369548401129392, "dsfb-alt": 0.04756121875623063, "roll-in": 0.21931548891101624}, "shai": {"redirect": 0.03027767396481272, "sft": 0.0, "dsfb-red": 0.027797307000516778, "sfb": 0.019856528590090575, "sfT": 3.063428569128443e-05, "oneh-in": 0.010910237324178939, "roll-out": 0.24913080294262538, "bad-redirect": 0.0009424406735997557, "oneh-out": 0.009922768314542241, "alternate": 0.2571205304132079, "unknown": 0.023621906111313578, "dsfb": 0.0, "sfR": 0.09823378925716947, "dsfb-alt": 0.04580441879928772, "roll-in": 0.22635096232296364}, "tr-quotes": {"redirect": 0.03259286655417119, "sft": 0.0, "dsfb-red": 0.0352060747555535, "sfb": 0.01860220521948175, "sfT": 6.934652458334297e-06, "oneh-in": 0.008535401400799796, "roll-out": 0.2815676937657474, "bad-redirect": 0.0008101985622153903, "oneh-out": 0.014929150967384019, "alternate": 0.23953445366496381, "unknown": 0.01476965396084233, "dsfb": 0.0, "sfR": 0.09677191928064538, "dsfb-alt": 0.04560920921846467, "roll-in": 0.21106423799727236}, "gutenberg": {"redirect": 0.027998755779242504, "sft": 0.0, "dsfb-red": 0.034597785938714175, "sfb": 0.018002366444230002, "sfT": 3.788735558760826e-06, "oneh-in": 0.00756989364640413, "roll-out": 0.27805757589879226, "bad-redirect": 0.0007554738704169087, "oneh-out": 0.015891661864444347, "alternate": 0.22636084750983462, "unknown": 0.03802431837805746, "dsfb": 0.0, "sfR": 0.09863878308844841, "dsfb-alt": 0.04577493471061448, "roll-in": 0.20832381413524195}, "english-200": {"redirect": 0.017817371937639197, "sft": 0.0, "dsfb-red": 0.0400890868596882, "sfb": 0.013363028953229399, "sfT": 0.0, "oneh-in": 0.011135857461024499, "roll-out": 0.2984409799554566, "bad-redirect": 0.0, "oneh-out": 0.011135857461024499, "alternate": 0.24053452115812918, "unknown": 0.0, "dsfb": 0.0, "sfR": 0.10690423162583519, "dsfb-alt": 0.051224944320712694, "roll-in": 0.20935412026726058}, "monkeyracer": {"redirect": 0.03255157420585889, "sft": 0.0, "dsfb-red": 0.03532969954799255, "sfb": 0.018649217198179458, "sfT": 5.865148505560161e-06, "oneh-in": 0.008443858798504778, "roll-out": 0.28215860925598635, "bad-redirect": 0.0008133005927710089, "oneh-out": 0.01495319611492563, "alternate": 0.23892171199774778, "unknown": 0.014352018393105714, "dsfb": 0.0, "sfR": 0.09690789370786869, "dsfb-alt": 0.04566311369003863, "roll-in": 0.21124994134851494}, "chained-bigrams": {"redirect": 0.04365015722913119, "sft": 0.0, "dsfb-red": 0.036327298911960126, "sfb": 0.021314725126598183, "sfT": 8.505891466123501e-05, "oneh-in": 0.007868923563202344, "roll-out": 0.21823455352835416, "bad-redirect": 0.0017745497234286664, "oneh-out": 0.01097454790537553, "alternate": 0.25457548783884776, "unknown": 0.02365222201805197, "dsfb": 0.0, "sfR": 0.11914286586209158, "dsfb-alt": 0.056316793162042425, "roll-in": 0.20608281621625482}, "english-5k": {"redirect": 0.0320238934749243, "sft": 0.0, "dsfb-red": 0.025967561289252084, "sfb": 0.024266810469987972, "sfT": 0.0, "oneh-in": 0.019579375285186874, "roll-out": 0.1935122578504169, "bad-redirect": 0.001244451818973742, "oneh-out": 0.00866968100551707, "alternate": 0.2978388020077156, "unknown": 0.002157049819554486, "dsfb": 0.0, "sfR": 0.10644211224955408, "dsfb-alt": 0.044883228937652966, "roll-in": 0.24341477579126394}, "mt-quotes": {"redirect": 0.03205346577258221, "sft": 0.0, "dsfb-red": 0.03674203033671603, "sfb": 0.018261196973500197, "sfT": 0.0, "oneh-in": 0.008301359056191056, "roll-out": 0.29038022495547505, "bad-redirect": 0.000770968551654893, "oneh-out": 0.015395465031496157, "alternate": 0.23574903479518533, "unknown": 0.008869126594231481, "dsfb": 0.0, "sfR": 0.0964592223377679, "dsfb-alt": 0.04573815756445656, "roll-in": 0.21127974803074312}, "wordle": {"redirect": 0.04595534612363963, "sft": 0.0, "dsfb-red": 0.02618646920228879, "sfb": 0.0279367216425446, "sfT": 0.0, "oneh-in": 0.004667339840682149, "roll-out": 0.21308201503421967, "bad-redirect": 0.0018848872433524066, "oneh-out": 0.00868394479973073, "alternate": 0.2732637720184001, "unknown": 0.0, "dsfb": 0.0, "sfR": 0.13138112868843263, "dsfb-alt": 0.05706271737910917, "roll-in": 0.20989565802760013}, "english-1k": {"redirect": 0.030345800988002825, "sft": 0.0, "dsfb-red": 0.027170077628793227, "sfb": 0.015525758645024701, "sfT": 0.0, "oneh-in": 0.011291460832745237, "roll-out": 0.2392378263937897, "bad-redirect": 0.001058574453069866, "oneh-out": 0.013761467889908258, "alternate": 0.2734650670430487, "unknown": 0.0, "dsfb": 0.0, "sfR": 0.10832745236414962, "dsfb-alt": 0.04904728299223712, "roll-in": 0.23076923076923078}, "english-10k": {"redirect": 0.03425252310839235, "sft": 0.0, "dsfb-red": 0.024623222245807683, "sfb": 0.023407498890411223, "sfT": 0.0, "oneh-in": 0.01709731576002007, "roll-out": 0.19129310511182726, "bad-redirect": 0.00135080372821829, "oneh-out": 0.006657532660504429, "alternate": 0.28826151560178304, "unknown": 0.0, "dsfb": 0.0, "sfR": 0.10567144593890508, "dsfb-alt": 0.048281584685745164, "roll-in": 0.2591034522683854}, "reddit": {"redirect": 0.030363428679305922, "sft": 0.0, "dsfb-red": 0.03241133783459069, "sfb": 0.02222183516228518, "sfT": 0.0001148444290619334, "oneh-in": 0.008036413100580458, "roll-out": 0.2607487699453702, "bad-redirect": 0.0009019745113539975, "oneh-out": 0.012178304029462503, "alternate": 0.23184947663565755, "unknown": 0.041217688064775854, "dsfb": 0.0, "sfR": 0.10397777127267367, "dsfb-alt": 0.04630032192773828, "roll-in": 0.20967783440714372}, "akl": {"redirect": 0.027046745029133103, "sft": 0.0, "dsfb-red": 0.032294689152791885, "sfb": 0.021558667719638786, "sfT": 0.00019061915101565663, "oneh-in": 0.0057978118107428304, "roll-out": 0.2220489999684484, "bad-redirect": 0.000860664615227399, "oneh-out": 0.008584804631924303, "alternate": 0.19712241428457172, "unknown": 0.13295000147380848, "dsfb": 0.0, "sfR": 0.13064861186637447, "dsfb-alt": 0.039738817913693526, "roll-in": 0.18115715238262944}, "french": {"redirect": 0.03171990770048962, "sft": 0.0, "dsfb-red": 0.02324222472928305, "sfb": 0.02731109725890338, "sfT": 0.00017674074691325815, "oneh-in": 0.01984077811593285, "roll-out": 0.1568483114187242, "bad-redirect": 0.0027829513811030147, "oneh-out": 0.007903578925964893, "alternate": 0.20599124314545314, "unknown": 0.15822382396052298, "dsfb": 0.0, "sfR": 0.10898279115633469, "dsfb-alt": 0.02886928335559859, "roll-in": 0.22810726810477633}, "keymash": {"redirect": 0.03194000320179958, "sft": 0.0, "dsfb-red": 0.0351459076486066, "sfb": 0.01786439968310394, "sfT": 2.052435625356611e-05, "oneh-in": 0.008394461707708538, "roll-out": 0.27930775451227974, "bad-redirect": 0.0008948619326554823, "oneh-out": 0.015044353133863956, "alternate": 0.23836576865766607, "unknown": 0.013394194891077241, "dsfb": 0.0, "sfR": 0.099723742164827, "dsfb-alt": 0.04686531506939285, "roll-in": 0.21303871304076547}, "movie": {"redirect": 0.036019118007598196, "sft": 0.0, "dsfb-red": 0.03462549689698877, "sfb": 0.016301155863295638, "sfT": 9.080250862327736e-06, "oneh-in": 0.005793858039358018, "roll-out": 0.28983476443789497, "bad-redirect": 0.0009400033610087974, "oneh-out": 0.018686366687638976, "alternate": 0.2216874817161253, "unknown": 0.030451476652766863, "dsfb": 0.0, "sfR": 0.11567713207251198, "dsfb-alt": 0.047537218829703055, "roll-in": 0.1824368471842471}, "dutch": {"redirect": 0.029434689753687907, "sft": 0.0, "dsfb-red": 0.026917780028530763, "sfb": 0.05873837712469601, "sfT": 6.532188339755128e-05, "oneh-in": 0.005229462346210715, "roll-out": 0.1298941520113205, "bad-redirect": 0.0013361669247924036, "oneh-out": 0.004936903507474936, "alternate": 0.19260030907668638,