{"english-450k": {"oneh-in": 0.005577088477408363, "sfT": 1.7833118263978095e-05, "bad-redirect": 0.005209024610287897, "sfR": 0.11369548401129392, "dsfb": 0.0, "sft": 0.0, "roll-out": 0.16612222059158008, "alternate": 0.3563434155742176, "redirect": 0.03273283474663232, "dsfb-alt": 0.05587408298305386, "unknown": 0.0, "oneh-out": 0.0030339688744846667, "dsfb-red": 0.012357473918333674, "roll-in": 0.22493613697238088, "sfb": 0.024100436122062724}, "shai": {"oneh-in": 0.004156103030901653, "sfT": 4.8298831477136875e-05, "bad-redirect": 0.005979669361812936, "sfR": 0.09823378925716947, "dsfb": 0.0, "sft": 0.0, "roll-out": 0.19575092587919432, "alternate": 0.33116395113624364, "redirect": 0.03326241712293626, "dsfb-alt": 0.054338182542722345, "unknown": 0.015572597567587401, "oneh-out": 0.0036672471763819605, "dsfb-red": 0.01028763949340374, "roll-in": 0.22620759464001017, "sfb": 0.02133158396015894}, "tr-quotes": {"oneh-in": 0.003901897783222764, "sfT": 1.618085573611336e-05, "bad-redirect": 0.0053443054945562975, "sfR": 0.09677191928064538, "dsfb": 0.0, "sft": 0.0, "roll-out": 0.198651210096854, "alternate": 0.33404105314255333, "redirect": 0.037644760870067726, "dsfb-alt": 0.05612214234529946, "unknown": 0.009743186703959687, "oneh-out": 0.004553755114306188, "dsfb-red": 0.010163888953098634, "roll-in": 0.21819421649984974, "sfb": 0.024851482859850674}, "gutenberg": {"oneh-in": 0.003969458244913717, "sfT": 1.6480999680609592e-05, "bad-redirect": 0.004227660573243267, "sfR": 0.09863878308844841, "dsfb": 0.0, "sft": 0.0, "roll-out": 0.20751472965666856, "alternate": 0.31422200399105404, "redirect": 0.0260416844263646, "dsfb-alt": 0.05819744086067948, "unknown": 0.025598023492433706, "oneh-out": 0.0050083295351259355, "dsfb-red": 0.009812256786856724, "roll-in": 0.22718925453975766, "sfb": 0.019563893804773275}, "english-200": {"oneh-in": 0.0022271714922048997, "sfT": 0.0, "bad-redirect": 0.0022271714922048997, "sfR": 0.10690423162583519, "dsfb": 0.0, "sft": 0.0, "roll-out": 0.20489977728285078, "alternate": 0.33184855233853006, "redirect": 0.031180400890868598, "dsfb-alt": 0.0556792873051225, "unknown": 0.0, "oneh-out": 0.0022271714922048997, "dsfb-red": 0.011135857461024499, "roll-in": 0.23385300668151449, "sfb": 0.017817371937639197}, "monkeyracer": {"oneh-in": 0.003876863162175266, "sfT": 1.661792076575379e-05, "bad-redirect": 0.005329464942052333, "sfR": 0.09690789370786869, "dsfb": 0.0, "sft": 0.0, "roll-out": 0.1985118163191892, "alternate": 0.33451385739086914, "redirect": 0.038023757761546526, "dsfb-alt": 0.05587629228772072, "unknown": 0.009366642163379577, "oneh-out": 0.004630534745139747, "dsfb-red": 0.010174077607645026, "roll-in": 0.21800072727841469, "sfb": 0.02477145471323334}, "chained-bigrams": {"oneh-in": 0.006574210007213775, "sfT": 6.882629735947261e-05, "bad-redirect": 0.006457335162641086, "sfR": 0.11914286586209158, "dsfb": 0.0, "sft": 0.0, "roll-out": 0.17275855150512073, "alternate": 0.3321972665571073, "redirect": 0.0358481120492121, "dsfb-alt": 0.06591091929207608, "unknown": 0.016087822355430687, "oneh-out": 0.0049353649644278425, "dsfb-red": 0.014329505249303784, "roll-in": 0.20479524501187904, "sfb": 0.0208939756861365}, "english-5k": {"oneh-in": 0.004148172729912474, "sfT": 0.0, "bad-redirect": 0.0065126311859625835, "sfR": 0.10644211224955408, "dsfb": 0.0, "sft": 0.0, "roll-out": 0.1687476666528394, "alternate": 0.3440909279462397, "redirect": 0.030530551292155806, "dsfb-alt": 0.053635873397768284, "unknown": 0.0, "oneh-out": 0.003194093002032605, "dsfb-red": 0.01086821255237068, "roll-in": 0.25469780561662586, "sfb": 0.017131953374538517}, "mt-quotes": {"oneh-in": 0.0036411828689592524, "sfT": 5.9765004004255265e-06, "bad-redirect": 0.005286214604176378, "sfR": 0.0964592223377679, "dsfb": 0.0, "sft": 0.0, "roll-out": 0.20124968623372896, "alternate": 0.3366024790523661, "redirect": 0.03901459461397784, "dsfb-alt": 0.05624633939350474, "unknown": 0.00522794372527223, "oneh-out": 0.004688564564133826, "dsfb-red": 0.009956849667108927, "roll-in": 0.21716809505026236, "sfb": 0.024452851388341044}, "wordle": {"oneh-in": 0.004353191966790082, "sfT": 2.2439133849433412e-05, "bad-redirect": 0.006462470548636822, "sfR": 0.13138112868843263, "dsfb": 0.0, "sft": 0.0, "roll-out": 0.17899697071693033, "alternate": 0.32915965443733874, "redirect": 0.03199820486929204, "dsfb-alt": 0.059014922024009875, "unknown": 0.0, "oneh-out": 0.007202961965668125, "dsfb-red": 0.014159093458992482, "roll-in": 0.20830247952429037, "sfb": 0.028946482665769102}, "english-1k": {"oneh-in": 0.004234297812279464, "sfT": 0.0, "bad-redirect": 0.007410021171489062, "sfR": 0.10832745236414962, "dsfb": 0.0, "sft": 0.0, "roll-out": 0.18489767113620326, "alternate": 0.331333803810868, "redirect": 0.022582921665490474, "dsfb-alt": 0.04940014114326041, "unknown": 0.0, "oneh-out": 0.0077628793225123505, "dsfb-red": 0.011997177134791814, "roll-in": 0.255469301340861, "sfb": 0.016584333098094567}, "english-10k": {"oneh-in": 0.004245383145828911, "sfT": 0.0, "bad-redirect": 0.006175102757569325, "sfR": 0.10567144593890508, "dsfb": 0.0, "sft": 0.0, "roll-out": 0.1715327762876054, "alternate": 0.3467706142297524, "redirect": 0.03278593620346964, "dsfb-alt": 0.05391636595202717, "unknown": 0.0, "oneh-out": 0.0032419289477238957, "dsfb-red": 0.010323999922811215, "roll-in": 0.24752513459794293, "sfb": 0.017811312016364024}, "reddit": {"oneh-in": 0.003888154411443839, "sfT": 0.00012716791802520023, "bad-redirect": 0.005965242891659863, "sfR": 0.10397777127267367, "dsfb": 0.0, "sft": 0.0, "roll-out": 0.1925933209311838, "alternate": 0.32152383499485054, "redirect": 0.03469859986062097, "dsfb-alt": 0.05209490884457552, "unknown": 0.0331983180872297, "oneh-out": 0.004479794253920433, "dsfb-red": 0.010835830338144925, "roll-in": 0.2128271413419905, "sfb": 0.02378991485368104}, "akl": {"oneh-in": 0.003747204365694947, "sfT": 0.00021386900469105947, "bad-redirect": 0.00468886050095207, "sfR": 0.13064861186637447, "dsfb": 0.0, "sft": 0.0, "roll-out": 0.15677648116948395, "alternate": 0.2779933118003286, "redirect": 0.0315104945663906, "dsfb-alt": 0.04341407374176597, "unknown": 0.12482253455870851, "oneh-out": 0.00520396459173294, "dsfb-red": 0.010871369678034988, "roll-in": 0.18497378511052193, "sfb": 0.025135439045319993}, "french": {"oneh-in": 0.004677210075472059, "sfT": 0.0004640474607858996, "bad-redirect": 0.0037600219322127845, "sfR": 0.10898279115633469, "dsfb": 0.0, "sft": 0.0, "roll-out": 0.16763213378398104, "alternate": 0.24885606547890352, "redirect": 0.02863634573306682, "dsfb-alt": 0.03726387705136387, "unknown": 0.14988019847879508, "oneh-out": 0.006952157282095566, "dsfb-red": 0.007688080163262486, "roll-in": 0.18766349586545458, "sfb": 0.047543575538271605}, "keymash": {"oneh-in": 0.0037190133531461787, "sfT": 3.694384125641899e-05, "bad-redirect": 0.005352752110930041, "sfR": 0.099723742164827, "dsfb": 0.0, "sft": 0.0, "roll-out": 0.1990411020758334, "alternate": 0.33302820457036364, "redirect": 0.036627766170114075, "dsfb-alt": 0.05628188971852898, "unknown": 0.008566866300238493, "oneh-out": 0.0051762426471493725, "dsfb-red": 0.009941998169227423, "roll-in": 0.2174842886052879, "sfb": 0.025019190273097083}, "movie": {"oneh-in": 0.0037410633552790278, "sfT": 2.3687610945202793e-05, "bad-redirect": 0.00525746524928776, "sfR": 0.11567713207251198, "dsfb": 0.0, "sft": 0.0, "roll-out": 0.18176253985934032, "alternate": 0.31589692678251574, "redirect": 0.04427490841119429, "dsfb-alt": 0.061305511093763594, "unknown": 0.02448311987944585, "oneh-out": 0.00525128015087429, "dsfb-red": 0.010878535326584383, "roll-in": 0.19849665261157884, "sfb": 0.032951177596678684}, "dutch": {"oneh-in": 0.0029809766107492456, "sfT": 0.00010502066183350476, "bad-redirect": 0.005226467903573496, "sfR": 0.18880787437283908, "dsfb": 0.0, "sft": 0.0, "roll-out": 0.15783117217654272, "alternate": 0.27147263712386616, "redirect": 0.018090736919422847, "dsfb-alt": 0.03862337905171847,