{"english-450k": {"unknown": 0.00015377410175167997, "sft": 0.0, "sfR": 0.11369548401129392, "roll-out": 0.19575735499189909, "sfT": 0.000596970942541693, "roll-in": 0.19597749168128886, "bad-redirect": 0.007317425412251995, "dsfb": 0.0, "sfb": 0.15061939389616213, "redirect": 0.04961582785720174, "dsfb-alt": 0.03737646180409179, "oneh-in": 0.007741035057571738, "oneh-out": 0.015399920832648756, "dsfb-red": 0.02870459644238061, "alternate": 0.197044262968916}, "shai": {"unknown": 0.024097749651430984, "sft": 0.0, "sfR": 0.09823378925716947, "roll-out": 0.195255335513354, "sfT": 0.0003284777248684293, "roll-in": 0.21137625776674934, "bad-redirect": 0.009543503085335083, "dsfb": 0.0, "sfb": 0.13346100392831012, "redirect": 0.05559838764961839, "dsfb-alt": 0.028075024313908112, "oneh-in": 0.0067779140849749805, "oneh-out": 0.020533563720707585, "dsfb-red": 0.030110019466608125, "alternate": 0.18660897383696537}, "tr-quotes": {"unknown": 0.013894731975682485, "sft": 0.0, "sfR": 0.09677191928064538, "roll-out": 0.20323039227017406, "sfT": 0.00011904486720140542, "roll-in": 0.20822449781558447, "bad-redirect": 0.009164143223688772, "dsfb": 0.0, "sfb": 0.12516123066965626, "redirect": 0.05919997226139017, "dsfb-alt": 0.028169714061163635, "oneh-in": 0.005164004530639606, "oneh-out": 0.02254108781581563, "dsfb-red": 0.03128799611659462, "alternate": 0.19707126511176348}, "gutenberg": {"unknown": 0.03298207965968062, "sft": 0.0, "sfR": 0.09863878308844841, "roll-out": 0.1878746822671642, "sfT": 0.0001494656177931146, "roll-in": 0.22242813999984087, "bad-redirect": 0.008142561026110828, "dsfb": 0.0, "sfb": 0.11583225449088298, "redirect": 0.061389261132157535, "dsfb-alt": 0.026438743912922735, "oneh-in": 0.004279187376842414, "oneh-out": 0.023942346053255226, "dsfb-red": 0.03109301611008247, "alternate": 0.18680947926481858}, "english-200": {"unknown": 0.0, "sft": 0.0, "sfR": 0.10690423162583519, "roll-out": 0.20044543429844097, "sfT": 0.0, "roll-in": 0.22717149220489977, "bad-redirect": 0.011135857461024499, "dsfb": 0.0, "sfb": 0.11581291759465479, "redirect": 0.062360801781737196, "dsfb-alt": 0.024498886414253896, "oneh-in": 0.004454342984409799, "oneh-out": 0.0334075723830735, "dsfb-red": 0.035634743875278395, "alternate": 0.17817371937639198}, "monkeyracer": {"unknown": 0.013491796612290222, "sft": 0.0, "sfR": 0.09690789370786869, "roll-out": 0.20346004660838013, "sfT": 0.00012707821762047015, "roll-in": 0.20811306442279118, "bad-redirect": 0.009230766223000767, "dsfb": 0.0, "sfb": 0.12506549415831208, "redirect": 0.05911874188654457, "dsfb-alt": 0.02811165678714985, "oneh-in": 0.005159375635391088, "oneh-out": 0.02262872045920203, "dsfb-red": 0.03131109529693292, "alternate": 0.197274269984516}, "chained-bigrams": {"unknown": 0.023159399756770463, "sft": 0.0, "sfR": 0.11914286586209158, "roll-out": 0.18584398896441745, "sfT": 0.0002824475410506659, "roll-in": 0.19753926507799124, "bad-redirect": 0.008967547102185624, "dsfb": 0.0, "sfb": 0.1210329918207088, "redirect": 0.043830014628834714, "dsfb-alt": 0.038770632468221405, "oneh-in": 0.011918636927646031, "oneh-out": 0.01993819917940873, "dsfb-red": 0.035889667549504616, "alternate": 0.1936843431211687}, "english-5k": {"unknown": 0.002157049819554486, "sft": 0.0, "sfR": 0.10644211224955408, "roll-out": 0.19214336084954578, "sfT": 0.00029037209109387317, "roll-in": 0.21172273613473264, "bad-redirect": 0.00630522254946696, "dsfb": 0.0, "sfb": 0.16721284274277182, "redirect": 0.048035840212386445, "dsfb-alt": 0.03082092338324968, "oneh-in": 0.008047455096030198, "oneh-out": 0.016675654374248144, "dsfb-red": 0.028000165926909196, "alternate": 0.1821462645704567}, "mt-quotes": {"unknown": 0.007995063410669249, "sft": 0.0, "sfR": 0.0964592223377679, "roll-out": 0.20398244104182356, "sfT": 0.00010757700720765948, "roll-in": 0.20980654068203822, "bad-redirect": 0.009241163744157972, "dsfb": 0.0, "sfb": 0.12490437599359319, "redirect": 0.06007877027527761, "dsfb-alt": 0.028135869760103273, "oneh-in": 0.004902224453449038, "oneh-out": 0.022828737404525404, "dsfb-red": 0.03193692401477391, "alternate": 0.19962108987461302}, "wordle": {"unknown": 0.0, "sft": 0.0, "sfR": 0.13138112868843263, "roll-out": 0.21456299786828228, "sfT": 0.0006731740154830024, "roll-in": 0.19001458543700214, "bad-redirect": 0.01110737125546954, "dsfb": 0.0, "sfb": 0.10535173342308987, "redirect": 0.052440255806125886, "dsfb-alt": 0.03404016604959049, "oneh-in": 0.009895658027600134, "oneh-out": 0.021474251093907774, "dsfb-red": 0.0277347694378997, "alternate": 0.20132390889711657}, "english-1k": {"unknown": 0.0, "sft": 0.0, "sfR": 0.10832745236414962, "roll-out": 0.2057163020465773, "sfT": 0.0, "roll-in": 0.22547635850388145, "bad-redirect": 0.0067043048694424845, "dsfb": 0.0, "sfb": 0.13232180663373325, "redirect": 0.05010585744530699, "dsfb-alt": 0.030698659139026113, "oneh-in": 0.0067043048694424845, "oneh-out": 0.02081863091037403, "dsfb-red": 0.02364149611856034, "alternate": 0.189484827099506}, "english-10k": {"unknown": 0.0, "sft": 0.0, "sfR": 0.10567144593890508, "roll-out": 0.1971980471237529, "sfT": 0.0004824299029351035, "roll-in": 0.20404855174543138, "bad-redirect": 0.007815364427548677, "dsfb": 0.0, "sfb": 0.16192277262113816, "redirect": 0.04666062021188321, "dsfb-alt": 0.03149302406360356, "oneh-in": 0.007545203681905019, "oneh-out": 0.016383319503676115, "dsfb-red": 0.02819320352752745, "alternate": 0.19258601725169333}, "reddit": {"unknown": 0.04519937363713543, "sft": 0.0, "sfR": 0.10397777127267367, "roll-out": 0.19676128221969635, "sfT": 0.0003062892682450846, "roll-in": 0.19479480548084363, "bad-redirect": 0.008310226791527209, "dsfb": 0.0, "sfb": 0.12248559153777103, "redirect": 0.05279427620759423, "dsfb-alt": 0.0277723121168926, "oneh-in": 0.005809120393182976, "oneh-out": 0.02105413776124907, "dsfb-red": 0.03249426854755322, "alternate": 0.1882405447656355}, "akl": {"unknown": 0.13920166722946467, "sft": 0.0, "sfR": 0.13064861186637447, "roll-out": 0.17013615346563776, "sfT": 0.0004694691495072575, "roll-in": 0.16121890804603808, "bad-redirect": 0.006983010780939854, "dsfb": 0.0, "sfb": 0.10496313218075498, "redirect": 0.04887885178238048, "dsfb-alt": 0.02342668598438781, "oneh-in": 0.005735573360787103, "oneh-out": 0.01640740444341024, "dsfb-red": 0.02630309561795109, "alternate": 0.16562743609236621}, "french": {"unknown": 0.15842537463172957, "sft": 0.0, "sfR": 0.10898279115633469, "roll-out": 0.16226859071225203, "sfT": 0.00023304249540016364, "roll-in": 0.1708761812037167, "bad-redirect": 0.013967897486111948, "dsfb": 0.0, "sfb": 0.1179638938594883, "redirect": 0.031109038223958198, "dsfb-alt": 0.027656413650833846, "oneh-in": 0.005407364948877548, "oneh-out": 0.019158655016249825, "dsfb-red": 0.027874549217084335, "alternate": 0.15607620739796285}, "keymash": {"unknown": 0.012376186820900362, "sft": 0.0, "sfR": 0.099723742164827, "roll-out": 0.20018225628353167, "sfT": 0.00013135588002282308, "roll-in": 0.20979175988145132, "bad-redirect": 0.00927700902661188, "dsfb": 0.0, "sfb": 0.12661885859950003, "redirect": 0.05845747148140699, "dsfb-alt": 0.02806089986987558, "oneh-in": 0.0051392988058929535, "oneh-out": 0.02228945089137279, "dsfb-red": 0.030437620324038538, "alternate": 0.19751408997056807}, "movie": {"unknown": 0.030282373430185833, "sft": 0.0, "sfR": 0.11567713207251198, "roll-out": 0.20998751268109672, "sfT": 0.0001637077111990682, "roll-in": 0.18171740180070586, "bad-redirect": 0.009297650491669265, "dsfb": 0.0, "sfb": 0.12182709386307955, "redirect": 0.05061805582880385, "dsfb-alt": 0.027293918113771333, "oneh-in": 0.005062174056828421, "oneh-out": 0.02132437695990306, "dsfb-red": 0.03236398804091482, "alternate": 0.19438461494933024}, "dutch": {"unknown": 0.07360268279108878, "sft": 0.0, "sfR": 0.18880787437283908, "roll-out": 0.17325004144703088, "sfT": 0.0010986735551518417, "roll-in": 0.1621512025699562, "bad-redirect": 0.005982304672955044, "dsfb": 0.0, "sfb": 0.11568125416868552,