{"english-450k": {"sfb": 0.042261274477416545, "oneh-out": 0.004795647082004863, "roll-in": 0.22592806763253953, "unknown": 0.00015377410175167997, "dsfb-red": 0.014139908706128336, "dsfb": 0.0, "roll-out": 0.16338147495674737, "sfR": 0.11369548401129392, "dsfb-alt": 0.04340025527670276, "redirect": 0.03911358293072389, "sfT": 0.00047857073111692036, "bad-redirect": 0.002081504951467607, "sft": 0.0, "alternate": 0.34188338777794086, "oneh-in": 0.008687067364165723}, "shai": {"sfb": 0.02298740290305431, "oneh-out": 0.003622292378112312, "roll-in": 0.27718762859433255, "unknown": 0.023621906111313578, "dsfb-red": 0.015561067619757415, "dsfb": 0.0, "roll-out": 0.14998523052000026, "sfR": 0.09823378925716947, "dsfb-alt": 0.03145377895878572, "redirect": 0.04428004280981771, "sfT": 0.00010385467946357992, "bad-redirect": 0.0015318226560107604, "sft": 0.0, "alternate": 0.3239601179143265, "oneh-in": 0.007471065597855856}, "tr-quotes": {"sfb": 0.021496266845426597, "oneh-out": 0.0027091375603892653, "roll-in": 0.2943759968562909, "unknown": 0.01476965396084233, "dsfb-red": 0.016562261621321746, "dsfb": 0.0, "roll-out": 0.14296363930561012, "sfR": 0.09677191928064538, "dsfb-alt": 0.029868703913455537, "redirect": 0.05221215413420864, "sfT": 6.587919835417581e-05, "bad-redirect": 0.0012239661588960033, "sft": 0.0, "alternate": 0.3190691384850096, "oneh-in": 0.00791128267954971}, "gutenberg": {"sfb": 0.02037960857057448, "oneh-out": 0.0023217371504086343, "roll-in": 0.3058831864629994, "unknown": 0.03802431837805746, "dsfb-red": 0.015202111992749876, "dsfb": 0.0, "roll-out": 0.13328335991131326, "sfR": 0.09863878308844841, "dsfb-alt": 0.02781045562197209, "redirect": 0.039013178358894035, "sfT": 0.00011593530809808128, "bad-redirect": 0.0013931180649563557, "sft": 0.0, "alternate": 0.3082439475896633, "oneh-in": 0.009690259501864626}, "english-200": {"sfb": 0.013363028953229399, "oneh-out": 0.0, "roll-in": 0.33184855233853006, "unknown": 0.0, "dsfb-red": 0.0066815144766146995, "dsfb": 0.0, "roll-out": 0.12694877505567928, "sfR": 0.10690423162583519, "dsfb-alt": 0.0200445434298441, "redirect": 0.044543429844097995, "sfT": 0.0, "bad-redirect": 0.0, "sft": 0.0, "alternate": 0.33853006681514475, "oneh-in": 0.011135857461024499}, "monkeyracer": {"sfb": 0.021411702144298293, "oneh-out": 0.0026793953422900667, "roll-in": 0.2944363201276256, "unknown": 0.014352018393105714, "dsfb-red": 0.01641361809281011, "dsfb": 0.0, "roll-out": 0.14271763611054633, "sfR": 0.09690789370786869, "dsfb-alt": 0.029831122824029905, "redirect": 0.05280784209456183, "sfT": 6.647168306301516e-05, "bad-redirect": 0.0012297261366657805, "sft": 0.0, "alternate": 0.319154010979558, "oneh-in": 0.007992242363576646}, "chained-bigrams": {"sfb": 0.023631444267905713, "oneh-out": 0.003921151035413727, "roll-in": 0.24550470129062293, "unknown": 0.02365222201805197, "dsfb-red": 0.02208220327262551, "dsfb": 0.0, "roll-out": 0.1379233547755386, "sfR": 0.11914286586209158, "dsfb-alt": 0.04798881118154624, "redirect": 0.03838364687174739, "sfT": 0.00020582958738634734, "bad-redirect": 0.0025725451899833063, "sft": 0.0, "alternate": 0.32205577657165824, "oneh-in": 0.012935448075428428}, "english-5k": {"sfb": 0.026589787198738956, "oneh-out": 0.00622225909486871, "roll-in": 0.24291699506367445, "unknown": 0.002157049819554486, "dsfb-red": 0.01269340855353217, "dsfb": 0.0, "roll-out": 0.18156552038826898, "sfR": 0.10644211224955408, "dsfb-alt": 0.0355498402953499, "redirect": 0.03496909611316215, "sfT": 0.00016592690919649896, "bad-redirect": 0.0022400132741527356, "sft": 0.0, "alternate": 0.34056498112581407, "oneh-in": 0.007923009914132825}, "mt-quotes": {"sfb": 0.020249877481741792, "oneh-out": 0.0024817417912767, "roll-in": 0.30066578214460743, "unknown": 0.008869126594231481, "dsfb-red": 0.01642641135056956, "dsfb": 0.0, "roll-out": 0.14134722272026393, "sfR": 0.0964592223377679, "dsfb-alt": 0.029308757963686784, "redirect": 0.05417398787965719, "sfT": 4.034137770287231e-05, "bad-redirect": 0.0011325468258806374, "sft": 0.0, "alternate": 0.3207318822390361, "oneh-in": 0.008113099293577652}, "wordle": {"sfb": 0.04050263659822731, "oneh-out": 0.003231235274318411, "roll-in": 0.23931336250420734, "unknown": 0.0, "dsfb-red": 0.019050824638168967, "dsfb": 0.0, "roll-out": 0.14006507348816336, "sfR": 0.13138112868843263, "dsfb-alt": 0.04976999887804331, "redirect": 0.03177381353079771, "sfT": 0.00042634354313923485, "bad-redirect": 0.0008526870862784697, "sft": 0.0, "alternate": 0.33616066419836194, "oneh-in": 0.007472231571861326}, "english-1k": {"sfb": 0.021877205363443897, "oneh-out": 0.0028228652081863093, "roll-in": 0.2911079745942131, "unknown": 0.0, "dsfb-red": 0.015172900494001412, "dsfb": 0.0, "roll-out": 0.16337332392378265, "sfR": 0.10832745236414962, "dsfb-alt": 0.02399435426958363, "redirect": 0.03705010585744531, "sfT": 0.0, "bad-redirect": 0.0014114326040931546, "sft": 0.0, "alternate": 0.32251235003528583, "oneh-in": 0.012350035285815103}, "english-10k": {"sfb": 0.029524710059628336, "oneh-out": 0.005576889677929797, "roll-in": 0.23328380386329867, "unknown": 0.0, "dsfb-red": 0.013122093359834816, "dsfb": 0.0, "roll-out": 0.17838328090928388, "sfR": 0.10567144593890508, "dsfb-alt": 0.03610505393566315, "redirect": 0.034870033384149283, "sfT": 0.00011578317670442484, "bad-redirect": 0.0017174504544489686, "sft": 0.0, "alternate": 0.3553771636981147, "oneh-in": 0.006252291542038942}, "reddit": {"sfb": 0.022010650266312843, "oneh-out": 0.003246621294501982, "roll-in": 0.2769902668784509, "unknown": 0.041217688064775854, "dsfb-red": 0.016849318378086516, "dsfb": 0.0, "roll-out": 0.13797996290592365, "sfR": 0.10397777127267367, "dsfb-alt": 0.029958588956767965, "redirect": 0.049190685764703396, "sfT": 0.00021923823982371044, "bad-redirect": 0.0012253069026333873, "sft": 0.0, "alternate": 0.30975130712325755, "oneh-in": 0.007382593952088597}, "akl": {"sfb": 0.023235498558521427, "oneh-out": 0.0026130760092567527, "roll-in": 0.2335974320697215, "unknown": 0.13295000147380848, "dsfb-red": 0.015259736320963415, "dsfb": 0.0, "roll-out": 0.11859789891986516, "sfR": 0.13064861186637447, "dsfb-alt": 0.026059083338569287, "redirect": 0.04183293544622535, "sfT": 0.00022207192862329513, "bad-redirect": 0.0008910549659401997, "sft": 0.0, "alternate": 0.2680175432870396, "oneh-in": 0.006075055815091072}, "french": {"sfb": 0.0242599110441363, "oneh-out": 0.004782052980185036, "roll-in": 0.24046559178868213, "unknown": 0.15822382396052298, "dsfb-red": 0.011026543128225524, "dsfb": 0.0, "roll-out": 0.14155359236542298, "sfR": 0.10898279115633469, "dsfb-alt": 0.029805588324581467, "redirect": 0.028985092965977458, "sfT": 0.0004614406209144995, "bad-redirect": 0.005162142218905843, "sft": 0.0, "alternate": 0.2363602984100539, "oneh-in": 0.009931131036057195}, "keymash": {"sfb": 0.021242708722440922, "oneh-out": 0.0027174247679721524, "roll-in": 0.2938307889973031, "unknown": 0.013394194891077241, "dsfb-red": 0.01665346266414354, "dsfb": 0.0, "roll-out": 0.14212706218469456, "sfR": 0.099723742164827, "dsfb-alt": 0.02963717043014946, "redirect": 0.05061306252129402, "sfT": 4.925845500855866e-05, "bad-redirect": 0.0013053490577268044, "sft": 0.0, "alternate": 0.3201306991006227, "oneh-in": 0.00857507604273992}, "movie": {"sfb": 0.02088970929905859, "oneh-out": 0.0019418577061522911, "roll-in": 0.2756357524481475, "unknown": 0.030451476652766863, "dsfb-red": 0.0192772409828832, "dsfb": 0.0, "roll-out": 0.1366717248489224, "sfR": 0.11567713207251198, "dsfb-alt": 0.032908934690493066, "redirect": 0.06416526372404249, "sfT": 8.698617130432803e-05, "bad-redirect": 0.0009846150282889295, "sft": 0.0, "alternate": 0.2951459216053252, "oneh-in": 0.006163384770103182}, "dutch": {"sfb": 0.035238941639890914, "oneh-out": 0.004808680397901537, "roll-in": 0.1784804899869245, "unknown": 0.07325981014373002, "dsfb-red": 0.011666079552694103, "dsfb": 0.0, "roll-out": 0.1615030402199549, "sfR": 0.18880787437283908,