{"english-450k": {"dsfb": 0.0, "sfR": 0.11369548401129392, "oneh-in": 0.010028936426979813, "oneh-out": 0.0062360368145724055, "unknown": 0.00015377410175167997, "dsfb-red": 0.016022910587083793, "sfb": 0.03326665890974746, "sfT": 0.0001844704528618062, "redirect": 0.03851690433438325, "dsfb-alt": 0.04886391342810418, "alternate": 0.31530882575640196, "sft": 0.0, "roll-out": 0.17961195134657584, "roll-in": 0.23556058261089716, "bad-redirect": 0.00254955121934677}, "shai": {"dsfb": 0.0, "sfR": 0.09823378925716947, "oneh-in": 0.010265957463278335, "oneh-out": 0.008644333582174818, "unknown": 0.023621906111313578, "dsfb-red": 0.015968335256668482, "sfb": 0.024471623401172826, "sfT": 0.00018729682288978346, "redirect": 0.028731124403299075, "dsfb-alt": 0.04082595065755149, "alternate": 0.2844430621064375, "sft": 0.0, "roll-out": 0.22497399472323945, "roll-in": 0.23838675710212276, "bad-redirect": 0.0012458691126824627}, "tr-quotes": {"dsfb": 0.0, "sfR": 0.09677191928064538, "oneh-in": 0.007770278079563579, "oneh-out": 0.011046901366126535, "unknown": 0.01476965396084233, "dsfb-red": 0.021695060215898846, "sfb": 0.019282956935808233, "sfT": 0.00019070294260419316, "redirect": 0.03150181456739327, "dsfb-alt": 0.03569843508009524, "alternate": 0.27456485055823954, "sft": 0.0, "roll-out": 0.2598922817318139, "roll-in": 0.22582233420401748, "bad-redirect": 0.0009928110769515269}, "gutenberg": {"dsfb": 0.0, "sfR": 0.09863878308844841, "oneh-in": 0.006314874992564607, "oneh-out": 0.01295217138117976, "unknown": 0.03802431837805746, "dsfb-red": 0.016876543672944222, "sfb": 0.019404388037749444, "sfT": 0.00015723252568857428, "redirect": 0.03056391918930152, "dsfb-alt": 0.03500299120672364, "alternate": 0.25791874147297705, "sft": 0.0, "roll-out": 0.27109634261990306, "roll-in": 0.21183256213621035, "bad-redirect": 0.0012171312982519153}, "english-200": {"dsfb": 0.0, "sfR": 0.10690423162583519, "oneh-in": 0.008908685968819599, "oneh-out": 0.008908685968819599, "unknown": 0.0, "dsfb-red": 0.024498886414253896, "sfb": 0.008908685968819599, "sfT": 0.0, "redirect": 0.0200445434298441, "dsfb-alt": 0.022271714922048998, "alternate": 0.30066815144766146, "sft": 0.0, "roll-out": 0.26057906458797325, "roll-in": 0.2383073496659243, "bad-redirect": 0.0}, "monkeyracer": {"dsfb": 0.0, "sfR": 0.09690789370786869, "oneh-in": 0.0076510862255032295, "oneh-out": 0.011111523843783725, "unknown": 0.014352018393105714, "dsfb-red": 0.021913172341523686, "sfb": 0.019245507296244743, "sfT": 0.00018572970267607177, "redirect": 0.031362904108732034, "dsfb-alt": 0.03556626053771682, "alternate": 0.27413801867463283, "sft": 0.0, "roll-out": 0.2607322442404242, "roll-in": 0.22584731845410325, "bad-redirect": 0.0009863224736850337}, "chained-bigrams": {"dsfb": 0.0, "sfR": 0.11914286586209158, "oneh-in": 0.008526019911577688, "oneh-out": 0.008159162760557857, "unknown": 0.02365222201805197, "dsfb-red": 0.029244683330855153, "sfb": 0.024054790927135677, "sfT": 0.00021751707184361626, "redirect": 0.039363447652081766, "dsfb-alt": 0.05575384599401731, "alternate": 0.2716989511781309, "sft": 0.0, "roll-out": 0.2024038558309834, "roll-in": 0.21496010996624265, "bad-redirect": 0.0028225274964304476}, "english-5k": {"dsfb": 0.0, "sfR": 0.10644211224955408, "oneh-in": 0.018086033102418384, "oneh-out": 0.007176338822748579, "unknown": 0.002157049819554486, "dsfb-red": 0.012817853735429542, "sfb": 0.03144314929273655, "sfT": 0.0003318538183929979, "redirect": 0.030323142655660183, "dsfb-alt": 0.04218691666320985, "alternate": 0.32252042975069484, "sft": 0.0, "roll-out": 0.16430912183183308, "roll-in": 0.26000746671091385, "bad-redirect": 0.002198531546853611}, "mt-quotes": {"dsfb": 0.0, "sfR": 0.0964592223377679, "oneh-in": 0.007303283489319994, "oneh-out": 0.011415115764812757, "unknown": 0.008869126594231481, "dsfb-red": 0.022949761537634023, "sfb": 0.01832544435280477, "sfT": 0.00017481263671244665, "redirect": 0.031091249208113698, "dsfb-alt": 0.03505217484849572, "alternate": 0.27265541889291306, "sft": 0.0, "roll-out": 0.26923686066386965, "roll-in": 0.22559645473996245, "bad-redirect": 0.0008710749333620205}, "wordle": {"dsfb": 0.0, "sfR": 0.13138112868843263, "oneh-in": 0.00374733535285538, "oneh-out": 0.008437114327386962, "unknown": 0.0, "dsfb-red": 0.021339616290811176, "sfb": 0.03783237967014473, "sfT": 0.0002019522046449007, "redirect": 0.04285874565241782, "dsfb-alt": 0.05576124761584203, "alternate": 0.2918209357118815, "sft": 0.0, "roll-out": 0.2031639178727701, "roll-in": 0.20125659149556827, "bad-redirect": 0.0021990351172444743}, "english-1k": {"dsfb": 0.0, "sfR": 0.10832745236414962, "oneh-in": 0.008821453775582216, "oneh-out": 0.01058574453069866, "unknown": 0.0, "dsfb-red": 0.015525758645024701, "sfb": 0.0187014820042343, "sfT": 0.0, "redirect": 0.03211009174311927, "dsfb-alt": 0.03634438955539873, "alternate": 0.30698659139026113, "sft": 0.0, "roll-out": 0.20359915314043756, "roll-in": 0.257939308398024, "bad-redirect": 0.001058574453069866}, "english-10k": {"dsfb": 0.0, "sfR": 0.10567144593890508, "oneh-in": 0.016614885857084965, "oneh-out": 0.00517164855946431, "unknown": 0.0, "dsfb-red": 0.012929121398660775, "sfb": 0.030971999768433647, "sfT": 0.0003280523339958704, "redirect": 0.033519229655930995, "dsfb-alt": 0.04623608189730032, "alternate": 0.3108006406669111, "sft": 0.0, "roll-out": 0.1626367688774821, "roll-in": 0.27338337739526447, "bad-redirect": 0.0017367476505663728}, "reddit": {"dsfb": 0.0, "sfR": 0.10397777127267367, "oneh-in": 0.00831857979468468, "oneh-out": 0.01037420517710146, "unknown": 0.041217688064775854, "dsfb-red": 0.020802236657060713, "sfb": 0.022409571717555372, "sfT": 0.0001947410915502256, "redirect": 0.02775957659638345, "dsfb-alt": 0.03911025907981744, "alternate": 0.26257579273464776, "sft": 0.0, "roll-out": 0.23947689224082794, "roll-in": 0.22247766929486607, "bad-redirect": 0.0013050162780553684}, "akl": {"dsfb": 0.0, "sfR": 0.13064861186637447, "oneh-in": 0.006921834757878964, "oneh-out": 0.007294647767558192, "unknown": 0.13295000147380848, "dsfb-red": 0.020348538778816382, "sfb": 0.025367221061610063, "sfT": 0.000226642835031318, "redirect": 0.022199459382839182, "dsfb-alt": 0.035244603902916616, "alternate": 0.2240107835835674, "sft": 0.0, "roll-out": 0.19742994980922396, "roll-in": 0.19614755113195037, "bad-redirect": 0.0012101536484246075}, "french": {"dsfb": 0.0, "sfR": 0.10898279115633469, "oneh-in": 0.013144630487414783, "oneh-out": 0.009774211261269582, "unknown": 0.15822382396052298, "dsfb-red": 0.01418962869356437, "sfb": 0.05594263382186262, "sfT": 0.00028002554043873087, "redirect": 0.02733888856902664, "dsfb-alt": 0.03146532132155455, "alternate": 0.22380171249303887, "sft": 0.0, "roll-out": 0.16267239620106724, "roll-in": 0.19211451014564848, "bad-redirect": 0.002069426348256458}, "keymash": {"dsfb": 0.0, "sfR": 0.099723742164827, "oneh-in": 0.00756938258631518, "oneh-out": 0.011210403385697808, "unknown": 0.013394194891077241, "dsfb-red": 0.02139458895871731, "sfb": 0.019600760222155632, "sfT": 0.00016419485002852887, "redirect": 0.031008197427887674, "dsfb-alt": 0.03616391571878348, "alternate": 0.2745584184752045, "sft": 0.0, "roll-out": 0.2589393833662407, "roll-in": 0.22520555142787946, "bad-redirect": 0.0010672665251854375}, "movie": {"dsfb": 0.0, "sfR": 0.11567713207251198, "oneh-in": 0.006671089231362028, "oneh-out": 0.012999892484565876, "unknown": 0.030451476652766863, "dsfb-red": 0.026132567188263473, "sfb": 0.015912152652439976, "sfT": 7.948509450501382e-05, "redirect": 0.031637304776251436, "dsfb-alt": 0.036658551905280085, "alternate": 0.25239412657790744, "sft": 0.0, "roll-out": 0.2699383556244719, "roll-in": 0.20065801551249002, "bad-redirect": 0.0007898502271839286}, "dutch": {"dsfb": 0.0, "sfR": 0.18880787437283908, "oneh-in": 0.0050523419607588875, "oneh-out": 0.007154960685119869, "unknown": 0.07325981014373002, "dsfb-red": 0.01575248962802173, "sfb": 0.037781187577301895, "sfT": 0.00010493100786233051,