{"english-450k": {"oneh-in": 0.012394017193464776, "sfT": 6.460851043178949e-05, "bad-redirect": 0.010880248564433979, "sfR": 0.11369548401129392, "dsfb": 0.0, "sft": 0.0, "roll-out": 0.18823177908450034, "alternate": 0.2608137398036954, "redirect": 0.057471754971785666, "dsfb-alt": 0.04002190257738258, "unknown": 0.00015377410175167997, "oneh-out": 0.008808683383802033, "dsfb-red": 0.02349644887069586, "roll-in": 0.2418255616993734, "sfb": 0.04214199722738863}, "shai": {"oneh-in": 0.01692390822734348, "sfT": 0.00010083189018690359, "bad-redirect": 0.012847106002446717, "sfR": 0.09823378925716947, "dsfb": 0.0, "sft": 0.0, "roll-out": 0.20069327536596263, "alternate": 0.2559767626848004, "redirect": 0.04803767564302198, "dsfb-alt": 0.04442210229459508, "unknown": 0.023260762136131256, "oneh-out": 0.009369675285086572, "dsfb-red": 0.02292405979255228, "roll-in": 0.24327474669722535, "sfb": 0.02393530472347787}, "tr-quotes": {"oneh-in": 0.015975127713182775, "sfT": 9.592935900695777e-05, "bad-redirect": 0.0205566214373223, "sfR": 0.09677191928064538, "dsfb": 0.0, "sft": 0.0, "roll-out": 0.21743949515730104, "alternate": 0.2542613439356464, "redirect": 0.04526132082013823, "dsfb-alt": 0.040840479877950114, "unknown": 0.013835787429786644, "oneh-out": 0.010873535054668176, "dsfb-red": 0.028212477751323364, "roll-in": 0.2318589491689975, "sfb": 0.024017013014031113}, "gutenberg": {"oneh-in": 0.015189798602183903, "sfT": 0.00020307622594958026, "bad-redirect": 0.011217309368823177, "sfR": 0.09863878308844841, "dsfb": 0.0, "sft": 0.0, "roll-out": 0.22461348267013412, "alternate": 0.24869089714605916, "redirect": 0.042538786233098924, "dsfb-alt": 0.042551478497220775, "unknown": 0.032975828246008664, "oneh-out": 0.010007376668132907, "dsfb-red": 0.02507442023821296, "roll-in": 0.22400842160140003, "sfb": 0.024290341414327406}, "english-200": {"oneh-in": 0.024498886414253896, "sfT": 0.0, "bad-redirect": 0.008908685968819599, "sfR": 0.10690423162583519, "dsfb": 0.0, "sft": 0.0, "roll-out": 0.22271714922049, "alternate": 0.267260579064588, "redirect": 0.042316258351893093, "dsfb-alt": 0.0378619153674833, "unknown": 0.0, "oneh-out": 0.0066815144766146995, "dsfb-red": 0.026726057906458798, "roll-in": 0.24498886414253898, "sfb": 0.011135857461024499}, "monkeyracer": {"oneh-in": 0.015891619875815256, "sfT": 9.579742559081596e-05, "bad-redirect": 0.02093760264009885, "sfR": 0.09690789370786869, "dsfb": 0.0, "sft": 0.0, "roll-out": 0.21715712341836496, "alternate": 0.25474392761624726, "redirect": 0.04488500398830098, "dsfb-alt": 0.04063863647027543, "unknown": 0.013436077701487402, "oneh-out": 0.010792850774981622, "dsfb-red": 0.02833942005411577, "roll-in": 0.23231755478048705, "sfb": 0.023856491546365953}, "chained-bigrams": {"oneh-in": 0.011536845768708578, "sfT": 8.505891466123501e-05, "bad-redirect": 0.00805852053328693, "sfR": 0.11914286586209158, "dsfb": 0.0, "sft": 0.0, "roll-out": 0.2007202087644446, "alternate": 0.2347392294960941, "redirect": 0.04871862965543348, "dsfb-alt": 0.05020164157212249, "unknown": 0.022916559801936097, "oneh-out": 0.007948138735634946, "dsfb-red": 0.03161594406629661, "roll-in": 0.23860583893737392, "sfb": 0.025710517891915443}, "english-5k": {"oneh-in": 0.015970465010163023, "sfT": 0.0, "bad-redirect": 0.010370431824781184, "sfR": 0.10644211224955408, "dsfb": 0.0, "sft": 0.0, "roll-out": 0.17148546065458165, "alternate": 0.2704608619902933, "redirect": 0.06043887667482474, "dsfb-alt": 0.04571286348363546, "unknown": 0.002157049819554486, "oneh-out": 0.009291906915003941, "dsfb-red": 0.02128012610445099, "roll-in": 0.26054672916580246, "sfb": 0.02584311610735471}, "mt-quotes": {"oneh-in": 0.01604690357514254, "sfT": 8.367100560595738e-05, "bad-redirect": 0.022201204862480724, "sfR": 0.0964592223377679, "dsfb": 0.0, "sft": 0.0, "roll-out": 0.22093179617743033, "alternate": 0.2559765004004255, "redirect": 0.044087149328839004, "dsfb-alt": 0.04024127132116518, "unknown": 0.007977133909467972, "oneh-out": 0.010960901734380416, "dsfb-red": 0.029193710330978593, "roll-in": 0.23279365534717492, "sfb": 0.023046879669140936}, "wordle": {"oneh-in": 0.017704476607202962, "sfT": 2.2439133849433412e-05, "bad-redirect": 0.01038931897228767, "sfR": 0.13138112868843263, "dsfb": 0.0, "sft": 0.0, "roll-out": 0.1984516997643891, "alternate": 0.24328508919555705, "redirect": 0.061640300684393586, "dsfb-alt": 0.04436216762032986, "unknown": 0.0, "oneh-out": 0.009648827555256367, "dsfb-red": 0.02676988668237406, "roll-in": 0.22010546392909233, "sfb": 0.03623920116683496}, "english-1k": {"oneh-in": 0.025052928722653495, "sfT": 0.0, "bad-redirect": 0.012350035285815103, "sfR": 0.10832745236414962, "dsfb": 0.0, "sft": 0.0, "roll-out": 0.18595624558927312, "alternate": 0.26887791107974596, "redirect": 0.05434015525758645, "dsfb-alt": 0.03952011291460833, "unknown": 0.0, "oneh-out": 0.008468595624558928, "dsfb-red": 0.020112914608327453, "roll-in": 0.2635850388143966, "sfb": 0.013408609738884969}, "english-10k": {"oneh-in": 0.01686574940661122, "sfT": 1.929719611740414e-05, "bad-redirect": 0.008857413017888501, "sfR": 0.10567144593890508, "dsfb": 0.0, "sft": 0.0, "roll-out": 0.17299936319252812, "alternate": 0.260994577487891, "redirect": 0.058702070589143396, "dsfb-alt": 0.0480114239401015, "unknown": 0.0, "oneh-out": 0.008973196194592926, "dsfb-red": 0.02101464657185311, "roll-in": 0.27002566527083616, "sfb": 0.02786515119353158}, "reddit": {"oneh-in": 0.016536324232867494, "sfT": 0.0001148818864751956, "bad-redirect": 0.01571896601807283, "sfR": 0.10397777127267367, "dsfb": 0.0, "sft": 0.0, "roll-out": 0.2000499681892918, "alternate": 0.24157653008382782, "redirect": 0.04463121959277424, "dsfb-alt": 0.04135706709952453, "unknown": 0.039285409944231534, "oneh-out": 0.011799010262769373, "dsfb-red": 0.02785355724625833, "roll-in": 0.23319820571498992, "sfb": 0.02390108845624328}, "akl": {"oneh-in": 0.0133149021209574, "sfT": 0.00024761958930381216, "bad-redirect": 0.013440935599807805, "sfR": 0.13064861186637447, "dsfb": 0.0, "sft": 0.0, "roll-out": 0.1685717669243925, "alternate": 0.20654122402894368, "redirect": 0.038233111927686386, "dsfb-alt": 0.033704010782595266, "unknown": 0.13277008071454782, "oneh-out": 0.0072171153118372414, "dsfb-red": 0.024936468724758867, "roll-in": 0.20714979697886807, "sfb": 0.02322435542992673}, "french": {"oneh-in": 0.015496913943556493, "sfT": 0.00043818880780867797, "bad-redirect": 0.004216188946031118, "sfR": 0.10898279115633469, "dsfb": 0.0, "sft": 0.0, "roll-out": 0.13040141154086665, "alternate": 0.21473570771200465, "redirect": 0.04658464799339325, "dsfb-alt": 0.031179258100264246, "unknown": 0.15807953387545715, "oneh-out": 0.0070542135648770455, "dsfb-red": 0.017406678840608866, "roll-in": 0.2192710247965455, "sfb": 0.04615344072225165}, "keymash": {"oneh-in": 0.016353807062841473, "sfT": 8.620229626497765e-05, "bad-redirect": 0.01995377914971697, "sfR": 0.099723742164827, "dsfb": 0.0, "sft": 0.0, "roll-out": 0.21858849897172974, "alternate": 0.2524126380776067, "redirect": 0.04608949440300805, "dsfb-alt": 0.041762960104756316, "unknown": 0.01232282349464109, "oneh-out": 0.00985169100171173, "dsfb-red": 0.028233304462405538, "roll-in": 0.2312971803639379, "sfb": 0.023323878446552523}, "movie": {"oneh-in": 0.015223501163127496, "sfT": 5.42183094967975e-05, "bad-redirect": 0.030351725491119842, "sfR": 0.11567713207251198, "dsfb": 0.0, "sft": 0.0, "roll-out": 0.2184967605218065, "alternate": 0.22792416648232003, "redirect": 0.04222119254224521, "dsfb-alt": 0.0397282030881012, "unknown": 0.030236445784519856, "oneh-out": 0.011305307117113786, "dsfb-red": 0.03128264860126631, "roll-in": 0.21469582014997152, "sfb": 0.022802878676399466}, "dutch": {"oneh-in": 0.014536817640487504, "sfT": 7.58651904076419e-05, "bad-redirect": 0.0034946580039891713, "sfR": 0.18880787437283908, "dsfb": 0.0, "sft": 0.0, "roll-out": 0.12882115535351296, "alternate": 0.18612076554880477, "redirect": 0.04231208411091717,