{"english-450k": {"alternate": 0.2288632234910697, "sft": 0.0, "dsfb": 0.0, "sfb": 0.036816034136681206, "dsfb-alt": 0.0458077262423398, "oneh-in": 0.01119042788374678, "roll-out": 0.21014605031511996, "sfR": 0.11369548401129392, "sfT": 0.00013535629108560424, "unknown": 0.0001543587941537776, "roll-in": 0.2421538664831512, "bad-redirect": 0.005587320594445071, "dsfb-red": 0.033157906122957305, "redirect": 0.06227412601641465, "oneh-out": 0.010018119617541005}, "shai": {"alternate": 0.22377448923763166, "sft": 0.0, "dsfb": 0.0, "sfb": 0.026357805205730805, "dsfb-alt": 0.05330433829478458, "oneh-in": 0.014765617331752556, "roll-out": 0.20507830146645145, "sfR": 0.09823378925716947, "sfT": 0.00012595084333111533, "unknown": 0.031793109309943265, "roll-in": 0.24611026624387353, "bad-redirect": 0.010874455394777053, "dsfb-red": 0.029257472907912446, "redirect": 0.05138154242293164, "oneh-out": 0.00894286208371044}, "tr-quotes": {"alternate": 0.21334111555442548, "sft": 0.0, "dsfb": 0.0, "sfb": 0.02846328101523312, "dsfb-alt": 0.05067844016550704, "oneh-in": 0.014849402464113174, "roll-out": 0.20993157809574445, "sfR": 0.09677191928064538, "sfT": 0.00010401978687501444, "unknown": 0.039616513719054114, "roll-in": 0.23256975104597674, "bad-redirect": 0.01939737870137075, "dsfb-red": 0.03314532720001849, "redirect": 0.05092346455236818, "oneh-out": 0.010207808418668085}, "gutenberg": {"alternate": 0.2172398455256738, "sft": 0.0, "dsfb": 0.0, "sfb": 0.027278138275966195, "dsfb-alt": 0.053103675338703485, "oneh-in": 0.014540977637746111, "roll-out": 0.22235236528866564, "sfR": 0.09863878308844841, "sfT": 0.00017276634147949367, "unknown": 0.04011588984327138, "roll-in": 0.2226164401571113, "bad-redirect": 0.011429667996891721, "dsfb-red": 0.03531480414320966, "redirect": 0.0470672724097078, "oneh-out": 0.010129373953125007}, "english-200": {"alternate": 0.24276169265033407, "sft": 0.0, "dsfb": 0.0, "sfb": 0.013363028953229399, "dsfb-alt": 0.05790645879732739, "oneh-in": 0.024498886414253896, "roll-out": 0.22271714922049, "sfR": 0.10690423162583519, "sfT": 0.0, "unknown": 0.0, "roll-in": 0.24944320712694878, "bad-redirect": 0.0022271714922048997, "dsfb-red": 0.035634743875278395, "redirect": 0.0400890868596882, "oneh-out": 0.004454342984409799}, "monkeyracer": {"alternate": 0.21373676431487246, "sft": 0.0, "dsfb": 0.0, "sfb": 0.028324757182851868, "dsfb-alt": 0.050581040711950825, "oneh-in": 0.014810477501290333, "roll-out": 0.20970154214304706, "sfR": 0.09690789370786869, "sfT": 0.00011046029685471636, "unknown": 0.03912933825484461, "roll-in": 0.2328942943835338, "bad-redirect": 0.019812471651782224, "dsfb-red": 0.033174257472199195, "redirect": 0.050706163880069446, "oneh-out": 0.01011053849883479}, "chained-bigrams": {"alternate": 0.21953251360780307, "sft": 0.0, "dsfb": 0.0, "sfb": 0.027548699475167016, "dsfb-alt": 0.050563953590297826, "oneh-in": 0.010118115016534543, "roll-out": 0.21017798090914344, "sfR": 0.11914286586209158, "sfT": 0.00016816991524625855, "unknown": 0.033665798979163164, "roll-in": 0.22877017146189005, "bad-redirect": 0.005659989000778516, "dsfb-red": 0.035118293575324866, "redirect": 0.050843154607888144, "oneh-out": 0.008690293998671522}, "english-5k": {"alternate": 0.22947691541875803, "sft": 0.0, "dsfb": 0.0, "sfb": 0.02646534201684158, "dsfb-alt": 0.05226697639689717, "oneh-in": 0.013523043099514664, "roll-out": 0.1851744306632928, "sfR": 0.10644211224955408, "sfT": 8.296345459824948e-05, "unknown": 0.0022400132741527356, "roll-in": 0.27191272244576264, "bad-redirect": 0.005351142821587091, "dsfb-red": 0.03189944829302692, "redirect": 0.06603890986020658, "oneh-out": 0.009125980005807442}, "mt-quotes": {"alternate": 0.2135717359343063, "sft": 0.0, "dsfb": 0.0, "sfb": 0.028144834510703914, "dsfb-alt": 0.050175709111772514, "oneh-in": 0.014954698126964774, "roll-out": 0.21264089599694003, "sfR": 0.0964592223377679, "sfT": 0.00011205938250797863, "unknown": 0.03468910244916987, "roll-in": 0.2336109417769331, "bad-redirect": 0.02111348178960328, "dsfb-red": 0.03379561563930625, "redirect": 0.050540275636198465, "oneh-out": 0.010191427307825629}, "wordle": {"alternate": 0.21442836306518567, "sft": 0.0, "dsfb": 0.0, "sfb": 0.04232020644003141, "dsfb-alt": 0.04810950297318523, "oneh-in": 0.014899584876023785, "roll-out": 0.21249859755413442, "sfR": 0.13138112868843263, "sfT": 8.975653539773365e-05, "unknown": 0.0, "roll-in": 0.22084595534612364, "bad-redirect": 0.006215640076293055, "dsfb-red": 0.035812857623695724, "redirect": 0.06267250084146751, "oneh-out": 0.010725905980029172}, "english-1k": {"alternate": 0.23747353563867327, "sft": 0.0, "dsfb": 0.0, "sfb": 0.015525758645024701, "dsfb-alt": 0.053634438955539876, "oneh-in": 0.022230063514467185, "roll-out": 0.19195483415666903, "sfR": 0.10832745236414962, "sfT": 0.0, "unknown": 0.0, "roll-in": 0.26323218066337334, "bad-redirect": 0.008468595624558928, "dsfb-red": 0.03458009880028229, "redirect": 0.056457304163726185, "oneh-out": 0.008115737473535639}, "english-10k": {"alternate": 0.22720518708631635, "sft": 0.0, "dsfb": 0.0, "sfb": 0.029659790432450164, "dsfb-alt": 0.05306728932286139, "oneh-in": 0.013025607379247794, "roll-out": 0.1905212172671311, "sfR": 0.10567144593890508, "sfT": 1.929719611740414e-05, "unknown": 0.0, "roll-in": 0.27523590822253524, "bad-redirect": 0.004457652303120356, "dsfb-red": 0.030393083884911524, "redirect": 0.06171243318345845, "oneh-out": 0.009031087782945138}, "reddit": {"alternate": 0.20665314828622033, "sft": 0.0, "dsfb": 0.0, "sfb": 0.029485014880893855, "dsfb-alt": 0.0506558324844547, "oneh-in": 0.015548310043250203, "roll-out": 0.20014080241645266, "sfR": 0.10397777127267367, "sfT": 0.00018054473192384834, "unknown": 0.06027826737738363, "roll-in": 0.22792914630622146, "bad-redirect": 0.014842237803257559, "dsfb-red": 0.03168848467345657, "redirect": 0.048560015297607576, "oneh-out": 0.010060424426203933}, "akl": {"alternate": 0.19161322802597272, "sft": 0.0, "dsfb": 0.0, "sfb": 0.0342728447943125, "dsfb-alt": 0.051917911606398186, "oneh-in": 0.01373693059550056, "roll-out": 0.1829238962633036, "sfR": 0.11790358951788564, "sfT": 0.00035251969804488484, "unknown": 0.08788458567040264, "roll-in": 0.21630255532793563, "bad-redirect": 0.01466859864808386, "dsfb-red": 0.03316727115431057, "redirect": 0.04635826087473705, "oneh-out": 0.008897807823112183}, "french": {"alternate": 0.1701328123488941, "sft": 0.0, "dsfb": 0.0, "sfb": 0.04264975804405988, "dsfb-alt": 0.032607237039934525, "oneh-in": 0.012084635461085477, "roll-out": 0.1500809700944079, "sfR": 0.10898279115633469, "sfT": 0.00044563478146434374, "unknown": 0.1845785256052277, "roll-in": 0.2087411895366901, "bad-redirect": 0.0024069821479260874, "dsfb-red": 0.027315696683274184, "redirect": 0.051582769046137664, "oneh-out": 0.008390998054563345}, "keymash": {"alternate": 0.21314954456453472, "sft": 0.0, "dsfb": 0.0, "sfb": 0.028093738839881286, "dsfb-alt": 0.05209902591405221, "oneh-in": 0.014851424185080436, "roll-out": 0.21015709342276478, "sfR": 0.099723742164827, "sfT": 0.0001354607512735363, "unknown": 0.03457533054475746, "roll-in": 0.23355896442308088, "bad-redirect": 0.019071231830813627, "dsfb-red": 0.03368867835460341, "redirect": 0.051150800655137454, "oneh-out": 0.009744964349193188}, "movie": {"alternate": 0.18507262029325525, "sft": 0.0, "dsfb": 0.0, "sfb": 0.029853759269916246, "dsfb-alt": 0.04794912006447241, "oneh-in": 0.01388133480740459, "roll-out": 0.19215679513993392, "sfR": 0.11567713207251198, "sfT": 8.369622533971652e-05, "unknown": 0.08496732886260383, "roll-in": 0.21073590958912655, "bad-redirect": 0.03005418277808038, "dsfb-red": 0.03293670183443439, "redirect": 0.04578499360895097, "oneh-out": 0.010846425453969773}, "dutch": {"alternate": 0.16064370690624982, "sft": 0.0, "dsfb": 0.0, "sfb": 0.05440486277401795, "dsfb-alt": 0.036220222285187204, "oneh-in": 0.013232137190371493, "roll-out": 0.13250754734025535, "sfR": 0.18880787437283908,