{"english-450k": {"sft": 0.0, "bad-redirect": 0.0005975556349437906, "alternate": 0.36363511452077735, "unknown": 0.00015377410175167997, "sfR": 0.11369548401129392, "dsfb-red": 0.00834063711592287, "oneh-out": 0.0035675006913987654, "oneh-in": 0.00113839610688411, "roll-in": 0.18553780884183543, "sfb": 0.043524794758349555, "redirect": 0.022708868205070336, "roll-out": 0.19047290506174058, "dsfb": 0.0, "sfT": 0.0017397522424415352, "dsfb-alt": 0.06488740870759006}, "shai": {"sft": 0.0, "bad-redirect": 0.0007545903822508626, "alternate": 0.32711906043194383, "unknown": 0.023621906111313578, "sfR": 0.09823378925716947, "dsfb-red": 0.008769769661134873, "oneh-out": 0.01212637008601287, "oneh-in": 0.0012760273380907367, "roll-in": 0.18882010355356166, "sfb": 0.021371874915818607, "redirect": 0.01792387865742021, "roll-out": 0.23274327144910892, "dsfb": 0.0, "sfT": 0.00019607878046824516, "dsfb-alt": 0.06704327937570616}, "tr-quotes": {"sft": 0.0, "bad-redirect": 0.0008529622523751185, "alternate": 0.3104667021104459, "unknown": 0.01476965396084233, "sfR": 0.09677191928064538, "dsfb-red": 0.009388363653174915, "oneh-out": 0.022334204017475323, "oneh-in": 0.001898938998173875, "roll-in": 0.17639906613346895, "sfb": 0.02101315272416264, "redirect": 0.0184704468227734, "roll-out": 0.2577148008598969, "dsfb": 0.0, "sfT": 0.00017914518850696933, "dsfb-alt": 0.0697406439980583}, "gutenberg": {"sft": 0.0, "bad-redirect": 0.001050805807222315, "alternate": 0.2832915246364424, "unknown": 0.03802431837805746, "sfR": 0.09863878308844841, "dsfb-red": 0.01017237610171694, "oneh-out": 0.015510893940788882, "oneh-in": 0.0015547076365375048, "roll-in": 0.18162364746876472, "sfb": 0.021327171333820564, "redirect": 0.017959364295638068, "roll-out": 0.2673498514626224, "dsfb": 0.0, "sfT": 9.755994063809127e-05, "dsfb-alt": 0.06339899590930222}, "english-200": {"sft": 0.0, "bad-redirect": 0.0, "alternate": 0.32516703786191536, "unknown": 0.0, "sfR": 0.10690423162583519, "dsfb-red": 0.004454342984409799, "oneh-out": 0.017817371937639197, "oneh-in": 0.004454342984409799, "roll-in": 0.1714922048997773, "sfb": 0.017817371937639197, "redirect": 0.011135857461024499, "roll-out": 0.26057906458797325, "dsfb": 0.0, "sfT": 0.0, "dsfb-alt": 0.0801781737193764}, "monkeyracer": {"sft": 0.0, "bad-redirect": 0.0008602217808154903, "alternate": 0.3097199196083645, "unknown": 0.014352018393105714, "sfR": 0.09690789370786869, "dsfb-red": 0.009401833054412938, "oneh-out": 0.022733315607551183, "oneh-in": 0.0019433192048422666, "roll-in": 0.1763640380374431, "sfb": 0.020953243036113674, "redirect": 0.0185152963073025, "roll-out": 0.2583724994916871, "dsfb": 0.0, "sfT": 0.0001671567324084646, "dsfb-alt": 0.06970924503808436}, "chained-bigrams": {"sft": 0.0, "bad-redirect": 0.0017122164729898987, "alternate": 0.3327108665685351, "unknown": 0.02365222201805197, "sfR": 0.11914286586209158, "dsfb-red": 0.010409652823274197, "oneh-out": 0.007765684117163136, "oneh-in": 0.004109449396114171, "roll-in": 0.16382152172346243, "sfb": 0.023073042232725088, "redirect": 0.019934303351256306, "roll-out": 0.2255028702513913, "dsfb": 0.0, "sfT": 8.246169589295303e-05, "dsfb-alt": 0.06808284348705189}, "english-5k": {"sft": 0.0, "bad-redirect": 0.00024889036379474843, "alternate": 0.3730036918737296, "unknown": 0.002157049819554486, "sfR": 0.10644211224955408, "dsfb-red": 0.008918571369311817, "oneh-out": 0.004148172729912474, "oneh-in": 0.00078815281868337, "roll-in": 0.21089310158875016, "sfb": 0.022026797195835234, "redirect": 0.016592690919649895, "roll-out": 0.18625295557307006, "dsfb": 0.0, "sfT": 0.0003733355456921226, "dsfb-alt": 0.06815447795246193}, "mt-quotes": {"sft": 0.0, "bad-redirect": 0.0008949809349637226, "alternate": 0.3078062059980158, "unknown": 0.008869126594231481, "sfR": 0.0964592223377679, "dsfb-red": 0.009421952881270844, "oneh-out": 0.024352745006633914, "oneh-in": 0.0020648808883470195, "roll-in": 0.1767654582182857, "sfb": 0.020240912731141154, "redirect": 0.018483821613416048, "roll-out": 0.2640910938191033, "dsfb": 0.0, "sfT": 0.00013148300880936158, "dsfb-alt": 0.07041811596801377}, "wordle": {"sft": 0.0, "bad-redirect": 0.0030292830696735107, "alternate": 0.3308874677437451, "unknown": 0.0, "sfR": 0.13138112868843263, "dsfb-red": 0.01413665432514305, "oneh-out": 0.005520026926960619, "oneh-in": 0.0022439133849433412, "roll-in": 0.17055985638954335, "sfb": 0.038370918882531135, "redirect": 0.032648939750925615, "roll-out": 0.20780881857960282, "dsfb": 0.0, "sfT": 0.00044878267698866825, "dsfb-alt": 0.06296420958151015}, "english-1k": {"sft": 0.0, "bad-redirect": 0.00035285815102328866, "alternate": 0.3394495412844037, "unknown": 0.0, "sfR": 0.10832745236414962, "dsfb-red": 0.009174311926605505, "oneh-out": 0.009174311926605505, "oneh-in": 0.001058574453069866, "roll-in": 0.1930134086097389, "sfb": 0.021877205363443897, "redirect": 0.013761467889908258, "roll-out": 0.22829922371206776, "dsfb": 0.0, "sfT": 0.0, "dsfb-alt": 0.07551164431898377}, "english-10k": {"sft": 0.0, "bad-redirect": 0.0006175102757569325, "alternate": 0.3630574477528415, "unknown": 0.0, "sfR": 0.10567144593890508, "dsfb-red": 0.008085525173192335, "oneh-out": 0.0036664672623067866, "oneh-in": 0.0006175102757569325, "roll-in": 0.21593562455375234, "sfb": 0.02358117365546786, "redirect": 0.020493622276683197, "roll-out": 0.188321336909747, "dsfb": 0.0, "sfT": 0.0003859439223480828, "dsfb-alt": 0.06956639200324193}, "reddit": {"sft": 0.0, "bad-redirect": 0.0006984309276871527, "alternate": 0.3060978608633147, "unknown": 0.041217688064775854, "sfR": 0.10397777127267367, "dsfb-red": 0.010602021164562216, "oneh-out": 0.016702110743966034, "oneh-in": 0.0013310866376858661, "roll-in": 0.16849176039916117, "sfb": 0.024453210727728242, "redirect": 0.01849965454900619, "roll-out": 0.24183281370536786, "dsfb": 0.0, "sfT": 0.0002780463786453789, "dsfb-alt": 0.06581754456542564}, "akl": {"sft": 0.0, "bad-redirect": 0.0006293273357770305, "alternate": 0.25242919585674267, "unknown": 0.13295000147380848, "sfR": 0.13064861186637447, "dsfb-red": 0.009054100828216121, "oneh-out": 0.01503235225786593, "oneh-in": 0.0014342268928265504, "roll-in": 0.1485825755120533, "sfb": 0.02760316023080162, "redirect": 0.02056458205250153, "roll-out": 0.2004648834185379, "dsfb": 0.0, "sfT": 0.00035700014426768927, "dsfb-alt": 0.060249982130226705}, "french": {"sft": 0.0, "bad-redirect": 0.0024244959169471606, "alternate": 0.2538061997034405, "unknown": 0.15822382396052298, "sfR": 0.10898279115633469, "dsfb-red": 0.006225598049892009, "oneh-out": 0.008117939068953356, "oneh-in": 0.0014171021250344376, "roll-in": 0.20782614379631364, "sfb": 0.02562958066898193, "redirect": 0.01645309981201838, "roll-out": 0.16034742463622187, "dsfb": 0.0, "sfT": 0.000286302930703769, "dsfb-alt": 0.05025949817463529}, "keymash": {"sft": 0.0, "bad-redirect": 0.0008620229626497765, "alternate": 0.3071387815921154, "unknown": 0.013394194891077241, "sfR": 0.099723742164827, "dsfb-red": 0.00946583310414469, "oneh-out": 0.021575203293748693, "oneh-in": 0.0016337387577838622, "roll-in": 0.1772155016357912, "sfb": 0.021144191812423805, "redirect": 0.018874198010779393, "roll-out": 0.2582210308973659, "dsfb": 0.0, "sfT": 0.00018471920628209497, "dsfb-alt": 0.07056684167101099}, "movie": {"sft": 0.0, "bad-redirect": 0.00099790640998596, "alternate": 0.29737913692610346, "unknown": 0.030451476652766863, "sfR": 0.11567713207251198, "dsfb-red": 0.010868928684367717, "oneh-out": 0.035365866336864935, "oneh-in": 0.0011449011956848015, "roll-in": 0.14627915665261948, "sfb": 0.018696762916887148, "redirect": 0.01979244652094136, "roll-out": 0.2575980315068913, "dsfb": 0.0, "sfT": 9.33028675563821e-05, "dsfb-alt": 0.06565495125681858}, "dutch": {"sft": 0.0, "bad-redirect": 0.0006786805617889969, "alternate": 0.2565096403660048, "unknown": 0.07325981014373002, "sfR": 0.18880787437283908, "dsfb-red": 0.012505222792090756, "oneh-out": 0.004054816015885823,