{"english-450k": {"dsfb": 0.0, "bad-redirect": 0.007443426624904038, "roll-in": 0.2486120864105207, "oneh-out": 0.010348763170927222, "oneh-in": 0.012260122633384416, "sfR": 0.11369548401129392, "sfT": 3.2158082115370336e-05, "redirect": 0.06601147985062278, "roll-out": 0.20975576813671978, "sft": 0.0, "dsfb-red": 0.033595840732128436, "alternate": 0.21908453541218767, "sfb": 0.037217133124520185, "dsfb-alt": 0.04178942770892375, "unknown": 0.00015377410175167997}, "shai": {"dsfb": 0.0, "bad-redirect": 0.012135051412962401, "roll-in": 0.2475822059348539, "oneh-out": 0.011107063093546542, "oneh-in": 0.01627680296801525, "sfR": 0.09823378925716947, "sfT": 4.889874484190618e-05, "redirect": 0.05641440529001283, "roll-out": 0.21427894438779885, "sft": 0.0, "dsfb-red": 0.032483605722383936, "alternate": 0.21700139381161884, "sfb": 0.02476577059994123, "dsfb-alt": 0.04641130664072358, "unknown": 0.023260762136131256}, "tr-quotes": {"dsfb": 0.0, "bad-redirect": 0.020243406301287535, "roll-in": 0.2327835694967754, "oneh-out": 0.014116640854349183, "oneh-in": 0.016740251034418993, "sfR": 0.09677191928064538, "sfT": 6.934652458334297e-06, "redirect": 0.057992186958230274, "roll-out": 0.22770046924481635, "sft": 0.0, "dsfb-red": 0.039239730935484614, "alternate": 0.21581909803287025, "sfb": 0.02241857562238506, "dsfb-alt": 0.04233143015649199, "unknown": 0.013835787429786644}, "gutenberg": {"dsfb": 0.0, "bad-redirect": 0.012390870208149343, "roll-in": 0.22033808402885047, "oneh-out": 0.013472175336619683, "oneh-in": 0.015532868607029696, "sfR": 0.09863878308844841, "sfT": 3.5045803918537636e-05, "redirect": 0.05061371832948587, "roll-out": 0.2343582999640449, "sft": 0.0, "dsfb-red": 0.03684090682627852, "alternate": 0.21907719283489485, "sfb": 0.022239309419592235, "dsfb-alt": 0.04348691730667882, "unknown": 0.032975828246008664}, "english-200": {"dsfb": 0.0, "bad-redirect": 0.0022271714922048997, "roll-in": 0.24944320712694878, "oneh-out": 0.004454342984409799, "oneh-in": 0.026726057906458798, "sfR": 0.10690423162583519, "sfT": 0.0, "redirect": 0.051224944320712694, "roll-out": 0.23162583518930957, "sft": 0.0, "dsfb-red": 0.0400890868596882, "alternate": 0.22939866369710468, "sfb": 0.013363028953229399, "dsfb-alt": 0.044543429844097995, "unknown": 0.0}, "monkeyracer": {"dsfb": 0.0, "bad-redirect": 0.020645322739571766, "roll-in": 0.23293632794782365, "oneh-out": 0.014002064532273957, "oneh-in": 0.016717628290348313, "sfR": 0.09690789370786869, "sfT": 1.0752772260193629e-05, "redirect": 0.05782156654206484, "roll-out": 0.22741722320409152, "sft": 0.0, "dsfb-red": 0.039470494392918026, "alternate": 0.21591859955894083, "sfb": 0.022389226895224986, "dsfb-alt": 0.04232682171512583, "unknown": 0.013436077701487402}, "chained-bigrams": {"dsfb": 0.0, "bad-redirect": 0.0062196896453432845, "roll-in": 0.23167905648236586, "oneh-out": 0.011506328448181264, "oneh-in": 0.011232321868127516, "sfR": 0.11914286586209158, "sfT": 8.635752404537601e-05, "redirect": 0.05552204421894814, "roll-out": 0.21727682910755017, "sft": 0.0, "dsfb-red": 0.03909073968141216, "alternate": 0.2110220770088351, "sfb": 0.02641241626404365, "dsfb-alt": 0.04789271408711981, "unknown": 0.022916559801936097}, "english-5k": {"dsfb": 0.0, "bad-redirect": 0.007300784004645953, "roll-in": 0.27867424399552, "oneh-out": 0.009872651097191687, "oneh-in": 0.015265275646077903, "sfR": 0.10644211224955408, "sfT": 0.0, "redirect": 0.07213672377317791, "roll-out": 0.18629443730036918, "sft": 0.0, "dsfb-red": 0.03442983365827353, "alternate": 0.21450201186377402, "sfb": 0.027543866926618824, "dsfb-alt": 0.04538100966524246, "unknown": 0.002157049819554486}, "mt-quotes": {"dsfb": 0.0, "bad-redirect": 0.02184859133885562, "roll-in": 0.23312236286919832, "oneh-out": 0.014025352314698605, "oneh-in": 0.01682235450209775, "sfR": 0.0964592223377679, "sfT": 1.1953000800851053e-05, "redirect": 0.058028830637931655, "roll-out": 0.23090657534574055, "sft": 0.0, "dsfb-red": 0.04087328623851018, "alternate": 0.2160340540992816, "sfb": 0.02186950909025711, "dsfb-alt": 0.042020774315391876, "unknown": 0.007977133909467972}, "wordle": {"dsfb": 0.0, "bad-redirect": 0.008055649051946594, "roll-in": 0.22735330416245933, "oneh-out": 0.011017614720071804, "oneh-in": 0.016717154717827892, "sfR": 0.13138112868843263, "sfT": 0.0, "redirect": 0.06365982273084259, "roll-out": 0.21231908448333894, "sft": 0.0, "dsfb-red": 0.0374060361270055, "alternate": 0.20971614495680466, "sfb": 0.035723101088297994, "dsfb-alt": 0.04665095927297206, "unknown": 0.0}, "english-1k": {"dsfb": 0.0, "bad-redirect": 0.011291460832745237, "roll-in": 0.2667607621736062, "oneh-out": 0.008115737473535639, "oneh-in": 0.024700070571630206, "sfR": 0.10832745236414962, "sfT": 0.0, "redirect": 0.06069160197600565, "roll-out": 0.19654199011997178, "sft": 0.0, "dsfb-red": 0.0374029640084686, "alternate": 0.22759350741002118, "sfb": 0.015525758645024701, "dsfb-alt": 0.043048694424841216, "unknown": 0.0}, "english-10k": {"dsfb": 0.0, "bad-redirect": 0.006387371914860771, "roll-in": 0.28071631191987806, "oneh-out": 0.009629300862584667, "oneh-in": 0.01518689334439706, "sfR": 0.10567144593890508, "sfT": 1.929719611740414e-05, "redirect": 0.0676173751953841, "roll-out": 0.19256672005557593, "sft": 0.0, "dsfb-red": 0.03338414928310916, "alternate": 0.21317612550896356, "sfb": 0.02892649697998881, "dsfb-alt": 0.046718511800235424, "unknown": 0.0}, "reddit": {"dsfb": 0.0, "bad-redirect": 0.015715332648986394, "roll-in": 0.22986108731004642, "oneh-out": 0.012455413972776327, "oneh-in": 0.016846284327612274, "sfR": 0.10397777127267367, "sfT": 8.682628394180092e-05, "redirect": 0.0539175116590881, "roll-out": 0.2149451707749021, "sft": 0.0, "dsfb-red": 0.03379205554484898, "alternate": 0.207453650665047, "sfb": 0.026152278993302053, "dsfb-alt": 0.04551120660254332, "unknown": 0.039285409944231534}, "akl": {"dsfb": 0.0, "bad-redirect": 0.013385639986071831, "roll-in": 0.19633515595549697, "oneh-out": 0.007790850542651832, "oneh-in": 0.013663748756497266, "sfR": 0.13064861186637447, "sfT": 0.0002651866944719433, "redirect": 0.046731983519139854, "roll-out": 0.18206673805022378, "sft": 0.0, "dsfb-red": 0.030789724394850906, "alternate": 0.17610862331637148, "sfb": 0.02742200409143068, "dsfb-alt": 0.04202165211187118, "unknown": 0.13277008071454782}, "french": {"dsfb": 0.0, "bad-redirect": 0.00932706331413276, "roll-in": 0.21180490056831056, "oneh-out": 0.011038213980293459, "oneh-in": 0.018167126991140623, "sfR": 0.10898279115633469, "sfT": 4.4795696640725765e-05, "redirect": 0.05923836858387604, "roll-out": 0.15581983818026515, "sft": 0.0, "dsfb-red": 0.03380344694046366, "alternate": 0.16416852752335245, "sfb": 0.04254331208264438, "dsfb-alt": 0.026982081107088336, "unknown": 0.15807953387545715}, "keymash": {"dsfb": 0.0, "bad-redirect": 0.01999072299097339, "roll-in": 0.23417059023943715, "oneh-out": 0.013053490577268043, "oneh-in": 0.016977747492949884, "sfR": 0.099723742164827, "sfT": 2.462922750427933e-05, "redirect": 0.05723832471994516, "roll-out": 0.2256160385529508, "sft": 0.0, "dsfb-red": 0.03942728836310049, "alternate": 0.21534565068366632, "sfb": 0.023188417695278987, "dsfb-alt": 0.042920533797457444, "unknown": 0.01232282349464109}, "movie": {"dsfb": 0.0, "bad-redirect": 0.030735991179786468, "roll-in": 0.21472648244636172, "oneh-out": 0.01570843919831123, "oneh-in": 0.01626049213117304, "sfR": 0.11567713207251198, "sfT": 5.1323157047939386e-06, "redirect": 0.054493217381600435, "roll-out": 0.22084104441835006, "sft": 0.0, "dsfb-red": 0.03993836483632058, "alternate": 0.20022268986245262, "sfb": 0.021921041560045002, "dsfb-alt": 0.03923352681286221, "unknown": 0.030236445784519856}, "dutch": {"dsfb": 0.0, "bad-redirect": 0.004029390149660809, "roll-in": 0.24862552393332485, "oneh-out": 0.009194642321716533, "oneh-in": 0.012064932139654063, "sfR": 0.18880787437283908, "sfT": 0.00025929721543013697, "redirect": 0.05169019431924467, "roll-out": 0.1329138053452343,