{"english-450k": {"roll-out": 0.18920149143337928, "sfR": 0.11369548401129392, "dsfb": 0.0, "roll-in": 0.24110609769859223, "dsfb-red": 0.025003493537102534, "oneh-in": 0.017317419565327976, "sfT": 6.460851043178949e-05, "dsfb-alt": 0.04851806787226342, "alternate": 0.25231757450881453, "sft": 0.0, "oneh-out": 0.009976314110791024, "unknown": 0.00015377410175167997, "redirect": 0.04906592465302891, "bad-redirect": 0.010827626248245192, "sfb": 0.04275212374897752}, "shai": {"roll-out": 0.2056923650458117, "sfR": 0.09823378925716947, "dsfb": 0.0, "roll-in": 0.23863682421501142, "dsfb-red": 0.02666313401553675, "oneh-in": 0.020971225677964028, "sfT": 6.62188242441169e-05, "dsfb-alt": 0.04992762335534719, "alternate": 0.25032959627301304, "sft": 0.0, "oneh-out": 0.011925503609852884, "unknown": 0.023621906111313578, "redirect": 0.03642466109926422, "bad-redirect": 0.012880147682414689, "sfb": 0.02462700483305688}, "tr-quotes": {"roll-out": 0.22831418598737893, "sfR": 0.09677191928064538, "dsfb": 0.0, "roll-in": 0.21897898800305124, "dsfb-red": 0.03140935253461547, "oneh-in": 0.01757818820646772, "sfT": 3.8140588520838634e-05, "dsfb-alt": 0.050173366311458356, "alternate": 0.24455629782020757, "sft": 0.0, "oneh-out": 0.013912068606828322, "unknown": 0.01476965396084233, "redirect": 0.03393125447862971, "bad-redirect": 0.020612098656988972, "sfb": 0.028954485564365133}, "gutenberg": {"roll-out": 0.23582662442984265, "sfR": 0.09863878308844841, "dsfb": 0.0, "roll-in": 0.21075049926062825, "dsfb-red": 0.030641967141811992, "oneh-in": 0.015839377313733447, "sfT": 0.00011991348043478014, "dsfb-alt": 0.049191048127171184, "alternate": 0.23999082368247668, "sft": 0.0, "oneh-out": 0.015416175551819863, "unknown": 0.03802431837805746, "redirect": 0.029140870113430955, "bad-redirect": 0.011302366482117358, "sfb": 0.025117232950026956}, "english-200": {"roll-out": 0.25389755011135856, "sfR": 0.10690423162583519, "dsfb": 0.0, "roll-in": 0.21380846325167038, "dsfb-red": 0.0334075723830735, "oneh-in": 0.0200445434298441, "sfT": 0.0, "dsfb-alt": 0.060133630289532294, "alternate": 0.24498886414253898, "sft": 0.0, "oneh-out": 0.015590200445434299, "unknown": 0.0, "redirect": 0.026726057906458798, "bad-redirect": 0.008908685968819599, "sfb": 0.015590200445434299}, "monkeyracer": {"roll-out": 0.2284309163708025, "sfR": 0.09690789370786869, "dsfb": 0.0, "roll-in": 0.21896847678183212, "dsfb-red": 0.031515397969876596, "oneh-in": 0.017375502447721975, "sfT": 3.714594053521435e-05, "dsfb-alt": 0.05010107605924582, "alternate": 0.24490905109717379, "sft": 0.0, "oneh-out": 0.013830020176110859, "unknown": 0.014352018393105714, "redirect": 0.03367866024367737, "bad-redirect": 0.021003096798410937, "sfb": 0.028890744013638427}, "chained-bigrams": {"roll-out": 0.2036076667300821, "sfR": 0.11914286586209158, "dsfb": 0.0, "roll-in": 0.23589109601982716, "dsfb-red": 0.035539043015786545, "oneh-in": 0.012642611659304633, "sfT": 7.467003958810707e-05, "dsfb-alt": 0.05910815403325349, "alternate": 0.22557169654875078, "sft": 0.0, "oneh-out": 0.00809682951011909, "unknown": 0.02365222201805197, "redirect": 0.04362028921329594, "bad-redirect": 0.00803319765029618, "sfb": 0.025019657699552434}, "english-5k": {"roll-out": 0.16285726137636372, "sfR": 0.10644211224955408, "dsfb": 0.0, "roll-in": 0.27112456962707926, "dsfb-red": 0.02306384037831335, "oneh-in": 0.028041647654208322, "sfT": 0.0, "dsfb-alt": 0.04861658439457419, "alternate": 0.2675571410793545, "sft": 0.0, "oneh-out": 0.011200066370763678, "unknown": 0.002157049819554486, "redirect": 0.044758783755755586, "bad-redirect": 0.010370431824781184, "sfb": 0.0238105114696976}, "mt-quotes": {"roll-out": 0.23333452863341342, "sfR": 0.0964592223377679, "dsfb": 0.0, "roll-in": 0.21790768697481502, "dsfb-red": 0.032425502922508696, "oneh-in": 0.01717795627592307, "sfT": 2.2411876501595726e-05, "dsfb-alt": 0.050383392500687296, "alternate": 0.24546234207097692, "sft": 0.0, "oneh-out": 0.014074658443002116, "unknown": 0.008869126594231481, "redirect": 0.032734786818230714, "bad-redirect": 0.022250510990784237, "sfb": 0.028897873561157528}, "wordle": {"roll-out": 0.20538539212386403, "sfR": 0.13138112868843263, "dsfb": 0.0, "roll-in": 0.21519129361606643, "dsfb-red": 0.029372826208908336, "oneh-in": 0.016874228654773924, "sfT": 2.2439133849433412e-05, "dsfb-alt": 0.051385616515202515, "alternate": 0.2362616403006844, "sft": 0.0, "oneh-out": 0.011870301806350275, "unknown": 0.0, "redirect": 0.057130034780657465, "bad-redirect": 0.01045663637383597, "sfb": 0.03466846179737462}, "english-1k": {"roll-out": 0.1926605504587156, "sfR": 0.10832745236414962, "dsfb": 0.0, "roll-in": 0.2582921665490473, "dsfb-red": 0.025052928722653495, "oneh-in": 0.024347212420606917, "sfT": 0.0, "dsfb-alt": 0.0465772759350741, "alternate": 0.2618207480592802, "sft": 0.0, "oneh-out": 0.014467184191954835, "unknown": 0.0, "redirect": 0.043048694424841216, "bad-redirect": 0.012350035285815103, "sfb": 0.01305575158786168}, "english-10k": {"roll-out": 0.16464367727369214, "sfR": 0.10567144593890508, "dsfb": 0.0, "roll-in": 0.28033036799753, "dsfb-red": 0.023233824125354584, "oneh-in": 0.027247640917774648, "sfT": 1.929719611740414e-05, "dsfb-alt": 0.05133054167229502, "alternate": 0.2576754597556975, "sft": 0.0, "oneh-out": 0.010092433569402365, "unknown": 0.0, "redirect": 0.04496246695355165, "bad-redirect": 0.008876710214005904, "sfb": 0.02591613438567376}, "reddit": {"roll-out": 0.20880661243207801, "sfR": 0.10397777127267367, "dsfb": 0.0, "roll-in": 0.22215980568592297, "dsfb-red": 0.03075186205483503, "oneh-in": 0.018093653646657104, "sfT": 6.637453630063469e-05, "dsfb-alt": 0.046982271593590065, "alternate": 0.23561080024579556, "sft": 0.0, "oneh-out": 0.014380650099627355, "unknown": 0.041217688064775854, "redirect": 0.0336991611599587, "bad-redirect": 0.015806766194759445, "sfb": 0.028446583013025627}, "akl": {"roll-out": 0.1754593569456146, "sfR": 0.13064861186637447, "dsfb": 0.0, "roll-in": 0.19922194278198657, "dsfb-red": 0.026643269885116814, "oneh-in": 0.014313805770524735, "sfT": 0.0002160185660829405, "dsfb-alt": 0.03852194379746902, "alternate": 0.20167728545876323, "sft": 0.0, "oneh-out": 0.010084556085799916, "unknown": 0.13295000147380848, "redirect": 0.03083778068114066, "bad-redirect": 0.013473772003138953, "sfb": 0.025951654684179645}, "french": {"roll-out": 0.1529719555117906, "sfR": 0.10898279115633469, "dsfb": 0.0, "roll-in": 0.21897676650968248, "dsfb-red": 0.015032686700710497, "oneh-in": 0.021622987641346715, "sfT": 4.6338825989887886e-05, "dsfb-alt": 0.02752105274141948, "alternate": 0.2183466603527207, "sft": 0.0, "oneh-out": 0.015287018388393761, "unknown": 0.15822382396052298, "redirect": 0.037043314427302076, "bad-redirect": 0.005233290969189055, "sfb": 0.02071131281459707}, "keymash": {"roll-out": 0.23066913506257877, "sfR": 0.099723742164827, "dsfb": 0.0, "roll-in": 0.21738987656652148, "dsfb-red": 0.031574669660486096, "oneh-in": 0.01786439968310394, "sfT": 3.283897000570577e-05, "dsfb-alt": 0.050621272263795446, "alternate": 0.2430945803384877, "sft": 0.0, "oneh-out": 0.013644592037370748, "unknown": 0.013394194891077241, "redirect": 0.034624588999766025, "bad-redirect": 0.020015352218477667, "sfb": 0.027350757143502193}, "movie": {"roll-out": 0.23300081630139274, "sfR": 0.11567713207251198, "dsfb": 0.0, "roll-in": 0.19698564622895207, "dsfb-red": 0.03129686116783344, "oneh-in": 0.014116763340632188, "sfT": 3.6452601287895406e-05, "dsfb-alt": 0.04713531903066611, "alternate": 0.22042414246571448, "sft": 0.0, "oneh-out": 0.016493946696821873, "unknown": 0.030451476652766863, "redirect": 0.03405159872292193, "bad-redirect": 0.03043871166242417, "sfb": 0.029891133056074232}, "dutch": {"roll-out": 0.12809734298263484, "sfR": 0.18880787437283908, "dsfb": 0.0, "roll-in": 0.24023945284683454, "dsfb-red": 0.030347026495151207, "oneh-in": 0.013429824196810693, "sfT": 8.154925218008872e-05, "dsfb-alt": 0.03737100272838551,