{"english-450k": {"sfT": 2.0756580274466308e-05, "alternate": 0.16024460021949352, "roll-out": 0.16765031418446227, "unknown": 0.26991915458156196, "bad-redirect": 0.008750798835994366, "sft": 0.0, "dsfb": 0.0, "oneh-in": 0.012109271993643225, "redirect": 0.0365938510238841, "sfR": 0.11369548401129392, "sfb": 0.03201454013065536, "roll-in": 0.1388752623076289, "oneh-out": 0.014754420420732958, "dsfb-alt": 0.024086403504412383, "dsfb-red": 0.021285142205962577}, "shai": {"sfT": 8.265645043879599e-05, "alternate": 0.15687629213597953, "roll-out": 0.15884670951776875, "unknown": 0.3241085674440409, "bad-redirect": 0.004814931758500114, "sft": 0.0, "dsfb": 0.0, "oneh-in": 0.013479631431806648, "redirect": 0.03321701722765404, "sfR": 0.09823378925716947, "sfb": 0.020287216070680476, "roll-in": 0.13718382243431373, "oneh-out": 0.013260430829137552, "dsfb-alt": 0.019871952169178357, "dsfb-red": 0.019736983273331676}, "tr-quotes": {"sfT": 3.35174868819491e-05, "alternate": 0.15541365201913965, "roll-out": 0.1554529483830702, "unknown": 0.3230195788354407, "bad-redirect": 0.0053477728207854645, "sft": 0.0, "dsfb": 0.0, "oneh-in": 0.014568549039550634, "redirect": 0.03478190518018539, "sfR": 0.09677191928064538, "sfb": 0.020598229352072304, "roll-in": 0.1439899678694436, "oneh-out": 0.009757056008876355, "dsfb-alt": 0.01998566838491944, "dsfb-red": 0.020279235338988927}, "gutenberg": {"sfT": 6.497681483274816e-05, "alternate": 0.15218252006230196, "roll-out": 0.14496782037453165, "unknown": 0.34386071395690615, "bad-redirect": 0.005332076988622049, "sft": 0.0, "dsfb": 0.0, "oneh-in": 0.014805620816525556, "redirect": 0.03191346679533213, "sfR": 0.09863878308844841, "sfb": 0.01744750612164948, "roll-in": 0.14251631903123546, "oneh-out": 0.008917357447877418, "dsfb-alt": 0.017335548985888096, "dsfb-red": 0.02201728951584885}, "english-200": {"sfT": 0.0, "alternate": 0.1492204899777283, "roll-out": 0.15367483296213807, "unknown": 0.31625835189309576, "bad-redirect": 0.0022271714922048997, "sft": 0.0, "dsfb": 0.0, "oneh-in": 0.024498886414253896, "redirect": 0.044543429844097995, "sfR": 0.10690423162583519, "sfb": 0.011135857461024499, "roll-in": 0.15812917594654788, "oneh-out": 0.0066815144766146995, "dsfb-alt": 0.008908685968819599, "dsfb-red": 0.017817371937639197}, "monkeyracer": {"sfT": 3.8123465286141044e-05, "alternate": 0.15550365985266748, "roll-out": 0.15524266074417004, "unknown": 0.32294485196365175, "bad-redirect": 0.0053783411795986676, "sft": 0.0, "dsfb": 0.0, "oneh-in": 0.014570983937313292, "redirect": 0.03486146519229867, "sfR": 0.09690789370786869, "sfb": 0.02061404194754211, "roll-in": 0.1441819681874345, "oneh-out": 0.009598315529349203, "dsfb-alt": 0.019985493532696248, "dsfb-red": 0.020172200760123247}, "chained-bigrams": {"sfT": 0.00012012136803304181, "alternate": 0.13729482783361438, "roll-out": 0.14924333277709564, "unknown": 0.31012090702671047, "bad-redirect": 0.00643655741249483, "sft": 0.0, "dsfb": 0.0, "oneh-in": 0.012104987374270263, "redirect": 0.04041597055792804, "sfR": 0.11914286586209158, "sfb": 0.01965964746651049, "roll-in": 0.1493193014260679, "oneh-out": 0.01210174085080991, "dsfb-alt": 0.02418659977962599, "dsfb-red": 0.019853140264747497}, "english-5k": {"sfT": 4.148172729912474e-05, "alternate": 0.16094910192060397, "roll-out": 0.17501140747500726, "unknown": 0.29389803791429875, "bad-redirect": 0.005475588003484465, "sft": 0.0, "dsfb": 0.0, "oneh-in": 0.011490438461857553, "redirect": 0.030447587837557556, "sfR": 0.10644211224955408, "sfb": 0.019911229103579873, "roll-in": 0.12834446426349194, "oneh-out": 0.022234205832330857, "dsfb-alt": 0.022524577923424733, "dsfb-red": 0.02322976728750985}, "mt-quotes": {"sfT": 3.137662710223402e-05, "alternate": 0.1566351107445524, "roll-out": 0.15504984401333954, "unknown": 0.3226951626205759, "bad-redirect": 0.0053056382304777615, "sft": 0.0, "dsfb": 0.0, "oneh-in": 0.014727591111748605, "redirect": 0.03536295286931784, "sfR": 0.0964592223377679, "sfb": 0.020439631369455303, "roll-in": 0.14493013471031901, "oneh-out": 0.00897670360143914, "dsfb-alt": 0.01970153357000275, "dsfb-red": 0.01968509819390158}, "wordle": {"sfT": 6.731740154830023e-05, "alternate": 0.1531919667900819, "roll-out": 0.15101537080668687, "unknown": 0.25136317738135305, "bad-redirect": 0.008504431728935263, "sft": 0.0, "dsfb": 0.0, "oneh-in": 0.01355323684505778, "redirect": 0.045596319982048696, "sfR": 0.13138112868843263, "sfb": 0.03208796140468978, "roll-in": 0.152990014585437, "oneh-out": 0.011331762593963873, "dsfb-alt": 0.026141590934589926, "dsfb-red": 0.022775720857174914}, "english-1k": {"sfT": 0.0, "alternate": 0.1683133380381087, "roll-out": 0.14820042342978124, "unknown": 0.31863091037402963, "bad-redirect": 0.003175723359209598, "sft": 0.0, "dsfb": 0.0, "oneh-in": 0.016937191249117856, "redirect": 0.033168666196189134, "sfR": 0.10832745236414962, "sfb": 0.014114326040931546, "roll-in": 0.13549752999294284, "oneh-out": 0.01305575158786168, "dsfb-alt": 0.01799576570218772, "dsfb-red": 0.022582921665490474}, "english-10k": {"sfT": 0.0, "alternate": 0.16574361745238417, "roll-out": 0.1737326566449895, "unknown": 0.29709963142355417, "bad-redirect": 0.006097913973099708, "sft": 0.0, "dsfb": 0.0, "oneh-in": 0.010767835433511511, "redirect": 0.031029891356785858, "sfR": 0.10567144593890508, "sfb": 0.021979506377723317, "roll-in": 0.12317400281739063, "oneh-out": 0.02035854190386137, "dsfb-alt": 0.0233110129098242, "dsfb-red": 0.021033943767970513}, "reddit": {"sfT": 0.00011428256786300026, "alternate": 0.1500923793454579, "roll-out": 0.14782010028473253, "unknown": 0.3290754367955782, "bad-redirect": 0.0047635716167949305, "sft": 0.0, "dsfb": 0.0, "oneh-in": 0.014400989475028735, "redirect": 0.03497844419510293, "sfR": 0.10397777127267367, "sfb": 0.024666867812975883, "roll-in": 0.14441945410689633, "oneh-out": 0.009799458628006122, "dsfb-alt": 0.018164785274442038, "dsfb-red": 0.017726458624447668}, "akl": {"sfT": 0.00022651929702029037, "alternate": 0.13613288420512915, "roll-out": 0.1295677778078936, "unknown": 0.3631410952578625, "bad-redirect": 0.0030034067088997004, "sft": 0.0, "dsfb": 0.0, "oneh-in": 0.012241752126762453, "redirect": 0.03537073621217584, "sfR": 0.13064861186637447, "sfb": 0.023904778087064798, "roll-in": 0.12515611189608536, "oneh-out": 0.007649053613594301, "dsfb-alt": 0.018294076947824436, "dsfb-red": 0.014663195973313121}, "french": {"sfT": 0.0007793102850035559, "alternate": 0.13233465297859995, "roll-out": 0.1345006672386433, "unknown": 0.4124713436759855, "bad-redirect": 0.006310634964317681, "sft": 0.0, "dsfb": 0.0, "oneh-in": 0.0069100433345179475, "redirect": 0.02395598947154307, "sfR": 0.10898279115633469, "sfb": 0.030970995565480722, "roll-in": 0.09882496992433408, "oneh-out": 0.01581142767585708, "dsfb-alt": 0.016663774422774863, "dsfb-red": 0.011483399306607562}, "keymash": {"sfT": 6.157306876069832e-05, "alternate": 0.15394498651549793, "roll-out": 0.15658441872970655, "unknown": 0.32039341086066836, "bad-redirect": 0.0053568569821807535, "sft": 0.0, "dsfb": 0.0, "oneh-in": 0.014724173176308326, "redirect": 0.03510896380735018, "sfR": 0.099723742164827, "sfb": 0.021275547692446627, "roll-in": 0.14280436594106227, "oneh-out": 0.009728544864190334, "dsfb-alt": 0.019530977410893508, "dsfb-red": 0.020762438786107475}, "movie": {"sfT": 5.61922770755644e-05, "alternate": 0.14937052147880703, "roll-out": 0.1613178944503744, "unknown": 0.29704316764419736, "bad-redirect": 0.006208391230899067, "sft": 0.0, "dsfb": 0.0, "oneh-in": 0.015662379954806672, "redirect": 0.03617361387009635, "sfR": 0.11567713207251198, "sfb": 0.02365076355039914, "roll-in": 0.1466956638117393, "oneh-out": 0.007990094367494071, "dsfb-alt": 0.018393956290304304, "dsfb-red": 0.02176022900129479}, "dutch": {"sfT": 0.00017430525075695744, "alternate": 0.09931343347490652, "roll-out": 0.07924880300293466, "unknown": 0.42087285743594877, "bad-redirect": 0.002543752124126712, "sft": 0.0, "dsfb": 0.0,