{"english-450k": {"sfR": 0.11369548401129392, "unknown": 0.0001543587941537776, "sfT": 4.3851930157323185e-05, "bad-redirect": 0.004288718769386207, "oneh-in": 0.012520895444719965, "dsfb": 0.0, "sfb": 0.04246182397133604, "dsfb-alt": 0.035801008126639694, "redirect": 0.05020929064533085, "sft": 0.0, "alternate": 0.2866188466240738, "roll-out": 0.15348672543604897, "roll-in": 0.26530651622141366, "oneh-out": 0.005403434833985363, "dsfb-red": 0.03000904519146045}, "shai": {"sfR": 0.09823378925716947, "unknown": 0.03181930810714406, "sfT": 3.732235210626099e-05, "bad-redirect": 0.0036740939295579404, "oneh-in": 0.01306624854898374, "dsfb": 0.0, "sfb": 0.03131045385032912, "dsfb-alt": 0.034623101912817957, "redirect": 0.03830178614721858, "sft": 0.0, "alternate": 0.27305177167188965, "roll-out": 0.14935285216617492, "roll-in": 0.2939378831898237, "oneh-out": 0.008196995602905965, "dsfb-red": 0.02439439326387859}, "tr-quotes": {"sfR": 0.09677191928064538, "unknown": 0.03739395760615797, "sfT": 1.733663114583574e-05, "bad-redirect": 0.003345969811146298, "oneh-in": 0.012018908485703058, "dsfb": 0.0, "sfb": 0.025769168535170247, "dsfb-alt": 0.03547074732437993, "redirect": 0.04017475324195002, "sft": 0.0, "alternate": 0.26033032061209865, "roll-out": 0.15768706225006357, "roll-in": 0.2945366496382423, "oneh-out": 0.011434086128383533, "dsfb-red": 0.025049120454913202}, "gutenberg": {"sfR": 0.09863878308844841, "unknown": 0.03826831294804166, "sfT": 8.90352856308794e-06, "bad-redirect": 0.0032048914091557827, "oneh-in": 0.008681508659344556, "dsfb": 0.0, "sfb": 0.027822958449316, "dsfb-alt": 0.038143095237824616, "redirect": 0.039094636173407395, "sft": 0.0, "alternate": 0.2544806533901795, "roll-out": 0.1563959728771999, "roll-in": 0.30655644477179117, "oneh-out": 0.009887273750920189, "dsfb-red": 0.018816565715807705}, "english-200": {"sfR": 0.10690423162583519, "unknown": 0.0, "sfT": 0.0, "bad-redirect": 0.0022271714922048997, "oneh-in": 0.013363028953229399, "dsfb": 0.0, "sfb": 0.031180400890868598, "dsfb-alt": 0.035634743875278395, "redirect": 0.0378619153674833, "sft": 0.0, "alternate": 0.2828507795100223, "roll-out": 0.12472160356347439, "roll-in": 0.32293986636971045, "oneh-out": 0.013363028953229399, "dsfb-red": 0.028953229398663696}, "monkeyracer": {"sfR": 0.09690789370786869, "unknown": 0.03685366063468727, "sfT": 1.8572970267607176e-05, "bad-redirect": 0.0033372694996637313, "oneh-in": 0.01205581275317891, "dsfb": 0.0, "sfb": 0.02569619312760999, "dsfb-alt": 0.03543527222109264, "redirect": 0.04008535746125092, "sft": 0.0, "alternate": 0.25993849414267167, "roll-out": 0.15842450380843642, "roll-in": 0.29466799349359524, "oneh-out": 0.011566072852964637, "dsfb-red": 0.025012903326712233}, "chained-bigrams": {"sfR": 0.11914286586209158, "unknown": 0.03341906319617637, "sfT": 8.440960996916452e-05, "bad-redirect": 0.0032763914761877243, "oneh-in": 0.013871096136702012, "dsfb": 0.0, "sfb": 0.03115298982085034, "dsfb-alt": 0.045401331983645314, "redirect": 0.04675772948538058, "sft": 0.0, "alternate": 0.26214573124369767, "roll-out": 0.12712606705109833, "roll-in": 0.2801801690659557, "oneh-out": 0.006745626445920386, "dsfb-red": 0.030696528622324783}, "english-5k": {"sfR": 0.10644211224955408, "unknown": 0.0022400132741527356, "sfT": 0.0, "bad-redirect": 0.005558551458082714, "oneh-in": 0.020035674285477246, "dsfb": 0.0, "sfb": 0.04289210602729498, "dsfb-alt": 0.03530094993155515, "redirect": 0.041481727299124735, "sft": 0.0, "alternate": 0.29725805782552783, "roll-out": 0.13643340108682125, "roll-in": 0.27966980545069897, "oneh-out": 0.005890405276475713, "dsfb-red": 0.02679719583523458}, "mt-quotes": {"sfR": 0.0964592223377679, "unknown": 0.03259882143412104, "sfT": 1.942362630138296e-05, "bad-redirect": 0.0033064988465354227, "oneh-in": 0.012015754055055521, "dsfb": 0.0, "sfb": 0.024101731989816043, "dsfb-alt": 0.03573349589414423, "redirect": 0.03967649203332497, "sft": 0.0, "alternate": 0.25989260228780436, "roll-out": 0.1597907029559771, "roll-in": 0.29944209368762026, "oneh-out": 0.01200380105425467, "dsfb-red": 0.024959359797277106}, "wordle": {"sfR": 0.13138112868843263, "unknown": 0.0, "sfT": 8.975653539773365e-05, "bad-redirect": 0.003320991809716145, "oneh-in": 0.005250757320767419, "dsfb": 0.0, "sfb": 0.04252215864467632, "dsfb-alt": 0.04622461572983283, "redirect": 0.0480870638393358, "sft": 0.0, "alternate": 0.2709749803657579, "roll-out": 0.18774823291820936, "roll-in": 0.22466060810052732, "oneh-out": 0.008347357791989229, "dsfb-red": 0.03139234825535734}, "english-1k": {"sfR": 0.10832745236414962, "unknown": 0.0, "sfT": 0.0, "bad-redirect": 0.00529287226534933, "oneh-in": 0.011644318983768526, "dsfb": 0.0, "sfb": 0.030345800988002825, "dsfb-alt": 0.03175723359209598, "redirect": 0.045871559633027525, "sft": 0.0, "alternate": 0.2667607621736062, "roll-out": 0.15490472829922372, "roll-in": 0.31439661256175017, "oneh-out": 0.008115737473535639, "dsfb-red": 0.022582921665490474}, "english-10k": {"sfR": 0.10567144593890508, "unknown": 0.0, "sfT": 0.0, "bad-redirect": 0.004669921460411802, "oneh-in": 0.018370930703768742, "dsfb": 0.0, "sfb": 0.039732926805735126, "dsfb-alt": 0.03461916983462303, "redirect": 0.04199069875147141, "sft": 0.0, "alternate": 0.2941085660253565, "roll-out": 0.13830300457343547, "roll-in": 0.2908666370776326, "oneh-out": 0.0051137569711120975, "dsfb-red": 0.0265529418575481}, "reddit": {"sfR": 0.10397777127267367, "unknown": 0.06343768781381119, "sfT": 8.495341327869046e-05, "bad-redirect": 0.0031315146635472134, "oneh-in": 0.011348584868291307, "dsfb": 0.0, "sfb": 0.026677431927238225, "dsfb-alt": 0.0374170716281258, "redirect": 0.03643744789907924, "sft": 0.0, "alternate": 0.25586016548310603, "roll-out": 0.14543833320504168, "roll-in": 0.28163655933432186, "oneh-out": 0.010596814584118769, "dsfb-red": 0.02395566390736632}, "akl": {"sfR": 0.13064861186637447, "unknown": 0.15487683717391185, "sfT": 0.00016255131491017564, "bad-redirect": 0.00320208053823436, "oneh-in": 0.008984647758416378, "dsfb": 0.0, "sfb": 0.027936416369349796, "dsfb-alt": 0.03587081808081575, "redirect": 0.027338640641589224, "sft": 0.0, "alternate": 0.2178859419500322, "roll-out": 0.1279139991618687, "roll-in": 0.23632053103159947, "oneh-out": 0.007730835776894602, "dsfb-red": 0.02112808833600303}, "french": {"sfR": 0.10898279115633469, "unknown": 0.18481597276110023, "sfT": 3.0263313449587305e-05, "bad-redirect": 0.002770261764027866, "oneh-in": 0.013159807089654602, "dsfb": 0.0, "sfb": 0.05090833162952377, "dsfb-alt": 0.02608625706530387, "redirect": 0.026414104633728286, "sft": 0.0, "alternate": 0.21768071763844637, "roll-out": 0.15120862310268687, "roll-in": 0.18485642372462194, "oneh-out": 0.01202223610439363, "dsfb-red": 0.02106421001672827}, "keymash": {"sfR": 0.099723742164827, "unknown": 0.03244900723688802, "sfT": 4.104871250713221e-06, "bad-redirect": 0.0036040769581262085, "oneh-in": 0.011333549523219204, "dsfb": 0.0, "sfb": 0.026652929030880946, "dsfb-alt": 0.035716484752455736, "redirect": 0.04022363338573886, "sft": 0.0, "alternate": 0.25979319658638905, "roll-out": 0.16046352206163053, "roll-in": 0.294146864083608, "oneh-out": 0.011317130038216352, "dsfb-red": 0.024571759306769345}, "movie": {"sfR": 0.11567713207251198, "unknown": 0.07149815848564577, "sfT": 2.855673097282781e-05, "bad-redirect": 0.002457458037726205, "oneh-in": 0.008552806725281222, "dsfb": 0.0, "sfb": 0.022992511161799675, "dsfb-alt": 0.04092508543002686, "redirect": 0.03718704882503528, "sft": 0.0, "alternate": 0.245101500754911, "roll-out": 0.15919166817236527, "roll-in": 0.25654998632040465, "oneh-out": 0.014139134973191546, "dsfb-red": 0.025698952310127678}, "dutch": {"sfR": 0.18880787437283908, "unknown": 0.0750227299713118, "sfT": 0.00012395558054550425, "bad-redirect": 0.0019392333272930465, "oneh-in": 0.005281103033607078, "dsfb": 0.0, "sfb": 0.03201030489916994, "dsfb-alt": 0.029054987254970764, "redirect": 0.03553485353714861, "sft": 0.0,