{"english-450k": {"sfT": 8.478039830415815e-06, "alternate": 0.31777973584766656, "oneh-out": 0.009884517403661695, "roll-in": 0.22856239925019045, "redirect": 0.02946352718030335, "sfb": 0.024272628034480482, "roll-out": 0.19304496693856812, "bad-redirect": 0.002097876338726341, "oneh-in": 0.01847657225248655, "dsfb-red": 0.02204787344449895, "sfR": 0.11369548401129392, "unknown": 0.0001543587941537776, "dsfb-alt": 0.040511582464139356, "sft": 0.0, "dsfb": 0.0}, "shai": {"sfT": 1.8403793867600438e-05, "alternate": 0.2700372341067855, "oneh-out": 0.008458259808467402, "roll-in": 0.252858780703566, "redirect": 0.026932301595877922, "sfb": 0.018747923525676138, "roll-out": 0.2079105930921563, "bad-redirect": 0.008524610226610888, "oneh-in": 0.02012457375187831, "dsfb-red": 0.02203059527197053, "sfR": 0.09823378925716947, "unknown": 0.031793109309943265, "dsfb-alt": 0.03432982555603067, "sft": 0.0, "dsfb": 0.0}, "tr-quotes": {"sfT": 8.09042786805668e-06, "alternate": 0.24735905318878434, "oneh-out": 0.00975012135641802, "roll-in": 0.24300524722036013, "redirect": 0.031390860128059916, "sfb": 0.016989898522919027, "roll-out": 0.22057049074223897, "bad-redirect": 0.015644575946002173, "oneh-in": 0.021262800212662674, "dsfb-red": 0.02555303853355216, "sfR": 0.09677191928064538, "unknown": 0.039616513719054114, "dsfb-alt": 0.03207739072143501, "sft": 0.0, "dsfb": 0.0}, "gutenberg": {"sfT": 4.735919448451032e-06, "alternate": 0.23902810597699556, "oneh-out": 0.013520481714993883, "roll-in": 0.2501694511978656, "redirect": 0.030271239367387247, "sfb": 0.01775761412713405, "roll-out": 0.22719228552820467, "bad-redirect": 0.007593573243646385, "oneh-in": 0.016391017211089022, "dsfb-red": 0.027392368653062833, "sfR": 0.09863878308844841, "unknown": 0.04011588984327138, "dsfb-alt": 0.03192445412845253, "sft": 0.0, "dsfb": 0.0}, "english-200": {"sfT": 0.0, "alternate": 0.2516703786191537, "oneh-out": 0.011135857461024499, "roll-in": 0.22939866369710468, "redirect": 0.022271714922048998, "sfb": 0.008908685968819599, "roll-out": 0.27616926503340755, "bad-redirect": 0.004454342984409799, "oneh-in": 0.024498886414253896, "dsfb-red": 0.028953229398663696, "sfR": 0.10690423162583519, "unknown": 0.0, "dsfb-alt": 0.035634743875278395, "sft": 0.0, "dsfb": 0.0}, "monkeyracer": {"sfT": 6.842673256486854e-06, "alternate": 0.24715638049955424, "oneh-out": 0.009814348499304003, "roll-in": 0.24251998060590893, "redirect": 0.031350196286969986, "sfb": 0.016987425121604078, "roll-out": 0.22130867103555063, "bad-redirect": 0.01601087789542831, "oneh-in": 0.02113213006553326, "dsfb-red": 0.02562874391979605, "sfR": 0.09690789370786869, "unknown": 0.03912738320534276, "dsfb-alt": 0.03204912648388257, "sft": 0.0, "dsfb": 0.0}, "chained-bigrams": {"sfT": 4.155550029251176e-05, "alternate": 0.2667142390571057, "oneh-out": 0.010967405553762754, "roll-in": 0.24302825319506607, "redirect": 0.036393527990551316, "sfb": 0.019187602955375235, "roll-out": 0.17123593200221543, "bad-redirect": 0.003593901470610197, "oneh-in": 0.01855323227122236, "dsfb-red": 0.0319483880686367, "sfR": 0.11914286586209158, "unknown": 0.033665798979163164, "dsfb-alt": 0.04552729709390699, "sft": 0.0, "dsfb": 0.0}, "english-5k": {"sfT": 0.0, "alternate": 0.31658854274692, "oneh-out": 0.009084498278508317, "roll-in": 0.23117766623802216, "redirect": 0.02538681710706434, "sfb": 0.022026797195835234, "roll-out": 0.19849006512631187, "bad-redirect": 0.0022400132741527356, "oneh-in": 0.024266810469987972, "dsfb-red": 0.0231468038329116, "sfR": 0.10644211224955408, "unknown": 0.0022400132741527356, "dsfb-alt": 0.038909860206579, "sft": 0.0, "dsfb": 0.0}, "mt-quotes": {"sfT": 1.4941251001063816e-06, "alternate": 0.24321816617061714, "oneh-out": 0.010003167545212226, "roll-in": 0.2444747253798066, "redirect": 0.031679934497555615, "sfb": 0.01656835323507967, "roll-out": 0.2258160911296781, "bad-redirect": 0.017255650781128604, "oneh-in": 0.021751473207348705, "dsfb-red": 0.026290625261471894, "sfR": 0.0964592223377679, "unknown": 0.03468910244916987, "dsfb-alt": 0.03179199388006359, "sft": 0.0, "dsfb": 0.0}, "wordle": {"sfT": 0.0, "alternate": 0.29628632334791877, "oneh-out": 0.009850779759901267, "roll-in": 0.2186020419611803, "redirect": 0.03132503085380904, "sfb": 0.02616403006843936, "roll-out": 0.2027600134634803, "bad-redirect": 0.005250757320767419, "oneh-in": 0.01433860652978795, "dsfb-red": 0.018310333221137665, "sfR": 0.13138112868843263, "unknown": 0.0, "dsfb-alt": 0.04573095478514529, "sft": 0.0, "dsfb": 0.0}, "english-1k": {"sfT": 0.0, "alternate": 0.2900494001411433, "oneh-out": 0.010232886379675371, "roll-in": 0.22618207480592803, "redirect": 0.029640084685956247, "sfb": 0.015525758645024701, "roll-out": 0.2399435426958363, "bad-redirect": 0.002117148906139732, "oneh-in": 0.01834862385321101, "dsfb-red": 0.022935779816513763, "sfR": 0.10832745236414962, "unknown": 0.0, "dsfb-alt": 0.03669724770642202, "sft": 0.0, "dsfb": 0.0}, "english-10k": {"sfT": 0.0, "alternate": 0.3065166631288474, "oneh-out": 0.0076223924663746355, "roll-in": 0.2576947569518149, "redirect": 0.026359969896374055, "sfb": 0.022905771791358717, "roll-out": 0.18670037243588505, "bad-redirect": 0.002605121475849559, "oneh-in": 0.023677659636054883, "dsfb-red": 0.021323401709731574, "sfR": 0.10567144593890508, "unknown": 0.0, "dsfb-alt": 0.03892244456880415, "sft": 0.0, "dsfb": 0.0}, "reddit": {"sfT": 8.926101580384452e-05, "alternate": 0.23915026359718147, "oneh-out": 0.008948089081969368, "roll-in": 0.23442186449143976, "redirect": 0.02842403365024178, "sfb": 0.017950978359541347, "roll-out": 0.21593146192350934, "bad-redirect": 0.01229779317776895, "oneh-in": 0.020508121048125848, "dsfb-red": 0.024159357320686213, "sfR": 0.10397777127267367, "unknown": 0.06024800178746776, "dsfb-alt": 0.033893003273590634, "sft": 0.0, "dsfb": 0.0}, "akl": {"sfT": 0.00012410628587837243, "alternate": 0.1981612701269054, "oneh-out": 0.00837945974999415, "roll-in": 0.19611772905608832, "redirect": 0.02116843585040466, "sfb": 0.01806444449292625, "roll-out": 0.1916039219167624, "bad-redirect": 0.01223673648351473, "oneh-in": 0.014975425942384392, "dsfb-red": 0.02630082251854818, "sfR": 0.13064861186637447, "unknown": 0.15112948456260367, "dsfb-alt": 0.031089551147615, "sft": 0.0, "dsfb": 0.0}, "french": {"sfT": 0.00015473242638977113, "alternate": 0.20216199013826483, "oneh-out": 0.013609561876662825, "roll-in": 0.17985003269711308, "redirect": 0.02162963957757029, "sfb": 0.017952032738073435, "roll-out": 0.19325170658495092, "bad-redirect": 0.0054888361857779715, "oneh-in": 0.018013488238949774, "dsfb-red": 0.021239362688777342, "sfR": 0.10898279115633469, "unknown": 0.18457749185838213, "dsfb-alt": 0.03308833383275291, "sft": 0.0, "dsfb": 0.0}, "keymash": {"sfT": 1.2314613752139664e-05, "alternate": 0.24757709974426653, "oneh-out": 0.010623406796845817, "roll-in": 0.24572990768144556, "redirect": 0.030766010024095593, "sfb": 0.017540114854297593, "roll-out": 0.21963524114066163, "bad-redirect": 0.014925311867593273, "oneh-in": 0.01999072299097339, "dsfb-red": 0.025618501475701213, "sfR": 0.099723742164827, "unknown": 0.03457533054475746, "dsfb-alt": 0.0332822961007828, "sft": 0.0, "dsfb": 0.0}, "movie": {"sfT": 3.421543803195959e-06, "alternate": 0.21552567612008514, "oneh-out": 0.01094986135509716, "roll-in": 0.21035835539022774, "redirect": 0.033037374180951505, "sfb": 0.015563286782352572, "roll-out": 0.2129567547130779, "bad-redirect": 0.02683674722252892, "oneh-in": 0.018174187899868258, "dsfb-red": 0.023808680956700495, "sfR": 0.11567713207251198, "unknown": 0.08496732886260383, "dsfb-alt": 0.03214119290019133, "sft": 0.0, "dsfb": 0.0}, "dutch": {"sfT": 5.379238270454401e-05, "alternate": 0.21827609471174617, "oneh-out": 0.015397657140908322, "roll-in": 0.2202056095485639, "redirect": 0.025788104130146868, "sfb": 0.03391794416702119, "roll-out": 0.17520957243339777, "bad-redirect": 0.002624799314068225, "oneh-in": 0.009327366060642878,