{"english-450k": {"sft": 0.0, "dsfb": 0.0, "bad-redirect": 0.002474710591878272, "sfT": 1.8125464465026915e-05, "dsfb-red": 0.036174918917781136, "sfR": 0.11369548401129392, "redirect": 0.05233874037377047, "unknown": 0.00015377410175167997, "oneh-out": 0.011880364918221998, "oneh-in": 0.020237081075202553, "dsfb-alt": 0.03563670956165026, "roll-in": 0.24187789166936113, "alternate": 0.26718016302393555, "roll-out": 0.19064188116594682, "sfb": 0.0276901551247412}, "shai": {"sft": 0.0, "dsfb": 0.0, "bad-redirect": 0.007876370937502807, "sfT": 3.943946572257591e-05, "dsfb-red": 0.030242991231511446, "sfR": 0.09823378925716947, "redirect": 0.04482790304656907, "unknown": 0.023260762136131256, "oneh-out": 0.009037292317733935, "oneh-in": 0.02027030625461159, "dsfb-alt": 0.037106263312271084, "roll-in": 0.2621424477641887, "alternate": 0.24824633712251515, "roll-out": 0.19770130615460021, "sfb": 0.021014790999472694}, "tr-quotes": {"sft": 0.0, "dsfb": 0.0, "bad-redirect": 0.01559487760338411, "sfT": 9.246203277779062e-06, "dsfb-red": 0.0360682832112064, "sfR": 0.09677191928064538, "redirect": 0.047916136936270545, "unknown": 0.013835787429786644, "oneh-out": 0.00892027461223735, "oneh-in": 0.022990684450197637, "dsfb-alt": 0.03533321005062296, "roll-in": 0.2596969556875708, "alternate": 0.2333568340999977, "roll-out": 0.2095582626384041, "sfb": 0.019947527796398603}, "gutenberg": {"sft": 0.0, "dsfb": 0.0, "bad-redirect": 0.006837341626117725, "sfT": 4.1297217590493e-05, "dsfb-red": 0.037761569567057396, "sfR": 0.09863878308844841, "redirect": 0.04463907179009799, "unknown": 0.032975828246008664, "oneh-out": 0.009463124805116914, "oneh-in": 0.01983365177655705, "dsfb-alt": 0.033427066651057075, "roll-in": 0.26775240461574074, "alternate": 0.22243495972384664, "roll-out": 0.20693903128851487, "sfb": 0.01925586960384602}, "english-200": {"sft": 0.0, "dsfb": 0.0, "bad-redirect": 0.004454342984409799, "sfT": 0.0, "dsfb-red": 0.044543429844097995, "sfR": 0.10690423162583519, "redirect": 0.035634743875278395, "unknown": 0.0, "oneh-out": 0.0066815144766146995, "oneh-in": 0.0334075723830735, "dsfb-alt": 0.031180400890868598, "roll-in": 0.26057906458797325, "alternate": 0.2516703786191537, "roll-out": 0.21380846325167038, "sfb": 0.011135857461024499}, "monkeyracer": {"sft": 0.0, "dsfb": 0.0, "bad-redirect": 0.016022608192439433, "sfT": 1.0752772260193629e-05, "dsfb-red": 0.036075550932949625, "sfR": 0.09690789370786869, "redirect": 0.04780878051832273, "unknown": 0.013436077701487402, "oneh-out": 0.008925778500711638, "oneh-in": 0.023037325805089385, "dsfb-alt": 0.03556235043871311, "roll-in": 0.2592767098862943, "alternate": 0.2330448331951765, "roll-out": 0.20985110342993885, "sfb": 0.020040234918748144}, "chained-bigrams": {"sft": 0.0, "dsfb": 0.0, "bad-redirect": 0.0032796379996480767, "sfT": 4.2854109676652756e-05, "dsfb-red": 0.03672662129758348, "sfR": 0.11914286586209158, "redirect": 0.04837839399678854, "unknown": 0.022916559801936097, "oneh-out": 0.0149937439492919, "oneh-in": 0.021877672294623302, "dsfb-alt": 0.03798107796266368, "roll-in": 0.24187768528071715, "alternate": 0.25839469803760645, "roll-out": 0.17308385315584807, "sfb": 0.021304336251525054}, "english-5k": {"sft": 0.0, "dsfb": 0.0, "bad-redirect": 0.002488903637947484, "sfT": 0.0, "dsfb-red": 0.03094536856514705, "sfR": 0.10644211224955408, "redirect": 0.04973659103165056, "unknown": 0.002157049819554486, "oneh-out": 0.011365993279960178, "oneh-in": 0.01779566101132451, "dsfb-alt": 0.04044468411664662, "roll-in": 0.23051395860123616, "alternate": 0.2816194466337578, "roll-out": 0.2039241714024972, "sfb": 0.022566059650723856}, "mt-quotes": {"sft": 0.0, "dsfb": 0.0, "bad-redirect": 0.017213815278325623, "sfT": 8.96475060063829e-06, "dsfb-red": 0.03704085535673731, "sfR": 0.0964592223377679, "redirect": 0.04728607116816677, "unknown": 0.007977133909467972, "oneh-out": 0.008921420972735206, "oneh-in": 0.0237401537155903, "dsfb-alt": 0.03542122374822199, "roll-in": 0.2616750935322313, "alternate": 0.23094691672344342, "roll-out": 0.2131772869078782, "sfb": 0.020131841598833387}, "wordle": {"sft": 0.0, "dsfb": 0.0, "bad-redirect": 0.003119039605071244, "sfT": 0.0, "dsfb-red": 0.034309435655783684, "sfR": 0.13138112868843263, "redirect": 0.04658364187142376, "unknown": 0.0, "oneh-out": 0.010411758106137103, "oneh-in": 0.025131829911365422, "dsfb-alt": 0.04045775833052844, "roll-in": 0.23233479187703354, "alternate": 0.24380118927409403, "roll-out": 0.20184000897565355, "sfb": 0.030629417704476608}, "english-1k": {"sft": 0.0, "dsfb": 0.0, "bad-redirect": 0.002117148906139732, "sfT": 0.0, "dsfb-red": 0.03458009880028229, "sfR": 0.10832745236414962, "redirect": 0.04516584333098095, "unknown": 0.0, "oneh-out": 0.006351446718419196, "oneh-in": 0.02399435426958363, "dsfb-alt": 0.038461538461538464, "roll-in": 0.2459421312632322, "alternate": 0.25617501764290757, "roll-out": 0.22512350035285816, "sfb": 0.013761467889908258}, "english-10k": {"sft": 0.0, "dsfb": 0.0, "bad-redirect": 0.002064799984562243, "sfT": 0.0, "dsfb-red": 0.03033519229655931, "sfR": 0.10567144593890508, "redirect": 0.0489376893537369, "unknown": 0.0, "oneh-out": 0.010015244784932749, "oneh-in": 0.018293741919299125, "dsfb-alt": 0.04077497539607495, "roll-in": 0.2549931494953783, "alternate": 0.26965901854460544, "roll-out": 0.1957314602188302, "sfb": 0.02352328206711565}, "reddit": {"sft": 0.0, "dsfb": 0.0, "bad-redirect": 0.011822758262777613, "sfT": 5.17286877151109e-05, "dsfb-red": 0.03185857878708026, "sfR": 0.10397777127267367, "redirect": 0.04488184714491168, "unknown": 0.039285409944231534, "oneh-out": 0.009734919504955334, "oneh-in": 0.023331323743111816, "dsfb-alt": 0.03599395212605468, "roll-in": 0.2465500879593707, "alternate": 0.22823682149875726, "roll-out": 0.20083391439145656, "sfb": 0.023440886676903777}, "akl": {"sft": 0.0, "dsfb": 0.0, "bad-redirect": 0.011766600228747922, "sfT": 0.00011180189998001896, "dsfb-red": 0.031053132141964052, "sfR": 0.13064861186637447, "redirect": 0.03406555712566877, "unknown": 0.13277008071454782, "oneh-out": 0.012305053003613018, "oneh-in": 0.0189610833769649, "dsfb-alt": 0.03142050947915806, "roll-in": 0.2068287711034116, "alternate": 0.19100651680303493, "roll-out": 0.1758186796044896, "sfb": 0.02324360265204484}, "french": {"sft": 0.0, "dsfb": 0.0, "bad-redirect": 0.004637822822472572, "sfT": 9.010077578505845e-05, "dsfb-red": 0.02537793073036177, "sfR": 0.10898279115633469, "redirect": 0.054149397663429494, "unknown": 0.15807953387545715, "oneh-out": 0.010415778524562491, "oneh-in": 0.019676187639914453, "dsfb-alt": 0.01958042372923635, "roll-in": 0.2190729798755108, "alternate": 0.18455013502157078, "roll-out": 0.17129631689632402, "sfb": 0.024090601289040368}, "keymash": {"sft": 0.0, "dsfb": 0.0, "bad-redirect": 0.014822690086325443, "sfT": 1.2314613752139664e-05, "dsfb-red": 0.036689339238874775, "sfR": 0.099723742164827, "redirect": 0.04697204172191139, "unknown": 0.01232282349464109, "oneh-out": 0.00901019239531552, "oneh-in": 0.022297660633874217, "dsfb-alt": 0.03666060514011978, "roll-in": 0.2631674007544753, "alternate": 0.23340297931555376, "roll-out": 0.20414345704046993, "sfb": 0.020774753399859614}, "movie": {"sft": 0.0, "dsfb": 0.0, "bad-redirect": 0.027221670900388465, "sfT": 5.527109220547318e-06, "dsfb-red": 0.03769041055762084, "sfR": 0.11567713207251198, "redirect": 0.0523315912850121, "unknown": 0.030236445784519856, "oneh-out": 0.008425551615370048, "oneh-in": 0.02195907333539591, "dsfb-alt": 0.0315122868295962, "roll-in": 0.23206752443015174, "alternate": 0.21655898234865031, "roll-out": 0.2073810858900929, "sfb": 0.018932717841469084}, "dutch": {"sft": 0.0, "dsfb": 0.0, "bad-redirect": 0.0024102752918425036, "sfT": 5.580063165884699e-05, "dsfb-red": 0.02744862119185344, "sfR": 0.18880787437283908, "redirect": 0.03256070855900284, "unknown": 0.07290361491625476, "oneh-out": 0.019011501134176528, "oneh-in": 0.009936905479862302,