{"english-450k": {"dsfb-red": 0.025323904973452042, "alternate": 0.27839514798857046, "unknown": 0.00015377410175167997, "bad-redirect": 0.0014880421633385, "dsfb": 0.0, "sfb": 0.026675421460900742, "oneh-in": 0.01295386016847327, "redirect": 0.050724404651578875, "oneh-out": 0.005087408590651587, "sfR": 0.11369548401129392, "roll-out": 0.1899627609409104, "roll-in": 0.24313147217945846, "dsfb-alt": 0.0523916550361603, "sfT": 1.666373345978281e-05, "sft": 0.0}, "shai": {"dsfb-red": 0.020194082423606645, "alternate": 0.25793866129680987, "unknown": 0.023621906111313578, "bad-redirect": 0.0023316735988268638, "dsfb": 0.0, "sfb": 0.02059436010221595, "oneh-in": 0.020094314895841105, "redirect": 0.03760014295741962, "oneh-out": 0.008766684945317316, "sfR": 0.09823378925716947, "roll-out": 0.21354746034611363, "roll-in": 0.2447961231198715, "dsfb-alt": 0.052243900467947905, "sfT": 3.690047754651999e-05, "sft": 0.0}, "tr-quotes": {"dsfb-red": 0.023480733223919928, "alternate": 0.2433173065809852, "unknown": 0.01476965396084233, "bad-redirect": 0.0022780333325628163, "dsfb": 0.0, "sfb": 0.01885878736044012, "oneh-in": 0.025177411525392386, "redirect": 0.03896118906174152, "oneh-out": 0.01025866253669587, "sfR": 0.09677191928064538, "roll-out": 0.23857284852407482, "roll-in": 0.2373142091028871, "dsfb-alt": 0.05023346663276392, "sfT": 5.778877048611914e-06, "sft": 0.0}, "gutenberg": {"dsfb-red": 0.02516042453539683, "alternate": 0.23379832484846005, "unknown": 0.03802431837805746, "bad-redirect": 0.002101043304110816, "dsfb": 0.0, "sfb": 0.01837877732199289, "oneh-in": 0.015774589935678637, "redirect": 0.0360007547161233, "oneh-out": 0.011998925514595535, "sfR": 0.09863878308844841, "roll-out": 0.2546573979039957, "roll-in": 0.2207436681704158, "dsfb-alt": 0.04471901411038784, "sfT": 3.978172336698867e-06, "sft": 0.0}, "english-200": {"dsfb-red": 0.0334075723830735, "alternate": 0.27616926503340755, "unknown": 0.0, "bad-redirect": 0.0022271714922048997, "dsfb": 0.0, "sfb": 0.011135857461024499, "oneh-in": 0.015590200445434299, "redirect": 0.031180400890868598, "oneh-out": 0.011135857461024499, "sfR": 0.10690423162583519, "roll-out": 0.22939866369710468, "roll-in": 0.23608017817371937, "dsfb-alt": 0.0467706013363029, "sfT": 0.0, "sft": 0.0}, "monkeyracer": {"dsfb-red": 0.023590604814113892, "alternate": 0.24318665248604093, "unknown": 0.014352018393105714, "bad-redirect": 0.0022834978181647558, "dsfb": 0.0, "sfb": 0.018881868088900012, "oneh-in": 0.0255280588704506, "redirect": 0.039074596868792714, "oneh-out": 0.010170167508641319, "sfR": 0.09690789370786869, "roll-out": 0.23861965684971143, "roll-in": 0.2371426169510612, "dsfb-alt": 0.05025650249464316, "sfT": 5.865148505560161e-06, "sft": 0.0}, "chained-bigrams": {"dsfb-red": 0.031965269990630533, "alternate": 0.26409689184336954, "unknown": 0.02365222201805197, "bad-redirect": 0.002887457965637497, "dsfb": 0.0, "sfb": 0.020913454826898617, "oneh-in": 0.010555097074297987, "redirect": 0.047841419016446236, "oneh-out": 0.009020790086935406, "sfR": 0.11914286586209158, "roll-out": 0.19231366091620788, "roll-in": 0.22244919028458376, "dsfb-alt": 0.0550915552081054, "sfT": 7.01249067436136e-05, "sft": 0.0}, "english-5k": {"dsfb-red": 0.01787862446592276, "alternate": 0.2892935661840959, "unknown": 0.002157049819554486, "bad-redirect": 0.0014518604554693657, "dsfb": 0.0, "sfb": 0.021487534740946612, "oneh-in": 0.02260754137802298, "redirect": 0.04102542829883436, "oneh-out": 0.005890405276475713, "sfR": 0.10644211224955408, "roll-out": 0.17194175965487202, "roll-in": 0.2628282241672543, "dsfb-alt": 0.05699589330899739, "sfT": 0.0, "sft": 0.0}, "mt-quotes": {"dsfb-red": 0.024118167365917213, "alternate": 0.24181518270161725, "unknown": 0.008869126594231481, "bad-redirect": 0.002247164150559998, "dsfb": 0.0, "sfb": 0.018567492619022005, "oneh-in": 0.026607379782694444, "redirect": 0.03882782897646454, "oneh-out": 0.010414051947741481, "sfR": 0.0964592223377679, "roll-out": 0.24450610200690884, "roll-in": 0.2371938537669882, "dsfb-alt": 0.05037143949988645, "sfT": 2.9882502002127633e-06, "sft": 0.0}, "wordle": {"dsfb-red": 0.025625490856052955, "alternate": 0.25677100863906654, "unknown": 0.0, "bad-redirect": 0.003320991809716145, "dsfb": 0.0, "sfb": 0.03361382250645125, "oneh-in": 0.007090766296420958, "redirect": 0.05111634690900931, "oneh-out": 0.008324918658139795, "sfR": 0.13138112868843263, "roll-out": 0.20702344889487265, "roll-in": 0.2215640076293055, "dsfb-alt": 0.054168069112532254, "sfT": 0.0, "sft": 0.0}, "english-1k": {"dsfb-red": 0.019054340155257588, "alternate": 0.26570218772053633, "unknown": 0.0, "bad-redirect": 0.0014114326040931546, "dsfb": 0.0, "sfb": 0.014467184191954835, "oneh-in": 0.014820042342978124, "redirect": 0.038461538461538464, "oneh-out": 0.009880028228652082, "sfR": 0.10832745236414962, "roll-out": 0.2244177840508116, "roll-in": 0.2526464361326747, "dsfb-alt": 0.05081157374735357, "sfT": 0.0, "sft": 0.0}, "english-10k": {"dsfb-red": 0.01848671388047317, "alternate": 0.27780243530615, "unknown": 0.0, "bad-redirect": 0.0018139364350359894, "dsfb": 0.0, "sfb": 0.02273209702630208, "oneh-in": 0.020049786765982902, "redirect": 0.041122324926188225, "oneh-out": 0.005596186874047201, "sfR": 0.10567144593890508, "roll-out": 0.17510275756932517, "roll-in": 0.2752937998108875, "dsfb-alt": 0.056309218270585285, "sfT": 1.929719611740414e-05, "sft": 0.0}, "reddit": {"dsfb-red": 0.020346005363527004, "alternate": 0.23851528552756052, "unknown": 0.041217688064775854, "bad-redirect": 0.002685846360553448, "dsfb": 0.0, "sfb": 0.02038443666953403, "oneh-in": 0.021334131925384085, "redirect": 0.04016708253759741, "oneh-out": 0.010265503763814528, "sfR": 0.10397777127267367, "roll-out": 0.2195831102276156, "roll-in": 0.23023734702626533, "dsfb-alt": 0.05121076406193433, "sfT": 7.502719876420502e-05, "sft": 0.0}, "akl": {"dsfb-red": 0.01946474784792461, "alternate": 0.19943514468141807, "unknown": 0.13295000147380848, "bad-redirect": 0.0030463238139307046, "dsfb": 0.0, "sfb": 0.02239539066832903, "oneh-in": 0.01771614142463491, "redirect": 0.035106117792554625, "oneh-out": 0.008088280658001991, "sfR": 0.13064861186637447, "roll-out": 0.18728147515651833, "roll-in": 0.19872781544547818, "dsfb-alt": 0.04495061481532562, "sfT": 0.00018933435570096913, "sft": 0.0}, "french": {"dsfb-red": 0.017374527815528264, "alternate": 0.20167433130025292, "unknown": 0.15822382396052298, "bad-redirect": 0.0022888203889276245, "dsfb": 0.0, "sfb": 0.04163033383595903, "oneh-in": 0.016946541639630067, "redirect": 0.03418142373997833, "oneh-out": 0.006751745230602927, "sfR": 0.10898279115633469, "roll-out": 0.14992159329813232, "roll-in": 0.2291008486417383, "dsfb-alt": 0.032897345357577004, "sfT": 2.587363481556301e-05, "sft": 0.0}, "keymash": {"dsfb-red": 0.023274619991543965, "alternate": 0.24456412424624302, "unknown": 0.013394194891077241, "bad-redirect": 0.0023069376429008305, "dsfb": 0.0, "sfb": 0.019301104620853566, "oneh-in": 0.024374725486735107, "redirect": 0.03804394675161014, "oneh-out": 0.01039763887805659, "sfR": 0.099723742164827, "roll-out": 0.23646931813983654, "roll-in": 0.23787318410758046, "dsfb-alt": 0.050251833851231255, "sfT": 2.462922750427933e-05, "sft": 0.0}, "movie": {"dsfb-red": 0.02346126266283752, "alternate": 0.21735054334773585, "unknown": 0.030451476652766863, "bad-redirect": 0.004269428677195634, "dsfb": 0.0, "sfb": 0.019025362719832545, "oneh-in": 0.03248729521566846, "redirect": 0.040813885256422995, "oneh-out": 0.010938543940978896, "sfR": 0.11567713207251198, "roll-out": 0.2310677756504256, "roll-in": 0.22849806465638686, "dsfb-alt": 0.04594620096121693, "sfT": 1.3028186019861535e-05, "sft": 0.0}, "dutch": {"dsfb-red": 0.027715323825302566, "alternate": 0.17544918163675804, "unknown": 0.07325981014373002, "bad-redirect": 0.002387198359662254, "dsfb": 0.0, "sfb": 0.03912870469484496, "oneh-in": 0.0066158534256549285, "redirect": 0.038833814852858646,