{"english-450k": {"redirect": 0.02992748060136783, "dsfb-alt": 0.04793279077776368, "unknown": 0.0, "roll-in": 0.19026066171977915, "sfT": 0.0004449509179963059, "sfb": 0.03033588824423303, "oneh-out": 0.010010810962514785, "sfR": 0.11369548401129392, "bad-redirect": 0.01710459153096443, "roll-out": 0.22628385295921596, "oneh-in": 0.005675024454759718, "dsfb-red": 0.008472777598796936, "dsfb": 0.0, "alternate": 0.3198556862213143, "sft": 0.0}, "shai": {"redirect": 0.03055750065100276, "dsfb-alt": 0.049615467144409287, "unknown": 0.015933861525442673, "roll-in": 0.1832041171551071, "sfT": 0.00010169112094160544, "sfb": 0.01729857541089034, "oneh-out": 0.01863043339599267, "sfR": 0.09823378925716947, "bad-redirect": 0.013857805205730806, "roll-out": 0.25820082343721407, "oneh-in": 0.005857739873230178, "dsfb-red": 0.010521923079185777, "dsfb": 0.0, "alternate": 0.2979862727436833, "sft": 0.0}, "tr-quotes": {"redirect": 0.03190518018538638, "dsfb-alt": 0.05315757841936155, "unknown": 0.010677053235015372, "roll-in": 0.15894685744666096, "sfT": 4.391946556945054e-05, "sfb": 0.017269596172071845, "oneh-out": 0.02935438385612908, "sfR": 0.09677191928064538, "bad-redirect": 0.013322623147869906, "roll-out": 0.2789059429971568, "oneh-in": 0.0045734032962714685, "dsfb-red": 0.01182589399227942, "dsfb": 0.0, "alternate": 0.2932456485055824, "sft": 0.0}, "gutenberg": {"redirect": 0.03564575019426742, "dsfb-alt": 0.04596115106332758, "unknown": 0.03071490030131814, "roll-in": 0.1582615462663337, "sfT": 6.535568838862425e-05, "sfb": 0.017160698839851284, "oneh-out": 0.022392753209722047, "sfR": 0.09863878308844841, "bad-redirect": 0.011515103983741778, "roll-out": 0.2800735620896089, "oneh-in": 0.0075479189801633175, "dsfb-red": 0.01438260849138991, "dsfb": 0.0, "alternate": 0.2776398678034389, "sft": 0.0}, "english-200": {"redirect": 0.0467706013363029, "dsfb-alt": 0.0645879732739421, "unknown": 0.0, "roll-in": 0.12472160356347439, "sfT": 0.0, "sfb": 0.0066815144766146995, "oneh-out": 0.017817371937639197, "sfR": 0.10690423162583519, "bad-redirect": 0.011135857461024499, "roll-out": 0.30957683741648107, "oneh-in": 0.0, "dsfb-red": 0.0066815144766146995, "dsfb": 0.0, "alternate": 0.3051224944320713, "sft": 0.0}, "monkeyracer": {"redirect": 0.03185655410795001, "dsfb-alt": 0.053103054569341696, "unknown": 0.010282582854997889, "roll-in": 0.15864249182789308, "sfT": 4.3011089040774515e-05, "sfb": 0.017078334923440262, "oneh-out": 0.02982134757652064, "sfR": 0.09690789370786869, "bad-redirect": 0.013479088790528176, "roll-out": 0.27925340569623225, "oneh-in": 0.004636399893645307, "dsfb-red": 0.011860307802993571, "dsfb": 0.0, "alternate": 0.29303552715954767, "sft": 0.0}, "chained-bigrams": {"redirect": 0.031498419917031846, "dsfb-alt": 0.05545776305443316, "unknown": 0.016831276227851404, "roll-in": 0.15689928440129886, "sfT": 0.00011038179765198437, "sfb": 0.018910999156553206, "oneh-out": 0.013747078940516548, "sfR": 0.11914286586209158, "bad-redirect": 0.018361038082369496, "roll-out": 0.24859409301549434, "oneh-in": 0.004880823370293921, "dsfb-red": 0.014568449375985726, "dsfb": 0.0, "alternate": 0.3009975267984279, "sft": 0.0}, "english-5k": {"redirect": 0.0275023851993197, "dsfb-alt": 0.049031401667565436, "unknown": 0.0, "roll-in": 0.21450201186377402, "sfT": 4.148172729912474e-05, "sfb": 0.017048989919940267, "oneh-out": 0.010660803915875056, "sfR": 0.10644211224955408, "bad-redirect": 0.015970465010163023, "roll-out": 0.22902061641846766, "oneh-in": 0.0033185381839299787, "dsfb-red": 0.007840046459534575, "dsfb": 0.0, "alternate": 0.3186211473845771, "sft": 0.0}, "mt-quotes": {"redirect": 0.03175762900276114, "dsfb-alt": 0.054000669368044846, "unknown": 0.006119936410035739, "roll-in": 0.1567680878784619, "sfT": 1.792950120127658e-05, "sfb": 0.0160379388245419, "oneh-out": 0.03143190973093795, "sfR": 0.0964592223377679, "bad-redirect": 0.013411266898554881, "roll-out": 0.28472496145157244, "oneh-in": 0.004697529314734464, "dsfb-red": 0.011909671172947969, "dsfb": 0.0, "alternate": 0.29266324810843763, "sft": 0.0}, "wordle": {"redirect": 0.04061483226747448, "dsfb-alt": 0.05077975990126781, "unknown": 0.0, "roll-in": 0.18581846740715807, "sfT": 0.0003590261415909346, "sfb": 0.03368113990799955, "oneh-out": 0.010187366767642769, "sfR": 0.13138112868843263, "bad-redirect": 0.01525861101761472, "roll-out": 0.2156400762930551, "oneh-in": 0.011915180074049141, "dsfb-red": 0.016223493773140356, "dsfb": 0.0, "alternate": 0.28814091776057443, "sft": 0.0}, "english-1k": {"redirect": 0.033168666196189134, "dsfb-alt": 0.053634438955539876, "unknown": 0.0, "roll-in": 0.16866619618913198, "sfT": 0.0, "sfb": 0.016584333098094567, "oneh-out": 0.017290049400141144, "sfR": 0.10832745236414962, "bad-redirect": 0.013761467889908258, "roll-out": 0.2727593507410021, "oneh-in": 0.0024700070571630206, "dsfb-red": 0.004940014114326041, "dsfb": 0.0, "alternate": 0.3083980239943543, "sft": 0.0}, "english-10k": {"redirect": 0.02641786148472627, "dsfb-alt": 0.04785704637116227, "unknown": 0.0, "roll-in": 0.22948225622817003, "sfT": 3.859439223480828e-05, "sfb": 0.018409525096003552, "oneh-out": 0.010401188707280832, "sfR": 0.10567144593890508, "bad-redirect": 0.014607977460874935, "roll-out": 0.22170548619285618, "oneh-in": 0.007603095270257231, "dsfb-red": 0.008220605546014163, "dsfb": 0.0, "alternate": 0.30958491731151466, "sft": 0.0}, "reddit": {"redirect": 0.03323562567083886, "dsfb-alt": 0.05135827135536091, "unknown": 0.035133705173074785, "roll-in": 0.15620786392171251, "sfT": 0.00011023716723068166, "sfb": 0.019199359028744256, "oneh-out": 0.022398222121336922, "sfR": 0.10397777127267367, "bad-redirect": 0.013983676433874461, "roll-out": 0.26211075894899744, "oneh-in": 0.004345322140309102, "dsfb-red": 0.011933145259661344, "dsfb": 0.0, "alternate": 0.2860060415061851, "sft": 0.0}, "akl": {"redirect": 0.03474555975356934, "dsfb-alt": 0.042338774186179144, "unknown": 0.1250039130664993, "roll-in": 0.1338322605333635, "sfT": 0.000370342249458675, "sfb": 0.021230575469951565, "oneh-out": 0.0189253314765735, "sfR": 0.13064861186637447, "bad-redirect": 0.010566749650443021, "roll-out": 0.22224322642938604, "oneh-in": 0.0036989751261897546, "dsfb-red": 0.010094043805046839, "dsfb": 0.0, "alternate": 0.24630163638696484, "sft": 0.0}, "french": {"redirect": 0.015204303658911003, "dsfb-alt": 0.03300004585940716, "unknown": 0.15002475823695105, "roll-in": 0.2031835567492485, "sfT": 0.0002186299669157562, "sfb": 0.025540888186000962, "oneh-out": 0.011584766424825338, "sfR": 0.10898279115633469, "bad-redirect": 0.020391959948512214, "roll-out": 0.19726647969632052, "oneh-in": 0.006787671678945556, "dsfb-red": 0.00784143426052485, "dsfb": 0.0, "alternate": 0.21997271417710237, "sft": 0.0}, "keymash": {"redirect": 0.032473636464392296, "dsfb-alt": 0.053067775529220526, "unknown": 0.009638237696674644, "roll-in": 0.16131733528177888, "sfT": 7.388768251283799e-05, "sfb": 0.016255290152824356, "oneh-out": 0.028869559506266088, "sfR": 0.099723742164827, "bad-redirect": 0.013094539289775177, "roll-out": 0.2779613567420458, "oneh-in": 0.004617980157052374, "dsfb-red": 0.012528067057176752, "dsfb": 0.0, "alternate": 0.29037859227545326, "sft": 0.0}, "movie": {"redirect": 0.036517084228801795, "dsfb-alt": 0.05346412228386996, "unknown": 0.024698413943370027, "roll-in": 0.13022422034531536, "sfT": 6.73780933552435e-05, "sfb": 0.017424343415614003, "oneh-out": 0.04259874674114403, "sfR": 0.11567713207251198, "bad-redirect": 0.012919354607352187, "roll-out": 0.27312841882959776, "oneh-in": 0.0037601450418737743, "dsfb-red": 0.012786703986059052, "dsfb": 0.0, "alternate": 0.2767339364111348, "sft": 0.0}, "dutch": {"redirect": 0.03544396234117216, "dsfb-alt": 0.034754343994899906, "unknown": 0.06793857799262536, "roll-in": 0.1678853809122894, "sfT": 0.0003999463654082847, "sfb": 0.0546970988584575, "oneh-out": 0.009842876394894758, "sfR": 0.18880787437283908, "bad-redirect": 0.011169916545421625,