{"english-450k": {"dsfb": 0.0, "bad-redirect": 0.001553820058574485, "oneh-out": 0.007355430418388342, "roll-in": 0.1902083317497914, "sfT": 7.337889646325414e-05, "sft": 0.0, "sfR": 0.11369548401129392, "sfb": 0.028159955469826657, "alternate": 0.36647262674815717, "unknown": 0.0, "redirect": 0.022027701556626582, "oneh-in": 0.004745655881625515, "roll-out": 0.1989412974675218, "dsfb-alt": 0.0597576099177864, "dsfb-red": 0.00700870782394444}, "shai": {"dsfb": 0.0, "bad-redirect": 0.002737497573253679, "oneh-out": 0.008450426101046156, "roll-in": 0.2054977183166013, "sfT": 7.972655097343878e-05, "sft": 0.0, "sfR": 0.09823378925716947, "sfb": 0.018516109260711667, "alternate": 0.32572447086093065, "unknown": 0.015572597567587401, "redirect": 0.022060556106529752, "oneh-in": 0.01435754852021886, "roll-out": 0.2278392699727802, "dsfb-alt": 0.05333174078912372, "dsfb-red": 0.0075985491230737365}, "tr-quotes": {"dsfb": 0.0, "bad-redirect": 0.003310140773444904, "oneh-out": 0.009647257344952729, "roll-in": 0.19813342271329834, "sfT": 3.0050160652781953e-05, "sft": 0.0, "sfR": 0.09677191928064538, "sfb": 0.018678486396523426, "alternate": 0.3201058690275306, "unknown": 0.009743186703959687, "redirect": 0.023993897505836664, "oneh-in": 0.02190541134046832, "roll-out": 0.23557592288666465, "dsfb-alt": 0.05523450683063267, "dsfb-red": 0.006869929035389843}, "gutenberg": {"dsfb": 0.0, "bad-redirect": 0.0022995730473898833, "oneh-out": 0.0102886902833709, "roll-in": 0.1939215042189465, "sfT": 1.4018321567415056e-05, "sft": 0.0, "sfR": 0.09863878308844841, "sfb": 0.019357218280042873, "alternate": 0.30862054790420407, "unknown": 0.025598023492433706, "redirect": 0.024342625965038306, "oneh-in": 0.01672309988281441, "roll-out": 0.24582130883385372, "dsfb-alt": 0.04492114315244773, "dsfb-red": 0.009453463529442074}, "english-200": {"dsfb": 0.0, "bad-redirect": 0.0022271714922048997, "oneh-out": 0.004454342984409799, "roll-in": 0.18930957683741648, "sfT": 0.0, "sft": 0.0, "sfR": 0.10690423162583519, "sfb": 0.011135857461024499, "alternate": 0.31625835189309576, "unknown": 0.0, "redirect": 0.031180400890868598, "oneh-in": 0.0022271714922048997, "roll-out": 0.2561247216035635, "dsfb-alt": 0.0779510022271715, "dsfb-red": 0.0022271714922048997}, "monkeyracer": {"dsfb": 0.0, "bad-redirect": 0.0033157639551433444, "oneh-out": 0.00955530444030843, "roll-in": 0.1985773104775013, "sfT": 2.6393168275020725e-05, "sft": 0.0, "sfR": 0.09690789370786869, "sfb": 0.018677565415956332, "alternate": 0.31955772870169075, "unknown": 0.009366642163379577, "redirect": 0.024097940159844847, "oneh-in": 0.022276811548868417, "roll-out": 0.2353332186370959, "dsfb-alt": 0.05535624912022773, "dsfb-red": 0.006951178503839717}, "chained-bigrams": {"dsfb": 0.0, "bad-redirect": 0.004711354845663521, "oneh-out": 0.007446226208664451, "roll-in": 0.1867543141427003, "sfT": 6.233325043876765e-05, "sft": 0.0, "sfR": 0.11914286586209158, "sfb": 0.018938269953620166, "alternate": 0.32884750365071563, "unknown": 0.016087822355430687, "redirect": 0.02561766732094936, "oneh-in": 0.010111621969613838, "roll-out": 0.21376733724690913, "dsfb-alt": 0.05430329931193182, "dsfb-red": 0.014209383881270741}, "english-5k": {"dsfb": 0.0, "bad-redirect": 0.0014933421827684904, "oneh-out": 0.007383747459244203, "roll-in": 0.21222051686232216, "sfT": 8.296345459824948e-05, "sft": 0.0, "sfR": 0.10644211224955408, "sfb": 0.019579375285186874, "alternate": 0.3570332268635666, "unknown": 0.0, "redirect": 0.02136308955904924, "oneh-in": 0.005185215912390592, "roll-out": 0.2055834404944622, "dsfb-alt": 0.056290703944912264, "dsfb-red": 0.007342265731945078}, "mt-quotes": {"dsfb": 0.0, "bad-redirect": 0.0033304048481371247, "oneh-out": 0.009773072279795843, "roll-in": 0.1993596179820944, "sfT": 1.942362630138296e-05, "sft": 0.0, "sfR": 0.0964592223377679, "sfb": 0.018362797480307433, "alternate": 0.31809176318714816, "unknown": 0.00522794372527223, "redirect": 0.024337803755632853, "oneh-in": 0.023447305195969447, "roll-out": 0.23877912049820108, "dsfb-alt": 0.05593556137268261, "dsfb-red": 0.0068759637106895685}, "wordle": {"dsfb": 0.0, "bad-redirect": 0.0018175698418041065, "oneh-out": 0.009020531807472231, "roll-in": 0.19553461236396275, "sfT": 6.731740154830023e-05, "sft": 0.0, "sfR": 0.13138112868843263, "sfb": 0.028520139122629868, "alternate": 0.3268259845169976, "unknown": 0.0, "redirect": 0.028565017390328733, "oneh-in": 0.011780545270952542, "roll-out": 0.19147312913721531, "dsfb-alt": 0.06408616627398182, "dsfb-red": 0.010927858184674072}, "english-1k": {"dsfb": 0.0, "bad-redirect": 0.0017642907551164433, "oneh-out": 0.010938602681721948, "roll-in": 0.18242766407904024, "sfT": 0.0, "sft": 0.0, "sfR": 0.10832745236414962, "sfb": 0.012350035285815103, "alternate": 0.34650670430486946, "unknown": 0.0, "redirect": 0.024700070571630206, "oneh-in": 0.0035285815102328866, "roll-out": 0.24206069160197602, "dsfb-alt": 0.06280875088214538, "dsfb-red": 0.0045871559633027525}, "english-10k": {"dsfb": 0.0, "bad-redirect": 0.001370100924335694, "oneh-out": 0.007390826112965786, "roll-in": 0.22911560950193938, "sfT": 0.00011578317670442484, "sft": 0.0, "sfR": 0.10567144593890508, "sfb": 0.020146272746569924, "alternate": 0.34748461048609636, "unknown": 0.0, "redirect": 0.020069083962100307, "oneh-in": 0.00820130834989676, "roll-out": 0.19783485459562725, "dsfb-alt": 0.05474614538507555, "dsfb-red": 0.007853958819783485}, "reddit": {"dsfb": 0.0, "bad-redirect": 0.0030386577360701967, "oneh-out": 0.008901005113498771, "roll-in": 0.18970127151062188, "sfT": 0.0001400532681874002, "sft": 0.0, "sfR": 0.10397777127267367, "sfb": 0.022675332064650746, "alternate": 0.30863144283895727, "unknown": 0.0331983180872297, "redirect": 0.022723090266560064, "oneh-in": 0.016662068769188732, "roll-out": 0.23045534917145138, "dsfb-alt": 0.05232055230206707, "dsfb-red": 0.00757508759884309}, "akl": {"dsfb": 0.0, "bad-redirect": 0.0033196146019260613, "oneh-out": 0.007171752154187891, "roll-in": 0.15715500163527266, "sfT": 0.00019074268902668427, "sft": 0.0, "sfR": 0.13064861186637447, "sfb": 0.0220382175708459, "alternate": 0.26195417416779176, "unknown": 0.12482253455870851, "redirect": 0.022804943882487876, "oneh-in": 0.015371464098136818, "roll-out": 0.2004978680674823, "dsfb-alt": 0.04608259361037194, "dsfb-red": 0.007942481097387164}, "french": {"dsfb": 0.0, "bad-redirect": 0.006002578404342228, "oneh-out": 0.00478937909913397, "roll-in": 0.23484615891808236, "sfT": 3.4802810467025404e-05, "sft": 0.0, "sfR": 0.10898279115633469, "sfb": 0.016535769595986113, "alternate": 0.26094089570388745, "unknown": 0.14988019847879508, "redirect": 0.01743757139126879, "oneh-in": 0.008672401924129484, "roll-out": 0.15398642073140045, "dsfb-alt": 0.03160198565090462, "dsfb-red": 0.006289046135267752}, "keymash": {"dsfb": 0.0, "bad-redirect": 0.0033906236530891207, "oneh-out": 0.009092289820329785, "roll-in": 0.1995377914971697, "sfT": 1.6419485002852885e-05, "sft": 0.0, "sfR": 0.099723742164827, "sfb": 0.017987545820625336, "alternate": 0.3164896783012401, "unknown": 0.008566866300238493, "redirect": 0.024231054992960147, "oneh-in": 0.021809180955039344, "roll-out": 0.23580843386847172, "dsfb-alt": 0.0556045859621613, "dsfb-red": 0.007741787178845136}, "movie": {"dsfb": 0.0, "bad-redirect": 0.00619431026217053, "oneh-out": 0.010251866419245184, "roll-in": 0.1761787119703631, "sfT": 1.4080968728537216e-05, "sft": 0.0, "sfR": 0.11567713207251198, "sfb": 0.016714767869966597, "alternate": 0.30595378889258973, "unknown": 0.02448311987944585, "redirect": 0.024941475151235525, "oneh-in": 0.034421520247182855, "roll-out": 0.22971231791300567, "dsfb-alt": 0.04973121799458317, "dsfb-red": 0.005725690358971268}, "dutch": {"dsfb": 0.0, "bad-redirect": 0.00178960084940324, "oneh-out": 0.005157954338802142, "roll-in": 0.1581629277314759, "sfT": 0.00018947470267963886, "sft": 0.0, "sfR": 0.18880787437283908, "sfb": 0.06730684025014319, "alternate": 0.2680880921272732,