{"english-450k": {"redirect": 0.022217434241107267, "dsfb-alt": 0.06002627607655027, "unknown": 0.00015377410175167997, "roll-in": 0.17889394907679992, "sfT": 0.0004750625767043345, "sfb": 0.03795267616635902, "oneh-out": 0.007099335146269575, "sfR": 0.11369548401129392, "bad-redirect": 0.0012681978201497864, "roll-out": 0.20367116665429066, "oneh-in": 0.002817925031909588, "dsfb-red": 0.00841518539719032, "dsfb": 0.0, "alternate": 0.36331353369962366, "sft": 0.0}, "shai": {"redirect": 0.021619197908864567, "dsfb-alt": 0.054827812479003035, "unknown": 0.023621906111313578, "roll-in": 0.18065077750320238, "sfT": 7.982718160236782e-05, "sfb": 0.0226094226495704, "oneh-out": 0.014493349553958607, "sfR": 0.09823378925716947, "bad-redirect": 0.001189539182935027, "roll-out": 0.24552480498558196, "oneh-in": 0.003919826184585059, "dsfb-red": 0.01146677888787983, "dsfb": 0.0, "alternate": 0.32176296811433375, "sft": 0.0}, "tr-quotes": {"redirect": 0.021800235778183585, "dsfb-alt": 0.05873419477127205, "unknown": 0.01476965396084233, "roll-in": 0.16398488245764084, "sfT": 3.0050160652781953e-05, "sfb": 0.025473290030281315, "oneh-out": 0.023699174776357457, "sfR": 0.09677191928064538, "bad-redirect": 0.0009419569589237419, "roll-out": 0.2611890617415224, "oneh-in": 0.0029691870275768014, "dsfb-red": 0.013954832296988049, "dsfb": 0.0, "alternate": 0.3156815607591133, "sft": 0.0}, "gutenberg": {"redirect": 0.0214184798607867, "dsfb-alt": 0.04786631673905046, "unknown": 0.03802431837805746, "roll-in": 0.15769948734619155, "sfT": 2.652114891132578e-05, "sfb": 0.023184977815058936, "oneh-out": 0.017713854231430366, "sfR": 0.09863878308844841, "bad-redirect": 0.0007920351685589506, "roll-out": 0.27311668585661225, "oneh-in": 0.004938806237622675, "dsfb-red": 0.01446747616790615, "dsfb": 0.0, "alternate": 0.30211225796136476, "sft": 0.0}, "english-200": {"redirect": 0.022271714922048998, "dsfb-alt": 0.06904231625835189, "unknown": 0.0, "roll-in": 0.15367483296213807, "sfT": 0.0, "sfb": 0.008908685968819599, "oneh-out": 0.013363028953229399, "sfR": 0.10690423162583519, "bad-redirect": 0.0, "roll-out": 0.29175946547884185, "oneh-in": 0.0, "dsfb-red": 0.0066815144766146995, "dsfb": 0.0, "alternate": 0.3273942093541203, "sft": 0.0}, "monkeyracer": {"redirect": 0.02178316154965044, "dsfb-alt": 0.058702316342649795, "unknown": 0.014352018393105714, "roll-in": 0.16385758637408698, "sfT": 3.03032672787275e-05, "sfb": 0.02525826203919483, "oneh-out": 0.024160501743904154, "sfR": 0.09690789370786869, "bad-redirect": 0.0009540641569044528, "roll-out": 0.2616560051300499, "oneh-in": 0.002968742668564368, "dsfb-red": 0.014016727403537857, "dsfb": 0.0, "alternate": 0.3153524172232041, "sft": 0.0}, "chained-bigrams": {"redirect": 0.02503978614500662, "dsfb-alt": 0.06126644282969582, "unknown": 0.02365222201805197, "roll-in": 0.16038345337894916, "sfT": 9.090265688986949e-05, "sfb": 0.02254126168991935, "oneh-out": 0.009700612099533214, "sfR": 0.11914286586209158, "bad-redirect": 0.002462163392331322, "roll-out": 0.23414381709346546, "oneh-in": 0.004754858260032245, "dsfb-red": 0.01785717764132279, "dsfb": 0.0, "alternate": 0.3189644369327106, "sft": 0.0}, "english-5k": {"redirect": 0.02119716264985274, "dsfb-alt": 0.056124777035715764, "unknown": 0.002157049819554486, "roll-in": 0.20363379931140332, "sfT": 4.148172729912474e-05, "sfb": 0.024183847015389722, "oneh-out": 0.008130418550628448, "sfR": 0.10644211224955408, "bad-redirect": 0.0011614883643754927, "roll-out": 0.2109760650433484, "oneh-in": 0.0012859335462728667, "dsfb-red": 0.00858671755091882, "dsfb": 0.0, "alternate": 0.3560791471356867, "sft": 0.0}, "mt-quotes": {"redirect": 0.02164688445034126, "dsfb-alt": 0.059407908105329844, "unknown": 0.008869126594231481, "roll-in": 0.16327350856432507, "sfT": 1.0458875700744673e-05, "sfb": 0.024673981903156787, "oneh-out": 0.025679528095528384, "sfR": 0.0964592223377679, "bad-redirect": 0.000927851687166063, "roll-out": 0.2672317447795269, "oneh-in": 0.0029269910711084016, "dsfb-red": 0.014445201467828498, "dsfb": 0.0, "alternate": 0.31444759206798867, "sft": 0.0}, "wordle": {"redirect": 0.028722091327274768, "dsfb-alt": 0.06265006170761808, "unknown": 0.0, "roll-in": 0.1802535622124986, "sfT": 0.0003590261415909346, "sfb": 0.04216313250308538, "oneh-out": 0.0067990575563783235, "sfR": 0.13138112868843263, "bad-redirect": 0.0006058566139347021, "roll-out": 0.1969258386626276, "oneh-in": 0.008324918658139795, "dsfb-red": 0.017345450465612026, "dsfb": 0.0, "alternate": 0.32446987546280714, "sft": 0.0}, "english-1k": {"redirect": 0.020465772759350742, "dsfb-alt": 0.058927311220889206, "unknown": 0.0, "roll-in": 0.16654904728299225, "sfT": 0.0, "sfb": 0.019407198306280876, "oneh-out": 0.014114326040931546, "sfR": 0.10832745236414962, "bad-redirect": 0.0014114326040931546, "roll-out": 0.2537050105857445, "oneh-in": 0.0014114326040931546, "dsfb-red": 0.00529287226534933, "dsfb": 0.0, "alternate": 0.3503881439661256, "sft": 0.0}, "english-10k": {"redirect": 0.020840971806796473, "dsfb-alt": 0.05557592481812393, "unknown": 0.0, "roll-in": 0.22157040582003434, "sfT": 3.859439223480828e-05, "sfb": 0.024893382991451343, "oneh-out": 0.00741012330908319, "sfR": 0.10567144593890508, "bad-redirect": 0.001099940178692036, "roll-out": 0.2028135311939175, "oneh-in": 0.005017270990525077, "dsfb-red": 0.009146870959649563, "dsfb": 0.0, "alternate": 0.34592153760058664, "sft": 0.0}, "reddit": {"redirect": 0.022525315124535598, "dsfb-alt": 0.05599242760933491, "unknown": 0.041217688064775854, "roll-in": 0.16326697565286866, "sfT": 0.0001038694069761061, "sfb": 0.025292518986694566, "oneh-out": 0.017803583438354555, "sfR": 0.10397777127267367, "bad-redirect": 0.000845301445088275, "roll-out": 0.24888458378352463, "oneh-in": 0.0030921469222086316, "dsfb-red": 0.013854373443293315, "dsfb": 0.0, "alternate": 0.3031434448496712, "sft": 0.0}, "akl": {"redirect": 0.023724017269329146, "dsfb-alt": 0.04615165135853639, "unknown": 0.13295000147380848, "roll-in": 0.14110788344722344, "sfT": 0.0001971419579979163, "sfb": 0.024654209077162904, "oneh-out": 0.015938083539516215, "sfR": 0.13064861186637447, "bad-redirect": 0.000682028651281424, "roll-out": 0.20811544419586675, "oneh-in": 0.002431648086261553, "dsfb-red": 0.013617792616394982, "dsfb": 0.0, "alternate": 0.25978148646024635, "sft": 0.0}, "french": {"redirect": 0.014553402710331413, "dsfb-alt": 0.039593118440136535, "unknown": 0.15822382396052298, "roll-in": 0.1896384167774536, "sfT": 0.00022766401543560826, "sfb": 0.02563533369490502, "oneh-out": 0.009428565268895607, "sfR": 0.10898279115633469, "bad-redirect": 0.004932935074121072, "roll-out": 0.18487549560483052, "oneh-in": 0.004927631503348223, "dsfb-red": 0.008348224906098706, "dsfb": 0.0, "alternate": 0.250632596887586, "sft": 0.0}, "keymash": {"redirect": 0.02222377295136138, "dsfb-alt": 0.05896237064524471, "unknown": 0.013394194891077241, "roll-in": 0.16438367410606167, "sfT": 2.873409875499255e-05, "sfb": 0.02416948192419945, "oneh-out": 0.02290928645023049, "sfR": 0.099723742164827, "bad-redirect": 0.0009810642289204599, "roll-out": 0.26307709358695963, "oneh-in": 0.0029965560130206514, "dsfb-red": 0.014724173176308326, "dsfb": 0.0, "alternate": 0.312425855763034, "sft": 0.0}, "movie": {"redirect": 0.023374276491533192, "dsfb-alt": 0.06035497990566804, "unknown": 0.030451476652766863, "roll-in": 0.13716982266796457, "sfT": 2.552998068538523e-05, "sfb": 0.027547375550885003, "oneh-out": 0.03389433930581351, "sfR": 0.11567713207251198, "bad-redirect": 0.0009709288530761456, "roll-out": 0.25596082279706206, "oneh-in": 0.0030958391526994204, "dsfb-red": 0.01573962788605575, "dsfb": 0.0, "alternate": 0.29573784868327807, "sft": 0.0}, "dutch": {"redirect": 0.02129627879716933, "dsfb-alt": 0.04391563503933962, "unknown": 0.07325981014373002, "roll-in": 0.14273799785253635, "sfT": 0.0002147391917565397, "sfb": 0.05253026995994153, "oneh-out": 0.005567242648006783, "sfR": 0.18880787437283908,