{"english-450k": {"roll-out": 0.20929064533085112, "sfR": 0.11369548401129392, "dsfb": 0.0, "roll-in": 0.18539222043371312, "dsfb-red": 0.014109797047420308, "oneh-in": 0.0033190064205072672, "sfT": 0.00015786694856636347, "dsfb-alt": 0.04741943084872195, "alternate": 0.34860559632485744, "sft": 0.0, "oneh-out": 0.0054206832598472435, "unknown": 0.00015377410175167997, "redirect": 0.03662600910599947, "bad-redirect": 0.004488391224702552, "sfb": 0.03132109494176756}, "shai": {"roll-out": 0.21508617620020604, "sfR": 0.09823378925716947, "dsfb": 0.0, "roll-in": 0.22094698917802735, "dsfb-red": 0.011790925625295505, "oneh-in": 0.0029456829924638496, "sfT": 4.4556146162737375e-05, "dsfb-alt": 0.03588103896015429, "alternate": 0.31196568232365723, "sft": 0.0, "oneh-out": 0.013111334941152757, "unknown": 0.023621906111313578, "redirect": 0.040470128494475996, "bad-redirect": 0.004536510030706275, "sfb": 0.02136527973921495}, "tr-quotes": {"roll-out": 0.21278634335775873, "sfR": 0.09677191928064538, "dsfb": 0.0, "roll-in": 0.23261251473613648, "dsfb-red": 0.012432676082383671, "oneh-in": 0.0033355678324587966, "sfT": 2.7738609833337187e-05, "dsfb-alt": 0.0359134093063036, "alternate": 0.30386953607175055, "sft": 0.0, "oneh-out": 0.021884607383093318, "unknown": 0.01476965396084233, "redirect": 0.04343635144818659, "bad-redirect": 0.0034384318439240886, "sfb": 0.018721250086683155}, "gutenberg": {"roll-out": 0.20776895381266142, "sfR": 0.09863878308844841, "dsfb": 0.0, "roll-in": 0.24124319022142507, "dsfb-red": 0.009192987959777268, "oneh-in": 0.003008066596878158, "sfT": 0.0002464572480973917, "dsfb-alt": 0.03910259251808079, "alternate": 0.2896202285137965, "sft": 0.0, "oneh-out": 0.01323348499641775, "unknown": 0.03802431837805746, "redirect": 0.0357228509628882, "bad-redirect": 0.0037375876287175547, "sfb": 0.020460498074754026}, "english-200": {"roll-out": 0.2182628062360802, "sfR": 0.10690423162583519, "dsfb": 0.0, "roll-in": 0.24276169265033407, "dsfb-red": 0.008908685968819599, "oneh-in": 0.0066815144766146995, "sfT": 0.0, "dsfb-alt": 0.026726057906458798, "alternate": 0.311804008908686, "sft": 0.0, "oneh-out": 0.022271714922048998, "unknown": 0.0, "redirect": 0.042316258351893093, "bad-redirect": 0.0, "sfb": 0.013363028953229399}, "monkeyracer": {"roll-out": 0.2132440918404054, "sfR": 0.09690789370786869, "dsfb": 0.0, "roll-in": 0.2321914540876175, "dsfb-red": 0.012455620376307928, "oneh-in": 0.003383213162957286, "sfT": 2.541564352409403e-05, "dsfb-alt": 0.03593380984406525, "alternate": 0.3032741214007539, "sft": 0.0, "oneh-out": 0.022386294320972208, "unknown": 0.014352018393105714, "redirect": 0.04362399705960555, "bad-redirect": 0.0034359994995073273, "sfb": 0.018786070663309194}, "chained-bigrams": {"roll-out": 0.18577970779990247, "sfR": 0.11914286586209158, "dsfb": 0.0, "roll-in": 0.1982989515677137, "dsfb-red": 0.019016186516668625, "oneh-in": 0.0047587540881846675, "sfT": 7.986447712467105e-05, "dsfb-alt": 0.05340920675095075, "alternate": 0.31571336833951363, "sft": 0.0, "oneh-out": 0.00841304089515742, "unknown": 0.02365222201805197, "redirect": 0.04683694465781318, "bad-redirect": 0.0030517320527313325, "sfb": 0.02184715497409599}, "english-5k": {"roll-out": 0.22578504168913593, "sfR": 0.10644211224955408, "dsfb": 0.0, "roll-in": 0.19931969967229435, "dsfb-red": 0.01269340855353217, "oneh-in": 0.002447421910648359, "sfT": 0.0, "dsfb-alt": 0.03820467084249388, "alternate": 0.3392790475795412, "sft": 0.0, "oneh-out": 0.007217820550047704, "unknown": 0.002157049819554486, "redirect": 0.038826896751980755, "bad-redirect": 0.004397063093707222, "sfb": 0.02322976728750985}, "mt-quotes": {"roll-out": 0.21294569751736173, "sfR": 0.0964592223377679, "dsfb": 0.0, "roll-in": 0.236727686735755, "dsfb-red": 0.012299637824075733, "oneh-in": 0.003488782108748401, "sfT": 1.0458875700744673e-05, "dsfb-alt": 0.0356348836375372, "alternate": 0.3041605407537562, "sft": 0.0, "oneh-out": 0.02401656685910998, "unknown": 0.008869126594231481, "redirect": 0.044166337959144646, "bad-redirect": 0.003421546479243614, "sfb": 0.017799512317567327}, "wordle": {"roll-out": 0.22205766857399303, "sfR": 0.13138112868843263, "dsfb": 0.0, "roll-in": 0.17033546505104902, "dsfb-red": 0.019230337708964432, "oneh-in": 0.003320991809716145, "sfT": 0.00029170874004263433, "dsfb-alt": 0.049500729271850105, "alternate": 0.310535173342309, "sft": 0.0, "oneh-out": 0.008594188264332997, "unknown": 0.0, "redirect": 0.03700213171771569, "bad-redirect": 0.0061707618085941884, "sfb": 0.04157971502300011}, "english-1k": {"roll-out": 0.23782639378969656, "sfR": 0.10832745236414962, "dsfb": 0.0, "roll-in": 0.22230063514467185, "dsfb-red": 0.011644318983768526, "oneh-in": 0.004234297812279464, "sfT": 0.0, "dsfb-alt": 0.032815808045165845, "alternate": 0.30628087508821455, "sft": 0.0, "oneh-out": 0.009880028228652082, "unknown": 0.0, "redirect": 0.0374029640084686, "bad-redirect": 0.004234297812279464, "sfb": 0.025052928722653495}, "english-10k": {"roll-out": 0.22955944501263967, "sfR": 0.10567144593890508, "dsfb": 0.0, "roll-in": 0.19366666023426796, "dsfb-red": 0.011867775612203547, "oneh-in": 0.00247004110302773, "sfT": 9.64859805870207e-05, "dsfb-alt": 0.038690878215395304, "alternate": 0.3420813955732232, "sft": 0.0, "oneh-out": 0.006561046679917408, "unknown": 0.0, "redirect": 0.03809266513575577, "bad-redirect": 0.006580343876034812, "sfb": 0.024661816638042493}, "reddit": {"roll-out": 0.20192055395019326, "sfR": 0.10397777127267367, "dsfb": 0.0, "roll-in": 0.21918778468804623, "dsfb-red": 0.012615394584819223, "oneh-in": 0.003941830884648585, "sfT": 0.00010866395587366889, "dsfb-alt": 0.03430289974691899, "alternate": 0.29961046163077965, "sft": 0.0, "oneh-out": 0.01782942905350548, "unknown": 0.041217688064775854, "redirect": 0.04180000101135016, "bad-redirect": 0.0033029197866350827, "sfb": 0.020184601369780144}, "akl": {"roll-out": 0.1681008153187529, "sfR": 0.13064861186637447, "dsfb": 0.0, "roll-in": 0.18164569580103937, "dsfb-red": 0.012937147590837066, "oneh-in": 0.0029783284926610887, "sfT": 0.00016568918039027783, "dsfb-alt": 0.0299433160660961, "alternate": 0.25844436044408753, "sft": 0.0, "oneh-out": 0.017059882802453852, "unknown": 0.13295000147380848, "redirect": 0.034833074080581325, "bad-redirect": 0.0029630097792936604, "sfb": 0.027330067103623908}, "french": {"roll-out": 0.23265448076896023, "sfR": 0.10898279115633469, "dsfb": 0.0, "roll-in": 0.12720905146340875, "dsfb-red": 0.012913820285927486, "oneh-in": 0.0011150682640722197, "sfT": 0.0004370501880947331, "dsfb-alt": 0.04263856661081887, "alternate": 0.2399732586171077, "sft": 0.0, "oneh-out": 0.01476139557202479, "unknown": 0.15822382396052298, "redirect": 0.026382582845858024, "bad-redirect": 0.00667521800035516, "sfb": 0.02803289226651438}, "keymash": {"roll-out": 0.21547700656368912, "sfR": 0.099723742164827, "dsfb": 0.0, "roll-in": 0.22948693214237337, "dsfb-red": 0.012667632679701002, "oneh-in": 0.0029760316567670857, "sfT": 4.925845500855866e-05, "dsfb-alt": 0.03572058962370645, "alternate": 0.3033335659427042, "sft": 0.0, "oneh-out": 0.021320701276204473, "unknown": 0.013394194891077241, "redirect": 0.04194767931103841, "bad-redirect": 0.0038257400056647224, "sfb": 0.020076925287238367}, "movie": {"roll-out": 0.2031656123267169, "sfR": 0.11567713207251198, "dsfb": 0.0, "roll-in": 0.21509758835116988, "dsfb-red": 0.014270601213937422, "oneh-in": 0.0030534646486752243, "sfT": 3.763698183515555e-05, "dsfb-alt": 0.038957302949673436, "alternate": 0.2794143211874231, "sft": 0.0, "oneh-out": 0.03174811015633955, "unknown": 0.030451476652766863, "redirect": 0.04463482849972279, "bad-redirect": 0.002720390519217956, "sfb": 0.020771534440009745}, "dutch": {"roll-out": 0.25041449720492986, "sfR": 0.18880787437283908, "dsfb": 0.0, "roll-in": 0.13236790231475437, "dsfb-red": 0.01008336420717254, "oneh-in": 0.0022754357191964465, "sfT": 9.92469460898837e-05, "dsfb-alt": 0.02934926744995309,