{"english-450k": {"dsfb": 0.0, "sfR": 0.11369548401129392, "oneh-in": 0.016674842615422666, "oneh-out": 0.0051686808345431596, "unknown": 0.00015377410175167997, "dsfb-red": 0.01955503738815565, "sfb": 0.0251984884532021, "sfT": 1.5494348655587526e-05, "redirect": 0.0469855890863655, "dsfb-alt": 0.03159590037075345, "alternate": 0.30397514823414123, "sft": 0.0, "roll-out": 0.16203083550790182, "roll-in": 0.27222927426224974, "bad-redirect": 0.002721450785563477}, "shai": {"dsfb": 0.0, "sfR": 0.09823378925716947, "oneh-in": 0.015893090639091192, "oneh-out": 0.008022246645361872, "unknown": 0.023260762136131256, "dsfb-red": 0.015887033449311423, "sfb": 0.014242585767485036, "sfT": 2.0846021823532273e-05, "redirect": 0.040051961786370154, "dsfb-alt": 0.03026792440503302, "alternate": 0.27897940338731986, "sft": 0.0, "roll-out": 0.1781405038900705, "roll-in": 0.29405081010752615, "bad-redirect": 0.0029490425073065577}, "tr-quotes": {"dsfb": 0.0, "sfR": 0.09677191928064538, "oneh-in": 0.013023277316751809, "oneh-out": 0.0110399667136682, "unknown": 0.013835787429786644, "dsfb-red": 0.017730750560551074, "sfb": 0.010544139062897298, "sfT": 1.1557754097223828e-06, "redirect": 0.04477242782182566, "dsfb-alt": 0.028770717274219273, "alternate": 0.2677908508818566, "sft": 0.0, "roll-out": 0.18233744018862255, "roll-in": 0.30954670488430686, "bad-redirect": 0.003834862809458866}, "gutenberg": {"dsfb": 0.0, "sfR": 0.09863878308844841, "oneh-in": 0.011338170033147648, "oneh-out": 0.00942296420819405, "unknown": 0.032975828246008664, "dsfb-red": 0.014063407520564309, "sfb": 0.012403941345827068, "sfT": 1.0040149230716189e-05, "redirect": 0.04418783338504957, "dsfb-alt": 0.0355152282542681, "alternate": 0.25477844800509813, "sft": 0.0, "roll-out": 0.17391205511246294, "roll-in": 0.31045486422497814, "bad-redirect": 0.002298436426722255}, "english-200": {"dsfb": 0.0, "sfR": 0.10690423162583519, "oneh-in": 0.011135857461024499, "oneh-out": 0.008908685968819599, "unknown": 0.0, "dsfb-red": 0.017817371937639197, "sfb": 0.0, "sfT": 0.0, "redirect": 0.044543429844097995, "dsfb-alt": 0.026726057906458798, "alternate": 0.2739420935412027, "sft": 0.0, "roll-out": 0.18040089086859687, "roll-in": 0.32516703786191536, "bad-redirect": 0.004454342984409799}, "monkeyracer": {"dsfb": 0.0, "sfR": 0.09690789370786869, "oneh-in": 0.012943405227020349, "oneh-out": 0.011140849586311525, "unknown": 0.013436077701487402, "dsfb-red": 0.01785937719943069, "sfb": 0.010358829785570171, "sfT": 9.775247509266934e-07, "redirect": 0.044757925770680516, "dsfb-alt": 0.028648317875408606, "alternate": 0.2668065830426826, "sft": 0.0, "roll-out": 0.18289097079938063, "roll-in": 0.3103865914884965, "bad-redirect": 0.003862200290911366}, "chained-bigrams": {"dsfb": 0.0, "sfR": 0.11914286586209158, "oneh-in": 0.01569564232142011, "oneh-out": 0.006904706095477658, "unknown": 0.022916559801936097, "dsfb-red": 0.026210482504809725, "sfb": 0.015037247363660624, "sfT": 2.077775014625588e-05, "redirect": 0.050181513126668305, "dsfb-alt": 0.038851795554730215, "alternate": 0.2669453915274828, "sft": 0.0, "roll-out": 0.14147440213647217, "roll-in": 0.2915923483337868, "bad-redirect": 0.005026267621317712}, "english-5k": {"dsfb": 0.0, "sfR": 0.10644211224955408, "oneh-in": 0.026589787198738956, "oneh-out": 0.0065126311859625835, "unknown": 0.002157049819554486, "dsfb-red": 0.016592690919649895, "sfb": 0.0194549301032895, "sfT": 0.0, "redirect": 0.04152320902642386, "dsfb-alt": 0.029120172563985563, "alternate": 0.3055544032853528, "sft": 0.0, "roll-out": 0.16891359356203592, "roll-in": 0.27560459617538474, "bad-redirect": 0.0015348239100676153}, "mt-quotes": {"dsfb": 0.0, "sfR": 0.0964592223377679, "oneh-in": 0.012544674340493181, "oneh-out": 0.011468904268416586, "unknown": 0.007977133909467972, "dsfb-red": 0.018007195706482113, "sfb": 0.00952205926297797, "sfT": 0.0, "redirect": 0.04513004864871326, "dsfb-alt": 0.02845411840642593, "alternate": 0.2658257730603268, "sft": 0.0, "roll-out": 0.18408667120880698, "roll-in": 0.3166021204623421, "bad-redirect": 0.003922078387779252}, "wordle": {"dsfb": 0.0, "sfR": 0.13138112868843263, "oneh-in": 0.006686861887131156, "oneh-out": 0.01386738471894985, "unknown": 0.0, "dsfb-red": 0.02499719510826882, "sfb": 0.027846965107146866, "sfT": 0.0, "redirect": 0.04463143722652305, "dsfb-alt": 0.040345562661281274, "alternate": 0.2841018736676764, "sft": 0.0, "roll-out": 0.19923706944911926, "roll-in": 0.2215415684954561, "bad-redirect": 0.005362952990014586}, "english-1k": {"dsfb": 0.0, "sfR": 0.10832745236414962, "oneh-in": 0.01834862385321101, "oneh-out": 0.0077628793225123505, "unknown": 0.0, "dsfb-red": 0.012702893436838392, "sfb": 0.011291460832745237, "sfT": 0.0, "redirect": 0.043401552575864505, "dsfb-alt": 0.029640084685956247, "alternate": 0.27593507410021173, "sft": 0.0, "roll-out": 0.19124911785462245, "roll-in": 0.29887085391672547, "bad-redirect": 0.0024700070571630206}, "english-10k": {"dsfb": 0.0, "sfR": 0.10567144593890508, "oneh-in": 0.024063603558402966, "oneh-out": 0.007583798074139827, "unknown": 0.0, "dsfb-red": 0.015823700816271397, "sfb": 0.018351633507651337, "sfT": 0.0, "redirect": 0.040060979139730994, "dsfb-alt": 0.03131934929854692, "alternate": 0.2990872426236468, "sft": 0.0, "roll-out": 0.17270990525076707, "roll-in": 0.2827232203160881, "bad-redirect": 0.002605121475849559}, "reddit": {"dsfb": 0.0, "sfR": 0.10397777127267367, "oneh-in": 0.013221605361054815, "oneh-out": 0.008720947327947332, "unknown": 0.039285409944231534, "dsfb-red": 0.017572621028179775, "sfb": 0.013096984547131445, "sfT": 3.74574132622092e-05, "redirect": 0.04162844605860924, "dsfb-alt": 0.03017572958144899, "alternate": 0.26568977732878823, "sft": 0.0, "roll-out": 0.17259031310089884, "roll-in": 0.2909262600252426, "bad-redirect": 0.003076677010531339}, "akl": {"dsfb": 0.0, "sfR": 0.13064861186637447, "oneh-in": 0.008758597905837993, "oneh-out": 0.006769117068646589, "unknown": 0.13277008071454782, "dsfb-red": 0.014905009276098634, "sfb": 0.018133774024714965, "sfT": 0.00011071476548297568, "redirect": 0.03239717628674042, "dsfb-alt": 0.02597218670161244, "alternate": 0.23005475723508392, "sft": 0.0, "roll-out": 0.1462833601736134, "roll-in": 0.2502864043478659, "bad-redirect": 0.002910209633380445}, "french": {"dsfb": 0.0, "sfR": 0.10898279115633469, "oneh-in": 0.020132669272337953, "oneh-out": 0.010218317895223105, "unknown": 0.15807953387545715, "dsfb-red": 0.0203361975462056, "sfb": 0.04841496420172128, "sfT": 3.113226007338734e-05, "redirect": 0.0360746786511785, "dsfb-alt": 0.02064528785302661, "alternate": 0.21664319536962914, "sft": 0.0, "roll-out": 0.140214935145944, "roll-in": 0.2185182024017295, "bad-redirect": 0.0017080943711390586}, "keymash": {"dsfb": 0.0, "sfR": 0.099723742164827, "oneh-in": 0.013106853903527315, "oneh-out": 0.010180080701768788, "unknown": 0.01232282349464109, "dsfb-red": 0.01800396530562819, "sfb": 0.010570043470586545, "sfT": 0.0, "redirect": 0.04423819746893639, "dsfb-alt": 0.02967411427140588, "alternate": 0.2659546083337096, "sft": 0.0, "roll-out": 0.18307725778180967, "roll-in": 0.30949497769002476, "bad-redirect": 0.003653335413134767}, "movie": {"dsfb": 0.0, "sfR": 0.11567713207251198, "oneh-in": 0.010056312031108676, "oneh-out": 0.008953785339448071, "unknown": 0.030236445784519856, "dsfb-red": 0.021203043752728187, "sfb": 0.009190924644577268, "sfT": 2.895152448858119e-06, "redirect": 0.04608043075657308, "dsfb-alt": 0.03222673149527123, "alternate": 0.25408502720587917, "sft": 0.0, "roll-out": 0.178920026545916, "roll-in": 0.2889689822578478, "bad-redirect": 0.004398262961169821}, "dutch": {"dsfb": 0.0, "sfR": 0.18880787437283908, "oneh-in": 0.011975098860537475, "oneh-out": 0.003277892632484094, "unknown": 0.07290361491625476, "dsfb-red": 0.026891959684832583, "sfb": 0.028507595968569326, "sfT": 5.9978506715566574e-05, "redirect": 0.03777082357823415, "dsfb-alt": 0.021930993051494478, "alternate": 0.20945317568531227, "sft": 0.0,