{"english-450k": {"dsfb-red": 0.027246665937750138, "redirect": 0.05366131458731533, "dsfb": 0.0, "oneh-in": 0.014549193387596686, "unknown": 0.00015377410175167997, "sfT": 0.00010085943936184333, "roll-out": 0.19765848233731956, "oneh-out": 0.010172478411694783, "dsfb-alt": 0.03289099404139973, "sfb": 0.028700795941766975, "bad-redirect": 0.005389986908737117, "sfR": 0.11369548401129392, "sft": 0.0, "alternate": 0.25266546648806265, "roll-in": 0.2631145044059496}, "shai": {"dsfb-red": 0.019841619775373857, "redirect": 0.04213435783570455, "dsfb": 0.0, "oneh-in": 0.017628353593117235, "unknown": 0.023260762136131256, "sfT": 3.9385279999306425e-05, "roll-out": 0.17448521627689587, "oneh-out": 0.01107352213084273, "dsfb-alt": 0.026331478685039447, "sfb": 0.016084888747421148, "bad-redirect": 0.003520829611290199, "sfR": 0.09823378925716947, "sft": 0.0, "alternate": 0.24182310730042703, "roll-in": 0.32554268937058795}, "tr-quotes": {"dsfb-red": 0.01645824183444673, "redirect": 0.04274173042694344, "dsfb": 0.0, "oneh-in": 0.01690899424423846, "unknown": 0.013835787429786644, "sfT": 8.09042786805668e-06, "roll-out": 0.18181271815260858, "oneh-out": 0.014777744388710386, "dsfb-alt": 0.025841982385982756, "sfb": 0.013239407318369895, "bad-redirect": 0.0037343103488130186, "sfR": 0.09677191928064538, "sft": 0.0, "alternate": 0.2354187374309424, "roll-in": 0.33845033633064425}, "gutenberg": {"dsfb-red": 0.016525327886647095, "redirect": 0.04180888632770365, "dsfb": 0.0, "oneh-in": 0.011825969736338104, "unknown": 0.032975828246008664, "sfT": 0.00015628534179888408, "roll-out": 0.17748369612370676, "oneh-out": 0.013947851086022105, "dsfb-alt": 0.03188258860052823, "sfb": 0.017611368934565885, "bad-redirect": 0.004182574620094014, "sfR": 0.09863878308844841, "sft": 0.0, "alternate": 0.22023048393898165, "roll-in": 0.3327303560691566}, "english-200": {"dsfb-red": 0.017817371937639197, "redirect": 0.035634743875278395, "dsfb": 0.0, "oneh-in": 0.0066815144766146995, "unknown": 0.0, "sfT": 0.0, "roll-out": 0.19599109131403117, "oneh-out": 0.011135857461024499, "dsfb-alt": 0.031180400890868598, "sfb": 0.004454342984409799, "bad-redirect": 0.004454342984409799, "sfR": 0.10690423162583519, "sft": 0.0, "alternate": 0.24276169265033407, "roll-in": 0.3429844097995546}, "monkeyracer": {"dsfb-red": 0.016366696904765627, "redirect": 0.04271098894224002, "dsfb": 0.0, "oneh-in": 0.016858391854481757, "unknown": 0.013436077701487402, "sfT": 7.820198007413547e-06, "roll-out": 0.18201608614730125, "oneh-out": 0.014816342649795892, "dsfb-alt": 0.025835001642241583, "sfb": 0.01312913492969642, "bad-redirect": 0.0037458748455510894, "sfR": 0.09690789370786869, "sft": 0.0, "alternate": 0.2351357586374087, "roll-in": 0.33903393183915415}, "chained-bigrams": {"dsfb-red": 0.029089499509450306, "redirect": 0.05486884369872522, "dsfb": 0.0, "oneh-in": 0.012788705215020495, "unknown": 0.022916559801936097, "sfT": 7.726725835638906e-05, "roll-out": 0.14653768012523788, "oneh-out": 0.007372205473768415, "dsfb-alt": 0.039138788228625376, "sfb": 0.01779289647680781, "bad-redirect": 0.008579262896327468, "sfR": 0.11914286586209158, "sft": 0.0, "alternate": 0.2446696954566203, "roll-in": 0.2970257299970327}, "english-5k": {"dsfb-red": 0.02513792674326959, "redirect": 0.03969801302526237, "dsfb": 0.0, "oneh-in": 0.022731986559920356, "unknown": 0.002157049819554486, "sfT": 0.0, "roll-out": 0.1980337661260215, "oneh-out": 0.012154146098643548, "dsfb-alt": 0.02924461774588294, "sfb": 0.01883270419380263, "bad-redirect": 0.003899282366117725, "sfR": 0.10644211224955408, "sft": 0.0, "alternate": 0.2572696727091716, "roll-in": 0.2843987223627992}, "mt-quotes": {"dsfb-red": 0.015783937557523817, "redirect": 0.042347987712315176, "dsfb": 0.0, "oneh-in": 0.016708800994489667, "unknown": 0.007977133909467972, "sfT": 7.470625500531909e-06, "roll-out": 0.1816841180478359, "oneh-out": 0.015078710510273605, "dsfb-alt": 0.025497244833315405, "sfb": 0.012260790571472968, "bad-redirect": 0.00367106537096138, "sfR": 0.0964592223377679, "sft": 0.0, "alternate": 0.23638403796273055, "roll-in": 0.3461394795663451}, "wordle": {"dsfb-red": 0.031190396050712443, "redirect": 0.04806462470548637, "dsfb": 0.0, "oneh-in": 0.010546392909233704, "unknown": 0.0, "sfT": 0.0, "roll-out": 0.2006058566139347, "oneh-out": 0.012767867160327611, "dsfb-alt": 0.039964097385840905, "sfb": 0.03482553573432066, "bad-redirect": 0.005295635588466285, "sfR": 0.13138112868843263, "sft": 0.0, "alternate": 0.2370021317177157, "roll-in": 0.24835633344552902}, "english-1k": {"dsfb-red": 0.022935779816513763, "redirect": 0.04410726887791108, "dsfb": 0.0, "oneh-in": 0.01305575158786168, "unknown": 0.0, "sfT": 0.0, "roll-out": 0.21841919548341568, "oneh-out": 0.020465772759350742, "dsfb-alt": 0.029640084685956247, "sfb": 0.016231474947071278, "bad-redirect": 0.003175723359209598, "sfR": 0.10832745236414962, "sft": 0.0, "alternate": 0.22477064220183487, "roll-in": 0.29887085391672547}, "english-10k": {"dsfb-red": 0.024912680187568745, "redirect": 0.0414696744563015, "dsfb": 0.0, "oneh-in": 0.021998803573840722, "unknown": 0.0, "sfT": 0.0, "roll-out": 0.1883406341058644, "oneh-out": 0.01011173076551977, "dsfb-alt": 0.027749368016827154, "sfb": 0.020763783022326857, "bad-redirect": 0.003840142027363424, "sfR": 0.10567144593890508, "sft": 0.0, "alternate": 0.25078636074178423, "roll-in": 0.3043553771636981}, "reddit": {"dsfb-red": 0.017508943425634017, "redirect": 0.04059469636739879, "dsfb": 0.0, "oneh-in": 0.016103241620729833, "unknown": 0.039285409944231534, "sfT": 5.382630285779462e-05, "roll-out": 0.17462301454639914, "oneh-out": 0.01249837762578808, "dsfb-alt": 0.026177937321386666, "sfb": 0.014507480900933196, "bad-redirect": 0.003637414487066611, "sfR": 0.10397777127267367, "sft": 0.0, "alternate": 0.23425645255447386, "roll-in": 0.3167754336304268}, "akl": {"dsfb-red": 0.016160575497377004, "redirect": 0.03137625816360796, "dsfb": 0.0, "oneh-in": 0.0127044761008676, "unknown": 0.13277008071454782, "sfT": 0.00017890774757023587, "roll-out": 0.15232918689529534, "oneh-out": 0.009467038983877128, "dsfb-alt": 0.024957223110611514, "sfb": 0.017642661015675663, "bad-redirect": 0.003336415771425821, "sfR": 0.13064861186637447, "sft": 0.0, "alternate": 0.19774709659113412, "roll-in": 0.27068146754163536}, "french": {"dsfb-red": 0.02285719148390959, "redirect": 0.040846424126584666, "dsfb": 0.0, "oneh-in": 0.023205968680496913, "unknown": 0.15807953387545715, "sfT": 3.5821575474239233e-05, "roll-out": 0.13380573466717838, "oneh-out": 0.010848094451741348, "dsfb-alt": 0.024886885996884708, "sfb": 0.04577929927335238, "bad-redirect": 0.0022782132473819273, "sfR": 0.10898279115633469, "sft": 0.0, "alternate": 0.19003521076592506, "roll-in": 0.23835883069927896}, "keymash": {"dsfb-red": 0.01581606892899804, "redirect": 0.04283022662994175, "dsfb": 0.0, "oneh-in": 0.016329177835337196, "unknown": 0.01232282349464109, "sfT": 1.6419485002852885e-05, "roll-out": 0.18287201421927402, "oneh-out": 0.015118240816376794, "dsfb-alt": 0.02694027001843087, "sfb": 0.013521445899849351, "bad-redirect": 0.003940676400684693, "sfR": 0.099723742164827, "sft": 0.0, "alternate": 0.23233981766161904, "roll-in": 0.3382290764450173}, "movie": {"dsfb-red": 0.016324053887209335, "redirect": 0.03956212661580761, "dsfb": 0.0, "oneh-in": 0.017298404284088676, "unknown": 0.030236445784519856, "sfT": 5.592908139839548e-05, "roll-out": 0.18002465880299395, "oneh-out": 0.016188376515628756, "dsfb-alt": 0.027834258838999124, "sfb": 0.012297554820040614, "bad-redirect": 0.004260611622010475, "sfR": 0.11567713207251198, "sft": 0.0, "alternate": 0.22499993091113474, "roll-in": 0.31524051676365644}, "dutch": {"dsfb-red": 0.020103056164017134, "redirect": 0.03980568183118165, "dsfb": 0.0, "oneh-in": 0.007490517568430814, "unknown": 0.07290361491625476, "sfT": 9.038913373786879e-05, "roll-out": 0.13828241065470745, "oneh-out": 0.004290139759423968, "dsfb-alt": 0.020948977243634558,