{"english-450k": {"sfb": 0.031247716045304307, "oneh-in": 0.014050450768607397, "dsfb-alt": 0.037268878402105826, "sfT": 0.00020347295592997958, "oneh-out": 0.00637139310565801, "alternate": 0.25425846093757765, "unknown": 0.00015377410175167997, "sft": 0.0, "redirect": 0.05756501340992024, "roll-in": 0.23615112193701576, "bad-redirect": 0.0026404708878729533, "roll-out": 0.2066528055587876, "sfR": 0.11369548401129392, "dsfb-red": 0.03974095787817466, "dsfb": 0.0}, "shai": {"sfb": 0.01820972769971077, "oneh-in": 0.015630700144567508, "dsfb-alt": 0.03391318765940279, "sfT": 3.8266731854672035e-05, "oneh-out": 0.00938302432505489, "alternate": 0.23171716027796346, "unknown": 0.024097749651430984, "sft": 0.0, "redirect": 0.04981825721374534, "roll-in": 0.24354711510564822, "bad-redirect": 0.0026604880492613245, "roll-out": 0.23404706897037528, "sfR": 0.09823378925716947, "dsfb-red": 0.03870346491381529, "dsfb": 0.0}, "tr-quotes": {"sfb": 0.014662166847738148, "oneh-in": 0.014820508078870113, "dsfb-alt": 0.02930815283974018, "sfT": 2.080395737500289e-05, "oneh-out": 0.012076697256189177, "alternate": 0.22148470909132936, "unknown": 0.013894731975682485, "sft": 0.0, "redirect": 0.055123552391299326, "roll-in": 0.2384491805552345, "bad-redirect": 0.0031471764406740483, "roll-out": 0.2541769723307367, "sfR": 0.09677191928064538, "dsfb-red": 0.046063428954485564, "dsfb": 0.0}, "gutenberg": {"sfb": 0.016048704953354982, "oneh-in": 0.012144034086496076, "dsfb-alt": 0.027605863901799005, "sfT": 0.00018451142171165222, "oneh-out": 0.01222965951012407, "alternate": 0.21552847367378153, "unknown": 0.03298207965968062, "sft": 0.0, "redirect": 0.050160585556658074, "roll-in": 0.22359336562093776, "bad-redirect": 0.0029305869547014986, "roll-out": 0.2610971117332215, "sfR": 0.09863878308844841, "dsfb-red": 0.04685623983908482, "dsfb": 0.0}, "english-200": {"sfb": 0.004454342984409799, "oneh-in": 0.013363028953229399, "dsfb-alt": 0.0200445434298441, "sfT": 0.0, "oneh-out": 0.008908685968819599, "alternate": 0.23385300668151449, "unknown": 0.0, "sft": 0.0, "redirect": 0.05790645879732739, "roll-in": 0.2383073496659243, "bad-redirect": 0.0, "roll-out": 0.2583518930957684, "sfR": 0.10690423162583519, "dsfb-red": 0.05790645879732739, "dsfb": 0.0}, "monkeyracer": {"sfb": 0.014539703145283639, "oneh-in": 0.014788971956769946, "dsfb-alt": 0.02920550698343682, "sfT": 2.052801976946056e-05, "oneh-out": 0.012028442060152963, "alternate": 0.22106331232306803, "unknown": 0.013491796612290222, "sft": 0.0, "redirect": 0.055246766348123935, "roll-in": 0.23895494783927929, "bad-redirect": 0.003229741777061795, "roll-out": 0.2542072665279885, "sfR": 0.09690789370786869, "dsfb-red": 0.04631512269890674, "dsfb": 0.0}, "chained-bigrams": {"sfb": 0.018749322288227652, "oneh-in": 0.009914882647916479, "dsfb-alt": 0.04379625078484704, "sfT": 5.32429847497807e-05, "oneh-out": 0.010236937775183445, "alternate": 0.23608978325560073, "unknown": 0.023159399756770463, "sft": 0.0, "redirect": 0.0620592438587139, "roll-in": 0.21727163467001362, "bad-redirect": 0.002853694121649831, "roll-out": 0.20968061351501743, "sfR": 0.11914286586209158, "dsfb-red": 0.04699212847921803, "dsfb": 0.0}, "english-5k": {"sfb": 0.02306384037831335, "oneh-in": 0.0236445845605011, "dsfb-alt": 0.03550835856805078, "sfT": 0.0, "oneh-out": 0.006263740822167835, "alternate": 0.25917783216493134, "unknown": 0.002157049819554486, "sft": 0.0, "redirect": 0.05106400630522255, "roll-in": 0.2595926494379226, "bad-redirect": 0.003194093002032605, "roll-out": 0.1916455801219563, "sfR": 0.10644211224955408, "dsfb-red": 0.038246152569793, "dsfb": 0.0}, "mt-quotes": {"sfb": 0.013813186550483499, "oneh-in": 0.014470601594530307, "dsfb-alt": 0.02850043628452923, "sfT": 1.6435376101170198e-05, "oneh-out": 0.012205507942769032, "alternate": 0.21929871744301407, "unknown": 0.007995063410669249, "sft": 0.0, "redirect": 0.055917631871481334, "roll-in": 0.24064229449803373, "bad-redirect": 0.00331994597243638, "roll-out": 0.25959228314268296, "sfR": 0.0964592223377679, "dsfb-red": 0.04776867357550113, "dsfb": 0.0}, "wordle": {"sfb": 0.03610456636373836, "oneh-in": 0.008863457870526198, "dsfb-alt": 0.042589476046224616, "sfT": 0.00026926960619320093, "oneh-out": 0.010075171098395602, "alternate": 0.2384831145517783, "unknown": 0.0, "sft": 0.0, "redirect": 0.05239537753842702, "roll-in": 0.21350835857735892, "bad-redirect": 0.003365870077415012, "roll-out": 0.22080107707842478, "sfR": 0.13138112868843263, "dsfb-red": 0.04216313250308538, "dsfb": 0.0}, "english-1k": {"sfb": 0.014820042342978124, "oneh-in": 0.015172900494001412, "dsfb-alt": 0.030345800988002825, "sfT": 0.0, "oneh-out": 0.010232886379675371, "alternate": 0.24170783345095273, "unknown": 0.0, "sft": 0.0, "redirect": 0.05257586450247001, "roll-in": 0.2427664079040226, "bad-redirect": 0.0035285815102328866, "roll-out": 0.23782639378969656, "sfR": 0.10832745236414962, "dsfb-red": 0.04269583627381793, "dsfb": 0.0}, "english-10k": {"sfb": 0.022963663379710928, "oneh-in": 0.021246212925261958, "dsfb-alt": 0.03652959225024604, "sfT": 5.789158835221242e-05, "oneh-out": 0.007062773778969916, "alternate": 0.25150035699812817, "unknown": 0.0, "sft": 0.0, "redirect": 0.04887979776538469, "roll-in": 0.2652785550259547, "bad-redirect": 0.0039752224001852535, "roll-out": 0.199397927481137, "sfR": 0.10567144593890508, "dsfb-red": 0.037436560467764037, "dsfb": 0.0}, "reddit": {"sfb": 0.016839691822878127, "oneh-in": 0.014363532061766526, "dsfb-alt": 0.03387502371522477, "sfT": 5.262766563340392e-05, "oneh-out": 0.009697649378759436, "alternate": 0.21413620302067818, "unknown": 0.04519937363713543, "sft": 0.0, "redirect": 0.05242775541882351, "roll-in": 0.22871327979545256, "bad-redirect": 0.0019715334896431187, "roll-out": 0.23894642035420854, "sfR": 0.10397777127267367, "dsfb-red": 0.03979913836712273, "dsfb": 0.0}, "akl": {"sfb": 0.02388621432379845, "oneh-in": 0.012990939438354962, "dsfb-alt": 0.03291375435213137, "sfT": 0.0002061217988392499, "oneh-out": 0.007062536994433163, "alternate": 0.19941587052354193, "unknown": 0.07331127266302054, "sft": 0.0, "redirect": 0.04830114624041149, "roll-in": 0.21633142600970873, "bad-redirect": 0.00225067409324685, "roll-out": 0.22643139415283198, "sfR": 0.11790358951788564, "dsfb-red": 0.03899505989179566, "dsfb": 0.0}, "french": {"sfb": 0.04823089733585909, "oneh-in": 0.019416522417781655, "dsfb-alt": 0.019932886458055653, "sfT": 6.681899900255415e-05, "oneh-out": 0.013879519621736149, "alternate": 0.16957015442814524, "unknown": 0.15842537463172957, "sft": 0.0, "redirect": 0.046457557058743326, "roll-in": 0.21266380936042187, "bad-redirect": 0.002855838024633828, "roll-out": 0.15950990990926206, "sfR": 0.10898279115633469, "dsfb-red": 0.04000792059829432, "dsfb": 0.0}, "keymash": {"sfb": 0.015426106160180286, "oneh-in": 0.01462976113754192, "dsfb-alt": 0.029362144056351673, "sfT": 3.283897000570577e-05, "oneh-out": 0.011789190232048372, "alternate": 0.22324752784128926, "unknown": 0.012376186820900362, "sft": 0.0, "redirect": 0.053765603641841776, "roll-in": 0.23849712453768887, "bad-redirect": 0.0033085262280748563, "roll-out": 0.25217455554506535, "sfR": 0.099723742164827, "dsfb-red": 0.04566669266418459, "dsfb": 0.0}, "movie": {"sfb": 0.012713535587806092, "oneh-in": 0.015018866524128661, "dsfb-alt": 0.032587177975154064, "sfT": 1.5923338468719655e-05, "oneh-out": 0.014364298875009557, "alternate": 0.2040802173048789, "unknown": 0.030282373430185833, "sft": 0.0, "redirect": 0.05566943886286834, "roll-in": 0.2201962150092862, "bad-redirect": 0.003270732680178168, "roll-out": 0.24946410070182443, "sfR": 0.11567713207251198, "dsfb-red": 0.046659987637699046, "dsfb": 0.0}, "dutch": {"sfb": 0.03191290482488625, "oneh-in": 0.008203033538940968, "dsfb-alt": 0.023563717382137035, "sfT": 0.00020842755218587319, "oneh-out": 0.005606941426442736, "alternate": 0.169873368069107, "unknown": 0.07360268279108878, "sft": 0.0, "redirect": 0.04728339681252878,