{"english-450k": {"sfb": 0.029267070533198544, "sft": 0.0, "roll-in": 0.19997503363443042, "oneh-out": 0.028417512472950667, "oneh-in": 0.0256314531769554, "redirect": 0.06809590826410088, "dsfb-alt": 0.03479972238804748, "dsfb": 0.0, "roll-out": 0.2672155369142625, "sfR": 0.11369548401129392, "bad-redirect": 0.011492129163229163, "sfT": 3.098869731117505e-05, "unknown": 0.0001543587941537776, "alternate": 0.1814440849885488, "dsfb-red": 0.0397807169615173}, "shai": {"sfb": 0.01926680988211354, "sft": 0.0, "roll-in": 0.2037631094616633, "oneh-out": 0.0430010700906264, "oneh-in": 0.028985421873011577, "redirect": 0.05784940579935863, "dsfb-alt": 0.025532723067915146, "dsfb": 0.0, "roll-out": 0.2651415307869346, "sfR": 0.09823378925716947, "bad-redirect": 0.007851832545679338, "sfT": 2.400814581718728e-05, "unknown": 0.06456264535320268, "alternate": 0.1564401899534715, "dsfb-red": 0.02934746378303665}, "tr-quotes": {"sfb": 0.017344721573703797, "sft": 0.0, "roll-in": 0.19993874390328473, "oneh-out": 0.048687039134555375, "oneh-in": 0.022422042948614225, "redirect": 0.05198215482767388, "dsfb-alt": 0.019658583943968008, "dsfb": 0.0, "roll-out": 0.27419731397794783, "sfR": 0.09677191928064538, "bad-redirect": 0.007743695245139964, "sfT": 8.09042786805668e-06, "unknown": 0.09006264302720696, "alternate": 0.14680196944129817, "dsfb-red": 0.024381082268093664}, "gutenberg": {"sfb": 0.01862637119075791, "sft": 0.0, "roll-in": 0.1960433855686305, "oneh-out": 0.05596492843267966, "oneh-in": 0.022771816202376068, "redirect": 0.050581703514014344, "dsfb-alt": 0.020078782967208872, "dsfb": 0.0, "roll-out": 0.2627450222645045, "sfR": 0.09863878308844841, "bad-redirect": 0.011653582268414486, "sfT": 5.304229782265156e-06, "unknown": 0.09436925698728084, "alternate": 0.14533760096506673, "dsfb-red": 0.023183462320835433}, "english-200": {"sfb": 0.017817371937639197, "sft": 0.0, "roll-in": 0.20489977728285078, "oneh-out": 0.0400890868596882, "oneh-in": 0.022271714922048998, "redirect": 0.060133630289532294, "dsfb-alt": 0.022271714922048998, "dsfb": 0.0, "roll-out": 0.36302895322939865, "sfR": 0.10690423162583519, "bad-redirect": 0.0022271714922048997, "sfT": 0.0, "unknown": 0.0, "alternate": 0.1291759465478842, "dsfb-red": 0.031180400890868598}, "monkeyracer": {"sfb": 0.017318806012168227, "sft": 0.0, "roll-in": 0.19971514928757997, "oneh-out": 0.048511620814239015, "oneh-in": 0.022278766598370272, "redirect": 0.0519495753632482, "dsfb-alt": 0.01968930353316546, "dsfb": 0.0, "roll-out": 0.27476852213898056, "sfR": 0.09690789370786869, "bad-redirect": 0.007767411670863506, "sfT": 8.797722758340242e-06, "unknown": 0.0900202543128392, "alternate": 0.1467235325398439, "dsfb-red": 0.024340366298074668}, "chained-bigrams": {"sfb": 0.019568744809620616, "sft": 0.0, "roll-in": 0.1982489551064243, "oneh-out": 0.04565066498540039, "oneh-in": 0.020921895787895533, "redirect": 0.05441497971896794, "dsfb-alt": 0.03561501166475879, "dsfb": 0.0, "roll-out": 0.24905185282340406, "sfR": 0.11914286586209158, "bad-redirect": 0.01615470073871395, "sfT": 2.9868015835242832e-05, "unknown": 0.05987563217928082, "alternate": 0.1432560942115136, "dsfb-red": 0.038068734096093196}, "english-5k": {"sfb": 0.023686066287800223, "sft": 0.0, "roll-in": 0.2163272078649355, "oneh-out": 0.023105322105612478, "oneh-in": 0.039366159206869374, "redirect": 0.06512631185962584, "dsfb-alt": 0.033102418384701536, "dsfb": 0.0, "roll-out": 0.2739038453561206, "sfR": 0.10644211224955408, "bad-redirect": 0.00850375409632057, "sfT": 0.0, "unknown": 0.0022400132741527356, "alternate": 0.17501140747500726, "dsfb-red": 0.03318538183929979}, "mt-quotes": {"sfb": 0.017065896893415092, "sft": 0.0, "roll-in": 0.20153954650314962, "oneh-out": 0.05015329723527091, "oneh-in": 0.021800779335652217, "redirect": 0.051436750696262294, "dsfb-alt": 0.018967918145850516, "dsfb": 0.0, "roll-out": 0.2783555061498189, "sfR": 0.0964592223377679, "bad-redirect": 0.007730603267950419, "sfT": 2.9882502002127633e-06, "unknown": 0.0857358864943044, "alternate": 0.1471533928592773, "dsfb-red": 0.02359821183108019}, "wordle": {"sfb": 0.0380118927409402, "sft": 0.0, "roll-in": 0.1949063166161786, "oneh-out": 0.028385504319533267, "oneh-in": 0.020666442275328174, "redirect": 0.06424324021092785, "dsfb-alt": 0.034488948726579156, "dsfb": 0.0, "roll-out": 0.26267250084146754, "sfR": 0.13138112868843263, "bad-redirect": 0.011556153932458207, "sfT": 4.4878267698866824e-05, "unknown": 0.0, "alternate": 0.17605744418265454, "dsfb-red": 0.037585549197800966}, "english-1k": {"sfb": 0.022935779816513763, "sft": 0.0, "roll-in": 0.22194777699364857, "oneh-out": 0.027875793930839804, "oneh-in": 0.029640084685956247, "redirect": 0.061750176429075515, "dsfb-alt": 0.025758645024700072, "dsfb": 0.0, "roll-out": 0.30628087508821455, "sfR": 0.10832745236414962, "bad-redirect": 0.008468595624558928, "sfT": 0.0, "unknown": 0.0, "alternate": 0.1587861679604799, "dsfb-red": 0.028228652081863093}, "english-10k": {"sfb": 0.024333764304046622, "sft": 0.0, "roll-in": 0.2208564095636904, "oneh-out": 0.020609405453387623, "oneh-in": 0.03643310626965902, "redirect": 0.06993303872947261, "dsfb-alt": 0.031029891356785858, "dsfb": 0.0, "roll-out": 0.2654715269871288, "sfR": 0.10567144593890508, "bad-redirect": 0.008722332645066671, "sfT": 0.0, "unknown": 0.0, "alternate": 0.1817023986414774, "dsfb-red": 0.03523668011037996}, "reddit": {"sfb": 0.01793048915448692, "sft": 0.0, "roll-in": 0.19501265779637664, "oneh-out": 0.041404001238342085, "oneh-in": 0.024126319882188944, "redirect": 0.051678682068405854, "dsfb-alt": 0.023658364418304163, "dsfb": 0.0, "roll-out": 0.2599636625633943, "sfR": 0.10397777127267367, "bad-redirect": 0.007868828633645335, "sfT": 2.8767293385376663e-05, "unknown": 0.10395645800452748, "alternate": 0.14453358684510628, "dsfb-red": 0.02586041082916292}, "akl": {"sfb": 0.02453568670938298, "sft": 0.0, "roll-in": 0.17139890959915793, "oneh-out": 0.02991302454579212, "oneh-in": 0.019579786443793552, "redirect": 0.040576331505654345, "dsfb-alt": 0.02171249725097041, "dsfb": 0.0, "roll-out": 0.2288731902824111, "sfR": 0.13064861186637447, "bad-redirect": 0.006593421309363072, "sfT": 0.000986203942033692, "unknown": 0.17105134775893277, "alternate": 0.1292437128973659, "dsfb-red": 0.02488727588876766}, "french": {"sfb": 0.019035848887365536, "sft": 0.0, "roll-in": 0.14510743423838168, "oneh-out": 0.029070264716948204, "oneh-in": 0.02726090810045976, "redirect": 0.060128978945917705, "dsfb-alt": 0.03383261657971432, "dsfb": 0.0, "roll-out": 0.19572132779898233, "sfR": 0.10898279115633469, "bad-redirect": 0.008883031589370942, "sfT": 1.5041765694745373e-05, "unknown": 0.21010772795732238, "alternate": 0.13936720280523537, "dsfb-red": 0.022486825458272335}, "keymash": {"sfb": 0.017519590498044028, "sft": 0.0, "roll-in": 0.20138087868873994, "oneh-out": 0.048884911724743754, "oneh-in": 0.02298727900399404, "redirect": 0.05286253196668487, "dsfb-alt": 0.02091021415113315, "dsfb": 0.0, "roll-out": 0.27392216343134396, "sfR": 0.099723742164827, "bad-redirect": 0.00781156999010726, "sfT": 4.104871250713221e-06, "unknown": 0.0847573815847266, "alternate": 0.14535759585900587, "dsfb-red": 0.02387803606539881}, "movie": {"sfb": 0.013225187984222472, "sft": 0.0, "roll-in": 0.1756671911717853, "oneh-out": 0.03796926637758131, "oneh-in": 0.018501076930912057, "redirect": 0.04520622631485651, "dsfb-alt": 0.018579772438385562, "dsfb": 0.0, "roll-out": 0.26385814068835406, "sfR": 0.11567713207251198, "bad-redirect": 0.007610434603177904, "sfT": 8.948653023743276e-06, "unknown": 0.15450046842250645, "alternate": 0.1275976590850081, "dsfb-red": 0.021598495257674488}, "dutch": {"sfb": 0.03568055917110098, "sft": 0.0, "roll-in": 0.16355609822905076, "oneh-out": 0.01039256282295826, "oneh-in": 0.009752325884008777, "redirect": 0.04245463392508421, "dsfb-alt": 0.027613387260077456, "dsfb": 0.0, "roll-out": 0.2431447435751185, "sfR": 0.18880787437283908,