{"english-450k": {"sfT": 0.00013944913790028772, "oneh-in": 0.0028869187353571094, "alternate": 0.3604804066652595, "unknown": 0.0, "dsfb-red": 0.013813650345757851, "sfb": 0.027325014719631224, "redirect": 0.034591279546699674, "bad-redirect": 0.0020969993001231945, "roll-in": 0.21464759711886972, "dsfb": 0.0, "oneh-out": 0.004276147882741108, "roll-out": 0.1736141766858582, "sfR": 0.11369548401129392, "sft": 0.0, "dsfb-alt": 0.05243287585050819}, "shai": {"sfT": 4.784599364695617e-05, "oneh-in": 0.0026965757409588022, "alternate": 0.33074441817382966, "unknown": 0.016411783475088346, "dsfb-red": 0.01004724840252747, "sfb": 0.016609019507789275, "redirect": 0.0339996758145585, "bad-redirect": 0.0014262379038113618, "roll-in": 0.21174247197746618, "dsfb": 0.0, "oneh-out": 0.01212197330161043, "roll-out": 0.2124093821186494, "sfR": 0.09823378925716947, "sft": 0.0, "dsfb-alt": 0.05350957833289417}, "tr-quotes": {"sfT": 2.195973278472527e-05, "oneh-in": 0.002802755368576778, "alternate": 0.3316127690067266, "unknown": 0.009802131249855527, "dsfb-red": 0.008699521508980375, "sfb": 0.014510760269064515, "redirect": 0.03252352002958785, "bad-redirect": 0.0011407503293959919, "roll-in": 0.20556390282240355, "dsfb": 0.0, "oneh-out": 0.021194609463489056, "roll-out": 0.21998104528328055, "sfR": 0.09677191928064538, "sft": 0.0, "dsfb-alt": 0.05537435565520908}, "gutenberg": {"sfT": 0.0001756078931485643, "oneh-in": 0.002832458703729593, "alternate": 0.30919700401946953, "unknown": 0.025604274906105663, "dsfb-red": 0.007091565782110576, "sfb": 0.013805205192234759, "redirect": 0.029367057626288974, "bad-redirect": 0.0015300808554055596, "roll-in": 0.20506512268115176, "dsfb": 0.0, "oneh-out": 0.013399242177113536, "roll-out": 0.23500768923881651, "sfR": 0.09863878308844841, "sft": 0.0, "dsfb-alt": 0.05828590783597654}, "english-200": {"sfT": 0.0, "oneh-in": 0.004454342984409799, "alternate": 0.32293986636971045, "unknown": 0.0, "dsfb-red": 0.004454342984409799, "sfb": 0.013363028953229399, "redirect": 0.031180400890868598, "bad-redirect": 0.0, "roll-in": 0.22939866369710468, "dsfb": 0.0, "oneh-out": 0.017817371937639197, "roll-out": 0.21158129175946547, "sfR": 0.10690423162583519, "sft": 0.0, "dsfb-alt": 0.05790645879732739}, "monkeyracer": {"sfT": 2.248306927131395e-05, "oneh-in": 0.0028563273222077983, "alternate": 0.3312733628415471, "unknown": 0.009422361074182399, "dsfb-red": 0.008655981669455871, "sfb": 0.014443905719692823, "redirect": 0.032541798958349626, "bad-redirect": 0.0011525016813425716, "roll-in": 0.20510228818993698, "dsfb": 0.0, "oneh-out": 0.021682476500304988, "roll-out": 0.22046702222500272, "sfR": 0.09690789370786869, "sft": 0.0, "dsfb-alt": 0.055471597040837074}, "chained-bigrams": {"sfT": 6.687838328326112e-05, "oneh-in": 0.005054837027768814, "alternate": 0.32801769225424954, "unknown": 0.016332610224341265, "dsfb-red": 0.019565498286160266, "sfb": 0.019485633809035594, "redirect": 0.03797133839228262, "bad-redirect": 0.002906937106399612, "roll-in": 0.18294094768617025, "dsfb": 0.0, "oneh-out": 0.006574210007213775, "roll-out": 0.1988625480404309, "sfR": 0.11914286586209158, "sft": 0.0, "dsfb-alt": 0.0630780029205725}, "english-5k": {"sfT": 0.0, "oneh-in": 0.00236445845605011, "alternate": 0.34977392458621975, "unknown": 0.0, "dsfb-red": 0.013564524826813789, "sfb": 0.01725639855643589, "redirect": 0.034761687476666525, "bad-redirect": 0.0018666777284606132, "roll-in": 0.2376073339693865, "dsfb": 0.0, "oneh-out": 0.00551706973078359, "roll-out": 0.17969884265980834, "sfR": 0.10644211224955408, "sft": 0.0, "dsfb-alt": 0.0511469697598208}, "mt-quotes": {"sfT": 1.6435376101170198e-05, "oneh-in": 0.0028956144440061677, "alternate": 0.3324144463967679, "unknown": 0.0052458732264735065, "dsfb-red": 0.008159417171680951, "sfb": 0.013355984269850947, "redirect": 0.03235079666750338, "bad-redirect": 0.001068299446576063, "roll-in": 0.20454871445476386, "dsfb": 0.0, "oneh-out": 0.023250080682755407, "roll-out": 0.22401417625894982, "sfR": 0.0964592223377679, "sft": 0.0, "dsfb-alt": 0.05622093926680293}, "wordle": {"sfT": 0.0001795130707954673, "oneh-in": 0.0026478177942331426, "alternate": 0.331762593963873, "unknown": 0.0, "dsfb-red": 0.014159093458992482, "sfb": 0.034174800852687086, "redirect": 0.03397284864804218, "bad-redirect": 0.0031863570066195447, "roll-in": 0.1886457982721867, "dsfb": 0.0, "oneh-out": 0.007786379445753394, "roll-out": 0.1930214293728262, "sfR": 0.13138112868843263, "sft": 0.0, "dsfb-alt": 0.059082239425558174}, "english-1k": {"sfT": 0.0, "oneh-in": 0.0035285815102328866, "alternate": 0.32427664079040225, "unknown": 0.0, "dsfb-red": 0.011644318983768526, "sfb": 0.013761467889908258, "redirect": 0.03458009880028229, "bad-redirect": 0.0, "roll-in": 0.25405786873676783, "dsfb": 0.0, "oneh-out": 0.008468595624558928, "roll-out": 0.19442484121383205, "sfR": 0.10832745236414962, "sft": 0.0, "dsfb-alt": 0.04693013408609739}, "english-10k": {"sfT": 5.789158835221242e-05, "oneh-in": 0.0023735551224407093, "alternate": 0.35198085718145156, "unknown": 0.0, "dsfb-red": 0.012369502711256055, "sfb": 0.017367476505663726, "redirect": 0.03676115860365489, "bad-redirect": 0.0015823700816271396, "roll-in": 0.23332239825553347, "dsfb": 0.0, "oneh-out": 0.004805001833233631, "roll-out": 0.18093051079678124, "sfR": 0.10567144593890508, "sft": 0.0, "dsfb-alt": 0.05277783138110033}, "reddit": {"sfT": 0.00012855384231590195, "oneh-in": 0.003038695193483459, "alternate": 0.3188358161043279, "unknown": 0.03912119664449001, "dsfb-red": 0.010113988527168893, "sfb": 0.015551756125270325, "redirect": 0.030761638439696468, "bad-redirect": 0.0012078142906399355, "roll-in": 0.19814020197411805, "dsfb": 0.0, "oneh-out": 0.015759457481809274, "roll-out": 0.20804109527723824, "sfR": 0.10397777127267367, "sft": 0.0, "dsfb-alt": 0.05532201482676789}, "akl": {"sfT": 0.00024181330278551285, "oneh-in": 0.002369557881919058, "alternate": 0.2705715434194229, "unknown": 0.131271144611545, "dsfb-red": 0.010908925233387393, "sfb": 0.020294972697234796, "redirect": 0.024538725744454263, "bad-redirect": 0.0011140904910495106, "roll-in": 0.17567147171054906, "dsfb": 0.0, "oneh-out": 0.01344703837755257, "roll-out": 0.17088798109314982, "sfR": 0.13064861186637447, "sft": 0.0, "dsfb-alt": 0.04803412357057565}, "french": {"sfT": 5.96426984370332e-05, "oneh-in": 0.001080175562575146, "alternate": 0.2448953768039463, "unknown": 0.15022783705566845, "dsfb-red": 0.011141513755657273, "sfb": 0.036803904650606824, "redirect": 0.026991399810536675, "bad-redirect": 0.0032014540533311197, "roll-in": 0.16326055321067312, "dsfb": 0.0, "oneh-out": 0.01216600182511751, "roll-out": 0.19907730453296643, "sfR": 0.10898279115633469, "sft": 0.0, "dsfb-alt": 0.042112044884149415}, "keymash": {"sfT": 2.873409875499255e-05, "oneh-in": 0.002631222471707175, "alternate": 0.3288207115383826, "unknown": 0.008620229626497765, "dsfb-red": 0.009001982652814095, "sfb": 0.014674914721299767, "redirect": 0.03269119464068009, "bad-redirect": 0.0011698883064532681, "roll-in": 0.20615894882457012, "dsfb": 0.0, "oneh-out": 0.020417629601047562, "roll-out": 0.2211129947909184, "sfR": 0.099723742164827, "sft": 0.0, "dsfb-alt": 0.05494780656204718}, "movie": {"sfT": 3.342585100045283e-05, "oneh-in": 0.00222597743965614, "alternate": 0.3210255577478293, "unknown": 0.024529179122950412, "dsfb-red": 0.010102371274613237, "sfb": 0.01606809609116256, "redirect": 0.027957829209429932, "bad-redirect": 0.0009132889997761521, "roll-in": 0.1950902425598201, "dsfb": 0.0, "oneh-out": 0.030866667833500835, "roll-out": 0.1995986529118851, "sfR": 0.11567713207251198, "sft": 0.0, "dsfb-alt": 0.05591157888586375}, "dutch": {"sfT": 0.00017039633761376058, "oneh-in": 0.0023057208306591047, "alternate": 0.2762920580675144, "unknown": 0.06828907122753393, "dsfb-red": 0.005909702887098144, "sfb": 0.05776477085933224, "redirect": 0.022867536365174825, "bad-redirect": 0.001261789990306254, "roll-in": 0.19743437947922446,