{"english-450k": {"roll-out": 0.1513090385844363, "roll-in": 0.23877375970662473, "bad-redirect": 0.0008644677165013644, "sfT": 0.0007691628549594486, "oneh-in": 0.0069166187706140615, "dsfb-red": 0.015630581985276275, "unknown": 0.00015377410175167997, "redirect": 0.04841954720250997, "oneh-out": 0.004169733865559337, "dsfb": 0.0, "dsfb-alt": 0.03752263490461621, "sfR": 0.11369548401129392, "alternate": 0.337045935189186, "sft": 0.0, "sfb": 0.0447292611066707}, "shai": {"roll-out": 0.16251431277176076, "roll-in": 0.26084411913056377, "bad-redirect": 0.00032141035839056636, "sfT": 0.0001379607218529164, "oneh-in": 0.005302591656699074, "dsfb-red": 0.015438642718847621, "unknown": 0.023260762136131256, "redirect": 0.04532569954542823, "oneh-out": 0.011953513758374404, "dsfb": 0.0, "dsfb-alt": 0.03034975258798755, "sfR": 0.09823378925716947, "alternate": 0.3156342957543473, "sft": 0.0, "sfb": 0.03068314960244709}, "tr-quotes": {"roll-out": 0.16769492152284968, "roll-in": 0.2656307066410855, "bad-redirect": 0.000359446152423661, "sfT": 8.206005409028917e-05, "oneh-in": 0.004164258801229745, "dsfb-red": 0.012856845657751786, "unknown": 0.013835787429786644, "redirect": 0.045089110284089594, "oneh-out": 0.020734610850419548, "dsfb": 0.0, "dsfb-alt": 0.02882735026929567, "sfR": 0.09677191928064538, "alternate": 0.3109001178890918, "sft": 0.0, "sfb": 0.0330528651672407}, "gutenberg": {"roll-out": 0.16558649815886395, "roll-in": 0.27030601238234553, "bad-redirect": 0.000670037883566852, "sfT": 7.994232028985342e-05, "oneh-in": 0.0050585302812795165, "dsfb-red": 0.012069774869544364, "unknown": 0.032975828246008664, "redirect": 0.04076452137093123, "oneh-out": 0.013657444505443086, "dsfb": 0.0, "dsfb-alt": 0.03091229342392958, "sfR": 0.09863878308844841, "alternate": 0.29904868638855076, "sft": 0.0, "sfb": 0.030231647080798195}, "english-200": {"roll-out": 0.1870824053452116, "roll-in": 0.26057906458797325, "bad-redirect": 0.0, "sfT": 0.0, "oneh-in": 0.0066815144766146995, "dsfb-red": 0.008908685968819599, "unknown": 0.0, "redirect": 0.0467706013363029, "oneh-out": 0.013363028953229399, "dsfb": 0.0, "dsfb-alt": 0.026726057906458798, "sfR": 0.10690423162583519, "alternate": 0.31625835189309576, "sft": 0.0, "sfb": 0.026726057906458798}, "monkeyracer": {"roll-out": 0.168284795971034, "roll-in": 0.2651428359166054, "bad-redirect": 0.0003577740588391698, "sfT": 8.211207907784225e-05, "oneh-in": 0.004178918310211614, "dsfb-red": 0.012763540672849837, "unknown": 0.013436077701487402, "redirect": 0.045266238641162394, "oneh-out": 0.021284623926677824, "dsfb": 0.0, "dsfb-alt": 0.028788103914791124, "sfR": 0.09690789370786869, "alternate": 0.3104530631715595, "sft": 0.0, "sfb": 0.033054021927835214}, "chained-bigrams": {"roll-out": 0.1467331208375511, "roll-in": 0.23482363910606327, "bad-redirect": 0.0023199656647678833, "sfT": 0.00038373907301366333, "oneh-in": 0.009478549894845105, "dsfb-red": 0.020844628529539142, "unknown": 0.022916559801936097, "redirect": 0.04472670440858407, "oneh-out": 0.006565119741524788, "dsfb": 0.0, "dsfb-alt": 0.04476955851826072, "sfR": 0.11914286586209158, "alternate": 0.31556727478379776, "sft": 0.0, "sfb": 0.031728273778024806}, "english-5k": {"roll-out": 0.16866470319824117, "roll-in": 0.2535363172522504, "bad-redirect": 0.00024889036379474843, "sfT": 0.00029037209109387317, "oneh-in": 0.006720039822458207, "dsfb-red": 0.015887501555564773, "unknown": 0.002157049819554486, "redirect": 0.048201767121582945, "oneh-out": 0.004770398639399345, "dsfb": 0.0, "dsfb-alt": 0.02874683701829344, "sfR": 0.10644211224955408, "alternate": 0.331895300120297, "sft": 0.0, "sfb": 0.032438710747915545}, "mt-quotes": {"roll-out": 0.16963399911547794, "roll-in": 0.2685301394915193, "bad-redirect": 0.000360084149125638, "sfT": 5.677675380404251e-05, "oneh-in": 0.004029655394986911, "dsfb-red": 0.012287684823274882, "unknown": 0.007977133909467972, "redirect": 0.04565299243375049, "oneh-out": 0.022712195646717108, "dsfb": 0.0, "dsfb-alt": 0.028481012658227847, "sfR": 0.0964592223377679, "alternate": 0.311432447615974, "sft": 0.0, "sfb": 0.03238665566990593}, "wordle": {"roll-out": 0.17210815662515427, "roll-in": 0.19854145629978684, "bad-redirect": 0.00042634354313923485, "sfT": 0.0005834174800852687, "oneh-in": 0.00486929204532705, "dsfb-red": 0.019544485582856503, "unknown": 0.0, "redirect": 0.03596993156064176, "oneh-out": 0.006664422753281723, "dsfb": 0.0, "dsfb-alt": 0.044810950297318526, "sfR": 0.13138112868843263, "alternate": 0.3416358128576237, "sft": 0.0, "sfb": 0.04346460226635252}, "english-1k": {"roll-out": 0.19230769230769232, "roll-in": 0.2537050105857445, "bad-redirect": 0.00035285815102328866, "sfT": 0.0, "oneh-in": 0.008468595624558928, "dsfb-red": 0.015525758645024701, "unknown": 0.0, "redirect": 0.043048694424841216, "oneh-out": 0.007057163020465773, "dsfb": 0.0, "dsfb-alt": 0.024347212420606917, "sfR": 0.10832745236414962, "alternate": 0.31863091037402963, "sft": 0.0, "sfb": 0.028228652081863093}, "english-10k": {"roll-out": 0.1662839389436715, "roll-in": 0.2428166187452963, "bad-redirect": 0.00017367476505663728, "sfT": 0.0001929719611740414, "oneh-in": 0.005847050423573454, "dsfb-red": 0.01636402230755871, "unknown": 0.0, "redirect": 0.04463441461955578, "oneh-out": 0.004766407440998823, "dsfb": 0.0, "dsfb-alt": 0.031666698828660196, "sfR": 0.10567144593890508, "alternate": 0.34798633758514885, "sft": 0.0, "sfb": 0.03359641844040061}, "reddit": {"roll-out": 0.1587157501118572, "roll-in": 0.2565563864234107, "bad-redirect": 0.00020047207577934362, "sfT": 0.00018586368460708205, "oneh-in": 0.004404205193957295, "dsfb-red": 0.013755822989000443, "unknown": 0.039285409944231534, "redirect": 0.04511977663395324, "oneh-out": 0.016299630838463593, "dsfb": 0.0, "dsfb-alt": 0.02905564055266915, "sfR": 0.10397777127267367, "alternate": 0.30132848334746415, "sft": 0.0, "sfb": 0.031114786931932575}, "akl": {"roll-out": 0.13569862338876476, "roll-in": 0.21317654943164732, "bad-redirect": 0.000437596342662125, "sfT": 0.0004800687108534295, "oneh-in": 0.003496125712082361, "dsfb-red": 0.012279628880943527, "unknown": 0.13277008071454782, "redirect": 0.03611028416139174, "oneh-out": 0.014778012200762214, "dsfb": 0.0, "dsfb-alt": 0.022909308794204032, "sfR": 0.13064861186637447, "alternate": 0.2649700582158052, "sft": 0.0, "sfb": 0.03224505157996098}, "french": {"roll-out": 0.176149024226127, "roll-in": 0.20600102628589007, "bad-redirect": 0.0013760968334940809, "sfT": 0.00023579915365497752, "oneh-in": 0.004321795924499505, "dsfb-red": 0.015091610270907144, "unknown": 0.15807953387545715, "redirect": 0.040491474412600696, "oneh-out": 0.012463361352517218, "dsfb": 0.0, "dsfb-alt": 0.026144611325643545, "sfR": 0.10898279115633469, "alternate": 0.22528233761264077, "sft": 0.0, "sfb": 0.02538053757023317}, "keymash": {"roll-out": 0.16872662788931625, "roll-in": 0.2630032059044468, "bad-redirect": 0.0004925845500855866, "sfT": 0.00010262178126783053, "oneh-in": 0.004318324555750309, "dsfb-red": 0.012893400598490229, "unknown": 0.01232282349464109, "redirect": 0.044275141310192806, "oneh-out": 0.0201179739997455, "dsfb": 0.0, "dsfb-alt": 0.02812247293863628, "sfR": 0.099723742164827, "alternate": 0.31330840308193736, "sft": 0.0, "sfb": 0.032592677730662975}, "movie": {"roll-out": 0.1719141524131951, "roll-in": 0.23678359617150305, "bad-redirect": 0.0003880820259855724, "sfT": 0.00012054362014336532, "oneh-in": 0.00355406282665051, "dsfb-red": 0.01268103092167573, "unknown": 0.030236445784519856, "redirect": 0.042892341519025955, "oneh-out": 0.03265534565554082, "dsfb": 0.0, "dsfb-alt": 0.03298920937202959, "sfR": 0.11567713207251198, "alternate": 0.2859934235296146, "sft": 0.0, "sfb": 0.034114634087603894}, "dutch": {"roll-out": 0.1996761590976421, "roll-in": 0.1503204824645977, "bad-redirect": 0.0008639594586176813, "sfT": 0.0001922181141975706, "oneh-in": 0.0035517317220386925, "dsfb-red": 0.01181929818943088, "unknown": 0.07290361491625476,