{"english-450k": {"sfb": 0.02068144730079676, "oneh-in": 0.012068928217898487, "dsfb-alt": 0.03165349257236007, "sfT": 2.835758150173566e-05, "oneh-out": 0.012044078790809338, "alternate": 0.2830645015117222, "unknown": 0.00015377410175167997, "sft": 0.0, "redirect": 0.05649385692927736, "roll-in": 0.23324461600618837, "bad-redirect": 0.01882914177095143, "roll-out": 0.19961661719194457, "sfR": 0.11369548401129392, "dsfb-red": 0.018425704013504057, "dsfb": 0.0}, "shai": {"sfb": 0.01006994835016858, "oneh-in": 0.011620848251179004, "dsfb-alt": 0.027991899544003915, "sfT": 1.529972600601988e-05, "oneh-out": 0.014035789825035849, "alternate": 0.2664515828888298, "unknown": 0.024097749651430984, "sft": 0.0, "redirect": 0.04850343676820246, "roll-in": 0.22932633522137036, "bad-redirect": 0.01584583294758259, "roll-out": 0.23959471169015178, "sfR": 0.09823378925716947, "dsfb-red": 0.014212775878869209, "dsfb": 0.0}, "tr-quotes": {"sfb": 0.007425857007466309, "oneh-in": 0.012241973139779478, "dsfb-alt": 0.026501930144934235, "sfT": 8.09042786805668e-06, "oneh-out": 0.016982963870460693, "alternate": 0.26330413074131437, "unknown": 0.013894731975682485, "sft": 0.0, "redirect": 0.05383948591109775, "roll-in": 0.2148817641755854, "bad-redirect": 0.01599824322137722, "roll-out": 0.26232865629550867, "sfR": 0.09677191928064538, "dsfb-red": 0.015820253808279974, "dsfb": 0.0}, "gutenberg": {"sfb": 0.009431867736757138, "oneh-in": 0.009297746497977004, "dsfb-alt": 0.022725025318225373, "sfT": 1.74281835702998e-05, "oneh-out": 0.026396120637886673, "alternate": 0.23878619521156869, "unknown": 0.03298207965968062, "sft": 0.0, "redirect": 0.052430038156355815, "roll-in": 0.21258595220206994, "bad-redirect": 0.01658178004647263, "roll-out": 0.25801459648261366, "sfR": 0.09863878308844841, "dsfb-red": 0.022112386778373745, "dsfb": 0.0}, "english-200": {"sfb": 0.0, "oneh-in": 0.0066815144766146995, "dsfb-alt": 0.022271714922048998, "sfT": 0.0, "oneh-out": 0.015590200445434299, "alternate": 0.2739420935412027, "unknown": 0.0, "sft": 0.0, "redirect": 0.062360801781737196, "roll-in": 0.19376391982182628, "bad-redirect": 0.013363028953229399, "roll-out": 0.2828507795100223, "sfR": 0.10690423162583519, "dsfb-red": 0.022271714922048998, "dsfb": 0.0}, "monkeyracer": {"sfb": 0.007306997513177034, "oneh-in": 0.012414564336769006, "dsfb-alt": 0.02647430282934764, "sfT": 7.820198007413547e-06, "oneh-out": 0.017151649279759762, "alternate": 0.26287106839545177, "unknown": 0.013491796612290222, "sft": 0.0, "redirect": 0.05419397219137589, "roll-in": 0.21457157045216385, "bad-redirect": 0.01612133819228303, "roll-out": 0.2626481927522405, "sfR": 0.09690789370786869, "dsfb-red": 0.015838833539265216, "dsfb": 0.0}, "chained-bigrams": {"sfb": 0.011563467261083468, "oneh-in": 0.010643402512419575, "dsfb-alt": 0.03812002916676677, "sfT": 2.077775014625588e-05, "oneh-out": 0.014608706266894096, "alternate": 0.2593777453414012, "unknown": 0.023159399756770463, "sft": 0.0, "redirect": 0.05606746016028736, "roll-in": 0.20669900636902971, "bad-redirect": 0.02357430545500351, "roll-out": 0.2154983835559691, "sfR": 0.11914286586209158, "dsfb-red": 0.021524450542136954, "dsfb": 0.0}, "english-5k": {"sfb": 0.011863774007549675, "oneh-in": 0.009167461733106567, "dsfb-alt": 0.02899572738208819, "sfT": 0.0, "oneh-out": 0.0115734019164558, "alternate": 0.28618243663666154, "unknown": 0.002157049819554486, "sft": 0.0, "redirect": 0.04434396648276434, "roll-in": 0.2633260048948438, "bad-redirect": 0.01804455137511926, "roll-out": 0.20367528103870244, "sfR": 0.10644211224955408, "dsfb-red": 0.014228232463599784, "dsfb": 0.0}, "mt-quotes": {"sfb": 0.006433702681058079, "oneh-in": 0.012314579075076798, "dsfb-alt": 0.0263384372646753, "sfT": 1.4941251001063816e-06, "oneh-out": 0.017316909910232964, "alternate": 0.2621517194391652, "unknown": 0.007995063410669249, "sft": 0.0, "redirect": 0.055195969448129954, "roll-in": 0.21384814907782598, "bad-redirect": 0.016082762577545092, "roll-out": 0.26979118107600913, "sfR": 0.0964592223377679, "dsfb-red": 0.01607080957674424, "dsfb": 0.0}, "wordle": {"sfb": 0.025356221249859756, "oneh-in": 0.016021541568495456, "dsfb-alt": 0.03792213620554247, "sfT": 0.00011219566924716706, "oneh-out": 0.019028385504319532, "alternate": 0.2697857062717379, "unknown": 0.0, "sft": 0.0, "redirect": 0.05706271737910917, "roll-in": 0.2124312801525861, "bad-redirect": 0.011870301806350275, "roll-out": 0.1945697296084371, "sfR": 0.13138112868843263, "dsfb-red": 0.02445865589588242, "dsfb": 0.0}, "english-1k": {"sfb": 0.008468595624558928, "oneh-in": 0.009880028228652082, "dsfb-alt": 0.019760056457304165, "sfT": 0.0, "oneh-out": 0.021524347212420608, "alternate": 0.27240649258997884, "unknown": 0.0, "sft": 0.0, "redirect": 0.04728299223712068, "roll-in": 0.23288637967537051, "bad-redirect": 0.016937191249117856, "roll-out": 0.2424135497529993, "sfR": 0.10832745236414962, "dsfb-red": 0.020112914608327453, "dsfb": 0.0}, "english-10k": {"sfb": 0.012273016730669033, "oneh-in": 0.0125817718685475, "dsfb-alt": 0.03126145771019471, "sfT": 0.0, "oneh-out": 0.011095887767507381, "alternate": 0.2940313772408869, "unknown": 0.0, "sft": 0.0, "redirect": 0.043013450145693834, "roll-in": 0.2651627718492503, "bad-redirect": 0.015032515775457826, "roll-out": 0.1971015611431659, "sfR": 0.10567144593890508, "dsfb-red": 0.012774743829721541, "dsfb": 0.0}, "reddit": {"sfb": 0.008655434312151728, "oneh-in": 0.01282541830098043, "dsfb-alt": 0.027829209927637898, "sfT": 2.063903470747727e-05, "oneh-out": 0.014043870496986832, "alternate": 0.2525103115576534, "unknown": 0.04519937363713543, "sft": 0.0, "redirect": 0.050503643014370346, "roll-in": 0.20801105443180196, "bad-redirect": 0.014571757822091146, "roll-out": 0.24727578788391275, "sfR": 0.10397777127267367, "dsfb-red": 0.01457572830789694, "dsfb": 0.0}, "akl": {"sfb": 0.015252021846060781, "oneh-in": 0.014035983773437758, "dsfb-alt": 0.028335025303975442, "sfT": 7.24245214436679e-05, "oneh-out": 0.011206904776685277, "alternate": 0.2333521798170144, "unknown": 0.07331127266302054, "sft": 0.0, "redirect": 0.05128851835289415, "roll-in": 0.19698683013667975, "bad-redirect": 0.011367242382755603, "roll-out": 0.23283362272164784, "sfR": 0.11790358951788564, "dsfb-red": 0.014054384186499153, "dsfb": 0.0}, "french": {"sfb": 0.04457792063859547, "oneh-in": 0.0036057539428115963, "dsfb-alt": 0.02447561955257549, "sfT": 3.158171522362873e-05, "oneh-out": 0.020292989924429062, "alternate": 0.18013422318861072, "unknown": 0.15842537463172957, "sft": 0.0, "redirect": 0.04168354932574761, "roll-in": 0.1899926923087122, "bad-redirect": 0.025306602198018464, "roll-out": 0.18931879423827863, "sfR": 0.10898279115633469, "dsfb-red": 0.013172107178932874, "dsfb": 0.0}, "keymash": {"sfb": 0.007577592328816607, "oneh-in": 0.011411542076982755, "dsfb-alt": 0.026143924995792506, "sfT": 0.0, "oneh-out": 0.018164055284406004, "alternate": 0.2638488093820937, "unknown": 0.012376186820900362, "sft": 0.0, "redirect": 0.053642457504320375, "roll-in": 0.21480380767857216, "bad-redirect": 0.01555746204020311, "roll-out": 0.25957974328135197, "sfR": 0.099723742164827, "dsfb-red": 0.017170676441733406, "dsfb": 0.0}, "movie": {"sfb": 0.007285914333228625, "oneh-in": 0.014710137994809518, "dsfb-alt": 0.03234503795215866, "sfT": 5.921902736300698e-06, "oneh-out": 0.018894949261795344, "alternate": 0.247984019811265, "unknown": 0.030282373430185833, "sft": 0.0, "redirect": 0.051270912706021354, "roll-in": 0.18585957536799033, "bad-redirect": 0.013430085818898476, "roll-out": 0.2647989336363944, "sfR": 0.11567713207251198, "dsfb-red": 0.017455005712004184, "dsfb": 0.0}, "dutch": {"sfb": 0.020613456221912085, "oneh-in": 0.009761219557949261, "dsfb-alt": 0.024160597660626653, "sfT": 1.9239742213991906e-05, "oneh-out": 0.012805922211409157, "alternate": 0.2544394763792089, "unknown": 0.07360268279108878, "sft": 0.0, "redirect": 0.0299113081952444, "roll-in": 0.20992082872975135,