{"english-450k": {"redirect": 0.05513970932601922, "dsfb-alt": 0.030645482871143735, "unknown": 0.00015377410175167997, "roll-in": 0.2157564662594479, "sfT": 0.0002826987764142101, "sfb": 0.03157397440567479, "oneh-out": 0.035267768655926644, "sfR": 0.11369548401129392, "bad-redirect": 0.022017761785790922, "roll-out": 0.2452042067448946, "oneh-in": 0.028235088443496204, "dsfb-red": 0.030469490458112345, "dsfb": 0.0, "alternate": 0.19155809416003383, "sft": 0.0}, "shai": {"redirect": 0.046338840976668245, "dsfb-alt": 0.02692096129807938, "unknown": 0.024097749651430984, "roll-in": 0.21060941367022198, "sfT": 4.4861908458329474e-05, "sfb": 0.019410703940664464, "oneh-out": 0.04615922691525631, "sfR": 0.09823378925716947, "bad-redirect": 0.01931366892151523, "roll-out": 0.2615798180474376, "oneh-in": 0.02155708945877132, "dsfb-red": 0.025015996399590915, "dsfb": 0.0, "alternate": 0.20071787955473577, "sft": 0.0}, "tr-quotes": {"redirect": 0.048933219296826244, "dsfb-alt": 0.02573218372205913, "unknown": 0.013894731975682485, "roll-in": 0.21459513187397425, "sfT": 3.8140588520838634e-05, "sfb": 0.02006194956196112, "oneh-out": 0.04698920505767319, "sfR": 0.09677191928064538, "bad-redirect": 0.022158526155197523, "roll-out": 0.26258754998728645, "oneh-in": 0.023269226323940732, "dsfb-red": 0.025017914518850697, "dsfb": 0.0, "alternate": 0.19995030165738195, "sft": 0.0}, "gutenberg": {"redirect": 0.04580562346864045, "dsfb-alt": 0.027620261096922297, "unknown": 0.03298207965968062, "roll-in": 0.2118378663659926, "sfT": 0.0001720085943677415, "sfb": 0.016191540283920267, "oneh-out": 0.05353104470973171, "sfR": 0.09863878308844841, "bad-redirect": 0.021219192370395882, "roll-out": 0.2503497950104626, "oneh-in": 0.019888967315714955, "dsfb-red": 0.025307995785410563, "dsfb": 0.0, "alternate": 0.1964548422503119, "sft": 0.0}, "english-200": {"redirect": 0.044543429844097995, "dsfb-alt": 0.017817371937639197, "unknown": 0.0, "roll-in": 0.21158129175946547, "sfT": 0.0, "sfb": 0.0066815144766146995, "oneh-out": 0.0334075723830735, "sfR": 0.10690423162583519, "bad-redirect": 0.013363028953229399, "roll-out": 0.2806236080178174, "oneh-in": 0.022271714922048998, "dsfb-red": 0.028953229398663696, "dsfb": 0.0, "alternate": 0.23385300668151449, "sft": 0.0}, "monkeyracer": {"redirect": 0.049150922001345076, "dsfb-alt": 0.025739204216650765, "unknown": 0.013491796612290222, "roll-in": 0.21437020035347296, "sfT": 3.714594053521435e-05, "sfb": 0.019872100661588753, "oneh-out": 0.047109850321410136, "sfR": 0.09690789370786869, "bad-redirect": 0.022060778578913618, "roll-out": 0.2630304049298528, "oneh-in": 0.02336968422040446, "dsfb-red": 0.024911240752615856, "dsfb": 0.0, "alternate": 0.19994877770305144, "sft": 0.0}, "chained-bigrams": {"redirect": 0.04670123997717045, "dsfb-alt": 0.03462287409527508, "unknown": 0.023159399756770463, "roll-in": 0.20925596824640333, "sfT": 6.168394574669716e-05, "sfb": 0.019627182231906962, "oneh-out": 0.038888156617486166, "sfR": 0.11914286586209158, "bad-redirect": 0.02091735065505104, "roll-out": 0.25156401267702483, "oneh-in": 0.01763511543663468, "dsfb-red": 0.03629158715389625, "dsfb": 0.0, "alternate": 0.1821325633445425, "sft": 0.0}, "english-5k": {"redirect": 0.05002696312274443, "dsfb-alt": 0.02916165429128469, "unknown": 0.002157049819554486, "roll-in": 0.19363670303231426, "sfT": 0.0, "sfb": 0.01920603973949475, "oneh-out": 0.040818019662338736, "sfR": 0.10644211224955408, "bad-redirect": 0.021694943377442235, "roll-out": 0.2839009416352097, "oneh-in": 0.022234205832330857, "dsfb-red": 0.028041647654208322, "dsfb": 0.0, "alternate": 0.20267971958352346, "sft": 0.0}, "mt-quotes": {"redirect": 0.049137292167198574, "dsfb-alt": 0.02549873895841551, "unknown": 0.007995063410669249, "roll-in": 0.2171785539259631, "sfT": 1.942362630138296e-05, "sfb": 0.01926674316587179, "oneh-out": 0.04795992158831475, "sfR": 0.0964592223377679, "bad-redirect": 0.02193525059466179, "roll-out": 0.2652176641445835, "oneh-in": 0.023629588458182426, "dsfb-red": 0.024992230549479445, "dsfb": 0.0, "alternate": 0.20071030707259058, "sft": 0.0}, "wordle": {"redirect": 0.04905194659486144, "dsfb-alt": 0.03487041400201952, "unknown": 0.0, "roll-in": 0.20897565353977338, "sfT": 0.0005161000785369685, "sfb": 0.046426567934477726, "oneh-out": 0.03406260518343992, "sfR": 0.13138112868843263, "bad-redirect": 0.01828789408728823, "roll-out": 0.22232693818018626, "oneh-in": 0.029283069673510603, "dsfb-red": 0.037585549197800966, "dsfb": 0.0, "alternate": 0.18723213283967238, "sft": 0.0}, "english-1k": {"redirect": 0.0529287226534933, "dsfb-alt": 0.02646436132674665, "unknown": 0.0, "roll-in": 0.19724770642201836, "sfT": 0.0, "sfb": 0.01799576570218772, "oneh-out": 0.046224417784050814, "sfR": 0.10832745236414962, "bad-redirect": 0.0187014820042343, "roll-out": 0.2544107268877911, "oneh-in": 0.027522935779816515, "dsfb-red": 0.031051517290049402, "dsfb": 0.0, "alternate": 0.21912491178546226, "sft": 0.0}, "english-10k": {"redirect": 0.0479921267439841, "dsfb-alt": 0.03037378668879412, "unknown": 0.0, "roll-in": 0.20024700411030277, "sfT": 9.64859805870207e-05, "sfb": 0.021960209181605912, "oneh-out": 0.039636440825148105, "sfR": 0.10567144593890508, "bad-redirect": 0.021593562455375234, "roll-out": 0.27793751567897185, "oneh-in": 0.0256266764439127, "dsfb-red": 0.02674591381872214, "dsfb": 0.0, "alternate": 0.20211883213369097, "sft": 0.0}, "reddit": {"redirect": 0.043777302942635654, "dsfb-alt": 0.027490894571053623, "unknown": 0.04519937363713543, "roll-in": 0.20331794020935323, "sfT": 9.32689590229009e-05, "sfb": 0.01894625928733151, "oneh-out": 0.04025387136412595, "sfR": 0.10397777127267367, "bad-redirect": 0.01957599331909577, "roll-out": 0.25436730027754073, "oneh-in": 0.019666977375909677, "dsfb-red": 0.024299522961113398, "dsfb": 0.0, "alternate": 0.19903352382300848, "sft": 0.0}, "akl": {"redirect": 0.04114796659028147, "dsfb-alt": 0.022389436136197493, "unknown": 0.13920166722946467, "roll-in": 0.1689029723319576, "sfT": 0.00014545365418394953, "sfb": 0.025876444743066017, "oneh-out": 0.033266587393148576, "sfR": 0.13064861186637447, "bad-redirect": 0.015328942314741101, "roll-out": 0.21168220894265471, "oneh-in": 0.016727244353960814, "dsfb-red": 0.023676455135083502, "dsfb": 0.0, "alternate": 0.17100600930888563, "sft": 0.0}, "french": {"redirect": 0.037350561968007095, "dsfb-alt": 0.025870743320763123, "unknown": 0.15842537463172957, "roll-in": 0.16153464543374615, "sfT": 0.000462249640184934, "sfb": 0.05052771802646101, "oneh-out": 0.042788684630999496, "sfR": 0.10898279115633469, "bad-redirect": 0.023758034441538418, "roll-out": 0.20407070630663332, "oneh-in": 0.023153037845636815, "dsfb-red": 0.024386867142241152, "dsfb": 0.0, "alternate": 0.13868858545572424, "sft": 0.0}, "keymash": {"redirect": 0.0487125071322138, "dsfb-alt": 0.026078247055781094, "unknown": 0.012376186820900362, "roll-in": 0.21402798701218737, "sfT": 5.3363326259271875e-05, "sfb": 0.020943053121138856, "oneh-out": 0.04631526232179728, "sfR": 0.099723742164827, "bad-redirect": 0.021197555138683075, "roll-out": 0.2616650178767143, "oneh-in": 0.02345933919782606, "dsfb-red": 0.024748268770550013, "dsfb": 0.0, "alternate": 0.20069947006112154, "sft": 0.0}, "movie": {"redirect": 0.04495750639993189, "dsfb-alt": 0.028207470309224655, "unknown": 0.030282373430185833, "roll-in": 0.19470795083873224, "sfT": 2.539838284680077e-05, "sfb": 0.02554827278494847, "oneh-out": 0.040278150455545655, "sfR": 0.11567713207251198, "bad-redirect": 0.02411833067088973, "roll-out": 0.25525374761034775, "oneh-in": 0.021317665470135253, "dsfb-red": 0.024866595981080968, "dsfb": 0.0, "alternate": 0.19475940559361876, "sft": 0.0}, "dutch": {"redirect": 0.03188575760241469, "dsfb-alt": 0.022760650900740895, "unknown": 0.07360268279108878, "roll-in": 0.1631984685380367, "sfT": 7.923617972379333e-05, "sfb": 0.0227311188826361, "oneh-out": 0.036841560167013156, "sfR": 0.18880787437283908,