{"english-450k": {"sfb": 0.017972275055677334, "oneh-out": 0.012294034792706078, "dsfb-alt": 0.033646416624909886, "dsfb": 0.0, "sfR": 0.11369548401129392, "bad-redirect": 0.01627754412819732, "roll-in": 0.2266337913618714, "oneh-in": 0.015532061315522823, "redirect": 0.05804913871885709, "sft": 0.0, "roll-out": 0.19848055985466886, "unknown": 0.00015377410175167997, "sfT": 1.7540772062929275e-06, "dsfb-red": 0.01869232374886058, "alternate": 0.28857084220847673}, "shai": {"sfb": 0.012551329361571424, "oneh-out": 0.017719083716323185, "dsfb-alt": 0.03266894798882721, "dsfb": 0.0, "sfR": 0.09823378925716947, "bad-redirect": 0.017443646073717973, "roll-in": 0.22324688672056547, "oneh-in": 0.017458001419975583, "redirect": 0.04806890210126042, "sft": 0.0, "roll-out": 0.2326048269261554, "unknown": 0.024097749651430984, "sfT": 1.685563034561512e-05, "dsfb-red": 0.014830918869109895, "alternate": 0.26105906228354736}, "tr-quotes": {"sfb": 0.01329026143639768, "oneh-out": 0.021312498555280737, "dsfb-alt": 0.028893229467649845, "dsfb": 0.0, "sfR": 0.09677191928064538, "bad-redirect": 0.01694829060816902, "roll-in": 0.20867871755160536, "oneh-in": 0.027413836943205195, "redirect": 0.05148748295231271, "sft": 0.0, "roll-out": 0.246923325859319, "unknown": 0.013894731975682485, "sfT": 6.934652458334297e-06, "dsfb-red": 0.016151961350870297, "alternate": 0.2582268093664039}, "gutenberg": {"sfb": 0.013446033061264233, "oneh-out": 0.028320419428181295, "dsfb-alt": 0.02741794261808447, "dsfb": 0.0, "sfR": 0.09863878308844841, "bad-redirect": 0.0171747171614187, "roll-in": 0.20719192938706216, "oneh-in": 0.017783566965711563, "redirect": 0.05288127656140423, "sft": 0.0, "roll-out": 0.2515131262637801, "unknown": 0.03298207965968062, "sfT": 1.8375367459990004e-05, "dsfb-red": 0.022490881460693952, "alternate": 0.2301408689768103}, "english-200": {"sfb": 0.0022271714922048997, "oneh-out": 0.026726057906458798, "dsfb-alt": 0.024498886414253896, "dsfb": 0.0, "sfR": 0.10690423162583519, "bad-redirect": 0.013363028953229399, "roll-in": 0.19376391982182628, "oneh-in": 0.015590200445434299, "redirect": 0.053452115812917596, "sft": 0.0, "roll-out": 0.2739420935412027, "unknown": 0.0, "sfT": 0.0, "dsfb-red": 0.022271714922048998, "alternate": 0.267260579064588}, "monkeyracer": {"sfb": 0.013183876315748315, "oneh-out": 0.02133838778797879, "dsfb-alt": 0.028938642726433834, "dsfb": 0.0, "sfR": 0.09690789370786869, "bad-redirect": 0.017092020269953236, "roll-in": 0.2084317374915933, "oneh-in": 0.02797284827251826, "redirect": 0.05182738476938236, "sft": 0.0, "roll-out": 0.24679371881696044, "unknown": 0.013491796612290222, "sfT": 7.820198007413547e-06, "dsfb-red": 0.016118405618030247, "alternate": 0.2578954674132349}, "chained-bigrams": {"sfb": 0.013451645305624472, "oneh-out": 0.01695399481465273, "dsfb-alt": 0.038132365955916105, "dsfb": 0.0, "sfR": 0.11914286586209158, "bad-redirect": 0.023329517586092932, "roll-in": 0.20031179611313224, "oneh-in": 0.013145822795659269, "redirect": 0.058224450347345545, "sft": 0.0, "roll-out": 0.21345177516656288, "unknown": 0.023159399756770463, "sfT": 2.1427054838326378e-05, "dsfb-red": 0.02293019520046958, "alternate": 0.25774474404084385}, "english-5k": {"sfb": 0.010577840461276808, "oneh-out": 0.013979342099805036, "dsfb-alt": 0.03584021238644377, "dsfb": 0.0, "sfR": 0.10644211224955408, "bad-redirect": 0.016841581283444644, "roll-in": 0.24665035052059567, "oneh-in": 0.008628199278217945, "redirect": 0.04741361430289957, "sft": 0.0, "roll-out": 0.21056124777035715, "unknown": 0.002157049819554486, "sfT": 0.0, "dsfb-red": 0.015057867009582279, "alternate": 0.28585058281826853}, "mt-quotes": {"sfb": 0.012469968085487861, "oneh-out": 0.021938238844862002, "dsfb-alt": 0.028316658897216147, "dsfb": 0.0, "sfR": 0.0964592223377679, "bad-redirect": 0.017130144272719666, "roll-in": 0.20849918121944513, "oneh-in": 0.02936404059239072, "redirect": 0.0524901088918373, "sft": 0.0, "roll-out": 0.25220383452265693, "unknown": 0.007995063410669249, "sfT": 8.96475060063829e-06, "dsfb-red": 0.016147009956849666, "alternate": 0.2569775642174968}, "wordle": {"sfb": 0.022843038258723213, "oneh-out": 0.020756198810725907, "dsfb-alt": 0.038438236284079434, "dsfb": 0.0, "sfR": 0.13138112868843263, "bad-redirect": 0.01584202849769999, "roll-in": 0.21869179849657802, "oneh-in": 0.016088858970043755, "redirect": 0.057511500056097835, "sft": 0.0, "roll-out": 0.18413553236845057, "unknown": 0.0, "sfT": 0.0, "dsfb-red": 0.02282059912487378, "alternate": 0.2714910804442949}, "english-1k": {"sfb": 0.009174311926605505, "oneh-out": 0.024700070571630206, "dsfb-alt": 0.025758645024700072, "dsfb": 0.0, "sfR": 0.10832745236414962, "bad-redirect": 0.01834862385321101, "roll-in": 0.21383203952011293, "oneh-in": 0.008468595624558928, "redirect": 0.04798870853916726, "sft": 0.0, "roll-out": 0.2547635850388144, "unknown": 0.0, "sfT": 0.0, "dsfb-red": 0.019760056457304165, "alternate": 0.26887791107974596}, "english-10k": {"sfb": 0.011983558788907972, "oneh-out": 0.01346944288994809, "dsfb-alt": 0.036355917485189404, "dsfb": 0.0, "sfR": 0.10567144593890508, "bad-redirect": 0.01570791763956697, "roll-in": 0.2535844541788078, "oneh-in": 0.01142394010150325, "redirect": 0.04463441461955578, "sft": 0.0, "roll-out": 0.2011925667200556, "unknown": 0.0, "sfT": 0.0, "dsfb-red": 0.013295768124891453, "alternate": 0.29268057351266863}, "reddit": {"sfb": 0.013231494118156039, "oneh-out": 0.019698666347529505, "dsfb-alt": 0.02969803519011604, "dsfb": 0.0, "sfR": 0.10397777127267367, "bad-redirect": 0.0157191907625524, "roll-in": 0.202834065344832, "oneh-in": 0.022843665679851115, "redirect": 0.04940044727897176, "sft": 0.0, "roll-out": 0.23595731877588424, "unknown": 0.04519937363713543, "sfT": 6.0006776046059135e-05, "dsfb-red": 0.014845721342690944, "alternate": 0.2465342434735608}, "akl": {"sfb": 0.01759996627906451, "oneh-out": 0.015994614533362466, "dsfb-alt": 0.024345116973571737, "dsfb": 0.0, "sfR": 0.13064861186637447, "bad-redirect": 0.012269251688017206, "roll-in": 0.1759675429077779, "oneh-in": 0.02034275719990029, "redirect": 0.04456035823848929, "sft": 0.0, "roll-out": 0.19849818299058, "unknown": 0.13920166722946467, "sfT": 8.254809896867257e-05, "dsfb-red": 0.01421900270086212, "alternate": 0.20627037929356667}, "french": {"sfb": 0.0391859720013712, "oneh-out": 0.015097483151536965, "dsfb-alt": 0.025315201773226416, "dsfb": 0.0, "sfR": 0.10898279115633469, "bad-redirect": 0.023435340625503436, "roll-in": 0.21330064236279891, "oneh-in": 0.008686350015625309, "redirect": 0.043690636244665584, "sft": 0.0, "roll-out": 0.1704700535299586, "unknown": 0.15842537463172957, "sfT": 0.00029548679760703486, "dsfb-red": 0.014255354018368003, "alternate": 0.1788593136912743}, "keymash": {"sfb": 0.01345576795983794, "oneh-out": 0.021985690418820012, "dsfb-alt": 0.028766937724998255, "dsfb": 0.0, "sfR": 0.099723742164827, "bad-redirect": 0.016423589874103597, "roll-in": 0.21008731061150268, "oneh-in": 0.026295805232068897, "redirect": 0.0510112350326132, "sft": 0.0, "roll-out": 0.24469958499751654, "unknown": 0.012376186820900362, "sfT": 1.6419485002852885e-05, "dsfb-red": 0.017351290776764786, "alternate": 0.2578064389010439}, "movie": {"sfb": 0.017231420984249186, "oneh-out": 0.0222987273567824, "dsfb-alt": 0.029431988197253053, "dsfb": 0.0, "sfR": 0.11567713207251198, "bad-redirect": 0.016819256553802658, "roll-in": 0.18668364103320623, "oneh-in": 0.038604752340105665, "redirect": 0.046108855889707326, "sft": 0.0, "roll-out": 0.2325565419983316, "unknown": 0.030282373430185833, "sfT": 2.2108436882189272e-05, "dsfb-red": 0.01913208856692454, "alternate": 0.24515111314005733}, "dutch": {"sfb": 0.022643975222654742, "oneh-out": 0.007582108065382418, "dsfb-alt": 0.034357589310865425, "dsfb": 0.0, "sfR": 0.18880787437283908, "bad-redirect": 0.007966777394102611, "roll-in": 0.20916780709506466, "oneh-in": 0.009740509490608012, "redirect": 0.02786834522330276, "sft": 0.0,