{"english-450k": {"redirect": 0.03761677038135393, "sft": 0.0, "dsfb-red": 0.013333033191233589, "sfb": 0.03347627113589947, "sfT": 1.4617310052441062e-05, "oneh-in": 0.013041271682586866, "roll-out": 0.17510368058020195, "bad-redirect": 0.002099338069731585, "oneh-out": 0.0057370018493820675, "alternate": 0.3111069338087272, "unknown": 0.00015377410175167997, "dsfb": 0.0, "sfR": 0.11369548401129392, "dsfb-alt": 0.03617462657158009, "roll-in": 0.2584471973062052}, "shai": {"redirect": 0.031397151007560305, "sft": 0.0, "dsfb-red": 0.009127581214336117, "sfb": 0.023793508426499233, "sfT": 3.4183450565435765e-05, "oneh-in": 0.016956891851179375, "roll-out": 0.14864723019612444, "bad-redirect": 0.003275759196168729, "oneh-out": 0.005481776102733654, "alternate": 0.29518869094414135, "unknown": 0.023621906111313578, "dsfb": 0.0, "sfR": 0.09823378925716947, "dsfb-alt": 0.033854318741479296, "roll-in": 0.310387213500729}, "tr-quotes": {"redirect": 0.03641848316035228, "sft": 0.0, "dsfb-red": 0.009373338572848524, "sfb": 0.026118212708906404, "sfT": 1.1557754097223828e-05, "oneh-in": 0.02421927371073253, "roll-out": 0.13724255102748434, "bad-redirect": 0.0029668754767573566, "oneh-out": 0.004866970250340954, "alternate": 0.2921095212778253, "unknown": 0.0147164882919951, "dsfb": 0.0, "sfR": 0.09677191928064538, "dsfb-alt": 0.028930214280760962, "roll-in": 0.32625459420725367}, "gutenberg": {"redirect": 0.028856525509745955, "sft": 0.0, "dsfb-red": 0.008892351793189597, "sfb": 0.028738695833868493, "sfT": 4.603313703894403e-05, "oneh-in": 0.01574333286731886, "roll-out": 0.1304893568735051, "bad-redirect": 0.002967716563177355, "oneh-out": 0.004791992734720692, "alternate": 0.2767853184981604, "unknown": 0.03781669566943737, "dsfb": 0.0, "sfR": 0.09863878308844841, "dsfb-alt": 0.02325241730800488, "roll-in": 0.34298078012338395}, "english-200": {"redirect": 0.028953229398663696, "sft": 0.0, "dsfb-red": 0.004454342984409799, "sfb": 0.0200445434298441, "sfT": 0.0, "oneh-in": 0.017817371937639197, "roll-out": 0.1291759465478842, "bad-redirect": 0.0022271714922048997, "oneh-out": 0.004454342984409799, "alternate": 0.30957683741648107, "unknown": 0.0, "dsfb": 0.0, "sfR": 0.10690423162583519, "dsfb-alt": 0.024498886414253896, "roll-in": 0.3518930957683742}, "monkeyracer": {"redirect": 0.03644016766504528, "sft": 0.0, "dsfb-red": 0.009354911866368457, "sfb": 0.026038326790434333, "sfT": 1.5640396014827094e-05, "oneh-in": 0.02476754461422963, "roll-out": 0.1365680279024665, "bad-redirect": 0.002940394450787494, "oneh-out": 0.004870028309116787, "alternate": 0.29208928320065064, "unknown": 0.014307052254563085, "dsfb": 0.0, "sfR": 0.09690789370786869, "dsfb-alt": 0.028779306192032783, "roll-in": 0.3269214226504215}, "chained-bigrams": {"redirect": 0.03830378239462272, "sft": 0.0, "dsfb-red": 0.014873622581258858, "sfb": 0.0265961694918996, "sfT": 0.00016557269647797656, "oneh-in": 0.02183222096617837, "roll-out": 0.12017590962717574, "bad-redirect": 0.00621384590311465, "oneh-out": 0.003719217276179803, "alternate": 0.30812948953613023, "unknown": 0.023334712023629495, "dsfb": 0.0, "sfR": 0.11914286586209158, "dsfb-alt": 0.041231497251168585, "roll-in": 0.27628109439007237}, "english-5k": {"redirect": 0.03256315592981292, "sft": 0.0, "dsfb-red": 0.010204504915584684, "sfb": 0.020533455013066745, "sfT": 0.0, "oneh-in": 0.014062305554403286, "roll-out": 0.17185879620027378, "bad-redirect": 0.0005807441821877463, "oneh-out": 0.004562990002903721, "alternate": 0.3154270543825445, "unknown": 0.002157049819554486, "dsfb": 0.0, "sfR": 0.10644211224955408, "dsfb-alt": 0.034554278840170906, "roll-in": 0.28705355290994317}, "mt-quotes": {"redirect": 0.037091655610140925, "sft": 0.0, "dsfb-red": 0.009000609603040843, "sfb": 0.02579606985333668, "sfT": 1.1953000800851053e-05, "oneh-in": 0.026070988871756254, "roll-out": 0.13478203703039648, "bad-redirect": 0.003037556328516274, "oneh-out": 0.004821541698043294, "alternate": 0.2928530019961511, "unknown": 0.008869126594231481, "dsfb": 0.0, "sfR": 0.0964592223377679, "dsfb-alt": 0.028218046640609125, "roll-in": 0.3329881904352088}, "wordle": {"redirect": 0.037316279591607764, "sft": 0.0, "dsfb-red": 0.016896667788623358, "sfb": 0.036934814316167394, "sfT": 4.4878267698866824e-05, "oneh-in": 0.009693705822955234, "roll-out": 0.1772242791428251, "bad-redirect": 0.004779535509929316, "oneh-out": 0.01038931897228767, "alternate": 0.2934141142151913, "unknown": 0.0, "dsfb": 0.0, "sfR": 0.13138112868843263, "dsfb-alt": 0.03940311903960507, "roll-in": 0.24252215864467633}, "english-1k": {"redirect": 0.033168666196189134, "sft": 0.0, "dsfb-red": 0.009174311926605505, "sfb": 0.02117148906139732, "sfT": 0.0, "oneh-in": 0.017290049400141144, "roll-out": 0.14043754410726889, "bad-redirect": 0.00035285815102328866, "oneh-out": 0.00529287226534933, "alternate": 0.3048694424841214, "unknown": 0.0, "dsfb": 0.0, "sfR": 0.10832745236414962, "dsfb-alt": 0.027875793930839804, "roll-in": 0.3320395201129146}, "english-10k": {"redirect": 0.030875513787846625, "sft": 0.0, "dsfb-red": 0.009995947588815345, "sfb": 0.023272418517589395, "sfT": 0.0, "oneh-in": 0.012157233553964608, "roll-out": 0.18191466779876883, "bad-redirect": 0.003705061654541595, "oneh-out": 0.006792613033326258, "alternate": 0.3108392350591459, "unknown": 0.0, "dsfb": 0.0, "sfR": 0.10567144593890508, "dsfb-alt": 0.03575770440554987, "roll-in": 0.2790181586615465}, "reddit": {"redirect": 0.037807340416904756, "sft": 0.0, "dsfb-red": 0.008984947176619382, "sfb": 0.02642538099339682, "sfT": 8.109529971268292e-05, "oneh-in": 0.019719567584129818, "roll-out": 0.1335868076488787, "bad-redirect": 0.0033068153576143525, "oneh-out": 0.004758702153070843, "alternate": 0.28442185512708645, "unknown": 0.03963713505476368, "dsfb": 0.0, "sfR": 0.10397777127267367, "dsfb-alt": 0.031127484995028466, "roll-in": 0.3061650969201204}, "akl": {"redirect": 0.034298945136102196, "sft": 0.0, "dsfb-red": 0.00963287640988064, "sfb": 0.029440664606826813, "sfT": 0.00010448844972718237, "oneh-in": 0.01729618630994753, "roll-out": 0.12345291804564942, "bad-redirect": 0.0031938529066999183, "oneh-out": 0.006984839143503063, "alternate": 0.24020251536732556, "unknown": 0.1306992130356914, "dsfb": 0.0, "sfR": 0.13064861186637447, "dsfb-alt": 0.02511974971791948, "roll-in": 0.2489251390043523}, "french": {"redirect": 0.02852721802258821, "sft": 0.0, "dsfb-red": 0.01246229764199498, "sfb": 0.017969711307316262, "sfT": 2.7296909457994093e-05, "oneh-in": 0.01139250449339041, "roll-out": 0.13814149366501205, "bad-redirect": 0.0037769064640235197, "oneh-out": 0.011466739502371948, "alternate": 0.22297588359998533, "unknown": 0.15819484908517076, "dsfb": 0.0, "sfR": 0.10898279115633469, "dsfb-alt": 0.02384515383149354, "roll-in": 0.2622371543208603}, "keymash": {"redirect": 0.03566722629744718, "sft": 0.0, "dsfb-red": 0.010056934564247392, "sfb": 0.026180868837048926, "sfT": 1.2314613752139664e-05, "oneh-in": 0.023923189649156653, "roll-out": 0.1344386383321087, "bad-redirect": 0.0029226683305078136, "oneh-out": 0.004999733183368704, "alternate": 0.29202875051824, "unknown": 0.013394194891077241, "dsfb": 0.0, "sfR": 0.099723742164827, "dsfb-alt": 0.027769454011074942, "roll-in": 0.3288822846071433}, "movie": {"redirect": 0.043464397323352603, "sft": 0.0, "dsfb-red": 0.00964954311204411, "sfb": 0.030884038748193985, "sfT": 2.4214002299540633e-05, "oneh-in": 0.0327316724019198, "roll-out": 0.12352996989436246, "bad-redirect": 0.0026727521016503817, "oneh-out": 0.004147042687312087, "alternate": 0.2750501420664466, "unknown": 0.030433447748880793, "dsfb": 0.0, "sfR": 0.11567713207251198, "dsfb-alt": 0.03174482021037494, "roll-in": 0.29999082763065066}, "dutch": {"redirect": 0.026063610783565307, "sft": 0.0, "dsfb-red": 0.01480802090328958, "sfb": 0.03127408441868132, "sfT": 0.00011337641194694393, "oneh-in": 0.008502155048366704, "roll-out": 0.16701830149547486, "bad-redirect": 0.003520532140070057,