{"english-450k": {"sfb": 0.02256152571974173, "oneh-out": 0.0058480934057806196, "dsfb-alt": 0.03532653024233746, "dsfb": 0.0, "sfR": 0.11369548401129392, "bad-redirect": 0.002696893704675376, "roll-in": 0.24184047135562686, "oneh-in": 0.011531303554169705, "redirect": 0.035687870146833806, "sft": 0.0, "roll-out": 0.20426258301901246, "unknown": 0.00015377410175167997, "sfT": 0.00014266494611182476, "dsfb-red": 0.01617522295783023, "alternate": 0.31007758283483433}, "shai": {"sfb": 0.011377956876214727, "oneh-out": 0.008010569621997298, "dsfb-alt": 0.03164642081623516, "dsfb": 0.0, "sfR": 0.09823378925716947, "bad-redirect": 0.003653491743489121, "roll-in": 0.23349231553554228, "oneh-in": 0.009103282787858559, "redirect": 0.02728699746999117, "sft": 0.0, "roll-out": 0.2501518013037395, "unknown": 0.023621906111313578, "sfT": 3.768617053392754e-05, "dsfb-red": 0.010268717064756273, "alternate": 0.293115065241159}, "tr-quotes": {"sfb": 0.009729317399043019, "oneh-out": 0.010250572108827813, "dsfb-alt": 0.02770624812186496, "dsfb": 0.0, "sfR": 0.09677191928064538, "bad-redirect": 0.003218834516076836, "roll-in": 0.2172360786851899, "oneh-in": 0.007529876794341323, "redirect": 0.030555234506830634, "sft": 0.0, "roll-out": 0.28113543376251127, "unknown": 0.0147164882919951, "sfT": 2.542705901389242e-05, "dsfb-red": 0.01136936270543908, "alternate": 0.2897552067682208}, "gutenberg": {"sfb": 0.009195071764334586, "oneh-out": 0.01269586342062959, "dsfb-alt": 0.02402228837354508, "dsfb": 0.0, "sfR": 0.09863878308844841, "bad-redirect": 0.003229139316731852, "roll-in": 0.21034074750994827, "oneh-in": 0.0066452527332885505, "redirect": 0.027032438774980554, "sft": 0.0, "roll-out": 0.2825426810532533, "unknown": 0.03781669566943737, "sfT": 0.00015401210046362757, "dsfb-red": 0.018624287386200592, "alternate": 0.2690627388087382}, "english-200": {"sfb": 0.0, "oneh-out": 0.0066815144766146995, "dsfb-alt": 0.024498886414253896, "dsfb": 0.0, "sfR": 0.10690423162583519, "bad-redirect": 0.0022271714922048997, "roll-in": 0.21603563474387527, "oneh-in": 0.0066815144766146995, "redirect": 0.035634743875278395, "sft": 0.0, "roll-out": 0.28507795100222716, "unknown": 0.0, "sfT": 0.0, "dsfb-red": 0.015590200445434299, "alternate": 0.30066815144766146}, "monkeyracer": {"sfb": 0.009669674836166852, "oneh-out": 0.01035589721131739, "dsfb-alt": 0.027584770946400362, "dsfb": 0.0, "sfR": 0.09690789370786869, "bad-redirect": 0.003179888014764534, "roll-in": 0.21718058401238718, "oneh-in": 0.0075963448394513345, "redirect": 0.03066690648607223, "sft": 0.0, "roll-out": 0.2817324084645823, "unknown": 0.014307052254563085, "sfT": 2.4438118773167336e-05, "dsfb-red": 0.011350039883009838, "alternate": 0.28944410122464304}, "chained-bigrams": {"sfb": 0.012501063236433265, "oneh-out": 0.0074533685602772275, "dsfb-alt": 0.04172496881714216, "dsfb": 0.0, "sfR": 0.11914286586209158, "bad-redirect": 0.005517141968523007, "roll-in": 0.2036362361365332, "oneh-in": 0.008629259357616896, "redirect": 0.03687206554860727, "sft": 0.0, "roll-out": 0.22332575161887894, "unknown": 0.023334712023629495, "sfT": 3.4413148679736306e-05, "dsfb-red": 0.016976071174183125, "alternate": 0.3008520825474041}, "english-5k": {"sfb": 0.012859335462728667, "oneh-out": 0.004148172729912474, "dsfb-alt": 0.03426390674907703, "dsfb": 0.0, "sfR": 0.10644211224955408, "bad-redirect": 0.0017007508192641142, "roll-in": 0.2767246028124611, "oneh-in": 0.014062305554403286, "redirect": 0.027709793835815323, "sft": 0.0, "roll-out": 0.19409300203260463, "unknown": 0.002157049819554486, "sfT": 0.0, "dsfb-red": 0.010619322188575933, "alternate": 0.3152196457460489}, "mt-quotes": {"sfb": 0.008734655335221907, "oneh-out": 0.01053806433105031, "dsfb-alt": 0.027208018072937212, "dsfb": 0.0, "sfR": 0.0964592223377679, "bad-redirect": 0.003257192718231912, "roll-in": 0.21605945422598344, "oneh-in": 0.007267424486917441, "redirect": 0.03126008534442572, "sft": 0.0, "roll-out": 0.28970488041022696, "unknown": 0.008869126594231481, "sfT": 1.3447125900957435e-05, "dsfb-red": 0.011286621006203607, "alternate": 0.28934180801090115}, "wordle": {"sfb": 0.028722091327274768, "oneh-out": 0.012812745428026477, "dsfb-alt": 0.04232020644003141, "dsfb": 0.0, "sfR": 0.13138112868843263, "bad-redirect": 0.005475148659261753, "roll-in": 0.20008975653539773, "oneh-in": 0.008212722988892628, "redirect": 0.03617188376528666, "sft": 0.0, "roll-out": 0.22439133849433412, "unknown": 0.0, "sfT": 0.00029170874004263433, "dsfb-red": 0.02237181644788511, "alternate": 0.28775945248513407}, "english-1k": {"sfb": 0.009880028228652082, "oneh-out": 0.008115737473535639, "dsfb-alt": 0.027522935779816515, "dsfb": 0.0, "sfR": 0.10832745236414962, "bad-redirect": 0.00035285815102328866, "roll-in": 0.25335215243472126, "oneh-in": 0.012350035285815103, "redirect": 0.027170077628793227, "sft": 0.0, "roll-out": 0.23076923076923078, "unknown": 0.0, "sfT": 0.0, "dsfb-red": 0.016231474947071278, "alternate": 0.30592801693719124}, "english-10k": {"sfb": 0.01327647092877405, "oneh-out": 0.0061172111692171125, "dsfb-alt": 0.03506300534532333, "dsfb": 0.0, "sfR": 0.10567144593890508, "bad-redirect": 0.004129599969124486, "roll-in": 0.2745991007506609, "oneh-in": 0.012292313926786438, "redirect": 0.027440612878948688, "sft": 0.0, "roll-out": 0.19972597981513285, "unknown": 0.0, "sfT": 7.718878446961657e-05, "dsfb-red": 0.010034541981050154, "alternate": 0.31157252851160727}, "reddit": {"sfb": 0.01208994199157695, "oneh-out": 0.00819055035615445, "dsfb-alt": 0.03123180389096372, "dsfb": 0.0, "sfR": 0.10397777127267367, "bad-redirect": 0.003400758550075973, "roll-in": 0.21158849960023576, "oneh-in": 0.0086478304572595, "redirect": 0.029833106622339563, "sft": 0.0, "roll-out": 0.2601740233962749, "unknown": 0.03963713505476368, "sfT": 5.644832178614926e-05, "dsfb-red": 0.009842047706885253, "alternate": 0.28133008277901045}, "akl": {"sfb": 0.019850878255192616, "oneh-out": 0.006048396312311306, "dsfb-alt": 0.02798491739247925, "dsfb": 0.0, "sfR": 0.13064861186637447, "bad-redirect": 0.0033765409174076003, "roll-in": 0.17879693397434407, "oneh-in": 0.00821384469241049, "redirect": 0.02702962266080467, "sft": 0.0, "roll-out": 0.224285186213662, "unknown": 0.1306992130356914, "sfT": 0.0001358176893237932, "dsfb-red": 0.008499365743497583, "alternate": 0.23443067124650074}, "french": {"sfb": 0.04077269850010674, "oneh-out": 0.011702089200876684, "dsfb-alt": 0.02707332050258734, "dsfb": 0.0, "sfR": 0.10898279115633469, "bad-redirect": 0.0029818352850848324, "roll-in": 0.19444748201216816, "oneh-in": 0.0075759560851155995, "redirect": 0.022044276935506316, "sft": 0.0, "roll-out": 0.20416348883148147, "unknown": 0.15819484908517076, "sfT": 0.00032455156398931176, "dsfb-red": 0.011746600242588922, "alternate": 0.20999006059898917}, "keymash": {"sfb": 0.010492050916822994, "oneh-out": 0.010549519114332979, "dsfb-alt": 0.02771609068481567, "dsfb": 0.0, "sfR": 0.099723742164827, "bad-redirect": 0.0031976947043055996, "roll-in": 0.2169834943127009, "oneh-in": 0.007589906942568747, "redirect": 0.030125650108984332, "sft": 0.0, "roll-out": 0.27801882493955576, "unknown": 0.013394194891077241, "sfT": 4.5153583757845434e-05, "dsfb-red": 0.0122325163271254, "alternate": 0.28993116130912555}, "movie": {"sfb": 0.01222925554181528, "oneh-out": 0.010762071239437135, "dsfb-alt": 0.028956393608608813, "dsfb": 0.0, "sfR": 0.11567713207251198, "bad-redirect": 0.0026901230163435303, "roll-in": 0.18176332944637183, "oneh-in": 0.006362755495558639, "redirect": 0.030649662997675062, "sft": 0.0, "roll-out": 0.28469744801523483, "unknown": 0.030433447748880793, "sfT": 2.645116555547645e-05, "dsfb-red": 0.013355338246582502, "alternate": 0.2823965914054241}, "dutch": {"sfb": 0.020958068156311627, "oneh-out": 0.009869557416716213, "dsfb-alt": 0.02311361858525388, "dsfb": 0.0, "sfR": 0.18880787437283908, "bad-redirect": 0.0028745035545827183, "roll-in": 0.2133466324838787, "oneh-in": 0.0077949645237442985,