{"english-450k": {"alternate": 0.3099331638115162, "dsfb-alt": 0.035470949265655576, "sfT": 0.00013594098348770187, "roll-in": 0.2420310810787107, "roll-out": 0.2044569932427099, "dsfb-red": 0.016185455074866937, "bad-redirect": 0.0026992324742837665, "dsfb": 0.0, "sfR": 0.11369548401129392, "redirect": 0.03569488645565898, "sfb": 0.022177967503965675, "oneh-out": 0.0058548173684047425, "unknown": 0.00015377410175167997, "sft": 0.0, "oneh-in": 0.01151025462769419}, "shai": {"alternate": 0.2923267790798521, "dsfb-alt": 0.03243470697754203, "sfT": 2.922545688627779e-05, "roll-in": 0.23293295631423136, "roll-out": 0.25073624851492415, "dsfb-red": 0.010467497390570384, "bad-redirect": 0.0036594444322311545, "dsfb": 0.0, "sfR": 0.09823378925716947, "redirect": 0.02711244203288733, "sfb": 0.010920652594273095, "oneh-out": 0.008013038942814864, "unknown": 0.023621906111313578, "sft": 0.0, "oneh-in": 0.009511312895304203}, "tr-quotes": {"alternate": 0.2867559695799912, "dsfb-alt": 0.03070548531009454, "sfT": 1.9648181965280506e-05, "roll-in": 0.21693788862948152, "roll-out": 0.28149719146575436, "dsfb-red": 0.012148355331591965, "bad-redirect": 0.0032315480455837823, "dsfb": 0.0, "sfR": 0.09677191928064538, "redirect": 0.02971383000855274, "sfb": 0.007743695245139964, "oneh-out": 0.010248260558008367, "unknown": 0.0147164882919951, "sft": 0.0, "oneh-in": 0.009509720071195766}, "gutenberg": {"alternate": 0.26848344114180367, "dsfb-alt": 0.024601586040479607, "sfT": 0.00015249660624012325, "roll-in": 0.21007364165305564, "roll-out": 0.28305453922724194, "dsfb-red": 0.018483535860192628, "bad-redirect": 0.0032816133042206895, "dsfb": 0.0, "sfR": 0.09863878308844841, "redirect": 0.027099878267926498, "sfb": 0.008762587600302038, "oneh-out": 0.012693021868960519, "unknown": 0.03781669566943737, "sft": 0.0, "oneh-in": 0.0068581796716909085}, "english-200": {"alternate": 0.30734966592427615, "dsfb-alt": 0.017817371937639197, "sfT": 0.0, "roll-in": 0.21603563474387527, "roll-out": 0.28507795100222716, "dsfb-red": 0.015590200445434299, "bad-redirect": 0.0022271714922048997, "dsfb": 0.0, "sfR": 0.10690423162583519, "redirect": 0.035634743875278395, "sfb": 0.0, "oneh-out": 0.0066815144766146995, "unknown": 0.0, "sft": 0.0, "oneh-in": 0.0066815144766146995}, "monkeyracer": {"alternate": 0.2864186621205249, "dsfb-alt": 0.03061021005051848, "sfT": 1.8572970267607176e-05, "roll-in": 0.21687852886435086, "roll-out": 0.28210680044418723, "dsfb-red": 0.0121652955252827, "bad-redirect": 0.003195528410779361, "dsfb": 0.0, "sfR": 0.09690789370786869, "redirect": 0.02978517916073635, "sfb": 0.007655973849257864, "oneh-out": 0.010353942161815536, "unknown": 0.014307052254563085, "sft": 0.0, "oneh-in": 0.00959636047984735}, "chained-bigrams": {"alternate": 0.30063781199902084, "dsfb-alt": 0.041939239365525426, "sfT": 2.5972187682819852e-05, "roll-in": 0.203367423994016, "roll-out": 0.2236913101605146, "dsfb-red": 0.016820238048086206, "bad-redirect": 0.005804783947110237, "dsfb": 0.0, "sfR": 0.11914286586209158, "redirect": 0.03699932926825309, "sfb": 0.01210239015550198, "oneh-out": 0.007472847701039342, "unknown": 0.023334712023629495, "sft": 0.0, "oneh-in": 0.00866107528752835}, "english-5k": {"alternate": 0.314597419836562, "dsfb-alt": 0.034886132658563905, "sfT": 0.0, "roll-in": 0.276019413448376, "roll-out": 0.1948396731239889, "dsfb-red": 0.010619322188575933, "bad-redirect": 0.0017007508192641142, "dsfb": 0.0, "sfR": 0.10644211224955408, "redirect": 0.027709793835815323, "sfb": 0.012817853735429542, "oneh-out": 0.004148172729912474, "unknown": 0.002157049819554486, "sft": 0.0, "oneh-in": 0.014062305554403286}, "mt-quotes": {"alternate": 0.2859800265356618, "dsfb-alt": 0.03056979954817657, "sfT": 7.470625500531909e-06, "roll-in": 0.2158413119613679, "roll-out": 0.28999922305494796, "dsfb-red": 0.012296649573875522, "bad-redirect": 0.003264663343732444, "dsfb": 0.0, "sfR": 0.0964592223377679, "redirect": 0.03018580939744923, "sfb": 0.0067175864500782926, "oneh-out": 0.01053806433105031, "unknown": 0.008869126594231481, "sft": 0.0, "oneh-in": 0.009271046246160099}, "wordle": {"alternate": 0.28773701335128465, "dsfb-alt": 0.04234264557388085, "sfT": 0.0001795130707954673, "roll-in": 0.20065073488163357, "roll-out": 0.22432402109278582, "dsfb-red": 0.022439133849433412, "bad-redirect": 0.005475148659261753, "dsfb": 0.0, "sfR": 0.13138112868843263, "redirect": 0.03628407943453383, "sfb": 0.02822843038258723, "oneh-out": 0.012722988892628745, "unknown": 0.0, "sft": 0.0, "oneh-in": 0.008235162122742062}, "english-1k": {"alternate": 0.305575158786168, "dsfb-alt": 0.027875793930839804, "sfT": 0.0, "roll-in": 0.25405786873676783, "roll-out": 0.23076923076923078, "dsfb-red": 0.016231474947071278, "bad-redirect": 0.00035285815102328866, "dsfb": 0.0, "sfR": 0.10832745236414962, "redirect": 0.027170077628793227, "sfb": 0.009174311926605505, "oneh-out": 0.008115737473535639, "unknown": 0.0, "sft": 0.0, "oneh-in": 0.012350035285815103}, "english-10k": {"alternate": 0.31058837150961965, "dsfb-alt": 0.03604716234731094, "sfT": 7.718878446961657e-05, "roll-in": 0.2734991605719689, "roll-out": 0.2007680284054727, "dsfb-red": 0.010034541981050154, "bad-redirect": 0.004129599969124486, "dsfb": 0.0, "sfR": 0.10567144593890508, "redirect": 0.027440612878948688, "sfb": 0.01333436251712626, "oneh-out": 0.0061172111692171125, "unknown": 0.0, "sft": 0.0, "oneh-in": 0.012292313926786438}, "reddit": {"alternate": 0.2791626095605927, "dsfb-alt": 0.03339927710938145, "sfT": 4.611007572577952e-05, "roll-in": 0.21132596059068093, "roll-out": 0.26063984378760374, "dsfb-red": 0.01028996345467475, "bad-redirect": 0.00339307978035722, "dsfb": 0.0, "sfR": 0.10397777127267367, "redirect": 0.02935440088084853, "sfb": 0.010626705599902012, "oneh-out": 0.008195007788332653, "unknown": 0.03963713505476368, "sft": 0.0, "oneh-in": 0.009952135044462886}, "akl": {"alternate": 0.232236784416263, "dsfb-alt": 0.030178804222716994, "sfT": 0.00014098157818474876, "roll-in": 0.17789004143539014, "roll-out": 0.22493872699960046, "dsfb-red": 0.008816611355816576, "bad-redirect": 0.003383631999240587, "dsfb": 0.0, "sfR": 0.13064861186637447, "redirect": 0.026569221201306843, "sfb": 0.01873760311501589, "oneh-out": 0.00607777365133368, "unknown": 0.1306992130356914, "sft": 0.0, "oneh-in": 0.00968199512306523}, "french": {"alternate": 0.21058834533131385, "dsfb-alt": 0.026475035770262677, "sfT": 5.460880075432957e-05, "roll-in": 0.19576052028808338, "roll-out": 0.1978398196678068, "dsfb-red": 0.01073724382985348, "bad-redirect": 0.0034770000241057778, "dsfb": 0.0, "sfR": 0.10898279115633469, "redirect": 0.022743704058473636, "sfb": 0.04464384072729754, "oneh-out": 0.012929116742874034, "unknown": 0.15819484908517076, "sft": 0.0, "oneh-in": 0.007573124517669078}, "keymash": {"alternate": 0.28730814857991976, "dsfb-alt": 0.03033910341402142, "sfT": 2.462922750427933e-05, "roll-in": 0.2168644530464302, "roll-out": 0.27829385131335355, "dsfb-red": 0.013279258496057272, "bad-redirect": 0.003222323931809879, "dsfb": 0.0, "sfR": 0.099723742164827, "redirect": 0.029062488455049607, "sfb": 0.008497083488976369, "oneh-out": 0.010553623985583693, "unknown": 0.013394194891077241, "sft": 0.0, "oneh-in": 0.009437099005389697}, "movie": {"alternate": 0.2753976919581482, "dsfb-alt": 0.035955293055884734, "sfT": 1.3686175212783836e-05, "roll-in": 0.18168858187405587, "roll-out": 0.2849778830092583, "dsfb-red": 0.014088733001013699, "bad-redirect": 0.002708546713745355, "dsfb": 0.0, "sfR": 0.11567713207251198, "redirect": 0.029832703615742733, "sfb": 0.0074935757225149035, "oneh-out": 0.010760623663212706, "unknown": 0.030433447748880793, "sft": 0.0, "oneh-in": 0.010972101389817933}, "dutch": {"alternate": 0.24141162472755504, "dsfb-alt": 0.021915213952567812, "sfT": 4.4073892229256396e-05, "roll-in": 0.21136074322998658, "roll-out": 0.17777948558631312, "dsfb-red": 0.018192153491615147, "bad-redirect": 0.00308784414438894, "dsfb": 0.0,