{"english-450k": {"dsfb-red": 0.036069089593001466, "dsfb": 0.0, "oneh-in": 0.006498563703114247, "roll-out": 0.19346214496746478, "roll-in": 0.1935825916022969, "bad-redirect": 0.003946089021756989, "dsfb-alt": 0.03711919714716883, "redirect": 0.05152134039563796, "alternate": 0.17684138639923616, "sfT": 0.009869023055006107, "unknown": 0.00015377410175167997, "sfb": 0.16682911370571613, "oneh-out": 0.010412202296554818, "sfR": 0.11369548401129392, "sft": 0.0}, "shai": {"dsfb-red": 0.034058869846821604, "dsfb": 0.0, "oneh-in": 0.0051939957264494135, "roll-out": 0.20935982509467793, "roll-in": 0.1677061371988706, "bad-redirect": 0.0024748400205224555, "dsfb-alt": 0.0351058347806082, "redirect": 0.051769260624968845, "alternate": 0.18445660466684605, "sfT": 0.006722783981957083, "unknown": 0.024097749651430984, "sfb": 0.16711049289501315, "oneh-out": 0.01370981625466423, "sfR": 0.09823378925716947, "sft": 0.0}, "tr-quotes": {"dsfb-red": 0.03237673655255311, "dsfb": 0.0, "oneh-in": 0.0041538568225422436, "roll-out": 0.22592866554171193, "roll-in": 0.15544023485356326, "bad-redirect": 0.0026559718915420355, "dsfb-alt": 0.038913802269942906, "redirect": 0.05362566746029911, "alternate": 0.2051223966158896, "sfT": 0.005462194586347981, "unknown": 0.013894731975682485, "sfb": 0.15174175354245162, "oneh-out": 0.013912068606828322, "sfR": 0.09677191928064538, "sft": 0.0}, "gutenberg": {"dsfb-red": 0.029599307116041015, "dsfb": 0.0, "oneh-in": 0.004030835760965643, "roll-out": 0.2248724427455754, "roll-in": 0.15902175605619906, "bad-redirect": 0.0028055586812623916, "dsfb-alt": 0.03654386995847167, "redirect": 0.051307246373517044, "alternate": 0.18949986038509467, "sfT": 0.0037411869274983777, "unknown": 0.03298207965968062, "sfb": 0.15435839089369832, "oneh-out": 0.012598682353547374, "sfR": 0.09863878308844841, "sft": 0.0}, "english-200": {"dsfb-red": 0.042316258351893093, "dsfb": 0.0, "oneh-in": 0.004454342984409799, "roll-out": 0.1915367483296214, "roll-in": 0.16926503340757237, "bad-redirect": 0.0, "dsfb-alt": 0.0467706013363029, "redirect": 0.060133630289532294, "alternate": 0.20935412026726058, "sfT": 0.0022271714922048997, "unknown": 0.0, "sfb": 0.1447661469933185, "oneh-out": 0.022271714922048998, "sfR": 0.10690423162583519, "sft": 0.0}, "monkeyracer": {"dsfb-red": 0.032493900245554215, "dsfb": 0.0, "oneh-in": 0.004217041775497756, "roll-out": 0.22652376558174453, "roll-in": 0.15496699876440873, "bad-redirect": 0.002655934748267826, "dsfb-alt": 0.039015945383737115, "redirect": 0.05374333328119868, "alternate": 0.20511890611070271, "sfT": 0.005393981575613494, "unknown": 0.013491796612290222, "sfb": 0.151469415205593, "oneh-out": 0.01400108700752303, "sfR": 0.09690789370786869, "sft": 0.0}, "chained-bigrams": {"dsfb-red": 0.03217564471086137, "dsfb": 0.0, "oneh-in": 0.005047045371463968, "roll-out": 0.19948717915420272, "roll-in": 0.15900368090829936, "bad-redirect": 0.003910112855648529, "dsfb-alt": 0.03219382524223935, "redirect": 0.05628952236497547, "alternate": 0.18564789894741215, "sfT": 0.005818419345643718, "unknown": 0.023159399756770463, "sfb": 0.16774916580579685, "oneh-out": 0.01037523967459446, "sfR": 0.11914286586209158, "sft": 0.0}, "english-5k": {"dsfb-red": 0.03389057120338491, "dsfb": 0.0, "oneh-in": 0.006429667731364334, "roll-out": 0.18691666320985606, "roll-in": 0.19438337412369852, "bad-redirect": 0.0029037209109387314, "dsfb-alt": 0.0390757871157755, "redirect": 0.04811880366698469, "alternate": 0.16928692910772805, "sfT": 0.010702285643174181, "unknown": 0.002157049819554486, "sfb": 0.18803666984693243, "oneh-out": 0.01165636537105405, "sfR": 0.10644211224955408, "sft": 0.0}, "mt-quotes": {"dsfb-red": 0.03264663343732444, "dsfb": 0.0, "oneh-in": 0.004180562030097656, "roll-out": 0.23001308853587693, "roll-in": 0.15369467254754307, "bad-redirect": 0.0026446014271882955, "dsfb-alt": 0.03937169051290326, "redirect": 0.054450401023176866, "alternate": 0.20882490049126834, "sfT": 0.0052697792280752085, "unknown": 0.007995063410669249, "sfb": 0.15012969005868923, "oneh-out": 0.014319694959419562, "sfR": 0.0964592223377679, "sft": 0.0}, "wordle": {"dsfb-red": 0.03590261415909346, "dsfb": 0.0, "oneh-in": 0.007741501178054527, "roll-out": 0.21487714574217434, "roll-in": 0.17060473465724224, "bad-redirect": 0.004936609446875351, "dsfb-alt": 0.03776506226859643, "redirect": 0.053719286435543585, "alternate": 0.1895882418938629, "sfT": 0.006238079210142488, "unknown": 0.0, "sfb": 0.131762593963873, "oneh-out": 0.015483002356109055, "sfR": 0.13138112868843263, "sft": 0.0}, "english-1k": {"dsfb-red": 0.0374029640084686, "dsfb": 0.0, "oneh-in": 0.008115737473535639, "roll-out": 0.21630204657727595, "roll-in": 0.1901905434015526, "bad-redirect": 0.003175723359209598, "dsfb-alt": 0.035285815102328866, "redirect": 0.05434015525758645, "alternate": 0.1739590684544813, "sfT": 0.0067043048694424845, "unknown": 0.0, "sfb": 0.15172900494001412, "oneh-out": 0.014467184191954835, "sfR": 0.10832745236414962, "sft": 0.0}, "english-10k": {"dsfb-red": 0.03338414928310916, "dsfb": 0.0, "oneh-in": 0.0066189382682696205, "roll-out": 0.19501746396248626, "roll-in": 0.19131240230794466, "bad-redirect": 0.0027594990447887924, "dsfb-alt": 0.03894174176492156, "redirect": 0.04764477721387082, "alternate": 0.173327415526524, "sfT": 0.010381891511163428, "unknown": 0.0, "sfb": 0.18253217807452576, "oneh-out": 0.012408097103490863, "sfR": 0.10567144593890508, "sft": 0.0}, "reddit": {"dsfb-red": 0.03339193545638206, "dsfb": 0.0, "oneh-in": 0.004948498866070457, "roll-out": 0.20671656368687324, "roll-in": 0.15177931140913478, "bad-redirect": 0.0020514676095446734, "dsfb-alt": 0.03729421131262575, "redirect": 0.05236816067432334, "alternate": 0.19494913002348394, "sfT": 0.005527290815798114, "unknown": 0.04519937363713543, "sfb": 0.14774615935095292, "oneh-out": 0.01405012588500162, "sfR": 0.10397777127267367, "sft": 0.0}, "akl": {"dsfb-red": 0.032262989299162194, "dsfb": 0.0, "oneh-in": 0.004839576874405798, "roll-out": 0.16969010712302135, "roll-in": 0.1323120017696573, "bad-redirect": 0.0012135138823245594, "dsfb-alt": 0.03264926795204343, "redirect": 0.04919120528946278, "alternate": 0.16222374152013472, "sfT": 0.006809686951468068, "unknown": 0.13920166722946467, "sfb": 0.12846520105947187, "oneh-out": 0.01049242918300879, "sfR": 0.13064861186637447, "sft": 0.0}, "french": {"dsfb-red": 0.025604306307700022, "dsfb": 0.0, "oneh-in": 0.003798285547336669, "roll-out": 0.16725523567682696, "roll-in": 0.14546238395236566, "bad-redirect": 0.002760958042417869, "dsfb-alt": 0.03497923659533349, "redirect": 0.028062271651501824, "alternate": 0.16561638736250175, "sfT": 0.005540208909450563, "unknown": 0.15842537463172957, "sfb": 0.14657071038918426, "oneh-out": 0.006941849777316697, "sfR": 0.10898279115633469, "sft": 0.0}, "keymash": {"dsfb-red": 0.033056528181993575, "dsfb": 0.0, "oneh-in": 0.004334744040753162, "roll-out": 0.22607167926177996, "roll-in": 0.15786513855992906, "bad-redirect": 0.0026558516992114542, "dsfb-alt": 0.03858578975670428, "redirect": 0.05388874977936317, "alternate": 0.20046549239983089, "sfT": 0.005422534922192165, "unknown": 0.012376186820900362, "sfb": 0.15241386953898192, "oneh-out": 0.013139692873533022, "sfR": 0.099723742164827, "sft": 0.0}, "movie": {"dsfb-red": 0.03061742152722187, "dsfb": 0.0, "oneh-in": 0.004416423462894476, "roll-out": 0.21787048640798304, "roll-in": 0.14472432818974407, "bad-redirect": 0.0015706202035055295, "dsfb-alt": 0.04365166104765829, "redirect": 0.05111325849539717, "alternate": 0.20897815725915392, "sfT": 0.003972280757671923, "unknown": 0.030282373430185833, "sfb": 0.13371327383970516, "oneh-out": 0.013412583306366743, "sfR": 0.11567713207251198, "sft": 0.0}, "dutch": {"dsfb-red": 0.029994238118580575, "dsfb": 0.0, "oneh-in": 0.006648505401956587, "roll-out": 0.14017830525233488, "roll-in": 0.18193514438897573, "bad-redirect": 0.001483109783546983, "dsfb-alt": 0.05011167477957406,