{"english-450k": {"sft": 0.0, "bad-redirect": 0.004934511527503053, "oneh-out": 0.005250830117037878, "dsfb-alt": 0.0427807736766803, "redirect": 0.03724549070602192, "roll-out": 0.21680715850601737, "dsfb-red": 0.019992971997326785, "alternate": 0.2991096304100857, "roll-in": 0.22004723145224145, "sfR": 0.11369548401129392, "sfT": 0.0003262583603704845, "oneh-in": 0.005304621818030862, "unknown": 0.00015377410175167997, "sfb": 0.03435126331563859, "dsfb": 0.0}, "shai": {"sft": 0.0, "bad-redirect": 0.006171227504796985, "oneh-out": 0.007429280664397472, "dsfb-alt": 0.03998715566133985, "redirect": 0.030053530850099687, "roll-out": 0.26188288653850145, "dsfb-red": 0.014809716769676308, "alternate": 0.27242033382740394, "roll-in": 0.2194728743172986, "sfR": 0.09823378925716947, "sfT": 0.00015243218037467416, "oneh-in": 0.005217957427360941, "unknown": 0.024097749651430984, "sfb": 0.020071065350149693, "dsfb": 0.0}, "tr-quotes": {"sft": 0.0, "bad-redirect": 0.005599731860104944, "oneh-out": 0.0097697695383833, "dsfb-alt": 0.0382989297519706, "redirect": 0.03355447169506021, "roll-out": 0.28649476433739396, "dsfb-red": 0.016504472850835627, "alternate": 0.2679491921129886, "roll-in": 0.20708605903700794, "sfR": 0.09677191928064538, "sfT": 0.00011673331638196065, "oneh-in": 0.005946464483021659, "unknown": 0.013894731975682485, "sfb": 0.018012759760523335, "dsfb": 0.0}, "gutenberg": {"sft": 0.0, "bad-redirect": 0.005712844912277511, "oneh-out": 0.012691506374737014, "dsfb-alt": 0.03319349110385947, "redirect": 0.031139049247121412, "roll-out": 0.28688836073915197, "dsfb-red": 0.02237324122159443, "alternate": 0.24967937825333986, "roll-in": 0.2032308063603777, "sfR": 0.09863878308844841, "sfT": 0.0002187994785184377, "oneh-in": 0.003285023166223574, "unknown": 0.03298207965968062, "sfb": 0.019966636394669553, "dsfb": 0.0}, "english-200": {"sft": 0.0, "bad-redirect": 0.004454342984409799, "oneh-out": 0.0066815144766146995, "dsfb-alt": 0.028953229398663696, "redirect": 0.0400890868596882, "roll-out": 0.3028953229398664, "dsfb-red": 0.022271714922048998, "alternate": 0.27616926503340755, "roll-in": 0.2026726057906459, "sfR": 0.10690423162583519, "sfT": 0.0, "oneh-in": 0.0022271714922048997, "unknown": 0.0, "sfb": 0.0066815144766146995, "dsfb": 0.0}, "monkeyracer": {"sft": 0.0, "bad-redirect": 0.005615879694073854, "oneh-out": 0.00984465176658273, "dsfb-alt": 0.03826031875127078, "redirect": 0.03359166054084489, "roll-out": 0.2871997043965153, "dsfb-red": 0.016550471557939848, "alternate": 0.2674351314575285, "roll-in": 0.2070260568997607, "sfR": 0.09690789370786869, "sfT": 0.00011632544536027653, "oneh-in": 0.006043058010228819, "unknown": 0.013491796612290222, "sfb": 0.017917051159735364, "dsfb": 0.0}, "chained-bigrams": {"sft": 0.0, "bad-redirect": 0.004869785190528723, "oneh-out": 0.00868574886582703, "dsfb-alt": 0.05006918341494011, "redirect": 0.040612709879625404, "roll-out": 0.2300298225645068, "dsfb-red": 0.02443788069545727, "alternate": 0.27365011177780274, "roll-in": 0.1980327366439648, "sfR": 0.11914286586209158, "sfT": 0.00010259014134713841, "oneh-in": 0.005938540713676759, "unknown": 0.023159399756770463, "sfb": 0.021268624493461178, "dsfb": 0.0}, "english-5k": {"sft": 0.0, "bad-redirect": 0.005807441821877463, "oneh-out": 0.004645953457501971, "dsfb-alt": 0.04347285020948272, "redirect": 0.030157215746463684, "roll-out": 0.21512423777326087, "dsfb-red": 0.01601194673746215, "alternate": 0.295640270460862, "roll-in": 0.2513792674326959, "sfR": 0.10644211224955408, "sfT": 0.00016592690919649896, "oneh-in": 0.006678558095159082, "unknown": 0.002157049819554486, "sfb": 0.022317169286929107, "dsfb": 0.0}, "mt-quotes": {"sft": 0.0, "bad-redirect": 0.005686640131004889, "oneh-out": 0.010036038297414566, "dsfb-alt": 0.038219720060721246, "redirect": 0.034191558790834436, "roll-out": 0.2948581178804939, "dsfb-red": 0.016726730495690942, "alternate": 0.2665803062358805, "roll-in": 0.20653888908810558, "sfR": 0.0964592223377679, "sfT": 0.00010010638170712757, "oneh-in": 0.005865935143017654, "unknown": 0.007995063410669249, "sfb": 0.016741671746692006, "dsfb": 0.0}, "wordle": {"sft": 0.0, "bad-redirect": 0.005362952990014586, "oneh-out": 0.008953214405923931, "dsfb-alt": 0.05010658588578481, "redirect": 0.040345562661281274, "roll-out": 0.23018063502748795, "dsfb-red": 0.025086951643666554, "alternate": 0.2695164366655447, "roll-in": 0.1874340850443173, "sfR": 0.13138112868843263, "sfT": 0.0009648827555256368, "oneh-in": 0.005811735667003254, "unknown": 0.0, "sfb": 0.04485582856501739, "dsfb": 0.0}, "english-1k": {"sft": 0.0, "bad-redirect": 0.0045871559633027525, "oneh-out": 0.009527170077628794, "dsfb-alt": 0.038461538461538464, "redirect": 0.029992942836979536, "roll-out": 0.24170783345095273, "dsfb-red": 0.022582921665490474, "alternate": 0.2819336626676076, "roll-in": 0.23500352858151025, "sfR": 0.10832745236414962, "sfT": 0.0, "oneh-in": 0.0056457304163726185, "unknown": 0.0, "sfb": 0.022230063514467185, "dsfb": 0.0}, "english-10k": {"sft": 0.0, "bad-redirect": 0.008182011153779355, "oneh-out": 0.004689218656529206, "dsfb-alt": 0.04511684452249088, "redirect": 0.030933405376198837, "roll-out": 0.2217633777812084, "dsfb-red": 0.014299222322996468, "alternate": 0.29152274174562437, "roll-in": 0.247004110302773, "sfR": 0.10567144593890508, "sfT": 0.00027016074564365796, "oneh-in": 0.005692672854634221, "unknown": 0.0, "sfb": 0.024854788599216533, "dsfb": 0.0}, "reddit": {"sft": 0.0, "bad-redirect": 0.004930968796663743, "oneh-out": 0.007509574583047487, "dsfb-alt": 0.04152727358538801, "redirect": 0.03190547546848455, "roll-out": 0.26834490861046667, "dsfb-red": 0.013285095676534261, "alternate": 0.25545053121167055, "roll-in": 0.20213387391872153, "sfR": 0.10397777127267367, "sfT": 0.0001624528013182013, "oneh-in": 0.006619773731003707, "unknown": 0.04519937363713543, "sfb": 0.018952926706892182, "dsfb": 0.0}, "akl": {"sft": 0.0, "bad-redirect": 0.004440524391184298, "oneh-out": 0.004825864155181729, "dsfb-alt": 0.040685316738982936, "redirect": 0.027801537568909813, "roll-out": 0.2286899587044549, "dsfb-red": 0.010959501695102111, "alternate": 0.20620611482023007, "roll-in": 0.17484935095476228, "sfR": 0.13064861186637447, "sfT": 0.00036567251264182996, "oneh-in": 0.007414949082696913, "unknown": 0.13920166722946467, "sfb": 0.023910930280013974, "dsfb": 0.0}, "french": {"sft": 0.0, "bad-redirect": 0.0057342087341330904, "oneh-out": 0.014645795707382704, "dsfb-alt": 0.03386905241056056, "redirect": 0.02715234969983812, "roll-out": 0.21914281022402, "dsfb-red": 0.015716787403054586, "alternate": 0.19618467111336618, "roll-in": 0.16778430431601443, "sfR": 0.10898279115633469, "sfT": 6.663921694245759e-05, "oneh-in": 0.0018307506816399354, "unknown": 0.15842537463172957, "sfb": 0.050464464704983704, "dsfb": 0.0}, "keymash": {"sft": 0.0, "bad-redirect": 0.005800183077257782, "oneh-out": 0.009974837139233129, "dsfb-alt": 0.03791669574283803, "redirect": 0.03261730695816726, "roll-out": 0.28460714329695047, "dsfb-red": 0.01728971770800409, "alternate": 0.2678141150102827, "roll-in": 0.20707433511347917, "sfR": 0.099723742164827, "sfT": 0.00010672665251854375, "oneh-in": 0.005627778484727826, "unknown": 0.012376186820900362, "sfb": 0.019071231830813627, "dsfb": 0.0}, "movie": {"sft": 0.0, "bad-redirect": 0.0036488132704313213, "oneh-out": 0.010426759946723931, "dsfb-alt": 0.04249465285082372, "redirect": 0.032670347809139445, "roll-out": 0.28302181273653887, "dsfb-red": 0.01707929388284555, "alternate": 0.258329057500228, "roll-in": 0.17888896945601007, "sfR": 0.11567713207251198, "sfT": 0.0001685768312266932, "oneh-in": 0.008914174390034148, "unknown": 0.030282373430185833, "sfb": 0.018398035823300424, "dsfb": 0.0}, "dutch": {"sft": 0.0, "bad-redirect": 0.005527633523542003, "oneh-out": 0.008057578936107881, "dsfb-alt": 0.0297609584855852, "redirect": 0.025813027934133308, "roll-out": 0.16985800137844773, "dsfb-red": 0.015379313938406072,