{"english-450k": {"dsfb": 0.0, "unknown": 0.00015377410175167997, "oneh-out": 0.006530721785229617, "dsfb-red": 0.010370104443603787, "dsfb-alt": 0.05649473396788051, "redirect": 0.026407047648337924, "bad-redirect": 0.002825818379337906, "sfR": 0.11369548401129392, "sfb": 0.02858093399933696, "sfT": 7.484062746849823e-05, "roll-in": 0.2100700403028473, "alternate": 0.3365556706100271, "roll-out": 0.20249096504065658, "sft": 0.0, "oneh-in": 0.005749865082228216}, "shai": {"dsfb": 0.0, "unknown": 0.024097749651430984, "oneh-out": 0.008827837404435736, "dsfb-red": 0.009517474586121705, "dsfb-alt": 0.051885554798331575, "redirect": 0.021420061505440402, "bad-redirect": 0.002782967135894388, "sfR": 0.09823378925716947, "sfb": 0.021338283637800333, "sfT": 0.00010886685886600738, "roll-in": 0.21366466793595434, "alternate": 0.3059104587115626, "roll-out": 0.22934312892517508, "sft": 0.0, "oneh-in": 0.012869159591817399}, "tr-quotes": {"dsfb": 0.0, "unknown": 0.013894731975682485, "oneh-out": 0.009310926700723515, "dsfb-red": 0.010330320612098657, "dsfb-alt": 0.04838422597720811, "redirect": 0.021617623263447447, "bad-redirect": 0.001926677608007212, "sfR": 0.09677191928064538, "sfb": 0.023891033494371373, "sfT": 7.281385081251011e-05, "roll-in": 0.20372737569635468, "alternate": 0.30358521532095883, "roll-out": 0.24516885878736044, "sft": 0.0, "oneh-in": 0.02131827743232935}, "gutenberg": {"dsfb": 0.0, "unknown": 0.03298207965968062, "oneh-out": 0.010842035111727917, "dsfb-red": 0.013279328696678756, "dsfb-alt": 0.041135249145355976, "redirect": 0.022942498739298243, "bad-redirect": 0.0019883284212376816, "sfR": 0.09863878308844841, "sfb": 0.01955082266709555, "sfT": 5.474722882409393e-05, "roll-in": 0.20425869031746952, "alternate": 0.2795679553292923, "roll-out": 0.26222880704462337, "sft": 0.0, "oneh-in": 0.012530674550267617}, "english-200": {"dsfb": 0.0, "unknown": 0.0, "oneh-out": 0.011135857461024499, "dsfb-red": 0.011135857461024499, "dsfb-alt": 0.051224944320712694, "redirect": 0.026726057906458798, "bad-redirect": 0.0022271714922048997, "sfR": 0.10690423162583519, "sfb": 0.004454342984409799, "sfT": 0.0, "roll-in": 0.18262806236080179, "alternate": 0.3184855233853007, "roll-out": 0.27616926503340755, "sft": 0.0, "oneh-in": 0.008908685968819599}, "monkeyracer": {"dsfb": 0.0, "unknown": 0.013491796612290222, "oneh-out": 0.009228811173498913, "dsfb-red": 0.010285515429250668, "dsfb-alt": 0.04840018299263337, "redirect": 0.021688341648810547, "bad-redirect": 0.0019120384128126125, "sfR": 0.09690789370786869, "sfb": 0.023780244615793672, "sfT": 6.744920781394185e-05, "roll-in": 0.2039566291818509, "alternate": 0.303045380609037, "roll-out": 0.2453968359478862, "sft": 0.0, "oneh-in": 0.02183888046045326}, "chained-bigrams": {"dsfb": 0.0, "unknown": 0.023159399756770463, "oneh-out": 0.008088388549122173, "dsfb-red": 0.014440536351647838, "dsfb-alt": 0.05611291148873229, "redirect": 0.029481679543460884, "bad-redirect": 0.0038367414254445627, "sfR": 0.11914286586209158, "sfb": 0.022234789875262076, "sfT": 0.0001071352741916319, "roll-in": 0.18775813919664128, "alternate": 0.31176949163987744, "roll-out": 0.21689828447207307, "sft": 0.0, "oneh-in": 0.006969636564684707}, "english-5k": {"dsfb": 0.0, "unknown": 0.002157049819554486, "oneh-out": 0.008462272369021445, "dsfb-red": 0.007840046459534575, "dsfb-alt": 0.05637366739951052, "redirect": 0.024432737379184468, "bad-redirect": 0.002530385365246609, "sfR": 0.10644211224955408, "sfb": 0.021404571286348362, "sfT": 8.296345459824948e-05, "roll-in": 0.2257020782345377, "alternate": 0.33554569212262, "roll-out": 0.2042560252208902, "sft": 0.0, "oneh-in": 0.004770398639399345}, "mt-quotes": {"dsfb": 0.0, "unknown": 0.007995063410669249, "oneh-out": 0.009568377141081268, "dsfb-red": 0.010015120546013077, "dsfb-alt": 0.04813473422502719, "redirect": 0.021702167079045195, "bad-redirect": 0.0017585852428252113, "sfR": 0.0964592223377679, "sfb": 0.023254563058055726, "sfT": 6.872975460489356e-05, "roll-in": 0.20398244104182356, "alternate": 0.302963746548571, "roll-out": 0.2508352159309595, "sft": 0.0, "oneh-in": 0.023262033683556258}, "wordle": {"dsfb": 0.0, "unknown": 0.0, "oneh-out": 0.008437114327386962, "dsfb-red": 0.015348367553012453, "dsfb-alt": 0.06168517895209245, "redirect": 0.031212835184561877, "bad-redirect": 0.003343430943565578, "sfR": 0.13138112868843263, "sfb": 0.033860652978795015, "sfT": 0.0, "roll-in": 0.19347021204981488, "alternate": 0.30548636822618647, "roll-out": 0.20455514417143497, "sft": 0.0, "oneh-in": 0.011219566924716706}, "english-1k": {"dsfb": 0.0, "unknown": 0.0, "oneh-out": 0.013408609738884969, "dsfb-red": 0.01058574453069866, "dsfb-alt": 0.048694424841213835, "redirect": 0.020465772759350742, "bad-redirect": 0.003175723359209598, "sfR": 0.10832745236414962, "sfb": 0.01587861679604799, "sfT": 0.0, "roll-in": 0.19336626676076218, "alternate": 0.3221594918842625, "roll-out": 0.25970359915314045, "sft": 0.0, "oneh-in": 0.004234297812279464}, "english-10k": {"dsfb": 0.0, "unknown": 0.0, "oneh-out": 0.007911850408135699, "dsfb-red": 0.00764168966249204, "dsfb-alt": 0.05696532293857703, "redirect": 0.02184442600490149, "bad-redirect": 0.0026630130642017716, "sfR": 0.10567144593890508, "sfb": 0.024082900754520367, "sfT": 0.00011578317670442484, "roll-in": 0.237741456166419, "alternate": 0.32953821809691053, "roll-out": 0.19771907141892284, "sft": 0.0, "oneh-in": 0.00810482236930974}, "reddit": {"dsfb": 0.0, "unknown": 0.04519937363713543, "oneh-out": 0.009284793769783367, "dsfb-red": 0.00995101132206502, "dsfb-alt": 0.04867002772035869, "redirect": 0.02328821026044701, "bad-redirect": 0.002649287925209532, "sfR": 0.10397777127267367, "sfb": 0.02234649343362181, "sfT": 0.00015222692749761817, "roll-in": 0.188466750084326, "alternate": 0.2936754843290357, "roll-out": 0.23589375354557826, "sft": 0.0, "oneh-in": 0.016444815772267918}, "akl": {"dsfb": 0.0, "unknown": 0.13920166722946467, "oneh-out": 0.009651135327910525, "dsfb-red": 0.01078106339197378, "dsfb-alt": 0.0413397964138052, "redirect": 0.02256846742177876, "bad-redirect": 0.0029439602179931975, "sfR": 0.13064861186637447, "sfb": 0.02336555937653133, "sfT": 0.0010700615439192577, "roll-in": 0.15324608601314252, "alternate": 0.24933155435303106, "roll-out": 0.2005596617805983, "sft": 0.0, "oneh-in": 0.015292375063476919}, "french": {"dsfb": 0.0, "unknown": 0.15842537463172957, "oneh-out": 0.009689444019934055, "dsfb-red": 0.010215381454908195, "dsfb-alt": 0.037954809471991625, "redirect": 0.019339425877676914, "bad-redirect": 0.005998308580414935, "sfR": 0.10898279115633469, "sfb": 0.05415651403664165, "sfT": 0.0004468632922083369, "roll-in": 0.20506010691069804, "alternate": 0.22320449147123644, "roll-out": 0.16096293848263912, "sft": 0.0, "oneh-in": 0.005563550613586433}, "keymash": {"dsfb": 0.0, "unknown": 0.012376186820900362, "oneh-out": 0.009917368941723143, "dsfb-red": 0.010159556345515222, "dsfb-alt": 0.04815834951336751, "redirect": 0.021493105868734427, "bad-redirect": 0.00194981384408878, "sfR": 0.099723742164827, "sfb": 0.024362410872982968, "sfT": 9.030716751569087e-05, "roll-in": 0.20367550171788862, "alternate": 0.3019953779149717, "roll-out": 0.2454261472088928, "sft": 0.0, "oneh-in": 0.020672131618591782}, "movie": {"dsfb": 0.0, "unknown": 0.030282373430185833, "oneh-out": 0.008605182665037837, "dsfb-red": 0.01178077010791944, "dsfb-alt": 0.04424898363699315, "redirect": 0.02201605519950298, "bad-redirect": 0.0025453653939006243, "sfR": 0.11567713207251198, "sfb": 0.032007621094028105, "sfT": 0.00011449011956848015, "roll-in": 0.1765006002835407, "alternate": 0.2941456464342447, "roll-out": 0.22997669797072184, "sft": 0.0, "oneh-in": 0.032099081591844304}, "dutch": {"dsfb": 0.0, "unknown": 0.07360268279108878, "oneh-out": 0.005949060980443636, "dsfb-red": 0.01271997991464153, "dsfb-alt": 0.05260145521305388, "redirect": 0.02119505946371361, "bad-redirect": 0.002102188385299345, "sfR": 0.18880787437283908,