{"english-450k": {"oneh-out": 0.004896506521366707, "alternate": 0.3702988538274842, "dsfb-red": 0.006665493383913124, "redirect": 0.01643336465335634, "unknown": 0.00015377410175167997, "sfT": 0.000338536900814535, "dsfb": 0.0, "roll-out": 0.1748572327327178, "dsfb-alt": 0.06744514562056621, "sfR": 0.11369548401129392, "roll-in": 0.19057376450110244, "sfb": 0.050677044567008965, "oneh-in": 0.00275536294488514, "bad-redirect": 0.0012094362337389734, "sft": 0.0}, "shai": {"oneh-out": 0.006597936205135382, "alternate": 0.3273897413421277, "dsfb-red": 0.0063742923731581885, "redirect": 0.013829497035731305, "unknown": 0.023621906111313578, "sfT": 0.00040122979917532424, "dsfb": 0.0, "roll-out": 0.20512885674626188, "dsfb-alt": 0.0683150221712498, "sfR": 0.09823378925716947, "roll-in": 0.20637057291029662, "sfb": 0.03280066187086892, "oneh-in": 0.009102350019336562, "bad-redirect": 0.0018341441581752479, "sft": 0.0}, "tr-quotes": {"oneh-out": 0.008550426481126187, "alternate": 0.3141513141166409, "dsfb-red": 0.006554402348535633, "redirect": 0.015266637387022953, "unknown": 0.01476965396084233, "sfT": 0.0002762303229236495, "dsfb": 0.0, "roll-out": 0.2234229444534338, "dsfb-alt": 0.06781627794087053, "sfR": 0.09677191928064538, "roll-in": 0.20101477080973626, "sfb": 0.03354175816555327, "oneh-in": 0.016660502531148147, "bad-redirect": 0.0012031622015210004, "sft": 0.0}, "gutenberg": {"oneh-out": 0.009250576740270432, "alternate": 0.28384600608546706, "dsfb-red": 0.009443802253767234, "redirect": 0.0135962564261691, "unknown": 0.03802431837805746, "sfT": 0.00030025729303179545, "dsfb": 0.0, "roll-out": 0.2312727537249901, "dsfb-alt": 0.06366610176619486, "sfR": 0.09863878308844841, "roll-in": 0.20857481786600984, "sfb": 0.03488042561139773, "oneh-in": 0.007647373288580789, "bad-redirect": 0.0008585274776152031, "sft": 0.0}, "english-200": {"oneh-out": 0.0066815144766146995, "alternate": 0.32293986636971045, "dsfb-red": 0.008908685968819599, "redirect": 0.013363028953229399, "unknown": 0.0, "sfT": 0.0, "dsfb": 0.0, "roll-out": 0.2182628062360802, "dsfb-alt": 0.08240534521158129, "sfR": 0.10690423162583519, "roll-in": 0.21158129175946547, "sfb": 0.022271714922048998, "oneh-in": 0.004454342984409799, "bad-redirect": 0.0022271714922048997, "sft": 0.0}, "monkeyracer": {"oneh-out": 0.00846145424402146, "alternate": 0.31339639019659976, "dsfb-red": 0.006567011276725526, "redirect": 0.015348116114300014, "unknown": 0.014352018393105714, "sfT": 0.0002825046530178144, "dsfb": 0.0, "roll-out": 0.22362833726949966, "dsfb-alt": 0.06784021771431252, "sfR": 0.09690789370786869, "roll-in": 0.20143363779970908, "sfb": 0.03355940222406431, "oneh-in": 0.017039233933403192, "bad-redirect": 0.0011837824733722257, "sft": 0.0}, "chained-bigrams": {"oneh-out": 0.006034637808103193, "alternate": 0.3320531209154677, "dsfb-red": 0.009462966582235412, "redirect": 0.017473438568309126, "unknown": 0.02365222201805197, "sfT": 0.0003227044319590367, "dsfb": 0.0, "roll-out": 0.19909759633896043, "dsfb-alt": 0.06826205158206335, "sfR": 0.11914286586209158, "roll-in": 0.18228904577533148, "sfb": 0.0352033524899861, "oneh-in": 0.0049970489101745395, "bad-redirect": 0.0020089487172661154, "sft": 0.0}, "english-5k": {"oneh-out": 0.006014850458373086, "alternate": 0.37175924005475586, "dsfb-red": 0.006429667731364334, "redirect": 0.013813415190608537, "unknown": 0.002157049819554486, "sfT": 0.00020740863649562367, "dsfb": 0.0, "roll-out": 0.17011656365371053, "dsfb-alt": 0.07188783340938316, "sfR": 0.10644211224955408, "roll-in": 0.21516571950056002, "sfb": 0.03272908283900942, "oneh-in": 0.002032604637657112, "bad-redirect": 0.001244451818973742, "sft": 0.0}, "mt-quotes": {"oneh-out": 0.00870029045791946, "alternate": 0.3114981891203787, "dsfb-red": 0.006535303187865314, "redirect": 0.015266970272887008, "unknown": 0.008869126594231481, "sfT": 0.0002435423913173402, "dsfb": 0.0, "roll-out": 0.2284173629289633, "dsfb-alt": 0.0684354119601726, "sfR": 0.0964592223377679, "roll-in": 0.2033130729969759, "sfb": 0.03268548068992721, "oneh-in": 0.018485315738516153, "bad-redirect": 0.0010907113230776587, "sft": 0.0}, "wordle": {"oneh-out": 0.005811735667003254, "alternate": 0.3306630764052508, "dsfb-red": 0.011152249523168406, "redirect": 0.021294738023112308, "unknown": 0.0, "sfT": 0.0005385392123864019, "dsfb": 0.0, "roll-out": 0.18548188039941657, "dsfb-alt": 0.07308425894760462, "sfR": 0.13138112868843263, "roll-in": 0.1711881521373275, "sfb": 0.06188713115673735, "oneh-in": 0.00664198361943229, "bad-redirect": 0.000875126220127903, "sft": 0.0}, "english-1k": {"oneh-out": 0.008115737473535639, "alternate": 0.33733239237826396, "dsfb-red": 0.01058574453069866, "redirect": 0.016584333098094567, "unknown": 0.0, "sfT": 0.0, "dsfb": 0.0, "roll-out": 0.21877205363443897, "dsfb-alt": 0.07621736062103035, "sfR": 0.10832745236414962, "roll-in": 0.19760056457304165, "sfb": 0.02364149611856034, "oneh-in": 0.0014114326040931546, "bad-redirect": 0.0014114326040931546, "sft": 0.0}, "english-10k": {"oneh-out": 0.005441809305107968, "alternate": 0.36600991875880434, "dsfb-red": 0.0065224522876826, "redirect": 0.013450145693830686, "unknown": 0.0, "sfT": 0.00027016074564365796, "dsfb": 0.0, "roll-out": 0.1664383165126107, "dsfb-alt": 0.0694506088265375, "sfR": 0.10567144593890508, "roll-in": 0.22402114972694467, "sfb": 0.03708921093765076, "oneh-in": 0.00438046351865074, "bad-redirect": 0.0012543177476312692, "sft": 0.0}, "reddit": {"oneh-out": 0.007661988797611416, "alternate": 0.3083893181196304, "dsfb-red": 0.006841559074929247, "redirect": 0.01534633967094037, "unknown": 0.041217688064775854, "sfT": 0.0003531110348228461, "dsfb": 0.0, "roll-out": 0.21281084736722142, "dsfb-alt": 0.06537270032552366, "sfR": 0.10397777127267367, "roll-in": 0.18891781225482954, "sfb": 0.03550902845396212, "oneh-in": 0.011890293978889377, "bad-redirect": 0.001711541584190125, "sft": 0.0}, "akl": {"oneh-out": 0.00590165786281267, "alternate": 0.25805781000758204, "dsfb-red": 0.006425063707934597, "redirect": 0.01674172300885325, "unknown": 0.13295000147380848, "sfT": 0.0004816747049967889, "dsfb": 0.0, "roll-out": 0.1812360437564717, "dsfb-alt": 0.057188932585381505, "sfR": 0.13064861186637447, "roll-in": 0.1600808511808492, "sfb": 0.0351341609210579, "oneh-in": 0.012937913526505439, "bad-redirect": 0.0022155553973719957, "sft": 0.0}, "french": {"oneh-out": 0.003315256097372241, "alternate": 0.25169322115112563, "dsfb-red": 0.010349828472183738, "redirect": 0.02277958556130124, "unknown": 0.15822382396052298, "sfT": 0.00033875434673693986, "dsfb": 0.0, "roll-out": 0.11845826456107715, "dsfb-alt": 0.048353748410258406, "sfR": 0.10898279115633469, "roll-in": 0.24018310922675543, "sfb": 0.03044131267092124, "oneh-in": 0.004614016681348119, "bad-redirect": 0.0022662877040621893, "sft": 0.0}, "keymash": {"oneh-out": 0.008103015848907899, "alternate": 0.3105335101164552, "dsfb-red": 0.006929022671203918, "redirect": 0.016140353757804385, "unknown": 0.013394194891077241, "sfT": 0.0003201799575556313, "dsfb": 0.0, "roll-out": 0.2238181049451384, "dsfb-alt": 0.06858008398566579, "sfR": 0.099723742164827, "roll-in": 0.20253434751019034, "sfb": 0.03305242331074286, "oneh-in": 0.015820173800248756, "bad-redirect": 0.0010508470401825846, "sft": 0.0}, "movie": {"oneh-out": 0.008832846925788953, "alternate": 0.30015966765755453, "dsfb-red": 0.0061978634038123105, "redirect": 0.019693353348487264, "unknown": 0.030451476652766863, "sfT": 0.00040137340768260285, "dsfb": 0.0, "roll-out": 0.22815525228687433, "dsfb-alt": 0.06445596334947556, "sfR": 0.11567713207251198, "roll-in": 0.16685737386774865, "sfb": 0.031788510692784974, "oneh-in": 0.025294683749996216, "bad-redirect": 0.002034502584515751, "sft": 0.0}, "dutch": {"oneh-out": 0.0030230422540241993, "alternate": 0.27359268458022346, "dsfb-red": 0.008429965670777206, "redirect": 0.013911768084254938, "unknown": 0.07325981014373002, "sfT": 0.0007864804967289031, "dsfb": 0.0,