{"english-450k": {"dsfb": 0.0, "unknown": 0.00015377410175167997, "oneh-out": 0.023074300956381362, "dsfb-red": 0.029479313875159986, "dsfb-alt": 0.029435461945002662, "redirect": 0.058477133557192564, "bad-redirect": 0.02135939814102898, "sfR": 0.11369548401129392, "sfb": 0.022341389030351967, "sfT": 1.0524463237757564e-05, "roll-in": 0.3015831716171598, "alternate": 0.18450261094392156, "roll-out": 0.17404070979318845, "sft": 0.0, "oneh-in": 0.04184672756432932}, "shai": {"dsfb": 0.0, "unknown": 0.023260762136131256, "oneh-out": 0.022293237343066534, "dsfb-red": 0.024605326673340283, "dsfb-alt": 0.026584444734123042, "redirect": 0.04565211434240361, "bad-redirect": 0.016314609121222134, "sfR": 0.09823378925716947, "sfb": 0.014471721709556472, "sfT": 1.463014528276123e-05, "roll-in": 0.3210410323711703, "alternate": 0.19504857440458406, "roll-out": 0.15891705806820774, "sft": 0.0, "oneh-in": 0.05356269969374229}, "tr-quotes": {"dsfb": 0.0, "unknown": 0.013835787429786644, "oneh-out": 0.02497630660410069, "dsfb-red": 0.026787406671135664, "dsfb-alt": 0.02567439495157301, "redirect": 0.04832065832967338, "bad-redirect": 0.017852106978571924, "sfR": 0.09677191928064538, "sfb": 0.01175308014146691, "sfT": 5.778877048611914e-06, "roll-in": 0.3344317052310395, "alternate": 0.19434825824645754, "roll-out": 0.14809528212477752, "sft": 0.0, "oneh-in": 0.05714731513372322}, "gutenberg": {"dsfb": 0.0, "unknown": 0.032975828246008664, "oneh-out": 0.022068248009114184, "dsfb-red": 0.024294887896997918, "dsfb-alt": 0.028121510811346354, "redirect": 0.044809375453464285, "bad-redirect": 0.016559237069898005, "sfR": 0.09863878308844841, "sfb": 0.014831573655103066, "sfT": 2.083804557318454e-06, "roll-in": 0.3198863530881794, "alternate": 0.19360476592623407, "roll-out": 0.14358417414847222, "sft": 0.0, "oneh-in": 0.060623178802176096}, "english-200": {"dsfb": 0.0, "unknown": 0.0, "oneh-out": 0.0200445434298441, "dsfb-red": 0.026726057906458798, "dsfb-alt": 0.028953229398663696, "redirect": 0.028953229398663696, "bad-redirect": 0.013363028953229399, "sfR": 0.10690423162583519, "sfb": 0.004454342984409799, "sfT": 0.0, "roll-in": 0.33184855233853006, "alternate": 0.21603563474387527, "roll-out": 0.16481069042316257, "sft": 0.0, "oneh-in": 0.05790645879732739}, "monkeyracer": {"dsfb": 0.0, "unknown": 0.013436077701487402, "oneh-out": 0.024989442732689993, "dsfb-red": 0.02677538045263306, "dsfb-alt": 0.02565220451381829, "redirect": 0.048286790121525876, "bad-redirect": 0.01788088274395108, "sfR": 0.09690789370786869, "sfb": 0.011676533149819354, "sfT": 4.887623754633467e-06, "roll-in": 0.3347005646182961, "alternate": 0.19437981919702207, "roll-out": 0.14795521372601153, "sft": 0.0, "oneh-in": 0.05735430971112188}, "chained-bigrams": {"dsfb": 0.0, "unknown": 0.022916559801936097, "oneh-out": 0.01473207415838749, "dsfb-red": 0.03283274105923672, "dsfb-alt": 0.033389195180341134, "redirect": 0.04930754901114142, "bad-redirect": 0.018205204956272574, "sfR": 0.11914286586209158, "sfb": 0.01633910327126197, "sfT": 3.181592991145432e-05, "roll-in": 0.30746265361737385, "alternate": 0.18316820432839495, "roll-out": 0.15705966266024027, "sft": 0.0, "oneh-in": 0.045412370163410515}, "english-5k": {"dsfb": 0.0, "unknown": 0.002157049819554486, "oneh-out": 0.02567718919815821, "dsfb-red": 0.02696312274443108, "dsfb-alt": 0.02663126892603808, "redirect": 0.048409175758078564, "bad-redirect": 0.017712697556726262, "sfR": 0.10644211224955408, "sfb": 0.017380843738333263, "sfT": 0.0, "roll-in": 0.311278881652632, "alternate": 0.1967063508524495, "roll-out": 0.174928444020409, "sft": 0.0, "oneh-in": 0.04571286348363546}, "mt-quotes": {"dsfb": 0.0, "unknown": 0.007977133909467972, "oneh-out": 0.025075901555085406, "dsfb-red": 0.027133311817931893, "dsfb-alt": 0.02557344521342083, "redirect": 0.048121287099126234, "bad-redirect": 0.017890653948673816, "sfR": 0.0964592223377679, "sfb": 0.010895160229975736, "sfT": 0.0, "roll-in": 0.3409145240912731, "alternate": 0.19499229031448345, "roll-out": 0.1461134817896033, "sft": 0.0, "oneh-in": 0.05885358769319037}, "wordle": {"dsfb": 0.0, "unknown": 0.0, "oneh-out": 0.023628407943453382, "dsfb-red": 0.033366992034107486, "dsfb-alt": 0.032648939750925615, "redirect": 0.06437787501402446, "bad-redirect": 0.019185459441265568, "sfR": 0.13138112868843263, "sfb": 0.02636598227308426, "sfT": 2.2439133849433412e-05, "roll-in": 0.2678335016268372, "alternate": 0.178099405362953, "roll-out": 0.18332772354987098, "sft": 0.0, "oneh-in": 0.03976214518119601}, "english-1k": {"dsfb": 0.0, "unknown": 0.0, "oneh-out": 0.027522935779816515, "dsfb-red": 0.027170077628793227, "dsfb-alt": 0.02858151023288638, "redirect": 0.04763585038814397, "bad-redirect": 0.017642907551164433, "sfR": 0.10832745236414962, "sfb": 0.016937191249117856, "sfT": 0.0, "roll-in": 0.2928722653493296, "alternate": 0.20959774170783346, "roll-out": 0.16937191249117856, "sft": 0.0, "oneh-in": 0.05434015525758645}, "english-10k": {"dsfb": 0.0, "unknown": 0.0, "oneh-out": 0.023426796086528628, "dsfb-red": 0.025607379247795294, "dsfb-alt": 0.029466818471276125, "redirect": 0.05418652669767083, "bad-redirect": 0.016711371837671987, "sfR": 0.10567144593890508, "sfb": 0.018390227899886147, "sfT": 0.0, "roll-in": 0.32044923872561315, "alternate": 0.19509465274695587, "roll-out": 0.16705582678836764, "sft": 0.0, "oneh-in": 0.043939715559329226}, "reddit": {"dsfb": 0.0, "unknown": 0.039285409944231534, "oneh-out": 0.020781410335286923, "dsfb-red": 0.026360991699999083, "dsfb-alt": 0.02639504048865443, "redirect": 0.046015683044358754, "bad-redirect": 0.015838492623792538, "sfR": 0.10397777127267367, "sfb": 0.013005438629118607, "sfT": 8.502832810521487e-05, "roll-in": 0.31969943422450137, "alternate": 0.1914722205522459, "roll-out": 0.14897779655642762, "sft": 0.0, "oneh-in": 0.04810528230060436}, "akl": {"dsfb": 0.0, "unknown": 0.13277008071454782, "oneh-out": 0.01605215853889914, "dsfb-red": 0.02677901345163399, "dsfb-alt": 0.022921687302909003, "redirect": 0.040896097293398305, "bad-redirect": 0.010475282107078153, "sfR": 0.13064861186637447, "sfb": 0.017872491131391496, "sfT": 9.697733865670154e-05, "roll-in": 0.2710473377150948, "alternate": 0.16408424867381327, "roll-out": 0.12358211409758213, "sft": 0.0, "oneh-in": 0.04277389976862072}, "french": {"dsfb": 0.0, "unknown": 0.15807953387545715, "oneh-out": 0.016967621086176388, "dsfb-red": 0.021181967266091516, "dsfb-alt": 0.02110251857736718, "redirect": 0.0460675048975255, "bad-redirect": 0.019154624901735993, "sfR": 0.10898279115633469, "sfb": 0.02752322510797898, "sfT": 2.033035462925246e-05, "roll-in": 0.2266724274831457, "alternate": 0.15516782857564831, "roll-out": 0.1561860991821969, "sft": 0.0, "oneh-in": 0.04289352753571247}, "keymash": {"dsfb": 0.0, "unknown": 0.01232282349464109, "oneh-out": 0.025146441281869193, "dsfb-red": 0.025762171969476177, "dsfb-alt": 0.02709215025470726, "redirect": 0.048289705393390336, "bad-redirect": 0.01758116356680473, "sfR": 0.099723742164827, "sfb": 0.012437759889661061, "sfT": 4.104871250713221e-06, "roll-in": 0.331090705340027, "alternate": 0.19413988580248182, "roll-out": 0.15105926202624656, "sft": 0.0, "oneh-in": 0.05535008394461708}, "movie": {"dsfb": 0.0, "unknown": 0.030236445784519856, "oneh-out": 0.027201668028923626, "dsfb-red": 0.03329938547757316, "dsfb-alt": 0.02708902027909533, "redirect": 0.050816900162904965, "bad-redirect": 0.015283904571037763, "sfR": 0.11567713207251198, "sfb": 0.010112241112507072, "sfT": 3.026750287442579e-06, "roll-in": 0.3128260912191474, "alternate": 0.18818398799090763, "roll-out": 0.14264323997036943, "sft": 0.0, "oneh-in": 0.046626956580214346}, "dutch": {"dsfb": 0.0, "unknown": 0.07290361491625476, "oneh-out": 0.01321426018851935, "dsfb-red": 0.021210964078199925, "dsfb-alt": 0.022494037921262942, "redirect": 0.03648599251733612, "bad-redirect": 0.011840510319010705, "sfR": 0.18880787437283908, "sfb": 0.03396135461986376, "sfT": 0.0001271114003308375,