{"english-450k": {"roll-out": 0.2132618761258983, "roll-in": 0.23382696963867763, "bad-redirect": 0.0025010217499726655, "sfT": 9.355078433562279e-06, "oneh-in": 0.010774711585855355, "dsfb-red": 0.017175046965417197, "unknown": 0.00015377410175167997, "redirect": 0.03654444451590685, "oneh-out": 0.007039988867456664, "dsfb": 0.0, "dsfb-alt": 0.03425537376169458, "sfR": 0.11369548401129392, "alternate": 0.3154924191706606, "sft": 0.0, "sfb": 0.015269534426980981}, "shai": {"roll-out": 0.246194060594501, "roll-in": 0.22738974521253652, "bad-redirect": 0.0041996180370958555, "sfT": 6.331214723158948e-05, "oneh-in": 0.009356326245118254, "dsfb-red": 0.017219553274319403, "unknown": 0.023260762136131256, "redirect": 0.02885754356609559, "oneh-out": 0.008956822648269943, "dsfb": 0.0, "dsfb-alt": 0.031467329260011896, "sfR": 0.09823378925716947, "alternate": 0.29120184476068955, "sft": 0.0, "sfb": 0.013599292860829698}, "tr-quotes": {"roll-out": 0.2657116109197661, "roll-in": 0.21390397817896026, "bad-redirect": 0.0035921499734171657, "sfT": 3.0050160652781953e-05, "oneh-in": 0.009552483761355493, "dsfb-red": 0.026832481912114837, "unknown": 0.013835787429786644, "redirect": 0.032388294306650335, "oneh-out": 0.009201128036799889, "dsfb": 0.0, "dsfb-alt": 0.028640114652920646, "sfR": 0.09677191928064538, "alternate": 0.2854557222440535, "sft": 0.0, "sfb": 0.014084279142876957}, "gutenberg": {"roll-out": 0.2784277353628832, "roll-in": 0.2059446776411181, "bad-redirect": 0.003274035833103168, "sfT": 8.335218229273816e-06, "oneh-in": 0.00644217650733897, "dsfb-red": 0.024197706829915705, "unknown": 0.032975828246008664, "redirect": 0.03133454800195347, "oneh-out": 0.012431599115406021, "dsfb": 0.0, "dsfb-alt": 0.025674366513942736, "sfR": 0.09863878308844841, "alternate": 0.26341543902162723, "sft": 0.0, "sfb": 0.01723476862002506}, "english-200": {"roll-out": 0.28507795100222716, "roll-in": 0.21158129175946547, "bad-redirect": 0.004454342984409799, "sfT": 0.0, "oneh-in": 0.0066815144766146995, "dsfb-red": 0.017817371937639197, "unknown": 0.0, "redirect": 0.035634743875278395, "oneh-out": 0.011135857461024499, "dsfb": 0.0, "dsfb-alt": 0.011135857461024499, "sfR": 0.10690423162583519, "alternate": 0.30957683741648107, "sft": 0.0, "sfb": 0.0}, "monkeyracer": {"roll-out": 0.2657743169057041, "roll-in": 0.21377684282966045, "bad-redirect": 0.003536684548852777, "sfT": 2.9325742527800803e-05, "oneh-in": 0.009687270281683532, "dsfb-red": 0.02728662589736772, "unknown": 0.013436077701487402, "redirect": 0.03241081064172545, "oneh-out": 0.009252271767521154, "dsfb": 0.0, "dsfb-alt": 0.028579891142843736, "sfR": 0.09690789370786869, "alternate": 0.28526420538968045, "sft": 0.0, "sfb": 0.01405778344307678}, "chained-bigrams": {"roll-out": 0.22277254402123486, "roll-in": 0.19986961961783226, "bad-redirect": 0.0050632779887657305, "sfT": 3.311453929559531e-05, "oneh-in": 0.008577964286943327, "dsfb-red": 0.019121373876784045, "unknown": 0.022916559801936097, "redirect": 0.039788742225387946, "oneh-out": 0.008081895502201468, "dsfb": 0.0, "dsfb-alt": 0.03843364333303682, "sfR": 0.11914286586209158, "alternate": 0.3018422722028116, "sft": 0.0, "sfb": 0.014356126741678674}, "english-5k": {"roll-out": 0.1995685900360891, "roll-in": 0.26718380553366244, "bad-redirect": 0.0009540797278798689, "sfT": 0.0, "oneh-in": 0.013440079644916414, "dsfb-red": 0.011697847098353175, "unknown": 0.002157049819554486, "redirect": 0.028954245654789067, "oneh-out": 0.005765960094578338, "dsfb": 0.0, "dsfb-alt": 0.03459576056747003, "sfR": 0.10644211224955408, "alternate": 0.31857966565727797, "sft": 0.0, "sfb": 0.010660803915875056}, "mt-quotes": {"roll-out": 0.27168871995314425, "roll-in": 0.21325049903778343, "bad-redirect": 0.0036068179916568053, "sfT": 2.689425180191487e-05, "oneh-in": 0.00945631775857329, "dsfb-red": 0.02874099042564636, "unknown": 0.007977133909467972, "redirect": 0.03310682396815721, "oneh-out": 0.009369658502767119, "dsfb": 0.0, "dsfb-alt": 0.027829574114581465, "sfR": 0.0964592223377679, "alternate": 0.2849102329639856, "sft": 0.0, "sfb": 0.01357711478466669}, "wordle": {"roll-out": 0.23226747447548524, "roll-in": 0.20024683047234376, "bad-redirect": 0.00565466173005722, "sfT": 4.4878267698866824e-05, "oneh-in": 0.005632222596207786, "dsfb-red": 0.02221474251093908, "unknown": 0.0, "redirect": 0.03704700998541456, "oneh-out": 0.01566251542690452, "dsfb": 0.0, "dsfb-alt": 0.03588017502524402, "sfR": 0.13138112868843263, "alternate": 0.2917984965780321, "sft": 0.0, "sfb": 0.02216986424324021}, "english-1k": {"roll-out": 0.23218066337332394, "roll-in": 0.24735356386732535, "bad-redirect": 0.001058574453069866, "sfT": 0.0, "oneh-in": 0.011291460832745237, "dsfb-red": 0.015172900494001412, "unknown": 0.0, "redirect": 0.026817219477769938, "oneh-out": 0.010938602681721948, "dsfb": 0.0, "dsfb-alt": 0.02399435426958363, "sfR": 0.10832745236414962, "alternate": 0.3119266055045872, "sft": 0.0, "sfb": 0.010938602681721948}, "english-10k": {"roll-out": 0.21039732926805735, "roll-in": 0.26155419617529574, "bad-redirect": 0.003936628007950445, "sfT": 1.929719611740414e-05, "oneh-in": 0.011616912062677292, "dsfb-red": 0.01034329711892862, "unknown": 0.0, "redirect": 0.027710773624592348, "oneh-out": 0.008548657880010035, "dsfb": 0.0, "dsfb-alt": 0.034927924972501495, "sfR": 0.10567144593890508, "alternate": 0.3131163042009996, "sft": 0.0, "sfb": 0.012157233553964608}, "reddit": {"roll-out": 0.25017356828870374, "roll-in": 0.20913612529654566, "bad-redirect": 0.003916622045523118, "sfT": 0.00019129500953010237, "oneh-in": 0.010311576382127045, "dsfb-red": 0.021035034480485344, "unknown": 0.039285409944231534, "redirect": 0.031977094042641895, "oneh-out": 0.008750313939944904, "dsfb": 0.0, "dsfb-alt": 0.027292370280763915, "sfR": 0.10397777127267367, "alternate": 0.2789228446583013, "sft": 0.0, "sfb": 0.01502997435852775}, "akl": {"roll-out": 0.21806309545784583, "roll-in": 0.17484292697818885, "bad-redirect": 0.004686562693946956, "sfT": 0.00019899502816333098, "oneh-in": 0.009430125826182068, "dsfb-red": 0.019989265535145784, "unknown": 0.13277008071454782, "redirect": 0.026604207166029875, "oneh-out": 0.009905821291445118, "dsfb": 0.0, "dsfb-alt": 0.02179195689966339, "sfR": 0.13064861186637447, "alternate": 0.2332936273930023, "sft": 0.0, "sfb": 0.017774723149464218}, "french": {"roll-out": 0.20838592520410096, "roll-in": 0.19990583015692143, "bad-redirect": 0.003612495770065217, "sfT": 4.701300871524998e-05, "oneh-in": 0.008052198762311382, "dsfb-red": 0.011184211994930205, "unknown": 0.15807953387545715, "redirect": 0.02484848754521575, "oneh-out": 0.01381350964200403, "dsfb": 0.0, "dsfb-alt": 0.023262345338175523, "sfR": 0.10898279115633469, "alternate": 0.21239801656640744, "sft": 0.0, "sfb": 0.027427640979360974}, "keymash": {"roll-out": 0.2636230414633045, "roll-in": 0.21435637671224442, "bad-redirect": 0.003472721078103385, "sfT": 2.462922750427933e-05, "oneh-in": 0.009235960314104749, "dsfb-red": 0.027112674610960827, "unknown": 0.01232282349464109, "redirect": 0.03196873730055457, "oneh-out": 0.009925578684224569, "dsfb": 0.0, "dsfb-alt": 0.02882440592250824, "sfR": 0.099723742164827, "alternate": 0.28516540578704747, "sft": 0.0, "sfb": 0.014243903239974879}, "movie": {"roll-out": 0.25641391415530834, "roll-in": 0.18350765879680886, "bad-redirect": 0.003980308225825575, "sfT": 4.987558082351032e-05, "oneh-in": 0.011671675499732923, "dsfb-red": 0.03952133128584643, "unknown": 0.030236445784519856, "redirect": 0.03213527099745503, "oneh-out": 0.008629001873821623, "dsfb": 0.0, "dsfb-alt": 0.03059215474221365, "sfR": 0.11567713207251198, "alternate": 0.2726412436311581, "sft": 0.0, "sfb": 0.014943987353974104}, "dutch": {"roll-out": 0.1859636917913075, "roll-in": 0.19969656434148136, "bad-redirect": 0.0034513551359120135, "sfT": 6.221985599492258e-05, "oneh-in": 0.007480906662720935, "dsfb-red": 0.01823384258821117, "unknown": 0.07290361491625476,