{"english-450k": {"sfb": 0.0483628320395065, "bad-redirect": 0.007165697733907657, "oneh-out": 0.013049165030015185, "redirect": 0.05004323800313512, "oneh-in": 0.00926795926564973, "dsfb-red": 0.020511301811786346, "alternate": 0.27984138464515895, "sfT": 8.799620651569519e-05, "dsfb-alt": 0.03900687656734107, "unknown": 0.0, "sft": 0.0, "roll-out": 0.20493673335863102, "roll-in": 0.21403133132705882, "dsfb": 0.0, "sfR": 0.11369548401129392}, "shai": {"sfb": 0.025268513481253134, "bad-redirect": 0.00574371762983596, "oneh-out": 0.014226082344340673, "redirect": 0.04079285092145145, "oneh-in": 0.010834803056570204, "dsfb-red": 0.023043132919436975, "alternate": 0.2772329123773506, "sfT": 7.84067415709463e-05, "dsfb-alt": 0.03705539065893865, "unknown": 0.016772683614515952, "sft": 0.0, "roll-out": 0.24209465131177443, "roll-in": 0.20862306568579153, "dsfb": 0.0, "sfR": 0.09823378925716947}, "tr-quotes": {"sfb": 0.02707057164651765, "bad-redirect": 0.005209079771618779, "oneh-out": 0.015792515198446638, "redirect": 0.03984073414854025, "oneh-in": 0.008718013915535934, "dsfb-red": 0.02708675250225376, "alternate": 0.27127204641594044, "sfT": 2.3115508194447656e-05, "dsfb-alt": 0.03396939506715055, "unknown": 0.010735997780911213, "sft": 0.0, "roll-out": 0.2620362451168489, "roll-in": 0.20147361364739605, "dsfb": 0.0, "sfR": 0.09677191928064538}, "gutenberg": {"sfb": 0.02294761353230257, "bad-redirect": 0.0048743977331237405, "oneh-out": 0.017455651903100815, "redirect": 0.035813401742742584, "oneh-in": 0.010703177953499333, "dsfb-red": 0.02476980589928859, "alternate": 0.24555136142529202, "sfT": 6.630287227831445e-06, "dsfb-alt": 0.03236281083260116, "unknown": 0.030721151714990094, "sft": 0.0, "roll-out": 0.27621416661267717, "roll-in": 0.19994104727470569, "dsfb": 0.0, "sfR": 0.09863878308844841}, "english-200": {"sfb": 0.017817371937639197, "bad-redirect": 0.0022271714922048997, "oneh-out": 0.0066815144766146995, "redirect": 0.044543429844097995, "oneh-in": 0.013363028953229399, "dsfb-red": 0.0378619153674833, "alternate": 0.2828507795100223, "sfT": 0.0, "dsfb-alt": 0.022271714922048998, "unknown": 0.0, "sft": 0.0, "roll-out": 0.26057906458797325, "roll-in": 0.20489977728285078, "dsfb": 0.0, "sfR": 0.10690423162583519}, "monkeyracer": {"sfb": 0.02699727857109342, "bad-redirect": 0.0052150945461939095, "oneh-out": 0.01579582245022444, "redirect": 0.03977548211520716, "oneh-in": 0.008719520778266106, "dsfb-red": 0.0272748956003566, "alternate": 0.2712758262039195, "sfT": 2.248306927131395e-05, "dsfb-alt": 0.033930861629416456, "unknown": 0.01033830176580071, "sft": 0.0, "roll-out": 0.2622395874063531, "roll-in": 0.2015069521560286, "dsfb": 0.0, "sfR": 0.09690789370786869}, "chained-bigrams": {"sfb": 0.026920821837934848, "bad-redirect": 0.0064514914204124515, "oneh-out": 0.012117324163419601, "redirect": 0.041623027980487094, "oneh-in": 0.00681640065735607, "dsfb-red": 0.028605118209165715, "alternate": 0.24974336232045913, "sfT": 0.00012726371964581727, "dsfb-alt": 0.048356966941950214, "unknown": 0.017076064096761982, "sft": 0.0, "roll-out": 0.24937715447413136, "roll-in": 0.19364213831618413, "dsfb": 0.0, "sfR": 0.11914286586209158}, "english-5k": {"sfb": 0.02688015928983283, "bad-redirect": 0.00551706973078359, "oneh-out": 0.01339859791761729, "redirect": 0.04119135520803086, "oneh-in": 0.010204504915584684, "dsfb-red": 0.020367528103870245, "alternate": 0.32575600448002656, "sfT": 0.0, "dsfb-alt": 0.0394076409341685, "unknown": 0.0, "sft": 0.0, "roll-out": 0.20251379267432695, "roll-in": 0.20832123449620443, "dsfb": 0.0, "sfR": 0.10644211224955408}, "mt-quotes": {"sfb": 0.026462449647984127, "bad-redirect": 0.005074048839961273, "oneh-out": 0.01590645581573254, "redirect": 0.0391684894992888, "oneh-in": 0.008538924947107972, "dsfb-red": 0.028131387384802954, "alternate": 0.27131817692831783, "sfT": 8.96475060063829e-06, "dsfb-alt": 0.03327267185426901, "unknown": 0.006137865911237016, "sft": 0.0, "roll-out": 0.26654743548367815, "roll-in": 0.20297390659925174, "dsfb": 0.0, "sfR": 0.0964592223377679}, "wordle": {"sfb": 0.0470773028161113, "bad-redirect": 0.007808818579602827, "oneh-out": 0.015931785033097723, "redirect": 0.05042073375967688, "oneh-in": 0.01420397172669135, "dsfb-red": 0.026253786603837093, "alternate": 0.24407045888028722, "sfT": 0.00013463480309660046, "dsfb-alt": 0.04467631549422192, "unknown": 0.0, "sft": 0.0, "roll-out": 0.20962638842140693, "roll-in": 0.20841467519353754, "dsfb": 0.0, "sfR": 0.13138112868843263}, "english-1k": {"sfb": 0.016231474947071278, "bad-redirect": 0.005998588567395907, "oneh-out": 0.022935779816513763, "redirect": 0.048341566690190546, "oneh-in": 0.009527170077628794, "dsfb-red": 0.020112914608327453, "alternate": 0.2784050811573747, "sfT": 0.0, "dsfb-alt": 0.033168666196189134, "unknown": 0.0, "sft": 0.0, "roll-out": 0.2544107268877911, "roll-in": 0.2025405786873677, "dsfb": 0.0, "sfR": 0.10832745236414962}, "english-10k": {"sfb": 0.029177360529515063, "bad-redirect": 0.006348777522625962, "oneh-out": 0.013720306439474344, "redirect": 0.04187491557476699, "oneh-in": 0.013450145693830686, "dsfb-red": 0.02111113255244013, "alternate": 0.30371856969182376, "sfT": 0.0, "dsfb-alt": 0.04125740529901006, "unknown": 0.0, "sft": 0.0, "roll-out": 0.19457362845178597, "roll-in": 0.22909631230582198, "dsfb": 0.0, "sfR": 0.10567144593890508}, "reddit": {"sfb": 0.027232925365916788, "bad-redirect": 0.0051870651311374675, "oneh-out": 0.014213327834585067, "redirect": 0.037261773192740676, "oneh-in": 0.008324797725286208, "dsfb-red": 0.026943641763292746, "alternate": 0.2608756007466761, "sfT": 7.81736214782306e-05, "dsfb-alt": 0.03490386648529787, "unknown": 0.041052351042636465, "sft": 0.0, "roll-out": 0.24600133685507933, "roll-in": 0.1939473689631994, "dsfb": 0.0, "sfR": 0.10397777127267367}, "akl": {"sfb": 0.030387015186502987, "bad-redirect": 0.004297837988447368, "oneh-out": 0.008713901853448192, "redirect": 0.035289744692146116, "oneh-in": 0.008172410043511817, "dsfb-red": 0.026726534504549447, "alternate": 0.224214621301763, "sfT": 0.0002258768993629466, "dsfb-alt": 0.024812807175720195, "unknown": 0.13144916288543582, "sft": 0.0, "roll-out": 0.20381503661679, "roll-in": 0.17124643898594763, "dsfb": 0.0, "sfR": 0.13064861186637447}, "french": {"sfb": 0.030148972059365894, "bad-redirect": 0.006087240772809366, "oneh-out": 0.01420926988362992, "redirect": 0.0458016821398344, "oneh-in": 0.010129730285110525, "dsfb-red": 0.01373328189768594, "alternate": 0.24238076512937573, "sfT": 9.389118088542754e-05, "dsfb-alt": 0.02613425887534965, "unknown": 0.15037208219521925, "sft": 0.0, "roll-out": 0.18831005208091517, "roll-in": 0.163615982343484, "dsfb": 0.0, "sfR": 0.10898279115633469}, "keymash": {"sfb": 0.02599614963076683, "bad-redirect": 0.004576931444545242, "oneh-out": 0.015787334830243048, "redirect": 0.0395545393718726, "oneh-in": 0.008287735055189994, "dsfb-red": 0.026410741627088865, "alternate": 0.2702852475032121, "sfT": 1.2314613752139664e-05, "dsfb-alt": 0.03460816951476317, "unknown": 0.009691601022933916, "sft": 0.0, "roll-out": 0.2643578134171822, "roll-in": 0.20070767980362295, "dsfb": 0.0, "sfR": 0.099723742164827}, "movie": {"sfb": 0.027999545724261207, "bad-redirect": 0.006279717259411844, "oneh-out": 0.013720127455138625, "redirect": 0.03730746084734006, "oneh-in": 0.007398298887379754, "dsfb-red": 0.027630018993516043, "alternate": 0.2535762699619116, "sfT": 2.2371632559358192e-05, "dsfb-alt": 0.033667069838578145, "unknown": 0.024744473186874588, "sft": 0.0, "roll-out": 0.26458324477895445, "roll-in": 0.1873942693615623, "dsfb": 0.0, "sfR": 0.11567713207251198}, "dutch": {"sfb": 0.06859540091624207, "bad-redirect": 0.006099518274868245, "oneh-out": 0.010088420691146767, "redirect": 0.030859757556296687, "oneh-in": 0.012117469366762168, "dsfb-red": 0.015980264507187, "alternate": 0.20205362103603483, "sfT": 0.00024785736870830394, "dsfb-alt": 0.025619321564014245,