{"english-450k": {"dsfb": 0.0, "roll-in": 0.24325133412188849, "alternate": 0.2694709878553541, "bad-redirect": 0.0024811422083013458, "dsfb-red": 0.03536161178646332, "sfR": 0.11369548401129392, "dsfb-alt": 0.03524964319146162, "oneh-in": 0.02003711627368516, "roll-out": 0.1907813303038471, "redirect": 0.05155408317015543, "sft": 0.0, "sfT": 2.0464234073417485e-05, "sfb": 0.02662192210610881, "oneh-out": 0.011321106635615603, "unknown": 0.00015377410175167997}, "shai": {"dsfb": 0.0, "roll-in": 0.2698692506238325, "alternate": 0.24675598976725838, "bad-redirect": 0.008010538658726859, "dsfb-red": 0.02933542294124441, "sfR": 0.09823378925716947, "dsfb-alt": 0.03611260164854645, "oneh-in": 0.020291434816277886, "roll-out": 0.19496193530348493, "redirect": 0.04513029421609205, "sft": 0.0, "sfT": 4.470709210613095e-05, "sfb": 0.019835914792795343, "oneh-out": 0.008157358746334336, "unknown": 0.023260762136131256}, "tr-quotes": {"dsfb": 0.0, "roll-in": 0.2760084140449828, "alternate": 0.2274496659809066, "bad-redirect": 0.015780957444349413, "dsfb-red": 0.03305864404428931, "sfR": 0.09677191928064538, "dsfb-alt": 0.0361561221423453, "oneh-in": 0.02292249370102402, "roll-out": 0.20469707126511177, "redirect": 0.046991516608492635, "sft": 0.0, "sfT": 1.3869304916668594e-05, "sfb": 0.01846120061949562, "oneh-out": 0.007852338133653868, "unknown": 0.013835787429786644}, "gutenberg": {"dsfb": 0.0, "roll-in": 0.27162184024190317, "alternate": 0.21809041665861562, "bad-redirect": 0.00710766790823531, "dsfb-red": 0.03799874441303583, "sfR": 0.09863878308844841, "dsfb-alt": 0.035447220450988345, "oneh-in": 0.019708055192784124, "roll-out": 0.20548794556950947, "redirect": 0.04568116350553515, "sft": 0.0, "sfT": 3.9023976255236504e-05, "sfb": 0.017893061423359752, "oneh-out": 0.009310249325320916, "unknown": 0.032975828246008664}, "english-200": {"dsfb": 0.0, "roll-in": 0.26057906458797325, "alternate": 0.25389755011135856, "bad-redirect": 0.004454342984409799, "dsfb-red": 0.044543429844097995, "sfR": 0.10690423162583519, "dsfb-alt": 0.026726057906458798, "oneh-in": 0.0334075723830735, "roll-out": 0.21603563474387527, "redirect": 0.035634743875278395, "sft": 0.0, "sfT": 0.0, "sfb": 0.011135857461024499, "oneh-out": 0.0066815144766146995, "unknown": 0.0}, "monkeyracer": {"dsfb": 0.0, "roll-in": 0.27553001391995247, "alternate": 0.22730871795673865, "bad-redirect": 0.016186832350595117, "dsfb-red": 0.03306379717534448, "sfR": 0.09690789370786869, "dsfb-alt": 0.036236842516852524, "oneh-in": 0.02297378669627915, "roll-out": 0.20510131066518605, "redirect": 0.04689283982670441, "sft": 0.0, "sfT": 1.4662871263900401e-05, "sfb": 0.01848890313902748, "oneh-out": 0.007858321472699688, "unknown": 0.013436077701487402}, "chained-bigrams": {"dsfb": 0.0, "roll-in": 0.24833177391989789, "alternate": 0.2562058919206368, "bad-redirect": 0.003239381108739706, "dsfb-red": 0.036416253654773786, "sfR": 0.11914286586209158, "dsfb-alt": 0.03865505623303286, "oneh-in": 0.021956887467055902, "roll-out": 0.1708047936866806, "redirect": 0.04784791206336694, "sft": 0.0, "sfT": 7.07742114356841e-05, "sfb": 0.020457642933065127, "oneh-out": 0.013954207137287036, "unknown": 0.022916559801936097}, "english-5k": {"dsfb": 0.0, "roll-in": 0.23603102833201975, "alternate": 0.2820757456340482, "bad-redirect": 0.002488903637947484, "dsfb-red": 0.030696478201352306, "sfR": 0.10644211224955408, "dsfb-alt": 0.038660969842784255, "oneh-in": 0.01775417928402539, "roll-out": 0.20168415812834448, "redirect": 0.04981955448624881, "sft": 0.0, "sfT": 0.0, "sfb": 0.021570498195544862, "oneh-out": 0.010619322188575933, "unknown": 0.002157049819554486}, "mt-quotes": {"dsfb": 0.0, "roll-in": 0.27872156679934496, "alternate": 0.2246715913029966, "bad-redirect": 0.01737667491423722, "dsfb-red": 0.033710450508600186, "sfR": 0.0964592223377679, "dsfb-alt": 0.03615782742257444, "oneh-in": 0.023698318212787322, "roll-out": 0.20833482745843343, "redirect": 0.04656590286991549, "sft": 0.0, "sfT": 8.96475060063829e-06, "sfb": 0.01844646848591339, "oneh-out": 0.007871051027360418, "unknown": 0.007977133909467972}, "wordle": {"dsfb": 0.0, "roll-in": 0.23044990463368115, "alternate": 0.24570851565129587, "bad-redirect": 0.003119039605071244, "dsfb-red": 0.03388309211264445, "sfR": 0.13138112868843263, "dsfb-alt": 0.04205093683383821, "oneh-in": 0.02367328621115225, "roll-out": 0.20466733984068214, "redirect": 0.0462694939975317, "sft": 0.0, "sfT": 0.0, "sfb": 0.028968921799618536, "oneh-out": 0.009828340626051835, "unknown": 0.0}, "english-1k": {"dsfb": 0.0, "roll-in": 0.24841213832039521, "alternate": 0.25617501764290757, "bad-redirect": 0.002117148906139732, "dsfb-red": 0.034227240649259, "sfR": 0.10832745236414962, "dsfb-alt": 0.038461538461538464, "oneh-in": 0.02399435426958363, "roll-out": 0.22300635144671843, "redirect": 0.045871559633027525, "sft": 0.0, "sfT": 0.0, "sfb": 0.013761467889908258, "oneh-out": 0.0056457304163726185, "unknown": 0.0}, "english-10k": {"dsfb": 0.0, "roll-in": 0.25972096254414234, "alternate": 0.27000636807471873, "bad-redirect": 0.002064799984562243, "dsfb-red": 0.029833465197506803, "sfR": 0.10567144593890508, "dsfb-alt": 0.03986800717855696, "oneh-in": 0.018158661546477297, "roll-out": 0.19412979294108565, "redirect": 0.0489376893537369, "sft": 0.0, "sfT": 0.0, "sfb": 0.022172478338897357, "oneh-out": 0.009436328901410626, "unknown": 0.0}, "reddit": {"dsfb": 0.0, "roll-in": 0.26000763756656414, "alternate": 0.2229403058060676, "bad-redirect": 0.01187119069812565, "dsfb-red": 0.02946205348656412, "sfR": 0.10397777127267367, "dsfb-alt": 0.0363834717665684, "oneh-in": 0.02317587547807365, "roll-out": 0.1966218657275344, "redirect": 0.04460200281042972, "sft": 0.0, "sfT": 0.00010042332495598286, "sfb": 0.02336125221630832, "oneh-out": 0.00821073990190278, "unknown": 0.039285409944231534}, "akl": {"dsfb": 0.0, "roll-in": 0.21760654838429205, "alternate": 0.18460966917681904, "bad-redirect": 0.011749156661590819, "dsfb-red": 0.02874420671585736, "sfR": 0.13064861186637447, "dsfb-alt": 0.03242815961990615, "oneh-in": 0.018561116712461797, "roll-out": 0.1737139625106116, "redirect": 0.03476085375933456, "sft": 0.0, "sfT": 0.00019034736739139581, "sfb": 0.023186873997380945, "oneh-out": 0.011030412513431979, "unknown": 0.13277008071454782}, "french": {"dsfb": 0.0, "roll-in": 0.21341383015146803, "alternate": 0.19809555964829414, "bad-redirect": 0.003436339314847273, "dsfb-red": 0.0247680200914842, "sfR": 0.10898279115633469, "dsfb-alt": 0.01857963692803218, "oneh-in": 0.01583769083846952, "roll-out": 0.18067670057311375, "redirect": 0.048118039147633476, "sft": 0.0, "sfT": 0.00010304508411201064, "sfb": 0.01968310924922817, "oneh-out": 0.010225703941525405, "unknown": 0.15807953387545715}, "keymash": {"dsfb": 0.0, "roll-in": 0.2774646673207095, "alternate": 0.22846481920094577, "bad-redirect": 0.014970465451351118, "dsfb-red": 0.03388571217463764, "sfR": 0.099723742164827, "dsfb-alt": 0.03730917479773247, "oneh-in": 0.022170409625102108, "roll-out": 0.20021099038228665, "redirect": 0.04602792133424735, "sft": 0.0, "sfT": 1.2314613752139664e-05, "sfb": 0.019145119513326463, "oneh-out": 0.008291839926440708, "unknown": 0.01232282349464109}, "movie": {"dsfb": 0.0, "roll-in": 0.26351401234045574, "alternate": 0.2013221898038258, "bad-redirect": 0.027515923667463315, "dsfb-red": 0.03165375450607449, "sfR": 0.11567713207251198, "dsfb-alt": 0.03666710576478808, "oneh-in": 0.02185432145588268, "roll-out": 0.19802605874080081, "redirect": 0.048993480511478685, "sft": 0.0, "sfT": 6.711489767807458e-06, "sfb": 0.017707936757763516, "oneh-out": 0.0068249271046672624, "unknown": 0.030236445784519856}, "dutch": {"dsfb": 0.0, "roll-in": 0.23317925640924586, "alternate": 0.17267058990053752, "bad-redirect": 0.0023849928719713678, "dsfb-red": 0.03671009158368325, "sfR": 0.18880787437283908, "dsfb-alt": 0.029801015879905853, "oneh-in": 0.009646498336434703, "roll-out": 0.16836501172727736,