{"english-450k": {"sfb": 0.034310919539893854, "roll-in": 0.2277087483431279, "dsfb": 0.0, "redirect": 0.032765285174948734, "sfT": 0.00018563983766600148, "oneh-in": 0.016092781329134463, "alternate": 0.25672849399023917, "sfR": 0.11369548401129392, "unknown": 0.00015377410175167997, "dsfb-alt": 0.03992805944684591, "dsfb-red": 0.021288942706576212, "roll-out": 0.23211206682332525, "bad-redirect": 0.005427114876270317, "oneh-out": 0.01960268981892661, "sft": 0.0}, "shai": {"sfb": 0.018678267778413214, "roll-in": 0.25813179082576876, "dsfb": 0.0, "redirect": 0.027083131427007343, "sfT": 7.368871323769605e-05, "oneh-in": 0.011063393271000142, "alternate": 0.24315980716694435, "sfR": 0.09823378925716947, "unknown": 0.023621906111313578, "dsfb-alt": 0.03383267154503314, "dsfb-red": 0.01633547449508969, "roll-out": 0.2383010159358664, "bad-redirect": 0.007454252542007095, "oneh-out": 0.024030810931149144, "sft": 0.0}, "tr-quotes": {"sfb": 0.014947643373939576, "roll-in": 0.27881579251519845, "dsfb": 0.0, "redirect": 0.02799288042347611, "sfT": 3.236171147222672e-05, "oneh-in": 0.011729964633272463, "alternate": 0.23965581008298467, "sfR": 0.09677191928064538, "unknown": 0.01476965396084233, "dsfb-alt": 0.0326552784262962, "dsfb-red": 0.01619588081643975, "roll-out": 0.2323651787984559, "bad-redirect": 0.009198816485980444, "oneh-out": 0.02486881949099651, "sft": 0.0}, "gutenberg": {"sfb": 0.0166194779652823, "roll-in": 0.28158432039366477, "dsfb": 0.0, "redirect": 0.02598447451942731, "sfT": 0.00016803042203104263, "oneh-in": 0.013183852560597984, "alternate": 0.22332322877559813, "sfR": 0.09863878308844841, "unknown": 0.03802431837805746, "dsfb-alt": 0.036196821781289176, "dsfb-red": 0.012871471313778153, "roll-out": 0.2255271362501293, "bad-redirect": 0.008261148449100043, "oneh-out": 0.019616936102595926, "sft": 0.0}, "english-200": {"sfb": 0.004454342984409799, "roll-in": 0.30066815144766146, "dsfb": 0.0, "redirect": 0.015590200445434299, "sfT": 0.0, "oneh-in": 0.008908685968819599, "alternate": 0.2516703786191537, "sfR": 0.10690423162583519, "unknown": 0.0, "dsfb-alt": 0.035634743875278395, "dsfb-red": 0.013363028953229399, "roll-out": 0.23385300668151449, "bad-redirect": 0.013363028953229399, "oneh-out": 0.015590200445434299, "sft": 0.0}, "monkeyracer": {"sfb": 0.014900409778375588, "roll-in": 0.2795974944085584, "dsfb": 0.0, "redirect": 0.027947432628994167, "sfT": 2.834821777687411e-05, "oneh-in": 0.011741049783380515, "alternate": 0.23926189061107028, "sfR": 0.09690789370786869, "unknown": 0.014352018393105714, "dsfb-alt": 0.032689405195739554, "dsfb-red": 0.01618585482584419, "roll-out": 0.23237718379029357, "bad-redirect": 0.009353934341617529, "oneh-out": 0.024657084317374917, "sft": 0.0}, "chained-bigrams": {"sfb": 0.01896748866476334, "roll-in": 0.22900327184634334, "dsfb": 0.0, "redirect": 0.03255613726041468, "sfT": 6.103464105462665e-05, "oneh-in": 0.019630428755367316, "alternate": 0.24825580527092564, "sfR": 0.11914286586209158, "unknown": 0.02365222201805197, "dsfb-alt": 0.04569416839976911, "dsfb-red": 0.023523659689022012, "roll-out": 0.2118953918196699, "bad-redirect": 0.007093004456178101, "oneh-out": 0.02052452131634839, "sft": 0.0}, "english-5k": {"sfb": 0.023976438378894096, "roll-in": 0.24830961961256068, "dsfb": 0.0, "redirect": 0.02692164101713195, "sfT": 0.0, "oneh-in": 0.012859335462728667, "alternate": 0.25897042352843574, "sfR": 0.10644211224955408, "unknown": 0.002157049819554486, "dsfb-alt": 0.03459576056747003, "dsfb-red": 0.018500850375409633, "roll-out": 0.23279545360268802, "bad-redirect": 0.005682996639980089, "oneh-out": 0.028788318745592567, "sft": 0.0}, "mt-quotes": {"sfb": 0.013849045552886052, "roll-in": 0.284227417793237, "dsfb": 0.0, "redirect": 0.02745156046425455, "sfT": 1.4941251001063817e-05, "oneh-in": 0.011391209763211054, "alternate": 0.24052874099042565, "sfR": 0.0964592223377679, "unknown": 0.008869126594231481, "dsfb-alt": 0.03245389129941072, "dsfb-red": 0.015879561563930625, "roll-out": 0.23416526218907258, "bad-redirect": 0.009738707402493395, "oneh-out": 0.024971312798077957, "sft": 0.0}, "wordle": {"sfb": 0.038370918882531135, "roll-in": 0.2147200718052283, "dsfb": 0.0, "redirect": 0.031212835184561877, "sfT": 0.0003365870077415012, "oneh-in": 0.01157859306630764, "alternate": 0.2439807023448895, "sfR": 0.13138112868843263, "unknown": 0.0, "dsfb-alt": 0.04597778525748906, "dsfb-red": 0.02138449455851004, "roll-out": 0.2334343094356558, "bad-redirect": 0.007090766296420958, "oneh-out": 0.020531807472231572, "sft": 0.0}, "english-1k": {"sfb": 0.022230063514467185, "roll-in": 0.2801693719124912, "dsfb": 0.0, "redirect": 0.024700070571630206, "sfT": 0.0, "oneh-in": 0.011291460832745237, "alternate": 0.22477064220183487, "sfR": 0.10832745236414962, "unknown": 0.0, "dsfb-alt": 0.03458009880028229, "dsfb-red": 0.01587861679604799, "roll-out": 0.23817925194071984, "bad-redirect": 0.012702893436838392, "oneh-out": 0.027170077628793227, "sft": 0.0}, "english-10k": {"sfb": 0.024391655892398834, "roll-in": 0.2288068543640609, "dsfb": 0.0, "redirect": 0.027440612878948688, "sfT": 0.00011578317670442484, "oneh-in": 0.010652052256807086, "alternate": 0.25200208409718067, "sfR": 0.10567144593890508, "unknown": 0.0, "dsfb-alt": 0.03479284459967966, "dsfb-red": 0.01804287836977287, "roll-out": 0.26346461859091874, "bad-redirect": 0.005673375658516818, "oneh-out": 0.028945794176106213, "sft": 0.0}, "reddit": {"sfb": 0.015734173727857285, "roll-in": 0.2583345647457943, "dsfb": 0.0, "redirect": 0.024988402248418688, "sfT": 0.00010881378552671772, "oneh-in": 0.011009595278268313, "alternate": 0.23990982502331257, "sfR": 0.10397777127267367, "unknown": 0.041217688064775854, "dsfb-alt": 0.032924691683349265, "dsfb-red": 0.01586699771528508, "roll-out": 0.2245753593523763, "bad-redirect": 0.00808896585138734, "oneh-out": 0.023263151250974595, "sft": 0.0}, "akl": {"sfb": 0.02360915162667564, "roll-in": 0.21819728244542405, "dsfb": 0.0, "redirect": 0.017944736160240463, "sfT": 0.0010678131521185547, "oneh-in": 0.008596071298530024, "alternate": 0.20342967214519037, "sfR": 0.13064861186637447, "unknown": 0.13295000147380848, "dsfb-alt": 0.02867408654079807, "dsfb-red": 0.013861137790517238, "roll-out": 0.19597741458316312, "bad-redirect": 0.00697883519616712, "oneh-out": 0.018065185720992416, "sft": 0.0}, "french": {"sfb": 0.031193565755880264, "roll-in": 0.18733981324808907, "dsfb": 0.0, "redirect": 0.05162784939770688, "sfT": 0.00025412194194648506, "oneh-in": 0.01319105920443472, "alternate": 0.18236128843989519, "sfR": 0.10898279115633469, "unknown": 0.15822382396052298, "dsfb-alt": 0.02714289615984471, "dsfb-red": 0.027004958374235624, "roll-out": 0.18717213651337233, "bad-redirect": 0.0026287433190551918, "oneh-out": 0.022876952528681868, "sft": 0.0}, "keymash": {"sfb": 0.01562313998021452, "roll-in": 0.2788397991896984, "dsfb": 0.0, "redirect": 0.027494427637277156, "sfT": 5.3363326259271875e-05, "oneh-in": 0.012269460168381818, "alternate": 0.23541436622840325, "sfR": 0.099723742164827, "unknown": 0.013394194891077241, "dsfb-alt": 0.03366815399834984, "dsfb-red": 0.015951529680271578, "roll-out": 0.2337847323418701, "bad-redirect": 0.008813158575281286, "oneh-out": 0.024969931818088525, "sft": 0.0}, "movie": {"sfb": 0.013631693707609869, "roll-in": 0.27224566052837323, "dsfb": 0.0, "redirect": 0.028005994018351844, "sfT": 4.89543959534191e-05, "oneh-in": 0.012072390918222603, "alternate": 0.22955018937586963, "sfR": 0.11567713207251198, "unknown": 0.030451476652766863, "dsfb-alt": 0.0369751763049143, "dsfb-red": 0.019516091059913997, "roll-out": 0.20942177357302214, "bad-redirect": 0.008306323973612528, "oneh-out": 0.024097143418877632, "sft": 0.0}, "dutch": {"sfb": 0.036876955554832745, "roll-in": 0.20231166309586854, "dsfb": 0.0, "redirect": 0.03346182062327512, "sfT": 0.0005160303272846907, "oneh-in": 0.01645500021534884, "alternate": 0.18219655743812557, "sfR": 0.18880787437283908,