{"monkeyracer": {"sft": 0.0, "dsfb-red": 0.016314888092966513, "redirect": 0.02797284827251826, "roll-out": 0.23434591863865994, "oneh-out": 0.024655129267873062, "unknown": 0.014352018393105714, "sfR": 0.09690789370786869, "dsfb": 0.0, "sfT": 2.7370693025947417e-05, "alternate": 0.23843099457278258, "dsfb-alt": 0.033520301234027244, "oneh-in": 0.01159148849648873, "roll-in": 0.2776551527284671, "bad-redirect": 0.009337316420851775, "sfb": 0.014888679481364468}, "english-200": {"sft": 0.0, "dsfb-red": 0.013363028953229399, "redirect": 0.015590200445434299, "roll-out": 0.2383073496659243, "oneh-out": 0.015590200445434299, "unknown": 0.0, "sfR": 0.10690423162583519, "dsfb": 0.0, "sfT": 0.0, "alternate": 0.25389755011135856, "dsfb-alt": 0.0334075723830735, "oneh-in": 0.008908685968819599, "roll-in": 0.2962138084632517, "bad-redirect": 0.013363028953229399, "sfb": 0.004454342984409799}, "english-10k": {"sft": 0.0, "dsfb-red": 0.018139364350359892, "redirect": 0.027479207271183498, "roll-out": 0.26713108585322554, "oneh-out": 0.02902298296057583, "unknown": 0.0, "sfR": 0.10567144593890508, "dsfb": 0.0, "sfT": 0.00011578317670442484, "alternate": 0.24922328785627448, "dsfb-alt": 0.03757164084058586, "oneh-in": 0.010478377491750448, "roll-in": 0.22521757588622374, "bad-redirect": 0.00563478126628201, "sfb": 0.024314467107929217}, "shai": {"sft": 0.0, "dsfb-red": 0.016440354832886583, "redirect": 0.02710394261515163, "roll-out": 0.2411160494087099, "oneh-out": 0.024038814936557806, "unknown": 0.023621906111313578, "sfR": 0.09823378925716947, "dsfb": 0.0, "sfT": 7.323587540751534e-05, "alternate": 0.2420115613755495, "dsfb-alt": 0.03498091733642801, "oneh-in": 0.010925030026631508, "roll-in": 0.255305509944938, "bad-redirect": 0.00742263517247935, "sfb": 0.018726253106777148}}