{"english-450k": {"dsfb": 0.0, "unknown": 0.06027184688543128, "oneh-out": 0.005839323019749155, "dsfb-red": 0.01383616100323861, "dsfb-alt": 0.030877605754776497, "redirect": 0.03255099540957995, "bad-redirect": 0.003832658695750046, "sfR": 0.11369548401129392, "sfb": 0.018946664943773055, "sfT": 1.3447925248245777e-05, "roll-in": 0.2197847045636996, "alternate": 0.2899650412412786, "roll-out": 0.2008970935525384, "sft": 0.0, "oneh-in": 0.009488972993642639}, "shai": {"dsfb": 0.0, "unknown": 0.1205274136411165, "oneh-out": 0.007905782174011722, "dsfb-red": 0.009060584437922204, "dsfb-alt": 0.026010954650265216, "redirect": 0.02579566703089794, "bad-redirect": 0.004519081579857526, "sfR": 0.09823378925716947, "sfb": 0.008519292284912867, "sfT": 2.844750471648017e-06, "roll-in": 0.20825658054645838, "alternate": 0.2470474973472218, "roll-out": 0.23650881926831935, "sft": 0.0, "oneh-in": 0.007611693031375392}, "tr-quotes": {"dsfb": 0.0, "unknown": 0.1348755229883729, "oneh-out": 0.010173135156376413, "dsfb-red": 0.009922331892466656, "dsfb-alt": 0.02198284829291972, "redirect": 0.028465592566052564, "bad-redirect": 0.0038764707242088716, "sfR": 0.09677191928064538, "sfb": 0.005915258546959155, "sfT": 0.0, "roll-in": 0.1926007258269573, "alternate": 0.22824252791197613, "roll-out": 0.26083539446614734, "sft": 0.0, "oneh-in": 0.006338272346917547}, "gutenberg": {"dsfb": 0.0, "unknown": 0.1338706139229212, "oneh-out": 0.012530106239933803, "dsfb-red": 0.017514377304261607, "dsfb-alt": 0.020009070232927674, "redirect": 0.026365810753416586, "bad-redirect": 0.0039834765664811325, "sfR": 0.09863878308844841, "sfb": 0.007273235652153157, "sfT": 7.577471117521651e-07, "roll-in": 0.19179242427170085, "alternate": 0.2200878380451943, "roll-out": 0.2628063997805564, "sft": 0.0, "oneh-in": 0.005127106394893087}, "english-200": {"dsfb": 0.0, "unknown": 0.11804008908685969, "oneh-out": 0.0066815144766146995, "dsfb-red": 0.015590200445434299, "dsfb-alt": 0.0200445434298441, "redirect": 0.035634743875278395, "bad-redirect": 0.004454342984409799, "sfR": 0.10690423162583519, "sfb": 0.0, "sfT": 0.0, "roll-in": 0.19376391982182628, "alternate": 0.2383073496659243, "roll-out": 0.2561247216035635, "sft": 0.0, "oneh-in": 0.004454342984409799}, "monkeyracer": {"dsfb": 0.0, "unknown": 0.1349639097861958, "oneh-out": 0.010264987409481207, "dsfb-red": 0.009910145924894819, "dsfb-alt": 0.021899486995010712, "redirect": 0.028543722727059448, "bad-redirect": 0.0038602452414095126, "sfR": 0.09690789370786869, "sfb": 0.005826047515523093, "sfT": 0.0, "roll-in": 0.19274637533822356, "alternate": 0.22754527894646293, "roll-out": 0.2611359619625569, "sft": 0.0, "oneh-in": 0.006395944445313355}, "chained-bigrams": {"dsfb": 0.0, "unknown": 0.11979411846823829, "oneh-out": 0.007407267927140222, "dsfb-red": 0.015224896419668997, "dsfb-alt": 0.0345540477979156, "redirect": 0.03349243462638034, "bad-redirect": 0.007214424433595284, "sfR": 0.11914286586209158, "sfb": 0.00953828592651559, "sfT": 5.19443753656397e-06, "roll-in": 0.1789723974082354, "alternate": 0.2552111571323848, "roll-out": 0.21209992279767212, "sft": 0.0, "oneh-in": 0.007342986762625243}, "english-5k": {"dsfb": 0.0, "unknown": 0.08259011905255735, "oneh-out": 0.003899282366117725, "dsfb-red": 0.009748205915294314, "dsfb-alt": 0.027792757290413573, "redirect": 0.026299415107645083, "bad-redirect": 0.0035259468204256023, "sfR": 0.10644211224955408, "sfb": 0.010494877006678558, "sfT": 0.0, "roll-in": 0.24573775252001492, "alternate": 0.28170241008835606, "roll-out": 0.19056705521217904, "sft": 0.0, "oneh-in": 0.011200066370763678}, "mt-quotes": {"dsfb": 0.0, "unknown": 0.1328381802751581, "oneh-out": 0.010482781702346374, "dsfb-red": 0.009925473040006693, "dsfb-alt": 0.021437706936326364, "redirect": 0.02903383894526721, "bad-redirect": 0.0038847252602765923, "sfR": 0.0964592223377679, "sfb": 0.005130825593765315, "sfT": 0.0, "roll-in": 0.19208472286967643, "alternate": 0.22502569895172184, "roll-out": 0.26755148755094965, "sft": 0.0, "oneh-in": 0.006145336536737548}, "wordle": {"dsfb": 0.0, "unknown": 0.1037585549197801, "oneh-out": 0.012633232357231012, "dsfb-red": 0.01678447211937619, "dsfb-alt": 0.03520700100976102, "redirect": 0.031863570066195446, "bad-redirect": 0.004577583305284416, "sfR": 0.13138112868843263, "sfb": 0.02183327723549871, "sfT": 0.0, "roll-in": 0.17800964882755527, "alternate": 0.2506451250981712, "roll-out": 0.20522831818691797, "sft": 0.0, "oneh-in": 0.008078088185796028}, "english-1k": {"dsfb": 0.0, "unknown": 0.09280169371912492, "oneh-out": 0.0077628793225123505, "dsfb-red": 0.015172900494001412, "dsfb-alt": 0.01799576570218772, "redirect": 0.027170077628793227, "bad-redirect": 0.0017642907551164433, "sfR": 0.10832745236414962, "sfb": 0.007410021171489062, "sfT": 0.0, "roll-in": 0.2304163726182075, "alternate": 0.2664079040225829, "roll-out": 0.21418489767113622, "sft": 0.0, "oneh-in": 0.01058574453069866}, "english-10k": {"dsfb": 0.0, "unknown": 0.07859747978618707, "oneh-out": 0.0059821307963952835, "dsfb-red": 0.009050384979062543, "dsfb-alt": 0.02927384651010208, "redirect": 0.0260898091507304, "bad-redirect": 0.0053646205206383515, "sfR": 0.10567144593890508, "sfb": 0.010999401786920361, "sfT": 0.0, "roll-in": 0.2423148916462438, "alternate": 0.2777252465216804, "roll-out": 0.19872252561702786, "sft": 0.0, "oneh-in": 0.01020821674610679}, "reddit": {"dsfb": 0.0, "unknown": 0.15409886172539708, "oneh-out": 0.008607713567655674, "dsfb-red": 0.008187815964986309, "dsfb-alt": 0.024796283175796817, "redirect": 0.026980911889488646, "bad-redirect": 0.004084468714351077, "sfR": 0.10397777127267367, "sfb": 0.00711848173117676, "sfT": 2.509646688568016e-06, "roll-in": 0.18910146595205413, "alternate": 0.22565596826757778, "roll-out": 0.24007156613377878, "sft": 0.0, "oneh-in": 0.0073161819583747005}, "akl": {"dsfb": 0.0, "unknown": 0.23478465706329937, "oneh-out": 0.00668886677668303, "dsfb-red": 0.0070184908977069934, "dsfb-alt": 0.02200622122598974, "redirect": 0.024571413902172178, "bad-redirect": 0.0037573591902014198, "sfR": 0.13064861186637447, "sfb": 0.012205456659122529, "sfT": 4.355950268834772e-05, "roll-in": 0.15893424548529722, "alternate": 0.18748210088642722, "roll-out": 0.20457944041382467, "sft": 0.0, "oneh-in": 0.007279576130212819}, "french": {"dsfb": 0.0, "unknown": 0.25876815459842883, "oneh-out": 0.009047112682885735, "dsfb-red": 0.00902251250432919, "dsfb-alt": 0.021261775518936047, "redirect": 0.020037759326445314, "bad-redirect": 0.0038249682014226665, "sfR": 0.10898279115633469, "sfb": 0.023098728681649312, "sfT": 1.0786923605793495e-05, "roll-in": 0.16658379462788134, "alternate": 0.18649479262012023, "roll-out": 0.1865195426170602, "sft": 0.0, "oneh-in": 0.006347280540900696}, "keymash": {"dsfb": 0.0, "unknown": 0.12858509192859166, "oneh-out": 0.010463316818068, "dsfb-red": 0.01090664291314503, "dsfb-alt": 0.02196927093381716, "redirect": 0.028294877531166236, "bad-redirect": 0.0039119423019297, "sfR": 0.099723742164827, "sfb": 0.005878175631021333, "sfT": 0.0, "roll-in": 0.19368014022240193, "alternate": 0.23070197403258447, "roll-out": 0.2595633237963491, "sft": 0.0, "oneh-in": 0.006321501726098361}, "movie": {"dsfb": 0.0, "unknown": 0.1754870337307632, "oneh-out": 0.010546777175512959, "dsfb-red": 0.010265552594457968, "dsfb-alt": 0.023379935198592324, "redirect": 0.027280495134235718, "bad-redirect": 0.0030516222789350417, "sfR": 0.11567713207251198, "sfb": 0.005238515160531598, "sfT": 1.9739675787668994e-06, "roll-in": 0.15806861221788548, "alternate": 0.2080653946507321, "roll-out": 0.25730127838088335, "sft": 0.0, "oneh-in": 0.005635677437379498}, "dutch": {"dsfb": 0.0, "unknown": 0.19403493399262234, "oneh-out": 0.007936528144228423, "dsfb-red": 0.007325339091939395, "dsfb-alt": 0.019151450983179517, "redirect": 0.021261528917942196, "bad-redirect": 0.004797652959447106, "sfR": 0.18880787437283908, "sfb": 0.016418062779225053, "sfT": 5.7199233609165135e-06,