{"english-450k": {"dsfb": 0.0, "unknown": 0.0001543587941537776, "oneh-out": 0.0071551732706699, "dsfb-red": 0.010011395654916882, "dsfb-alt": 0.07504059227001562, "redirect": 0.020786984279375385, "bad-redirect": 0.002431151007921997, "sfR": 0.11369548401129392, "sfb": 0.12016656717150957, "sfT": 0.003473365214661045, "roll-in": 0.17874017497504824, "alternate": 0.29667321717054485, "roll-out": 0.1672822503173418, "sft": 0.0, "oneh-in": 0.004389285862547002}, "shai": {"dsfb": 0.0, "unknown": 0.031793109309943265, "oneh-out": 0.004305226011748084, "dsfb-red": 0.007779335918353571, "dsfb-alt": 0.07672373687660486, "redirect": 0.01826253555744569, "bad-redirect": 0.0021049024765352597, "sfR": 0.09823378925716947, "sfb": 0.1502811890700894, "sfT": 0.0041830217241401735, "roll-in": 0.19230253870950662, "alternate": 0.25008831111770286, "roll-out": 0.1610254439126675, "sft": 0.0, "oneh-in": 0.002916860058093288}, "tr-quotes": {"dsfb": 0.0, "unknown": 0.039616513719054114, "oneh-out": 0.00291024248168096, "dsfb-red": 0.008043041076258061, "dsfb-alt": 0.08220452601650448, "redirect": 0.019225168165322114, "bad-redirect": 0.002089641940778068, "sfR": 0.09677191928064538, "sfb": 0.15589329881417444, "sfT": 0.005825108065000809, "roll-in": 0.2003559788261945, "alternate": 0.2370807424701232, "roll-out": 0.1475578465592566, "sft": 0.0, "oneh-in": 0.0024259725850072815}, "gutenberg": {"dsfb": 0.0, "unknown": 0.04011588984327138, "oneh-out": 0.002353183655546349, "dsfb-red": 0.007605128887100606, "dsfb-alt": 0.08491105753839032, "redirect": 0.018254127922109658, "bad-redirect": 0.0015641794754344069, "sfR": 0.09863878308844841, "sfb": 0.15927825345352717, "sfT": 0.006793960603969913, "roll-in": 0.20567567741644607, "alternate": 0.23232299122187858, "roll-out": 0.13982158086506682, "sft": 0.0, "oneh-in": 0.002665186028810303}, "english-200": {"dsfb": 0.0, "unknown": 0.0, "oneh-out": 0.0022271714922048997, "dsfb-red": 0.004454342984409799, "dsfb-alt": 0.0779510022271715, "redirect": 0.028953229398663696, "bad-redirect": 0.0, "sfR": 0.10690423162583519, "sfb": 0.14699331848552338, "sfT": 0.0066815144766146995, "roll-in": 0.2182628062360802, "alternate": 0.24944320712694878, "roll-out": 0.15367483296213807, "sft": 0.0, "oneh-in": 0.004454342984409799}, "monkeyracer": {"dsfb": 0.0, "unknown": 0.03912933825484461, "oneh-out": 0.002892495737992086, "dsfb-red": 0.008090972363420242, "dsfb-alt": 0.08207102303830333, "redirect": 0.019345214820839264, "bad-redirect": 0.0020958130659868308, "sfR": 0.09690789370786869, "sfb": 0.15596016391135023, "sfT": 0.005805519495753633, "roll-in": 0.20149522185901747, "alternate": 0.23621885606143547, "roll-out": 0.14752999045935844, "sft": 0.0, "oneh-in": 0.0024574972238297073}, "chained-bigrams": {"dsfb": 0.0, "unknown": 0.033665798979163164, "oneh-out": 0.006165797355901433, "dsfb-red": 0.011449189635279062, "dsfb-alt": 0.06793869784541225, "redirect": 0.023243809366739625, "bad-redirect": 0.0030458883105026983, "sfR": 0.11914286586209158, "sfb": 0.1555805465717037, "sfT": 0.0042841123582811344, "roll-in": 0.16832574837235545, "alternate": 0.2740176182335146, "roll-out": 0.12961485193580455, "sft": 0.0, "oneh-in": 0.0035250751732507244}, "english-5k": {"dsfb": 0.0, "unknown": 0.0022400132741527356, "oneh-out": 0.005102252457792342, "dsfb-red": 0.010038578006388186, "dsfb-alt": 0.07757083004936326, "redirect": 0.01742232546563239, "bad-redirect": 0.0017007508192641142, "sfR": 0.10644211224955408, "sfb": 0.13440079644916414, "sfT": 0.004023727548015099, "roll-in": 0.17617289583938275, "alternate": 0.27664163935786285, "roll-out": 0.18438627784460945, "sft": 0.0, "oneh-in": 0.0038578006388186002}, "mt-quotes": {"dsfb": 0.0, "unknown": 0.03468910244916987, "oneh-out": 0.0026864369299912745, "dsfb-red": 0.007906910029762971, "dsfb-alt": 0.08344987509114163, "redirect": 0.019753827948506473, "bad-redirect": 0.00202752776084436, "sfR": 0.0964592223377679, "sfb": 0.15848483761848411, "sfT": 0.0058614527677173355, "roll-in": 0.20542277763832612, "alternate": 0.2347136061008116, "roll-out": 0.1461851997944084, "sft": 0.0, "oneh-in": 0.0023592235330679766}, "wordle": {"dsfb": 0.0, "unknown": 0.0, "oneh-out": 0.006013687871648154, "dsfb-red": 0.012633232357231012, "dsfb-alt": 0.07211937619207899, "redirect": 0.024054751486592616, "bad-redirect": 0.005677100863906653, "sfR": 0.13138112868843263, "sfb": 0.11706496129249411, "sfT": 0.002064400314147874, "roll-in": 0.17805452709525413, "alternate": 0.29022775720857175, "roll-out": 0.1574105239537754, "sft": 0.0, "oneh-in": 0.0032985526758667117}, "english-1k": {"dsfb": 0.0, "unknown": 0.0, "oneh-out": 0.003175723359209598, "dsfb-red": 0.008115737473535639, "dsfb-alt": 0.0748059280169372, "redirect": 0.01834862385321101, "bad-redirect": 0.0014114326040931546, "sfR": 0.10832745236414962, "sfb": 0.1429075511644319, "sfT": 0.008468595624558928, "roll-in": 0.20324629498941427, "alternate": 0.26040931545518703, "roll-out": 0.1683133380381087, "sft": 0.0, "oneh-in": 0.0024700070571630206}, "english-10k": {"dsfb": 0.0, "unknown": 0.0, "oneh-out": 0.005943536404160475, "dsfb-red": 0.008374983114953397, "dsfb-alt": 0.0759923583103375, "redirect": 0.01896914378340827, "bad-redirect": 0.0027594990447887924, "sfR": 0.10567144593890508, "sfb": 0.12655101213793635, "sfT": 0.003164740163254279, "roll-in": 0.180872619208429, "alternate": 0.278709403523668, "roll-out": 0.18949846587290867, "sft": 0.0, "oneh-in": 0.0034927924972501497}, "reddit": {"dsfb": 0.0, "unknown": 0.06027826737738363, "oneh-out": 0.004048284853139784, "dsfb-red": 0.007306218286446953, "dsfb-alt": 0.07845852256350296, "redirect": 0.0184499860190205, "bad-redirect": 0.0024007579882147742, "sfR": 0.10397777127267367, "sfb": 0.14067101584692054, "sfT": 0.003877404133837585, "roll-in": 0.19318252604179836, "alternate": 0.23667440349537597, "roll-out": 0.1477526394834473, "sft": 0.0, "oneh-in": 0.002922202638237988}, "akl": {"dsfb": 0.0, "unknown": 0.15113620503040356, "oneh-out": 0.006156022627518591, "dsfb-red": 0.005798725992024435, "dsfb-alt": 0.06744967858250905, "redirect": 0.01577708880354499, "bad-redirect": 0.002210144432488985, "sfR": 0.13064861186637447, "sfb": 0.11782781237432324, "sfT": 0.003419729806062865, "roll-in": 0.16308685218798047, "alternate": 0.20429211570777656, "roll-out": 0.1293448411131931, "sft": 0.0, "oneh-in": 0.002852171475799657}, "french": {"dsfb": 0.0, "unknown": 0.1845785256052277, "oneh-out": 0.002701315343980836, "dsfb-red": 0.014875871798791275, "dsfb-alt": 0.05714320343734909, "redirect": 0.024577511035135214, "bad-redirect": 0.0006950374443332941, "sfR": 0.10898279115633469, "sfb": 0.0953073841001615, "sfT": 0.0018740481944465232, "roll-in": 0.1800961992829003, "alternate": 0.21134786460786845, "roll-out": 0.11475939849297388, "sft": 0.0, "oneh-in": 0.0030608495004972695}, "keymash": {"dsfb": 0.0, "unknown": 0.03457533054475746, "oneh-out": 0.0031443313780463275, "dsfb-red": 0.008168693788919311, "dsfb-alt": 0.08220825653803368, "redirect": 0.018849568783275112, "bad-redirect": 0.0020524356253566107, "sfR": 0.099723742164827, "sfb": 0.1560097367546067, "sfT": 0.006481591704876177, "roll-in": 0.2025877108364496, "alternate": 0.23746269698250913, "roll-out": 0.14631403086042205, "sft": 0.0, "oneh-in": 0.0024218740379208007}, "movie": {"dsfb": 0.0, "unknown": 0.08496732886260383, "oneh-out": 0.001784203495528108, "dsfb-red": 0.0064701393318435585, "dsfb-alt": 0.08534830460530585, "redirect": 0.01593505067635367, "bad-redirect": 0.0022848016735033936, "sfR": 0.11567713207251198, "sfb": 0.13185866550053435, "sfT": 0.0058285998687443155, "roll-in": 0.19605551270583713, "alternate": 0.2250366467080998, "roll-out": 0.12641288374423224, "sft": 0.0, "oneh-in": 0.002340730754901789}, "dutch": {"dsfb": 0.0, "unknown": 0.07489956334571263, "oneh-out": 0.002035432038363006, "dsfb-red": 0.009595843842721257, "dsfb-alt": 0.05816984543189169, "redirect": 0.015923047342783603, "bad-redirect": 0.002145616768936147,