{"english-450k": {"sfT": 1.4324963851392241e-05, "alternate": 0.35813082024743015, "oneh-out": 0.0065827594090163075, "roll-in": 0.2090187633638757, "redirect": 0.023849310735361787, "sfb": 0.024179077250144856, "roll-out": 0.18051968630083243, "bad-redirect": 0.0058632954082351585, "oneh-in": 0.007383787999890078, "dsfb-red": 0.008063785263529636, "sfR": 0.11369548401129392, "unknown": 0.0, "dsfb-alt": 0.06269890504653859, "sft": 0.0, "dsfb": 0.0}, "shai": {"sfT": 2.2123256729170158e-05, "alternate": 0.30944334077587143, "oneh-out": 0.005065954862363618, "roll-in": 0.28953710452549875, "redirect": 0.02252446330589265, "sfb": 0.014767068735054416, "roll-out": 0.14918263545734145, "bad-redirect": 0.008593054535917858, "oneh-in": 0.017630788080255557, "dsfb-red": 0.0103262081171452, "sfR": 0.09823378925716947, "unknown": 0.015572597567587401, "dsfb-alt": 0.05910087152317307, "sft": 0.0, "dsfb": 0.0}, "tr-quotes": {"sfT": 6.934652458334297e-06, "alternate": 0.2959374494348258, "oneh-out": 0.004916668592959016, "roll-in": 0.30721088278125797, "redirect": 0.02314671413051016, "sfb": 0.015408797762418807, "roll-out": 0.13911837451746376, "bad-redirect": 0.00869720995816093, "oneh-in": 0.02827488962344837, "dsfb-red": 0.01050715424978618, "sfR": 0.09677191928064538, "unknown": 0.009743186703959687, "dsfb-alt": 0.06025981831210559, "sft": 0.0, "dsfb": 0.0}, "gutenberg": {"sfT": 2.1406355906998668e-05, "alternate": 0.26909361700354206, "oneh-out": 0.004174618275420616, "roll-in": 0.3249268868755548, "redirect": 0.029259078662864292, "sfb": 0.014455541650896055, "roll-out": 0.13308748228292536, "bad-redirect": 0.008770543944975435, "oneh-in": 0.025453104357311105, "dsfb-red": 0.011724999933697128, "sfR": 0.09863878308844841, "unknown": 0.025598023492433706, "dsfb-alt": 0.05479591407602401, "sft": 0.0, "dsfb": 0.0}, "english-200": {"sfT": 0.0, "alternate": 0.2984409799554566, "oneh-out": 0.004454342984409799, "roll-in": 0.33407572383073497, "redirect": 0.015590200445434299, "sfb": 0.011135857461024499, "roll-out": 0.12026726057906459, "bad-redirect": 0.011135857461024499, "oneh-in": 0.022271714922048998, "dsfb-red": 0.0066815144766146995, "sfR": 0.10690423162583519, "unknown": 0.0, "dsfb-alt": 0.06904231625835189, "sft": 0.0, "dsfb": 0.0}, "monkeyracer": {"sfT": 7.820198007413547e-06, "alternate": 0.2952730813144189, "oneh-out": 0.004934544942677949, "roll-in": 0.30746672505747846, "redirect": 0.023156583824702443, "sfb": 0.015460531460656584, "roll-out": 0.1392268952249871, "bad-redirect": 0.008643273847693823, "oneh-in": 0.02874216025149757, "dsfb-red": 0.010533806715986048, "sfR": 0.09690789370786869, "unknown": 0.009366642163379577, "dsfb-alt": 0.06028004129064548, "sft": 0.0, "dsfb": 0.0}, "chained-bigrams": {"sfT": 2.077775014625588e-05, "alternate": 0.3087703532672038, "oneh-out": 0.006064505823938435, "roll-in": 0.26956273874121894, "redirect": 0.027862313641437066, "sfb": 0.014687921439326696, "roll-out": 0.13663773148523903, "bad-redirect": 0.015160615255154018, "oneh-in": 0.015479423858960633, "dsfb-red": 0.01291272241120596, "sfR": 0.11914286586209158, "unknown": 0.016087822355430687, "dsfb-alt": 0.05761020810864686, "sft": 0.0, "dsfb": 0.0}, "english-5k": {"sfT": 0.0, "alternate": 0.3459990874019994, "oneh-out": 0.0032355747293317293, "roll-in": 0.23868585887916371, "redirect": 0.022317169286929107, "sfb": 0.01410378728170241, "roll-out": 0.18318330775293484, "bad-redirect": 0.005641514912680964, "oneh-in": 0.008545235823619695, "dsfb-red": 0.010577840461276808, "sfR": 0.10644211224955408, "unknown": 0.0, "dsfb-alt": 0.06126851122080723, "sft": 0.0, "dsfb": 0.0}, "mt-quotes": {"sfT": 5.9765004004255265e-06, "alternate": 0.2920461744420937, "oneh-out": 0.00484395357454489, "roll-in": 0.31474342883780976, "redirect": 0.0228272432794253, "sfb": 0.015247546646585626, "roll-out": 0.13827081913914488, "bad-redirect": 0.008541913197308184, "oneh-in": 0.03043383416406689, "dsfb-red": 0.010445428574843714, "sfR": 0.0964592223377679, "unknown": 0.00522794372527223, "dsfb-alt": 0.060906515580736544, "sft": 0.0, "dsfb": 0.0}, "wordle": {"sfT": 2.2439133849433412e-05, "alternate": 0.3460787613598115, "oneh-out": 0.0062829574778413555, "roll-in": 0.21891618983507236, "redirect": 0.016717154717827892, "sfb": 0.02176595983395041, "roll-out": 0.16916863009087849, "bad-redirect": 0.011870301806350275, "oneh-in": 0.009289801413665432, "dsfb-red": 0.006956131493324358, "sfR": 0.13138112868843263, "unknown": 0.0, "dsfb-alt": 0.06155054414899585, "sft": 0.0, "dsfb": 0.0}, "english-1k": {"sfT": 0.0, "alternate": 0.3112208892025406, "oneh-out": 0.0028228652081863093, "roll-in": 0.2911079745942131, "redirect": 0.01799576570218772, "sfb": 0.01305575158786168, "roll-out": 0.15737473535638674, "bad-redirect": 0.009880028228652082, "oneh-in": 0.017642907551164433, "dsfb-red": 0.009880028228652082, "sfR": 0.10832745236414962, "unknown": 0.0, "dsfb-alt": 0.06069160197600565, "sft": 0.0, "dsfb": 0.0}, "english-10k": {"sfT": 0.0, "alternate": 0.3496458964512456, "oneh-out": 0.0061172111692171125, "roll-in": 0.23274348237201134, "redirect": 0.018563902664942785, "sfb": 0.014086953165705024, "roll-out": 0.18795469018351635, "bad-redirect": 0.005943536404160475, "oneh-in": 0.008374983114953397, "dsfb-red": 0.008355685918835993, "sfR": 0.10567144593890508, "unknown": 0.0, "dsfb-alt": 0.06254221261650682, "sft": 0.0, "dsfb": 0.0}, "reddit": {"sfT": 4.5286012634010916e-05, "alternate": 0.29097214535648874, "oneh-out": 0.005034089055374605, "roll-in": 0.2886828980875556, "redirect": 0.022069158745828415, "sfb": 0.019292515615527372, "roll-out": 0.13775858959354398, "bad-redirect": 0.009366038899149099, "oneh-in": 0.021690014808788332, "dsfb-red": 0.011200365884012745, "sfR": 0.10397777127267367, "unknown": 0.0331983180872297, "dsfb-alt": 0.05671280858119372, "sft": 0.0, "dsfb": 0.0}, "akl": {"sfT": 0.00010154824506472441, "alternate": 0.24828190128853359, "oneh-out": 0.004401560502506179, "roll-in": 0.23517343118400336, "redirect": 0.019361272409887855, "sfb": 0.019853200769799937, "roll-out": 0.12822741509584584, "bad-redirect": 0.010894990145743475, "oneh-in": 0.018922020657877958, "dsfb-red": 0.008629006532269994, "sfR": 0.13064861186637447, "unknown": 0.12482218865227764, "dsfb-alt": 0.05068285264981498, "sft": 0.0, "dsfb": 0.0}, "french": {"sfT": 0.00026395002789843025, "alternate": 0.22042357762014786, "oneh-out": 0.01584461244778324, "roll-in": 0.20483356653313803, "redirect": 0.027977294664429518, "sfb": 0.024504324754837572, "roll-out": 0.18101000153069444, "bad-redirect": 0.002914297157841892, "oneh-in": 0.00793719817120295, "dsfb-red": 0.014406176184950674, "sfR": 0.10898279115633469, "unknown": 0.14988019847879508, "dsfb-alt": 0.041022011271945644, "sft": 0.0, "dsfb": 0.0}, "keymash": {"sfT": 3.283897000570577e-05, "alternate": 0.2942084371523687, "oneh-out": 0.005003838054619417, "roll-in": 0.3055173574480836, "redirect": 0.023997077331669493, "sfb": 0.014695439077553333, "roll-out": 0.1406452036631871, "bad-redirect": 0.008029128166395061, "oneh-in": 0.027876180663593486, "dsfb-red": 0.010738343191865786, "sfR": 0.099723742164827, "unknown": 0.008566866300238493, "dsfb-alt": 0.06096554781559276, "sft": 0.0, "dsfb": 0.0}, "movie": {"sfT": 1.4080968728537216e-05, "alternate": 0.2807056907774524, "oneh-out": 0.003781463891724457, "roll-in": 0.2936459694411395, "redirect": 0.02494160674907411, "sfb": 0.015040974961010851, "roll-out": 0.12208607840941377, "bad-redirect": 0.012065284634939041, "oneh-in": 0.040883500513034174, "dsfb-red": 0.010782468904417726, "sfR": 0.11567713207251198, "unknown": 0.02448311987944585, "dsfb-alt": 0.05589262879710759, "sft": 0.0, "dsfb": 0.0}, "dutch": {"sfT": 4.4593885262066985e-05, "alternate": 0.3014063767426984, "oneh-out": 0.0036487193880549856, "roll-in": 0.1773181262506505, "redirect": 0.010034018661438238, "sfb": 0.043750564147613615, "roll-out": 0.13957767743785016, "bad-redirect": 0.0023117635083162486, "oneh-in": 0.004338642557829232,