{"english-450k": {"unknown": 0.00015377410175167997, "sft": 0.0, "sfR": 0.11369548401129392, "roll-out": 0.1802399109864287, "sfT": 0.00014471136951916652, "roll-in": 0.1966604124069389, "bad-redirect": 0.0004806171545242621, "dsfb": 0.0, "sfb": 0.03274131278646274, "redirect": 0.017977244941095163, "dsfb-alt": 0.07014350105624682, "oneh-in": 0.0020677646800183126, "oneh-out": 0.002717650284949842, "dsfb-red": 0.006395365494144013, "alternate": 0.3765822507266265}, "shai": {"unknown": 0.023621906111313578, "sft": 0.0, "sfR": 0.09823378925716947, "roll-out": 0.2163995026679502, "sfT": 7.690502295462054e-05, "roll-in": 0.21583138471151367, "bad-redirect": 0.001339652988435528, "dsfb": 0.0, "sfb": 0.0224028511908319, "redirect": 0.016226766322984684, "dsfb-alt": 0.07019625759335503, "oneh-in": 0.00828393272548305, "oneh-out": 0.004648519661521913, "dsfb-red": 0.008064232840078114, "alternate": 0.31467429890640825}, "tr-quotes": {"unknown": 0.01476965396084233, "sft": 0.0, "sfR": 0.09677191928064538, "roll-out": 0.2279050414923372, "sfT": 6.241187212500867e-05, "roll-in": 0.21111971521693904, "bad-redirect": 0.0011511523080834933, "dsfb": 0.0, "sfb": 0.025366958692586858, "redirect": 0.01743718360648159, "dsfb-alt": 0.07464344328610065, "oneh-in": 0.016594623332793972, "oneh-out": 0.006338272346917547, "dsfb-red": 0.009324796005640184, "alternate": 0.29851482859850675}, "gutenberg": {"unknown": 0.03802431837805746, "sft": 0.0, "sfR": 0.09863878308844841, "roll-out": 0.24362952531311058, "sfT": 0.00010608459564530312, "roll-in": 0.2127933854739121, "bad-redirect": 0.001147797437526592, "dsfb": 0.0, "sfb": 0.02280648313273873, "redirect": 0.015889767496664965, "dsfb-alt": 0.06560290338383339, "oneh-in": 0.007818245262280902, "oneh-out": 0.007487299211223144, "dsfb-red": 0.011199123438141126, "alternate": 0.2748562837884173}, "english-200": {"unknown": 0.0, "sft": 0.0, "sfR": 0.10690423162583519, "roll-out": 0.24721603563474387, "sfT": 0.0, "roll-in": 0.2182628062360802, "bad-redirect": 0.0022271714922048997, "dsfb": 0.0, "sfb": 0.013363028953229399, "redirect": 0.011135857461024499, "dsfb-alt": 0.09131403118040089, "oneh-in": 0.0066815144766146995, "oneh-out": 0.0066815144766146995, "dsfb-red": 0.008908685968819599, "alternate": 0.2873051224944321}, "monkeyracer": {"unknown": 0.014352018393105714, "sft": 0.0, "sfR": 0.09690789370786869, "roll-out": 0.22812788369801523, "sfT": 7.722445532320879e-05, "roll-in": 0.21138679481364467, "bad-redirect": 0.001150546631840718, "dsfb": 0.0, "sfb": 0.025443991741870904, "redirect": 0.017529951358368392, "dsfb-alt": 0.0746066440402271, "oneh-in": 0.017020660963135585, "oneh-out": 0.006298191970220686, "dsfb-red": 0.009331451272346216, "alternate": 0.2977667469540329}, "chained-bigrams": {"unknown": 0.02365222201805197, "sft": 0.0, "sfR": 0.11914286586209158, "roll-out": 0.20014297689319394, "sfT": 0.0001071352741916319, "roll-in": 0.19481932772290791, "bad-redirect": 0.0017979246923432043, "dsfb": 0.0, "sfb": 0.023740527456173558, "redirect": 0.020296615369431645, "dsfb-alt": 0.06662255723458535, "oneh-in": 0.007218320261747707, "oneh-out": 0.005460652460312874, "dsfb-red": 0.013028298646394508, "alternate": 0.32397057610857416}, "english-5k": {"unknown": 0.002157049819554486, "sft": 0.0, "sfR": 0.10644211224955408, "roll-out": 0.17650474965777574, "sfT": 4.148172729912474e-05, "roll-in": 0.22810801841788692, "bad-redirect": 0.00024889036379474843, "dsfb": 0.0, "sfb": 0.023686066287800223, "redirect": 0.015348239100676153, "dsfb-alt": 0.07101671713610155, "oneh-in": 0.002820757456340482, "oneh-out": 0.002074086364956237, "dsfb-red": 0.0077156012776372004, "alternate": 0.36383623014062305}, "mt-quotes": {"unknown": 0.008869126594231481, "sft": 0.0, "sfR": 0.0964592223377679, "roll-out": 0.23318063374810247, "sfT": 6.872975460489356e-05, "roll-in": 0.21247654223592832, "bad-redirect": 0.0011355350760808502, "dsfb": 0.0, "sfb": 0.02532243219660296, "redirect": 0.017853300821171154, "dsfb-alt": 0.07540550555216888, "oneh-in": 0.018443480235713176, "oneh-out": 0.006599550567169888, "dsfb-red": 0.009407011630269779, "alternate": 0.2947789292501883}, "wordle": {"unknown": 0.0, "sft": 0.0, "sfR": 0.13138112868843263, "roll-out": 0.19192191181420398, "sfT": 0.0003141478738920678, "roll-in": 0.18355211488836531, "bad-redirect": 0.003163917872770111, "dsfb": 0.0, "sfb": 0.03695725345001683, "redirect": 0.027061595422416696, "dsfb-alt": 0.07272523280601369, "oneh-in": 0.0036127005497587792, "oneh-out": 0.005183439919219118, "dsfb-red": 0.008369796925838663, "alternate": 0.33575675978907216}, "english-1k": {"unknown": 0.0, "sft": 0.0, "sfR": 0.10832745236414962, "roll-out": 0.21524347212420608, "sfT": 0.0, "roll-in": 0.21983062808750883, "bad-redirect": 0.00035285815102328866, "dsfb": 0.0, "sfb": 0.015525758645024701, "redirect": 0.013761467889908258, "dsfb-alt": 0.08186309103740297, "oneh-in": 0.0028228652081863093, "oneh-out": 0.0038814396612561752, "dsfb-red": 0.008468595624558928, "alternate": 0.32992237120677487}, "english-10k": {"unknown": 0.0, "sft": 0.0, "sfR": 0.10567144593890508, "roll-out": 0.17956040987244554, "sfT": 3.859439223480828e-05, "roll-in": 0.23092954593697534, "bad-redirect": 0.0006561046679917408, "dsfb": 0.0, "sfb": 0.024874085795333938, "redirect": 0.018853360606703846, "dsfb-alt": 0.0722294050674437, "oneh-in": 0.0019490168078578182, "oneh-out": 0.0022384747496188803, "dsfb-red": 0.006773315837208854, "alternate": 0.35622624032728045}, "reddit": {"unknown": 0.041217688064775854, "sft": 0.0, "sfR": 0.10397777127267367, "roll-out": 0.22179826673311612, "sfT": 0.00013874225872322285, "roll-in": 0.19880765562103736, "bad-redirect": 0.0015433203412295433, "dsfb": 0.0, "sfb": 0.028708672533621304, "redirect": 0.016181302869968276, "dsfb-alt": 0.06996842527349062, "oneh-in": 0.0117889716760151, "oneh-out": 0.006002213358549664, "dsfb-red": 0.009008807548867409, "alternate": 0.29085816244793183}, "akl": {"unknown": 0.13295000147380848, "sft": 0.0, "sfR": 0.13064861186637447, "roll-out": 0.18217508088589504, "sfT": 0.0002058884491786736, "roll-in": 0.1747323357507169, "bad-redirect": 0.0022451056896098083, "dsfb": 0.0, "sfb": 0.028096793415265883, "redirect": 0.01718048060881904, "dsfb-alt": 0.06392496617467489, "oneh-in": 0.013076004315232141, "oneh-out": 0.004769555529755328, "dsfb-red": 0.008379731533618411, "alternate": 0.24161544430705095}, "french": {"unknown": 0.15822382396052298, "sft": 0.0, "sfR": 0.10898279115633469, "roll-out": 0.153071989246396, "sfT": 0.00023921501279681212, "roll-in": 0.2228172858593035, "bad-redirect": 0.0010470656998406967, "dsfb": 0.0, "sfb": 0.022438613902489777, "redirect": 0.016789816628740892, "dsfb-alt": 0.03997851124963019, "oneh-in": 0.0044561830144216824, "oneh-out": 0.0024225183142860983, "dsfb-red": 0.006055898766999199, "alternate": 0.2634762871882375}, "keymash": {"unknown": 0.013394194891077241, "sft": 0.0, "sfR": 0.099723742164827, "roll-out": 0.22821442205465226, "sfT": 7.79925537635512e-05, "roll-in": 0.21288272793323837, "bad-redirect": 0.001001588585174026, "dsfb": 0.0, "sfb": 0.024432193684245092, "redirect": 0.01722814463924339, "dsfb-alt": 0.07571845509065608, "oneh-in": 0.015709342276479497, "oneh-out": 0.006448752734870471, "dsfb-red": 0.009539720786657527, "alternate": 0.29562872260511547}, "movie": {"unknown": 0.030451476652766863, "sft": 0.0, "sfR": 0.11567713207251198, "roll-out": 0.2208771022261222, "sfT": 0.0001637077111990682, "roll-in": 0.18385889342799078, "bad-redirect": 0.0021803129896673327, "dsfb": 0.0, "sfb": 0.02894389181394329, "redirect": 0.01762779367406558, "dsfb-alt": 0.07370544903222291, "oneh-in": 0.025906613699413956, "oneh-out": 0.00609929662271255, "dsfb-red": 0.01092656853766771, "alternate": 0.28358176153971576}, "dutch": {"unknown": 0.07325981014373002, "sft": 0.0, "sfR": 0.18880787437283908, "roll-out": 0.11764663059397298, "sfT": 0.00012230594747589824, "roll-in": 0.19357296500995572, "bad-redirect": 0.0005632241777108107,