{"english-450k": {"alternate": 0.3207710221767981, "redirect": 0.019730152762583896, "dsfb": 0.0, "dsfb-alt": 0.056252671313412085, "sfT": 4.414427635837201e-05, "roll-out": 0.1998791440804864, "sft": 0.0, "bad-redirect": 0.012608306958833563, "roll-in": 0.21050943664302366, "unknown": 0.0, "sfR": 0.11369548401129392, "oneh-out": 0.009333152468483617, "dsfb-red": 0.013030747219349109, "oneh-in": 0.013210247786793085, "sfb": 0.030935490302584166}, "shai": {"alternate": 0.3055310347955944, "redirect": 0.017076352018944568, "dsfb": 0.0, "dsfb-alt": 0.05479179445466405, "sfT": 8.518382738843702e-05, "roll-out": 0.2063374073772469, "sft": 0.0, "bad-redirect": 0.014206370352296995, "roll-in": 0.23176601257789972, "unknown": 0.016411783475088346, "sfR": 0.09823378925716947, "oneh-out": 0.00702303094500211, "dsfb-red": 0.011769584191144938, "oneh-in": 0.013984762355351212, "sfb": 0.022782894372208855}, "tr-quotes": {"alternate": 0.2893576200272763, "redirect": 0.015806384503363306, "dsfb": 0.0, "dsfb-alt": 0.055449481056841034, "sfT": 4.8542567208340074e-05, "roll-out": 0.20013869304916668, "sft": 0.0, "bad-redirect": 0.01109775548415432, "roll-in": 0.2497422620836319, "unknown": 0.009802131249855527, "sfR": 0.09677191928064538, "oneh-out": 0.008196759205751138, "dsfb-red": 0.01515799449850905, "oneh-in": 0.02184299946834331, "sfb": 0.026587457525253693}, "gutenberg": {"alternate": 0.27583036770057473, "redirect": 0.016738823135383267, "dsfb": 0.0, "dsfb-alt": 0.06031079755535627, "sfT": 0.00016727267491929045, "roll-out": 0.20686969742778955, "sft": 0.0, "bad-redirect": 0.00881752426590407, "roll-in": 0.25320593331143443, "unknown": 0.025604274906105663, "sfR": 0.09863878308844841, "oneh-out": 0.007766718458681755, "dsfb-red": 0.011859878919589013, "oneh-in": 0.0124588780114291, "sfb": 0.02173105054438447}, "english-200": {"alternate": 0.29398663697104677, "redirect": 0.015590200445434299, "dsfb": 0.0, "dsfb-alt": 0.0779510022271715, "sfT": 0.0, "roll-out": 0.20489977728285078, "sft": 0.0, "bad-redirect": 0.0066815144766146995, "roll-in": 0.24721603563474387, "unknown": 0.0, "sfR": 0.10690423162583519, "oneh-out": 0.011135857461024499, "dsfb-red": 0.0066815144766146995, "oneh-in": 0.0066815144766146995, "sfb": 0.022271714922048998}, "monkeyracer": {"alternate": 0.28889277726512036, "redirect": 0.015793867400722587, "dsfb": 0.0, "dsfb-alt": 0.05545204654581854, "sfT": 4.6921188044481286e-05, "roll-out": 0.2000533728514006, "sft": 0.0, "bad-redirect": 0.011051894833977196, "roll-in": 0.2501681342571594, "unknown": 0.009422361074182399, "sfR": 0.09690789370786869, "oneh-out": 0.008158421571234184, "dsfb-red": 0.01517509423338599, "oneh-in": 0.022156576004504436, "sfb": 0.026720639066581165}, "chained-bigrams": {"alternate": 0.2901216732062471, "redirect": 0.026587728530902684, "dsfb": 0.0, "dsfb-alt": 0.06861137750639727, "sfT": 8.70068287374465e-05, "roll-out": 0.19272596939567263, "sft": 0.0, "bad-redirect": 0.011272578759035886, "roll-in": 0.21733396792045237, "unknown": 0.016332610224341265, "sfR": 0.11914286586209158, "oneh-out": 0.0075014171074904434, "dsfb-red": 0.0152930734123364, "oneh-in": 0.012784809386868072, "sfb": 0.022204921859426834}, "english-5k": {"alternate": 0.33313975193927076, "redirect": 0.016053428464761273, "dsfb": 0.0, "dsfb-alt": 0.05948479694694487, "sfT": 0.0, "roll-out": 0.21582942713734599, "sft": 0.0, "bad-redirect": 0.022814950014518606, "roll-in": 0.19712116812544075, "unknown": 0.0, "sfR": 0.10644211224955408, "oneh-out": 0.007134857095449454, "dsfb-red": 0.009997096279089061, "oneh-in": 0.010619322188575933, "sfb": 0.02136308955904924}, "mt-quotes": {"alternate": 0.2877475765290876, "redirect": 0.015168358016279988, "dsfb": 0.0, "dsfb-alt": 0.05583246674077527, "sfT": 2.3906001601702106e-05, "roll-out": 0.20003197427714228, "sft": 0.0, "bad-redirect": 0.010841371726371906, "roll-in": 0.2551726610965683, "unknown": 0.0052458732264735065, "sfR": 0.0964592223377679, "oneh-out": 0.008198264424283716, "dsfb-red": 0.015583724794109561, "oneh-in": 0.023011020666738383, "sfb": 0.02668358016279987}, "wordle": {"alternate": 0.29743071917423985, "redirect": 0.02598451699764389, "dsfb": 0.0, "dsfb-alt": 0.06285201391226299, "sfT": 4.4878267698866824e-05, "roll-out": 0.22506451250981713, "sft": 0.0, "bad-redirect": 0.010344440704588802, "roll-in": 0.17973746213396163, "unknown": 0.0, "sfR": 0.13138112868843263, "oneh-out": 0.007292718501065859, "dsfb-red": 0.01413665432514305, "oneh-in": 0.008549309996634129, "sfb": 0.037181644788511166}, "english-1k": {"alternate": 0.28793225123500354, "redirect": 0.0187014820042343, "dsfb": 0.0, "dsfb-alt": 0.06280875088214538, "sfT": 0.0, "roll-out": 0.2367678193366267, "sft": 0.0, "bad-redirect": 0.013408609738884969, "roll-in": 0.223712067748765, "unknown": 0.0, "sfR": 0.10832745236414962, "oneh-out": 0.008821453775582216, "dsfb-red": 0.009174311926605505, "oneh-in": 0.01058574453069866, "sfb": 0.019760056457304165}, "english-10k": {"alternate": 0.32272630786746687, "redirect": 0.019123521352347503, "dsfb": 0.0, "dsfb-alt": 0.05553733042588912, "sfT": 1.929719611740414e-05, "roll-out": 0.218019721734432, "sft": 0.0, "bad-redirect": 0.021072538160205323, "roll-in": 0.21101483954381428, "unknown": 0.0, "sfR": 0.10567144593890508, "oneh-out": 0.006406669110978175, "dsfb-red": 0.009938056000463132, "oneh-in": 0.009339842920823604, "sfb": 0.021130429748557535}, "reddit": {"alternate": 0.28725992841513753, "redirect": 0.01558029867417613, "dsfb": 0.0, "dsfb-alt": 0.05341363453588486, "sfT": 8.270596848295791e-05, "roll-out": 0.19214577975752692, "sft": 0.0, "bad-redirect": 0.012072749038889597, "roll-in": 0.2301346013416871, "unknown": 0.03912119664449001, "sfR": 0.10397777127267367, "oneh-out": 0.00714492666493988, "dsfb-red": 0.014219058818814185, "oneh-in": 0.016637571620915247, "sfb": 0.02820977724638194}, "akl": {"alternate": 0.2434227065779766, "redirect": 0.015784105762571356, "dsfb": 0.0, "dsfb-alt": 0.04377260575737041, "sfT": 0.00022464151925267014, "roll-out": 0.16274996403190808, "sft": 0.0, "bad-redirect": 0.00807844703232419, "roll-in": 0.20149059481649825, "unknown": 0.131271144611545, "sfR": 0.13064861186637447, "oneh-out": 0.006255915463235545, "dsfb-red": 0.013357374489148706, "oneh-in": 0.016271586754086447, "sfb": 0.02667230131770831}, "french": {"alternate": 0.23352876092720978, "redirect": 0.023679604517821293, "dsfb": 0.0, "dsfb-alt": 0.031010023254360017, "sfT": 0.00024179188899152947, "roll-out": 0.22201228172154447, "sft": 0.0, "bad-redirect": 0.018437024808860582, "roll-in": 0.15968134708540246, "unknown": 0.15022783705566845, "sfR": 0.10898279115633469, "oneh-out": 0.004231710130552788, "dsfb-red": 0.006702350109591399, "oneh-in": 0.01329973745976309, "sfb": 0.027964739883899442}, "keymash": {"alternate": 0.2861505748872187, "redirect": 0.01602952223403513, "dsfb": 0.0, "dsfb-alt": 0.05530903523210994, "sfT": 3.283897000570577e-05, "roll-out": 0.2026492839052103, "sft": 0.0, "bad-redirect": 0.011271976454458505, "roll-in": 0.2498060448334038, "unknown": 0.008620229626497765, "sfR": 0.099723742164827, "oneh-out": 0.008640753982751331, "dsfb-red": 0.015335798992664596, "oneh-in": 0.020852745953623165, "sfb": 0.02557745276319408}, "movie": {"alternate": 0.26980820536211186, "redirect": 0.015994532899393846, "dsfb": 0.0, "dsfb-alt": 0.056377830027968485, "sfT": 4.7901613244743426e-05, "roll-out": 0.1807558163941692, "sft": 0.0, "bad-redirect": 0.00895286415457798, "roll-in": 0.23712022344260208, "unknown": 0.024529179122950412, "sfR": 0.11567713207251198, "oneh-out": 0.008571493618360215, "dsfb-red": 0.01908602932341998, "oneh-in": 0.033639960683829746, "sfb": 0.029438831284859444}, "dutch": {"alternate": 0.2296253371303105, "redirect": 0.02031673743891382, "dsfb": 0.0, "dsfb-alt": 0.03768619022944567, "sfT": 0.0002715439478925382, "roll-out": 0.21702405907350367, "sft": 0.0, "bad-redirect": 0.010191827581499136, "roll-in": 0.15364408069158644, "unknown": 0.06828907122753393,