{"english-450k": {"dsfb": 0.0, "bad-redirect": 0.0014494524648000556, "sft": 0.0, "unknown": 0.00015377410175167997, "sfb": 0.03063115790729234, "roll-out": 0.16686244117263568, "dsfb-red": 0.017619413191011405, "dsfb-alt": 0.060667098949249286, "redirect": 0.031351206600475585, "oneh-in": 0.00694409931351265, "oneh-out": 0.0071393865758132636, "alternate": 0.33130922568600496, "sfR": 0.11369548401129392, "sfT": 8.887324511884165e-05, "roll-in": 0.2320883867810403}, "shai": {"dsfb": 0.0, "bad-redirect": 0.0009352610652665488, "sft": 0.0, "unknown": 0.023621906111313578, "sfb": 0.02026947024630972, "roll-out": 0.2252104650899963, "dsfb-red": 0.018145854343202462, "dsfb-alt": 0.06130064546033558, "redirect": 0.025400804054206777, "oneh-in": 0.0046568913557670484, "oneh-out": 0.008379690509726647, "alternate": 0.2921559044015218, "sfR": 0.09823378925716947, "sfT": 5.02572583324483e-05, "roll-in": 0.22163906084685164}, "tr-quotes": {"dsfb": 0.0, "bad-redirect": 0.0008598969048334528, "sft": 0.0, "unknown": 0.01476965396084233, "sfb": 0.021246619356926563, "roll-out": 0.2470469938281593, "dsfb-red": 0.020486119137329235, "dsfb-alt": 0.0694933080603777, "redirect": 0.024110630822218627, "oneh-in": 0.004790689073299276, "oneh-out": 0.009780171517070804, "alternate": 0.2798663923626361, "sfR": 0.09677191928064538, "sfT": 3.1205936062504334e-05, "roll-in": 0.21074639975959872}, "gutenberg": {"dsfb": 0.0, "bad-redirect": 0.0009799564522734877, "sft": 0.0, "unknown": 0.03802431837805746, "sfb": 0.018259242715113987, "roll-out": 0.2461350161381191, "dsfb-red": 0.02067190951893288, "dsfb-alt": 0.05902660563771429, "redirect": 0.025247944326804207, "oneh-in": 0.0036222206309532877, "oneh-out": 0.01036503330487993, "alternate": 0.2655034111880603, "sfR": 0.09863878308844841, "sfT": 0.000128438135441992, "roll-in": 0.21339712048520063}, "english-200": {"dsfb": 0.0, "bad-redirect": 0.0022271714922048997, "sft": 0.0, "unknown": 0.0, "sfb": 0.008908685968819599, "roll-out": 0.2650334075723831, "dsfb-red": 0.0200445434298441, "dsfb-alt": 0.08685968819599109, "redirect": 0.017817371937639197, "oneh-in": 0.004454342984409799, "oneh-out": 0.008908685968819599, "alternate": 0.26948775055679286, "sfR": 0.10690423162583519, "sfT": 0.0, "roll-in": 0.20935412026726058}, "monkeyracer": {"dsfb": 0.0, "bad-redirect": 0.0008641318798191971, "sft": 0.0, "unknown": 0.014352018393105714, "sfb": 0.021139950263540673, "roll-out": 0.24805081564665218, "dsfb-red": 0.020489896304174422, "dsfb-alt": 0.06971902028559362, "redirect": 0.024192760060684736, "oneh-in": 0.00486611821011308, "oneh-out": 0.009871044934857751, "alternate": 0.27910482193409136, "sfR": 0.09690789370786869, "sfT": 3.128079202965419e-05, "roll-in": 0.2104102475874689}, "chained-bigrams": {"dsfb": 0.0, "bad-redirect": 0.001759615715511045, "sft": 0.0, "unknown": 0.02365222201805197, "sfb": 0.02026609804890433, "roll-out": 0.20778074798601917, "dsfb-red": 0.02539430650687711, "dsfb-alt": 0.0648122957530928, "redirect": 0.038054449392867645, "oneh-in": 0.006401494959123023, "oneh-out": 0.007946190821558733, "alternate": 0.2855732938382933, "sfR": 0.11914286586209158, "sfT": 5.9736031670485663e-05, "roll-in": 0.19915668306593884}, "english-5k": {"dsfb": 0.0, "bad-redirect": 0.0008711162732816195, "sft": 0.0, "unknown": 0.002157049819554486, "sfb": 0.022109760650433484, "roll-out": 0.1906915003940764, "dsfb-red": 0.01717343510183764, "dsfb-alt": 0.05666403949060439, "redirect": 0.028705355290994317, "oneh-in": 0.00236445845605011, "oneh-out": 0.0077156012776372004, "alternate": 0.3256730410254283, "sfR": 0.10644211224955408, "sfT": 0.0, "roll-in": 0.23943252997054798}, "mt-quotes": {"dsfb": 0.0, "bad-redirect": 0.0008352159309594673, "sft": 0.0, "unknown": 0.008869126594231481, "sfb": 0.02074592701497711, "roll-out": 0.2543912336692127, "dsfb-red": 0.020560655502563918, "dsfb-alt": 0.07181362881151312, "redirect": 0.02391646047740285, "oneh-in": 0.0048962479530486125, "oneh-out": 0.010022591171513608, "alternate": 0.27743213683795315, "sfR": 0.0964592223377679, "sfT": 1.942362630138296e-05, "roll-in": 0.2100381300725547}, "wordle": {"dsfb": 0.0, "bad-redirect": 0.0011668349601705373, "sft": 0.0, "unknown": 0.0, "sfb": 0.03136990912150791, "roll-out": 0.17073936946033882, "dsfb-red": 0.023179625266464714, "dsfb-alt": 0.05912711769325704, "redirect": 0.03296308762481768, "oneh-in": 0.0050039268484236505, "oneh-out": 0.0065971053517334234, "alternate": 0.31475373050600247, "sfR": 0.13138112868843263, "sfT": 0.00011219566924716706, "roll-in": 0.22360596880960396}, "english-1k": {"dsfb": 0.0, "bad-redirect": 0.001058574453069866, "sft": 0.0, "unknown": 0.0, "sfb": 0.01799576570218772, "roll-out": 0.23076923076923078, "dsfb-red": 0.022230063514467185, "dsfb-alt": 0.05786873676781934, "redirect": 0.027875793930839804, "oneh-in": 0.003175723359209598, "oneh-out": 0.009174311926605505, "alternate": 0.29251940719830627, "sfR": 0.10832745236414962, "sfT": 0.0, "roll-in": 0.22900494001411434}, "english-10k": {"dsfb": 0.0, "bad-redirect": 0.0007911850408135698, "sft": 0.0, "unknown": 0.0, "sfb": 0.02259701665348025, "roll-out": 0.1747554080392119, "dsfb-red": 0.015148298952162251, "dsfb-alt": 0.059666930395013605, "redirect": 0.025472298874973466, "oneh-in": 0.0056154840701646055, "oneh-out": 0.00629088593427375, "alternate": 0.33206615078829044, "sfR": 0.10567144593890508, "sfT": 3.859439223480828e-05, "roll-in": 0.25188630092047626}, "reddit": {"dsfb": 0.0, "bad-redirect": 0.000867513691152765, "sft": 0.0, "unknown": 0.041217688064775854, "sfb": 0.022611841749171302, "roll-out": 0.22767668334083419, "dsfb-red": 0.0200085140700345, "dsfb-alt": 0.0654025913413069, "redirect": 0.025837861466379067, "oneh-in": 0.004427166588287029, "oneh-out": 0.009576624476509239, "alternate": 0.2771838093327767, "sfR": 0.10397777127267367, "sfT": 7.236772242258817e-05, "roll-in": 0.20113956688367618}, "akl": {"dsfb": 0.0, "bad-redirect": 0.0007347774374011133, "sft": 0.0, "unknown": 0.06692211644153111, "sfb": 0.02569311010472623, "roll-out": 0.21148895770767281, "dsfb-red": 0.019460698142648676, "dsfb-alt": 0.061706125949774183, "redirect": 0.02409264589390136, "oneh-in": 0.0037528788592388227, "oneh-out": 0.00849646817391451, "alternate": 0.2670175012090372, "sfR": 0.11790358951788564, "sfT": 0.0015615569401091955, "roll-in": 0.1911695736221591}, "french": {"dsfb": 0.0, "bad-redirect": 0.0029771459696839803, "sft": 0.0, "unknown": 0.15822382396052298, "sfb": 0.027755039092635148, "roll-out": 0.15848362401920085, "dsfb-red": 0.010613269117578561, "dsfb-alt": 0.036917691712809605, "redirect": 0.028738446961363323, "oneh-in": 0.008929625106612634, "oneh-out": 0.008050745523992268, "alternate": 0.2277106239346883, "sfR": 0.10898279115633469, "sfT": 0.0002045170751981764, "roll-in": 0.2224126563693795}, "keymash": {"dsfb": 0.0, "bad-redirect": 0.0009482252589147541, "sft": 0.0, "unknown": 0.013394194891077241, "sfb": 0.020052296059734086, "roll-out": 0.2477248751092922, "dsfb-red": 0.021041570031155973, "dsfb-alt": 0.06789867535804739, "redirect": 0.023644058404108156, "oneh-in": 0.00451125350453383, "oneh-out": 0.009810642289204599, "alternate": 0.2790819865934905, "sfR": 0.099723742164827, "sfT": 2.873409875499255e-05, "roll-in": 0.21213974623685927}, "movie": {"dsfb": 0.0, "bad-redirect": 0.0009950112575371017, "sft": 0.0, "unknown": 0.030451476652766863, "sfb": 0.022937766460948538, "roll-out": 0.23992983729638032, "dsfb-red": 0.022507967920131693, "dsfb-alt": 0.07172042723501493, "redirect": 0.02434086261593605, "oneh-in": 0.003082284575325221, "oneh-out": 0.01028805582485591, "alternate": 0.2709138904018985, "sfR": 0.11567713207251198, "sfT": 2.105565417351359e-05, "roll-in": 0.18713423203251942}, "dutch": {"dsfb": 0.0, "bad-redirect": 0.0012042500716066267, "sft": 0.0, "unknown": 0.07325981014373002, "sfb": 0.05549595160320845, "roll-out": 0.10409632939069835, "dsfb-red": 0.012844043079952443, "dsfb-alt": 0.06132380041462451,