{"english-450k": {"sft": 0.0, "unknown": 0.00015377410175167997, "dsfb": 0.0, "sfT": 0.001784188865000956, "roll-out": 0.2030610401327018, "redirect": 0.022531998753435797, "sfR": 0.11369548401129392, "dsfb-red": 0.008205573171038314, "roll-in": 0.17124851122697116, "oneh-in": 0.0011451200695082328, "dsfb-alt": 0.06463628332088912, "oneh-out": 0.004646258173268916, "sfb": 0.041962496659944656, "alternate": 0.3663486719589125, "bad-redirect": 0.0005805995552829589}, "shai": {"sft": 0.0, "unknown": 0.024097749651430984, "dsfb": 0.0, "sfT": 0.0002116029901849529, "roll-out": 0.25168962309339793, "redirect": 0.02047543405086584, "sfR": 0.09823378925716947, "dsfb-red": 0.009140601269556015, "roll-in": 0.17371429276948805, "oneh-in": 0.000578482911216228, "dsfb-alt": 0.06400748552544515, "oneh-out": 0.01289212659766605, "sfb": 0.024925289498837794, "alternate": 0.31964641183688675, "bad-redirect": 0.0003871105478548182}, "tr-quotes": {"sft": 0.0, "unknown": 0.013894731975682485, "dsfb": 0.0, "sfT": 0.00020457224752086175, "roll-out": 0.2686923557014401, "redirect": 0.022444002681398952, "sfR": 0.09677191928064538, "dsfb-red": 0.011315041261182128, "roll-in": 0.16615427290168974, "oneh-in": 0.0003559788261944939, "dsfb-alt": 0.07320450290099628, "oneh-out": 0.021732045029009963, "sfb": 0.026389819930191166, "alternate": 0.29828714084279145, "bad-redirect": 0.0005536164212570213}, "gutenberg": {"sft": 0.0, "unknown": 0.03298207965968062, "dsfb": 0.0, "sfT": 0.00019606706516587274, "roll-out": 0.28348834944872003, "redirect": 0.020518655165581004, "sfR": 0.09863878308844841, "dsfb-red": 0.011377194009402883, "roll-in": 0.16980355027254268, "oneh-in": 0.0006527991367744903, "dsfb-alt": 0.059704410429176596, "oneh-out": 0.017276634147949367, "sfb": 0.025145648466717664, "alternate": 0.27969506740728867, "bad-redirect": 0.0005207617025516755}, "english-200": {"sft": 0.0, "unknown": 0.0, "dsfb": 0.0, "sfT": 0.0, "roll-out": 0.2962138084632517, "redirect": 0.017817371937639197, "sfR": 0.10690423162583519, "dsfb-red": 0.008908685968819599, "roll-in": 0.1514476614699332, "oneh-in": 0.0, "dsfb-alt": 0.0779510022271715, "oneh-out": 0.015590200445434299, "sfb": 0.0200445434298441, "alternate": 0.3051224944320713, "bad-redirect": 0.0}, "monkeyracer": {"sft": 0.0, "unknown": 0.013491796612290222, "dsfb": 0.0, "sfT": 0.00019159485118163191, "roll-out": 0.269482068285969, "redirect": 0.022497732142577852, "sfR": 0.09690789370786869, "dsfb-red": 0.01133439948699501, "roll-in": 0.1661977806278055, "oneh-in": 0.00035484148458638973, "dsfb-alt": 0.07323615433942787, "oneh-out": 0.022105744717456247, "sfb": 0.026238719364374306, "alternate": 0.29740506279619, "bad-redirect": 0.0005562115832772886}, "chained-bigrams": {"sft": 0.0, "unknown": 0.023159399756770463, "dsfb": 0.0, "sfT": 8.8954742813658e-05, "roll-out": 0.23753578480484175, "redirect": 0.02150886722952726, "sfR": 0.11914286586209158, "dsfb-red": 0.014863883010877802, "roll-in": 0.1607081057249844, "oneh-in": 0.0032348359758952124, "dsfb-alt": 0.06776533349262942, "oneh-out": 0.009374011839421756, "sfb": 0.024537224313344055, "alternate": 0.31651655824360486, "bad-redirect": 0.0015641750031978256}, "english-5k": {"sft": 0.0, "unknown": 0.002157049819554486, "dsfb": 0.0, "sfT": 0.0003733355456921226, "roll-out": 0.20691085576803417, "redirect": 0.01953789355788775, "sfR": 0.10644211224955408, "dsfb-red": 0.008337827187124072, "roll-in": 0.1940515203053055, "oneh-in": 0.0009955614551789937, "dsfb-alt": 0.06093665740241424, "oneh-out": 0.005641514912680964, "sfb": 0.023851993196996723, "alternate": 0.3704318247811839, "bad-redirect": 0.0003318538183929979}, "mt-quotes": {"sft": 0.0, "unknown": 0.007995063410669249, "dsfb": 0.0, "sfT": 0.00014791838491053178, "roll-out": 0.27527910256869986, "redirect": 0.02267036014391413, "sfR": 0.0964592223377679, "dsfb-red": 0.011696011283632755, "roll-in": 0.16678470254957506, "oneh-in": 0.00032870752202340396, "dsfb-alt": 0.07493933852093568, "oneh-out": 0.023526493826275086, "sfb": 0.025655622093926682, "alternate": 0.2939616428204301, "bad-redirect": 0.000555814537239574}, "wordle": {"sft": 0.0, "unknown": 0.0, "dsfb": 0.0, "sfT": 0.0005161000785369685, "roll-out": 0.21222932794794122, "redirect": 0.030158195893638506, "sfR": 0.13138112868843263, "dsfb-red": 0.01440592393133625, "roll-in": 0.15559295411197127, "oneh-in": 0.002288791652642208, "dsfb-alt": 0.06617300572197914, "oneh-out": 0.007786379445753394, "sfb": 0.04389094580949175, "alternate": 0.33515090317513746, "bad-redirect": 0.00042634354313923485}, "english-1k": {"sft": 0.0, "unknown": 0.0, "dsfb": 0.0, "sfT": 0.0, "roll-out": 0.24064925899788286, "redirect": 0.01799576570218772, "sfR": 0.10832745236414962, "dsfb-red": 0.009174311926605505, "roll-in": 0.18489767113620326, "oneh-in": 0.0007057163020465773, "dsfb-alt": 0.06916019760056458, "oneh-out": 0.011644318983768526, "sfb": 0.024700070571630206, "alternate": 0.3323923782639379, "bad-redirect": 0.00035285815102328866}, "english-10k": {"sft": 0.0, "unknown": 0.0, "dsfb": 0.0, "sfT": 0.0004245383145828911, "roll-out": 0.20792728816502962, "redirect": 0.023503984870998244, "sfR": 0.10567144593890508, "dsfb-red": 0.007545203681905019, "roll-in": 0.1975453966538662, "oneh-in": 0.001099940178692036, "dsfb-alt": 0.06406669110978175, "oneh-out": 0.005017270990525077, "sfb": 0.026475753073078482, "alternate": 0.36051021786534415, "bad-redirect": 0.00021226915729144556}, "reddit": {"sft": 0.0, "unknown": 0.04519937363713543, "dsfb": 0.0, "sfT": 0.0002374425426691441, "roll-out": 0.2531223656903579, "redirect": 0.020863816644463785, "sfR": 0.10397777127267367, "dsfb-red": 0.011697201013522687, "roll-in": 0.15936398810577299, "oneh-in": 0.0006523957667878976, "dsfb-alt": 0.06623174864127916, "oneh-out": 0.01624190896462653, "sfb": 0.02755547115151767, "alternate": 0.29457974374259865, "bad-redirect": 0.0002767728265944638}, "akl": {"sft": 0.0, "unknown": 0.13920166722946467, "dsfb": 0.0, "sfT": 0.00030486710361402297, "roll-out": 0.20573941292216985, "redirect": 0.022102457336580273, "sfR": 0.13064861186637447, "dsfb-red": 0.00919011617835756, "roll-in": 0.14650081178062427, "oneh-in": 0.0008000074518128251, "dsfb-alt": 0.056297902327043514, "oneh-out": 0.01499538968496646, "sfb": 0.02687910394816859, "alternate": 0.24695819150037235, "bad-redirect": 0.00038146067045116304}, "french": {"sft": 0.0, "unknown": 0.15842537463172957, "dsfb": 0.0, "sfT": 0.0002056257312354385, "roll-out": 0.18774613568574564, "redirect": 0.02412309689640282, "sfR": 0.10898279115633469, "dsfb-red": 0.011767245215823344, "roll-in": 0.17121089045410146, "oneh-in": 0.0011237876939869029, "dsfb-alt": 0.04587500325667711, "oneh-out": 0.008278274702882804, "sfb": 0.02891386930650254, "alternate": 0.25037287173809986, "bad-redirect": 0.002975033530477846}, "keymash": {"sft": 0.0, "unknown": 0.012376186820900362, "dsfb": 0.0, "sfT": 0.00017650946378066853, "roll-out": 0.27083940512205834, "redirect": 0.02261784059142985, "sfR": 0.099723742164827, "dsfb-red": 0.01136638849322491, "roll-in": 0.16640327076141256, "oneh-in": 0.0003776481550656164, "dsfb-alt": 0.0711907821011194, "oneh-out": 0.020979996962395275, "sfb": 0.02626296626206319, "alternate": 0.29707774215661725, "bad-redirect": 0.0006075209451055568}, "movie": {"sft": 0.0, "unknown": 0.030282373430185833, "dsfb": 0.0, "sfT": 0.00011212135847395989, "roll-out": 0.25731404337122604, "redirect": 0.021735751803318083, "sfR": 0.11567713207251198, "dsfb-red": 0.01413097590719931, "roll-in": 0.14309172540426526, "oneh-in": 0.0003625520453001872, "dsfb-alt": 0.07635306594670367, "oneh-out": 0.03112052006413026, "sfb": 0.028338278560777606, "alternate": 0.2809620433670149, "bad-redirect": 0.0005194166688928634}, "dutch": {"sft": 0.0, "unknown": 0.07360268279108878, "dsfb": 0.0, "sfT": 0.00022865348808278173, "roll-out": 0.14673803529203472, "redirect": 0.015083204802411793, "sfR": 0.18880787437283908, "dsfb-red": 0.008676209268004373,