{"english-450k": {"sft": 0.0, "unknown": 0.0, "dsfb": 0.0, "sfT": 6.4316164230740675e-06, "roll-out": 0.18150927819138268, "redirect": 0.005600768519693317, "sfR": 0.11369548401129392, "dsfb-red": 0.004458864258396622, "roll-in": 0.2019653265711708, "oneh-in": 0.006937960043290625, "dsfb-alt": 0.05312632103939599, "oneh-out": 0.007355430418388342, "sfb": 0.022036179596456998, "alternate": 0.3995185642761128, "bad-redirect": 0.003789391457994821}, "shai": {"sft": 0.0, "unknown": 0.014732614355872633, "dsfb": 0.0, "sfT": 4.47225737413508e-05, "roll-out": 0.20155115534799156, "redirect": 0.004705728174068075, "sfR": 0.09823378925716947, "dsfb-red": 0.005007712950666531, "roll-in": 0.237801934461284, "oneh-in": 0.013800225133939368, "dsfb-alt": 0.047265114952689674, "oneh-out": 0.007591361773922919, "sfb": 0.019405196348935002, "alternate": 0.34414383925356223, "bad-redirect": 0.005716605416157192}, "tr-quotes": {"sft": 0.0, "unknown": 0.007443193638612145, "dsfb": 0.0, "sfT": 2.6582834423614803e-05, "roll-out": 0.19174082892212385, "redirect": 0.004141143293035297, "sfR": 0.09677191928064538, "dsfb-red": 0.004397725433993666, "roll-in": 0.25606550935022304, "oneh-in": 0.02329812070918379, "dsfb-alt": 0.04740528420517325, "oneh-out": 0.006354453202653661, "sfb": 0.022337671343704492, "alternate": 0.33303090543445596, "bad-redirect": 0.006986662351771804}, "gutenberg": {"sft": 0.0, "unknown": 0.02362181902498406, "dsfb": 0.0, "sfT": 8.126837773541972e-05, "roll-out": 0.20520151716126714, "redirect": 0.004876481537681059, "sfR": 0.09863878308844841, "dsfb-red": 0.005755847060869446, "roll-in": 0.2621846682753638, "oneh-in": 0.016492176450507937, "dsfb-alt": 0.04196952871539511, "oneh-out": 0.006173744593000766, "sfb": 0.019246966075282933, "alternate": 0.30797627342243683, "bad-redirect": 0.007780926217027108}, "english-200": {"sft": 0.0, "unknown": 0.0, "dsfb": 0.0, "sfT": 0.0, "roll-out": 0.18930957683741648, "redirect": 0.0, "sfR": 0.10690423162583519, "dsfb-red": 0.004454342984409799, "roll-in": 0.2806236080178174, "oneh-in": 0.015590200445434299, "dsfb-alt": 0.04899777282850779, "oneh-out": 0.0, "sfb": 0.013363028953229399, "alternate": 0.33184855233853006, "bad-redirect": 0.008908685968819599}, "monkeyracer": {"sft": 0.0, "unknown": 0.007014717612649953, "dsfb": 0.0, "sfT": 3.03032672787275e-05, "roll-out": 0.19179719880507373, "redirect": 0.004088986033126359, "sfR": 0.09690789370786869, "dsfb-red": 0.004415479299935875, "roll-in": 0.2564976070194097, "oneh-in": 0.023752873922767724, "dsfb-alt": 0.04737671457841312, "oneh-out": 0.006336315435506827, "sfb": 0.022469383924800974, "alternate": 0.33234864006756654, "bad-redirect": 0.006963886325601764}, "chained-bigrams": {"sft": 0.0, "unknown": 0.01530735811556195, "dsfb": 0.0, "sfT": 0.00011947206334097133, "roll-out": 0.18370063417589275, "redirect": 0.01424574494402669, "sfR": 0.11914286586209158, "dsfb-red": 0.009120133704822191, "roll-in": 0.21708008978585283, "oneh-in": 0.009662952427393127, "dsfb-alt": 0.05837443973121383, "oneh-out": 0.006376821380824345, "sfb": 0.019669387036891545, "alternate": 0.3393175418103524, "bad-redirect": 0.007882558961735826}, "english-5k": {"sft": 0.0, "unknown": 0.0, "dsfb": 0.0, "sfT": 0.0, "roll-out": 0.1990708093084996, "redirect": 0.005724478367279214, "sfR": 0.10644211224955408, "dsfb-red": 0.005185215912390592, "roll-in": 0.21271829758991165, "oneh-in": 0.008918571369311817, "dsfb-alt": 0.05027585348653918, "oneh-out": 0.00472891691210022, "sfb": 0.016675654374248144, "alternate": 0.3866926618824408, "bad-redirect": 0.003567428547724727}, "mt-quotes": {"sft": 0.0, "unknown": 0.0031092743333213805, "dsfb": 0.0, "sfT": 1.792950120127658e-05, "roll-out": 0.19279891466752727, "redirect": 0.0037218656243649968, "sfR": 0.0964592223377679, "dsfb-red": 0.004309056788706805, "roll-in": 0.2608832072291749, "oneh-in": 0.02524772594159764, "dsfb-alt": 0.04729802416896762, "oneh-out": 0.006306702047549038, "sfb": 0.022547841885705407, "alternate": 0.330098552491603, "bad-redirect": 0.00720168298251276}, "wordle": {"sft": 0.0, "unknown": 0.0, "dsfb": 0.0, "sfT": 6.731740154830023e-05, "roll-out": 0.19315606417592282, "redirect": 0.008594188264332997, "sfR": 0.13138112868843263, "dsfb-red": 0.003635139683608213, "roll-in": 0.1833501626837204, "oneh-in": 0.004532705037585549, "dsfb-alt": 0.06222371816447885, "oneh-out": 0.013373723774262313, "sfb": 0.03024795242903624, "alternate": 0.3644788511163469, "bad-redirect": 0.004959048580724784}, "english-1k": {"sft": 0.0, "unknown": 0.0, "dsfb": 0.0, "sfT": 0.0, "roll-out": 0.19407198306280876, "redirect": 0.0028228652081863093, "sfR": 0.10832745236414962, "dsfb-red": 0.003175723359209598, "roll-in": 0.24700070571630206, "oneh-in": 0.01305575158786168, "dsfb-alt": 0.05469301340860974, "oneh-out": 0.0024700070571630206, "sfb": 0.015172900494001412, "alternate": 0.35568101623147497, "bad-redirect": 0.0035285815102328866}, "english-10k": {"sft": 0.0, "unknown": 0.0, "dsfb": 0.0, "sfT": 0.0, "roll-out": 0.2087956619903128, "redirect": 0.005152351363346906, "sfR": 0.10567144593890508, "dsfb-red": 0.004554138283707377, "roll-in": 0.20752204704656413, "oneh-in": 0.007660986858609444, "dsfb-alt": 0.051098975318886165, "oneh-out": 0.010420485903398237, "sfb": 0.01682715501437641, "alternate": 0.3789390401574651, "bad-redirect": 0.0033577121244283206}, "reddit": {"sft": 0.0, "unknown": 0.029935889764331067, "dsfb": 0.0, "sfT": 6.686148267304342e-05, "roll-out": 0.18930654528966473, "redirect": 0.005917484689750546, "sfR": 0.10397777127267367, "dsfb-red": 0.004654570544201902, "roll-in": 0.23900103326274483, "oneh-in": 0.017069193393935683, "dsfb-alt": 0.04538737239429846, "oneh-out": 0.006356635402836687, "sfb": 0.0256308718006921, "alternate": 0.3259450458544289, "bad-redirect": 0.006750724847768391}, "akl": {"sft": 0.0, "unknown": 0.1214280559220997, "dsfb": 0.0, "sfT": 0.00013502704605321627, "roll-out": 0.16770378885891224, "redirect": 0.009010566033129979, "sfR": 0.13064861186637447, "dsfb-red": 0.003836398809656907, "roll-in": 0.19891087407021896, "oneh-in": 0.01617105152071215, "dsfb-alt": 0.037820000818809936, "oneh-out": 0.006340860199618154, "sfb": 0.024700189924867395, "alternate": 0.27890077261413326, "bad-redirect": 0.004393802315413643}, "french": {"sft": 0.0, "unknown": 0.1497625011567852, "dsfb": 0.0, "sfT": 0.0007717594384795004, "roll-out": 0.20007809133417062, "redirect": 0.007389776780047271, "sfR": 0.10898279115633469, "dsfb-red": 0.008088829357056055, "roll-in": 0.1698295499771879, "oneh-in": 0.006650677749151979, "dsfb-alt": 0.029619978329370113, "oneh-out": 0.004063179431050606, "sfb": 0.03312847017766947, "alternate": 0.27882242391072637, "bad-redirect": 0.0028119712019702677}, "keymash": {"sft": 0.0, "unknown": 0.006378969923608346, "dsfb": 0.0, "sfT": 4.925845500855866e-05, "roll-out": 0.1942055637424932, "redirect": 0.004096661508211795, "sfR": 0.099723742164827, "dsfb-red": 0.004724706809570918, "roll-in": 0.25522037001309456, "oneh-in": 0.022281241148871367, "dsfb-alt": 0.04756724805326481, "oneh-out": 0.00649801118987903, "sfb": 0.021772237113782927, "alternate": 0.33089367151999277, "bad-redirect": 0.006588318357394721}, "movie": {"sft": 0.0, "unknown": 0.010842740714489409, "dsfb": 0.0, "sfT": 4.6585634858898825e-05, "roll-out": 0.1705388234021489, "redirect": 0.006961394063279347, "sfR": 0.11567713207251198, "dsfb-red": 0.006315248675829649, "roll-in": 0.251721924818418, "oneh-in": 0.03362995924809733, "dsfb-alt": 0.04672657614402278, "oneh-out": 0.0043598363923031585, "sfb": 0.026018471862210745, "alternate": 0.32151483851168633, "bad-redirect": 0.005646468460143423}, "dutch": {"sft": 0.0, "unknown": 0.06699308721262182, "dsfb": 0.0, "sfT": 7.604449834999039e-05, "roll-out": 0.17367946603816126, "redirect": 0.006714598309506236, "sfR": 0.18880787437283908, "dsfb-red": 0.003940041001988561, "roll-in": 0.14659715304173151, "oneh-in": 0.005730843214605536, "dsfb-alt": 0.04086020977092729,