{"english-450k": {"oneh-out": 0.007355430418388342, "alternate": 0.3995185642761128, "dsfb-red": 0.004458864258396622, "redirect": 0.005600768519693317, "unknown": 0.0, "sfT": 6.4316164230740675e-06, "dsfb": 0.0, "roll-out": 0.18150927819138268, "dsfb-alt": 0.05312632103939599, "sfR": 0.11369548401129392, "roll-in": 0.2019653265711708, "sfb": 0.022036179596456998, "oneh-in": 0.006937960043290625, "bad-redirect": 0.003789391457994821, "sft": 0.0}, "shai": {"oneh-out": 0.007591361773922919, "alternate": 0.34414383925356223, "dsfb-red": 0.005007712950666531, "redirect": 0.004705728174068075, "unknown": 0.014732614355872633, "sfT": 4.47225737413508e-05, "dsfb": 0.0, "roll-out": 0.20155115534799156, "dsfb-alt": 0.047265114952689674, "sfR": 0.09823378925716947, "roll-in": 0.237801934461284, "sfb": 0.019405196348935002, "oneh-in": 0.013800225133939368, "bad-redirect": 0.005716605416157192, "sft": 0.0}, "tr-quotes": {"oneh-out": 0.006354453202653661, "alternate": 0.33303090543445596, "dsfb-red": 0.004397725433993666, "redirect": 0.004141143293035297, "unknown": 0.007443193638612145, "sfT": 2.6582834423614803e-05, "dsfb": 0.0, "roll-out": 0.19174082892212385, "dsfb-alt": 0.04740528420517325, "sfR": 0.09677191928064538, "roll-in": 0.25606550935022304, "sfb": 0.022337671343704492, "oneh-in": 0.02329812070918379, "bad-redirect": 0.006986662351771804, "sft": 0.0}, "gutenberg": {"oneh-out": 0.006173744593000766, "alternate": 0.30797627342243683, "dsfb-red": 0.005755847060869446, "redirect": 0.004876481537681059, "unknown": 0.02362181902498406, "sfT": 8.126837773541972e-05, "dsfb": 0.0, "roll-out": 0.20520151716126714, "dsfb-alt": 0.04196952871539511, "sfR": 0.09863878308844841, "roll-in": 0.2621846682753638, "sfb": 0.019246966075282933, "oneh-in": 0.016492176450507937, "bad-redirect": 0.007780926217027108, "sft": 0.0}, "english-200": {"oneh-out": 0.0, "alternate": 0.33184855233853006, "dsfb-red": 0.004454342984409799, "redirect": 0.0, "unknown": 0.0, "sfT": 0.0, "dsfb": 0.0, "roll-out": 0.18930957683741648, "dsfb-alt": 0.04899777282850779, "sfR": 0.10690423162583519, "roll-in": 0.2806236080178174, "sfb": 0.013363028953229399, "oneh-in": 0.015590200445434299, "bad-redirect": 0.008908685968819599, "sft": 0.0}, "monkeyracer": {"oneh-out": 0.006336315435506827, "alternate": 0.33234864006756654, "dsfb-red": 0.004415479299935875, "redirect": 0.004088986033126359, "unknown": 0.007014717612649953, "sfT": 3.03032672787275e-05, "dsfb": 0.0, "roll-out": 0.19179719880507373, "dsfb-alt": 0.04737671457841312, "sfR": 0.09690789370786869, "roll-in": 0.2564976070194097, "sfb": 0.022469383924800974, "oneh-in": 0.023752873922767724, "bad-redirect": 0.006963886325601764, "sft": 0.0}, "chained-bigrams": {"oneh-out": 0.006376821380824345, "alternate": 0.3393175418103524, "dsfb-red": 0.009120133704822191, "redirect": 0.01424574494402669, "unknown": 0.01530735811556195, "sfT": 0.00011947206334097133, "dsfb": 0.0, "roll-out": 0.18370063417589275, "dsfb-alt": 0.05837443973121383, "sfR": 0.11914286586209158, "roll-in": 0.21708008978585283, "sfb": 0.019669387036891545, "oneh-in": 0.009662952427393127, "bad-redirect": 0.007882558961735826, "sft": 0.0}, "english-5k": {"oneh-out": 0.00472891691210022, "alternate": 0.3866926618824408, "dsfb-red": 0.005185215912390592, "redirect": 0.005724478367279214, "unknown": 0.0, "sfT": 0.0, "dsfb": 0.0, "roll-out": 0.1990708093084996, "dsfb-alt": 0.05027585348653918, "sfR": 0.10644211224955408, "roll-in": 0.21271829758991165, "sfb": 0.016675654374248144, "oneh-in": 0.008918571369311817, "bad-redirect": 0.003567428547724727, "sft": 0.0}, "mt-quotes": {"oneh-out": 0.006306702047549038, "alternate": 0.330098552491603, "dsfb-red": 0.004309056788706805, "redirect": 0.0037218656243649968, "unknown": 0.0031092743333213805, "sfT": 1.792950120127658e-05, "dsfb": 0.0, "roll-out": 0.19279891466752727, "dsfb-alt": 0.04729802416896762, "sfR": 0.0964592223377679, "roll-in": 0.2608832072291749, "sfb": 0.022547841885705407, "oneh-in": 0.02524772594159764, "bad-redirect": 0.00720168298251276, "sft": 0.0}, "wordle": {"oneh-out": 0.013373723774262313, "alternate": 0.3644788511163469, "dsfb-red": 0.003635139683608213, "redirect": 0.008594188264332997, "unknown": 0.0, "sfT": 6.731740154830023e-05, "dsfb": 0.0, "roll-out": 0.19315606417592282, "dsfb-alt": 0.06222371816447885, "sfR": 0.13138112868843263, "roll-in": 0.1833501626837204, "sfb": 0.03024795242903624, "oneh-in": 0.004532705037585549, "bad-redirect": 0.004959048580724784, "sft": 0.0}, "english-1k": {"oneh-out": 0.0024700070571630206, "alternate": 0.35568101623147497, "dsfb-red": 0.003175723359209598, "redirect": 0.0028228652081863093, "unknown": 0.0, "sfT": 0.0, "dsfb": 0.0, "roll-out": 0.19407198306280876, "dsfb-alt": 0.05469301340860974, "sfR": 0.10832745236414962, "roll-in": 0.24700070571630206, "sfb": 0.015172900494001412, "oneh-in": 0.01305575158786168, "bad-redirect": 0.0035285815102328866, "sft": 0.0}, "english-10k": {"oneh-out": 0.010420485903398237, "alternate": 0.3789390401574651, "dsfb-red": 0.004554138283707377, "redirect": 0.005152351363346906, "unknown": 0.0, "sfT": 0.0, "dsfb": 0.0, "roll-out": 0.2087956619903128, "dsfb-alt": 0.051098975318886165, "sfR": 0.10567144593890508, "roll-in": 0.20752204704656413, "sfb": 0.01682715501437641, "oneh-in": 0.007660986858609444, "bad-redirect": 0.0033577121244283206, "sft": 0.0}, "reddit": {"oneh-out": 0.006356635402836687, "alternate": 0.3259450458544289, "dsfb-red": 0.004654570544201902, "redirect": 0.005917484689750546, "unknown": 0.029935889764331067, "sfT": 6.686148267304342e-05, "dsfb": 0.0, "roll-out": 0.18930654528966473, "dsfb-alt": 0.04538737239429846, "sfR": 0.10397777127267367, "roll-in": 0.23900103326274483, "sfb": 0.0256308718006921, "oneh-in": 0.017069193393935683, "bad-redirect": 0.006750724847768391, "sft": 0.0}, "akl": {"oneh-out": 0.006340860199618154, "alternate": 0.27890077261413326, "dsfb-red": 0.003836398809656907, "redirect": 0.009010566033129979, "unknown": 0.1214280559220997, "sfT": 0.00013502704605321627, "dsfb": 0.0, "roll-out": 0.16770378885891224, "dsfb-alt": 0.037820000818809936, "sfR": 0.13064861186637447, "roll-in": 0.19891087407021896, "sfb": 0.024700189924867395, "oneh-in": 0.01617105152071215, "bad-redirect": 0.004393802315413643, "sft": 0.0}, "french": {"oneh-out": 0.004063179431050606, "alternate": 0.27882242391072637, "dsfb-red": 0.008088829357056055, "redirect": 0.007389776780047271, "unknown": 0.1497625011567852, "sfT": 0.0007717594384795004, "dsfb": 0.0, "roll-out": 0.20007809133417062, "dsfb-alt": 0.029619978329370113, "sfR": 0.10898279115633469, "roll-in": 0.1698295499771879, "sfb": 0.03312847017766947, "oneh-in": 0.006650677749151979, "bad-redirect": 0.0028119712019702677, "sft": 0.0}, "keymash": {"oneh-out": 0.00649801118987903, "alternate": 0.33089367151999277, "dsfb-red": 0.004724706809570918, "redirect": 0.004096661508211795, "unknown": 0.006378969923608346, "sfT": 4.925845500855866e-05, "dsfb": 0.0, "roll-out": 0.1942055637424932, "dsfb-alt": 0.04756724805326481, "sfR": 0.099723742164827, "roll-in": 0.25522037001309456, "sfb": 0.021772237113782927, "oneh-in": 0.022281241148871367, "bad-redirect": 0.006588318357394721, "sft": 0.0}, "movie": {"oneh-out": 0.0043598363923031585, "alternate": 0.32151483851168633, "dsfb-red": 0.006315248675829649, "redirect": 0.006961394063279347, "unknown": 0.010842740714489409, "sfT": 4.6585634858898825e-05, "dsfb": 0.0, "roll-out": 0.1705388234021489, "dsfb-alt": 0.04672657614402278, "sfR": 0.11567713207251198, "roll-in": 0.251721924818418, "sfb": 0.026018471862210745, "oneh-in": 0.03362995924809733, "bad-redirect": 0.005646468460143423, "sft": 0.0}, "dutch": {"oneh-out": 0.004347356923827368, "alternate": 0.2936852153680247, "dsfb-red": 0.003940041001988561, "redirect": 0.006714598309506236, "unknown": 0.06699308721262182, "sfT": 7.604449834999039e-05, "dsfb": 0.0, "roll-out": 0.17367946603816126, "dsfb-alt": 0.04086020977092729, "sfR": 0.18880787437283908,