{"english-450k": {"unknown": 0.0, "bad-redirect": 0.013473359367737024, "sfR": 0.11369548401129392, "dsfb-alt": 0.055498125768505074, "oneh-in": 0.003827104117930119, "sfT": 1.8125464465026915e-05, "sft": 0.0, "dsfb": 0.0, "alternate": 0.33267535948350613, "dsfb-red": 0.008030165450409021, "oneh-out": 0.010893404143481177, "roll-in": 0.17075327676239446, "redirect": 0.030960047383472265, "sfb": 0.024781602770506478, "roll-out": 0.2353939452762993}, "shai": {"unknown": 0.015546460696927484, "bad-redirect": 0.01037079909698718, "sfR": 0.09823378925716947, "dsfb-alt": 0.05019624133763805, "oneh-in": 0.003273943974439201, "sfT": 6.073832537628889e-05, "sft": 0.0, "dsfb": 0.0, "alternate": 0.30155489803330593, "dsfb-red": 0.00873511402069523, "oneh-out": 0.022243088456180626, "roll-in": 0.1523894936359642, "redirect": 0.02750998333247152, "sfb": 0.019107263890355344, "roll-out": 0.29077818594248944}, "tr-quotes": {"unknown": 0.009742030928549965, "bad-redirect": 0.011954185062758605, "sfR": 0.09677191928064538, "dsfb-alt": 0.047621414206791335, "oneh-in": 0.0042555650585978134, "sfT": 1.733663114583574e-05, "sft": 0.0, "dsfb": 0.0, "alternate": 0.2818439240886711, "dsfb-red": 0.012088255010286401, "oneh-out": 0.035577078662074386, "roll-in": 0.154342248214327, "redirect": 0.029906844501976376, "sfb": 0.01514874829523127, "roll-out": 0.30073045005894455}, "gutenberg": {"unknown": 0.025597834055655768, "bad-redirect": 0.010199844434517958, "sfR": 0.09863878308844841, "dsfb-alt": 0.041626837584105195, "oneh-in": 0.003707846054581282, "sfT": 2.330072368637908e-05, "sft": 0.0, "dsfb": 0.0, "alternate": 0.2737050764888878, "dsfb-red": 0.008407204204890273, "oneh-out": 0.027852321149896397, "roll-in": 0.13752181838089902, "redirect": 0.026452762234490147, "sfb": 0.01846970697540315, "roll-out": 0.3277966646245382}, "english-200": {"unknown": 0.0, "bad-redirect": 0.0066815144766146995, "sfR": 0.10690423162583519, "dsfb-alt": 0.051224944320712694, "oneh-in": 0.004454342984409799, "sfT": 0.0, "sft": 0.0, "dsfb": 0.0, "alternate": 0.30066815144766146, "dsfb-red": 0.004454342984409799, "oneh-out": 0.0334075723830735, "roll-in": 0.16926503340757237, "redirect": 0.022271714922048998, "sfb": 0.004454342984409799, "roll-out": 0.2962138084632517}, "monkeyracer": {"unknown": 0.009365664638628651, "bad-redirect": 0.011871060575253766, "sfR": 0.09690789370786869, "dsfb-alt": 0.04762891596415221, "oneh-in": 0.004256142765534823, "sfT": 1.5640396014827094e-05, "sft": 0.0, "dsfb": 0.0, "alternate": 0.28161901559347485, "dsfb-red": 0.012143789980762314, "oneh-out": 0.03621240439807936, "roll-in": 0.15445477579492312, "redirect": 0.0296551683688631, "sfb": 0.015000117302970111, "roll-out": 0.3008694105134742}, "chained-bigrams": {"unknown": 0.01607548556628135, "bad-redirect": 0.009292199448220873, "sfR": 0.11914286586209158, "dsfb-alt": 0.055962272800171936, "oneh-in": 0.004739924252114623, "sfT": 0.00010388875073127941, "sft": 0.0, "dsfb": 0.0, "alternate": 0.3021487440174689, "dsfb-red": 0.010987533999216939, "oneh-out": 0.019830414600525027, "roll-in": 0.12027395463567839, "redirect": 0.03314635522550677, "sfb": 0.019797949365921504, "roll-out": 0.28849841147607086}, "english-5k": {"unknown": 0.0, "bad-redirect": 0.012154146098643548, "sfR": 0.10644211224955408, "dsfb-alt": 0.057078856763595635, "oneh-in": 0.0029037209109387314, "sfT": 0.0, "sft": 0.0, "dsfb": 0.0, "alternate": 0.3408968349442071, "dsfb-red": 0.006056332185672211, "oneh-out": 0.0115734019164558, "roll-in": 0.16642468992408843, "redirect": 0.03206537520222342, "sfb": 0.02190235201393786, "roll-out": 0.2425021777906832}, "mt-quotes": {"unknown": 0.00522794372527223, "bad-redirect": 0.011876800420745627, "sfR": 0.0964592223377679, "dsfb-alt": 0.047038046401549106, "oneh-in": 0.004205962156799465, "sfT": 5.9765004004255265e-06, "sft": 0.0, "dsfb": 0.0, "alternate": 0.2790353330703673, "dsfb-red": 0.012531227214592223, "oneh-out": 0.03871278134375635, "roll-in": 0.15452092372790188, "redirect": 0.029644936111210718, "sfb": 0.013633891538470734, "roll-out": 0.307106955451166}, "wordle": {"unknown": 0.0, "bad-redirect": 0.013732749915853248, "sfR": 0.13138112868843263, "dsfb-alt": 0.058251991473129136, "oneh-in": 0.004555144171434982, "sfT": 4.4878267698866824e-05, "sft": 0.0, "dsfb": 0.0, "alternate": 0.3018287894087288, "dsfb-red": 0.009895658027600134, "oneh-out": 0.013687871648154382, "roll-in": 0.15651295859979805, "redirect": 0.03365870077415012, "sfb": 0.034556266128127455, "roll-out": 0.2418938628968922}, "english-1k": {"unknown": 0.0, "bad-redirect": 0.01305575158786168, "sfR": 0.10832745236414962, "dsfb-alt": 0.05716302046577276, "oneh-in": 0.002117148906139732, "sfT": 0.0, "sft": 0.0, "dsfb": 0.0, "alternate": 0.3136908962597036, "dsfb-red": 0.0035285815102328866, "oneh-out": 0.02081863091037403, "roll-in": 0.1619618913196895, "redirect": 0.021877205363443897, "sfb": 0.016937191249117856, "roll-out": 0.28052223006351446}, "english-10k": {"unknown": 0.0, "bad-redirect": 0.012176530750082014, "sfR": 0.10567144593890508, "dsfb-alt": 0.0535883136180313, "oneh-in": 0.002720904652553984, "sfT": 0.0, "sft": 0.0, "dsfb": 0.0, "alternate": 0.33021361996101967, "dsfb-red": 0.005769861639103838, "oneh-out": 0.012427394299608267, "roll-in": 0.17116612956137472, "redirect": 0.03126145771019471, "sfb": 0.021091835356322728, "roll-out": 0.25391250651280367}, "reddit": {"unknown": 0.03279448971484982, "bad-redirect": 0.010507253909008826, "sfR": 0.10397777127267367, "dsfb-alt": 0.05057529904594096, "oneh-in": 0.0038373247016470213, "sfT": 0.00013949140698846704, "sft": 0.0, "dsfb": 0.0, "alternate": 0.2742351617607756, "dsfb-red": 0.01145121818062976, "oneh-out": 0.030095420887414816, "roll-in": 0.149326412701659, "redirect": 0.029490633492883184, "sfb": 0.018621203855042057, "roll-out": 0.2849483190704868}, "akl": {"unknown": 0.12423987988349773, "bad-redirect": 0.01146123897308979, "sfR": 0.13064861186637447, "dsfb-alt": 0.046010743903158256, "oneh-in": 0.0043064609416170975, "sfT": 0.00021236184095652221, "sft": 0.0, "dsfb": 0.0, "alternate": 0.22748751382791843, "dsfb-red": 0.01217158253649875, "oneh-out": 0.02687937573179285, "roll-in": 0.13266131784963908, "redirect": 0.025915482754550752, "sfb": 0.022121408067471916, "roll-out": 0.23588402182343438}, "french": {"unknown": 0.14987089475718507, "bad-redirect": 0.009756877274308606, "sfR": 0.10898279115633469, "dsfb-alt": 0.038149723188812976, "oneh-in": 0.0021113754956123216, "sfT": 9.417583581391377e-05, "sft": 0.0, "dsfb": 0.0, "alternate": 0.2292822037948607, "dsfb-red": 0.010571949207433035, "oneh-out": 0.013849301253801585, "roll-in": 0.11344273461218006, "redirect": 0.022656000376823197, "sfb": 0.04788760349210471, "roll-out": 0.2533443695547291}, "keymash": {"unknown": 0.008566866300238493, "bad-redirect": 0.011313025166965638, "sfR": 0.099723742164827, "dsfb-alt": 0.047378423975732, "oneh-in": 0.003940676400684693, "sfT": 2.052435625356611e-05, "sft": 0.0, "dsfb": 0.0, "alternate": 0.28257933689909814, "dsfb-red": 0.011908231498319054, "oneh-out": 0.034784678978543836, "roll-in": 0.15217989187769126, "redirect": 0.028890083862519653, "sfb": 0.015352218477667448, "roll-out": 0.3033623000414592}, "movie": {"unknown": 0.024481409107544254, "bad-redirect": 0.011093171401315636, "sfR": 0.11567713207251198, "dsfb-alt": 0.05008403179982811, "oneh-in": 0.004992427202378657, "sfT": 2.829353529565889e-05, "sft": 0.0, "dsfb": 0.0, "alternate": 0.2522575280214568, "dsfb-red": 0.019693879739841602, "oneh-out": 0.04510858071862685, "roll-in": 0.15000232270185102, "redirect": 0.03520808052840217, "sfb": 0.015826877253037244, "roll-out": 0.27554626591791004}, "dutch": {"unknown": 0.06757562285572356, "bad-redirect": 0.013957007478109459, "sfR": 0.18880787437283908, "dsfb-alt": 0.04019675245344368, "oneh-in": 0.008872121125814323, "sfT": 0.00018027620523716184, "sft": 0.0, "dsfb": 0.0, "alternate": 0.2249327944866681, "dsfb-red": 0.007169108081771164,