{"english-450k": {"sfb": 0.02585977555997453, "roll-in": 0.21905647017688698, "dsfb": 0.0, "redirect": 0.025836972556292723, "sfT": 0.00013857209929714126, "oneh-in": 0.00311991865759302, "alternate": 0.341710611173121, "sfR": 0.11369548401129392, "unknown": 0.0, "dsfb-alt": 0.06499265333996765, "dsfb-red": 0.007124769265760823, "roll-out": 0.17778741870583015, "bad-redirect": 0.011092491906395423, "oneh-out": 0.009584862547586653, "sft": 0.0}, "shai": {"sfb": 0.01911829455544949, "roll-in": 0.22223538634265874, "dsfb": 0.0, "redirect": 0.026871168488803526, "sfT": 9.824258669638315e-05, "oneh-in": 0.008852929264718314, "alternate": 0.29419226193812115, "sfR": 0.09823378925716947, "unknown": 0.015546460696927484, "dsfb-alt": 0.05965423161083628, "dsfb-red": 0.009513495805870202, "roll-out": 0.22521902256386406, "bad-redirect": 0.010831296466192908, "oneh-out": 0.00963342042269199, "sft": 0.0}, "tr-quotes": {"sfb": 0.018788285060447055, "roll-in": 0.21437437877071727, "dsfb": 0.0, "redirect": 0.02781835833660803, "sfT": 6.587919835417581e-05, "oneh-in": 0.018016227086752504, "alternate": 0.28737315364878296, "sfR": 0.09677191928064538, "unknown": 0.009742030928549965, "dsfb-alt": 0.06018122558424447, "dsfb-red": 0.009754744458056911, "roll-out": 0.23667737685213008, "bad-redirect": 0.009858764244931924, "oneh-out": 0.010577656549779248, "sft": 0.0}, "gutenberg": {"sfb": 0.019273866097750135, "roll-in": 0.20964854552336268, "dsfb": 0.0, "redirect": 0.02509923645612284, "sfT": 0.00012142897465828446, "oneh-in": 0.009306460589762155, "alternate": 0.26932397212551473, "sfR": 0.09863878308844841, "unknown": 0.025597834055655768, "dsfb-alt": 0.05508897277149416, "dsfb-red": 0.013284443489683084, "roll-out": 0.25465057817998993, "bad-redirect": 0.008110356773861361, "oneh-out": 0.011855521873696439, "sft": 0.0}, "english-200": {"sfb": 0.011135857461024499, "roll-in": 0.21603563474387527, "dsfb": 0.0, "redirect": 0.031180400890868598, "sfT": 0.0, "oneh-in": 0.0066815144766146995, "alternate": 0.267260579064588, "sfR": 0.10690423162583519, "unknown": 0.0, "dsfb-alt": 0.07349665924276169, "dsfb-red": 0.015590200445434299, "roll-out": 0.24944320712694878, "bad-redirect": 0.011135857461024499, "oneh-out": 0.011135857461024499, "sft": 0.0}, "monkeyracer": {"sfb": 0.018945407197710245, "roll-in": 0.21447381797707119, "dsfb": 0.0, "redirect": 0.027819376886622768, "sfT": 6.744920781394185e-05, "oneh-in": 0.018517251356804355, "alternate": 0.28679305410012984, "sfR": 0.09690789370786869, "unknown": 0.009365664638628651, "dsfb-alt": 0.0601490529740213, "dsfb-red": 0.009840741667579023, "roll-out": 0.23685913477329246, "bad-redirect": 0.009783067707274348, "oneh-out": 0.010478087805183228, "sft": 0.0}, "chained-bigrams": {"sfb": 0.018853860343651, "roll-in": 0.19944042921637364, "dsfb": 0.0, "redirect": 0.031025726101204524, "sfT": 7.661795366431856e-05, "oneh-in": 0.00749687197464595, "alternate": 0.30603028746666633, "sfR": 0.11914286586209158, "unknown": 0.01607548556628135, "dsfb-alt": 0.057651763608939366, "dsfb-red": 0.012943239731733273, "roll-out": 0.20535754287521207, "bad-redirect": 0.011805008606533694, "oneh-out": 0.014100300693002898, "sft": 0.0}, "english-5k": {"sfb": 0.020118637740075496, "roll-in": 0.23839548678806985, "dsfb": 0.0, "redirect": 0.024266810469987972, "sfT": 4.148172729912474e-05, "oneh-in": 0.003194093002032605, "alternate": 0.3317293732111005, "sfR": 0.10644211224955408, "unknown": 0.0, "dsfb-alt": 0.06384037831335297, "dsfb-red": 0.00875264446011532, "roll-out": 0.18509146720869457, "bad-redirect": 0.01086821255237068, "oneh-out": 0.007259302277346829, "sft": 0.0}, "mt-quotes": {"sfb": 0.018784140758537432, "roll-in": 0.2139915850874362, "dsfb": 0.0, "redirect": 0.028094034257300296, "sfT": 5.378850360382974e-05, "oneh-in": 0.01986588733101445, "alternate": 0.28464427869616665, "sfR": 0.0964592223377679, "unknown": 0.00522794372527223, "dsfb-alt": 0.06044184267460346, "dsfb-red": 0.009614695019184567, "roll-out": 0.24246512712016352, "bad-redirect": 0.00966698939768829, "oneh-out": 0.010690465091261162, "sft": 0.0}, "wordle": {"sfb": 0.03444407045888029, "roll-in": 0.1797823404016605, "dsfb": 0.0, "redirect": 0.032402109278581843, "sfT": 0.0003141478738920678, "oneh-in": 0.004285874565241782, "alternate": 0.3216425445977785, "sfR": 0.13138112868843263, "unknown": 0.0, "dsfb-alt": 0.06704813194210703, "dsfb-red": 0.008639066532031864, "roll-out": 0.19775608661505667, "bad-redirect": 0.009514192752159766, "oneh-out": 0.012790306294177045, "sft": 0.0}, "english-1k": {"sfb": 0.013408609738884969, "roll-in": 0.21347918136908964, "dsfb": 0.0, "redirect": 0.02611150317572336, "sfT": 0.0, "oneh-in": 0.0035285815102328866, "alternate": 0.29992942836979536, "sfR": 0.10832745236414962, "unknown": 0.0, "dsfb-alt": 0.07127734650670431, "dsfb-red": 0.01058574453069866, "roll-out": 0.23288637967537051, "bad-redirect": 0.008821453775582216, "oneh-out": 0.011644318983768526, "sft": 0.0}, "english-10k": {"sfb": 0.020011192373748096, "roll-in": 0.24165878697825205, "dsfb": 0.0, "redirect": 0.027691476428474943, "sfT": 3.859439223480828e-05, "oneh-in": 0.0022577719457362844, "alternate": 0.32509986298990756, "sfR": 0.10567144593890508, "unknown": 0.0, "dsfb-alt": 0.06402809671754695, "dsfb-red": 0.00741012330908319, "roll-out": 0.1864688060824762, "bad-redirect": 0.010709943845159298, "oneh-out": 0.008953898998475521, "sft": 0.0}, "reddit": {"sfb": 0.026012787586313587, "roll-in": 0.2053724793267854, "dsfb": 0.0, "redirect": 0.026425343535983557, "sfT": 9.195794955872358e-05, "oneh-in": 0.012412937266136981, "alternate": 0.2779136670301909, "sfR": 0.10397777127267367, "unknown": 0.03279448971484982, "dsfb-alt": 0.05658013442341897, "dsfb-red": 0.010243815921535709, "roll-out": 0.22780029280459946, "bad-redirect": 0.010143954457778659, "oneh-out": 0.010230368710174575, "sft": 0.0}, "akl": {"sfb": 0.02655044342363064, "roll-in": 0.17268125886122712, "dsfb": 0.0, "redirect": 0.023749836713633923, "sfT": 0.0002137948818844429, "oneh-in": 0.011556956224034009, "alternate": 0.23205701190261557, "sfR": 0.13064861186637447, "unknown": 0.12423987988349773, "dsfb-alt": 0.054302145758891904, "dsfb-red": 0.00899806398641398, "roll-out": 0.19647225844013544, "bad-redirect": 0.010406397312129138, "oneh-out": 0.008123340745531636, "sft": 0.0}, "french": {"sfb": 0.017480838940398695, "roll-in": 0.22250901955359126, "dsfb": 0.0, "redirect": 0.02060546612671522, "sfT": 5.156748757102946e-05, "oneh-in": 0.005786720077519627, "alternate": 0.24974462332909242, "sfR": 0.10898279115633469, "unknown": 0.14987089475718507, "dsfb-alt": 0.03470572815457326, "dsfb-red": 0.006647891127220483, "roll-out": 0.16661395306846252, "bad-redirect": 0.0075415428024454495, "oneh-out": 0.009458963418890267, "sft": 0.0}, "keymash": {"sfb": 0.018114796829397446, "roll-in": 0.2145123618197715, "dsfb": 0.0, "redirect": 0.02815120703739127, "sfT": 8.209742501426443e-05, "oneh-in": 0.017285612836753374, "alternate": 0.2849232183832554, "sfR": 0.099723742164827, "unknown": 0.008566866300238493, "dsfb-alt": 0.06151970543443905, "dsfb-red": 0.010122612504258804, "roll-out": 0.23660067401985937, "bad-redirect": 0.009510986687902534, "oneh-out": 0.010886118556891464, "sft": 0.0}, "movie": {"sfb": 0.017605027247990467, "roll-in": 0.19133207148552508, "dsfb": 0.0, "redirect": 0.02662671707214812, "sfT": 0.00019437000758924734, "oneh-in": 0.030305403051938115, "alternate": 0.2791669172508843, "sfR": 0.11567713207251198, "unknown": 0.024481409107544254, "dsfb-alt": 0.0553614999205807, "dsfb-red": 0.010083684381534244, "roll-out": 0.2277236113763173, "bad-redirect": 0.00990655369079956, "oneh-out": 0.011535603334636591, "sft": 0.0}, "dutch": {"sfb": 0.06889158177541328, "roll-in": 0.20295123659543132, "dsfb": 0.0, "redirect": 0.022066711233058044, "sfT": 0.00011002335342502735, "oneh-in": 0.006422003609181987, "alternate": 0.24837910102815533, "sfR": 0.18880787437283908, "unknown": 0.06757562285572356,