{"english-450k": {"roll-out": 0.0813967833732191, "bad-redirect": 2.6603504295442732e-05, "sfb": 0.39714178966158586, "dsfb-alt": 0.10003034553566886, "dsfb": 0.0, "sfT": 0.09628275958442403, "unknown": 0.00015377410175167997, "roll-in": 0.08949974302768927, "oneh-in": 0.001144535377106135, "sft": 0.0, "oneh-out": 0.0006083724443825969, "sfR": 0.11369548401129392, "dsfb-red": 0.02776177994399816, "alternate": 0.08533088620073309, "redirect": 0.006927143233851819}, "shai": {"roll-out": 0.06711501353249734, "bad-redirect": 0.0001058711624509658, "sfb": 0.3837070961313561, "dsfb-alt": 0.08183638435079156, "dsfb": 0.0, "sfT": 0.13416685425248007, "unknown": 0.023621906111313578, "roll-in": 0.08864743300554583, "oneh-in": 0.00029191010247913617, "sft": 0.0, "oneh-out": 0.002276512532538527, "sfR": 0.09823378925716947, "dsfb-red": 0.02820697429088692, "alternate": 0.08268177452360687, "redirect": 0.009108480746883625}, "tr-quotes": {"roll-out": 0.06754467071958577, "bad-redirect": 0.00014909502785418738, "sfb": 0.40079055038025013, "dsfb-alt": 0.07322183953214212, "dsfb": 0.0, "sfT": 0.13903631446337347, "unknown": 0.01476965396084233, "roll-in": 0.0846270312752826, "oneh-in": 0.00016989898522919026, "sft": 0.0, "oneh-out": 0.0034950648390004854, "sfR": 0.09677191928064538, "dsfb-red": 0.025758766556482744, "alternate": 0.08105106215760154, "redirect": 0.012614132821710086}, "gutenberg": {"roll-out": 0.05584293114768756, "bad-redirect": 6.914442394738507e-05, "sfb": 0.3847531051529456, "dsfb-alt": 0.07909250690402338, "dsfb": 0.0, "sfT": 0.15061474128808675, "unknown": 0.03802431837805746, "roll-in": 0.07904041179009041, "oneh-in": 0.00024607837454151564, "sft": 0.0, "oneh-out": 0.0034424451286900865, "sfR": 0.09863878308844841, "dsfb-red": 0.022068058572336246, "alternate": 0.078677829797117, "redirect": 0.00948964595402824}, "english-200": {"roll-out": 0.053452115812917596, "bad-redirect": 0.0, "sfb": 0.38752783964365256, "dsfb-alt": 0.060133630289532294, "dsfb": 0.0, "sfT": 0.1403118040089087, "unknown": 0.0, "roll-in": 0.111358574610245, "oneh-in": 0.0, "sft": 0.0, "oneh-out": 0.0, "sfR": 0.10690423162583519, "dsfb-red": 0.031180400890868598, "alternate": 0.0957683741648107, "redirect": 0.013363028953229399}, "monkeyracer": {"roll-out": 0.06754207266527988, "bad-redirect": 0.00013783098988066377, "sfb": 0.40182132411592664, "dsfb-alt": 0.07291063859736928, "dsfb": 0.0, "sfT": 0.13886325601764238, "unknown": 0.014352018393105714, "roll-in": 0.08443272283654223, "oneh-in": 0.0001671567324084646, "sft": 0.0, "oneh-out": 0.0034672802915369817, "sfR": 0.09690789370786869, "dsfb-red": 0.025692283028606284, "alternate": 0.08103191422806826, "redirect": 0.01267360839576458}, "chained-bigrams": {"roll-out": 0.06753807685040475, "bad-redirect": 6.103464105462665e-05, "sfb": 0.3773797828595249, "dsfb-alt": 0.08787754632951304, "dsfb": 0.0, "sfT": 0.13050894449678563, "unknown": 0.02365222201805197, "roll-in": 0.0828649141067288, "oneh-in": 0.0006415130357656503, "sft": 0.0, "oneh-out": 0.001744032402901353, "sfR": 0.11914286586209158, "dsfb-red": 0.027388321216225604, "alternate": 0.07251369870574095, "redirect": 0.00868704747521117}, "english-5k": {"roll-out": 0.0739619197743394, "bad-redirect": 0.0, "sfb": 0.3915460239764384, "dsfb-alt": 0.09640353424316589, "dsfb": 0.0, "sfT": 0.11104658397975692, "unknown": 0.002157049819554486, "roll-in": 0.09445389306010703, "oneh-in": 0.00024889036379474843, "sft": 0.0, "oneh-out": 0.00024889036379474843, "sfR": 0.10644211224955408, "dsfb-red": 0.028580910109096944, "alternate": 0.08943460405691293, "redirect": 0.005475588003484465}, "mt-quotes": {"roll-out": 0.06627341294031867, "bad-redirect": 0.00011803588290840416, "sfb": 0.40688164138606997, "dsfb-alt": 0.07130263802727675, "dsfb": 0.0, "sfT": 0.1426575704330572, "unknown": 0.008869126594231481, "roll-in": 0.08439715040460907, "oneh-in": 0.0001225182582087233, "sft": 0.0, "oneh-out": 0.003472346732647231, "sfR": 0.0964592223377679, "dsfb-red": 0.025574939338520935, "alternate": 0.08070666140734631, "redirect": 0.013164736257037329}, "wordle": {"roll-out": 0.0787164815438124, "bad-redirect": 8.975653539773365e-05, "sfb": 0.3620554246606081, "dsfb-alt": 0.09260630539661169, "dsfb": 0.0, "sfT": 0.07510378099405363, "unknown": 0.0, "roll-in": 0.10981712105912712, "oneh-in": 0.0013014697632671378, "sft": 0.0, "oneh-out": 0.000875126220127903, "sfR": 0.13138112868843263, "dsfb-red": 0.03370357904184899, "alternate": 0.10088634578705262, "redirect": 0.013463480309660047}, "english-1k": {"roll-out": 0.06104446012702894, "bad-redirect": 0.0, "sfb": 0.39378969654199014, "dsfb-alt": 0.08680310515172901, "dsfb": 0.0, "sfT": 0.13443895553987298, "unknown": 0.0, "roll-in": 0.09527170077628794, "oneh-in": 0.00035285815102328866, "sft": 0.0, "oneh-out": 0.0, "sfR": 0.10832745236414962, "dsfb-red": 0.025758645024700072, "alternate": 0.08680310515172901, "redirect": 0.007410021171489062}, "english-10k": {"roll-out": 0.06914185368865904, "bad-redirect": 0.0, "sfb": 0.40466220258196484, "dsfb-alt": 0.09934196561239651, "dsfb": 0.0, "sfT": 0.10897126647498119, "unknown": 0.0, "roll-in": 0.09301248528588796, "oneh-in": 0.0004245383145828911, "sft": 0.0, "oneh-out": 0.0003859439223480828, "sfR": 0.10567144593890508, "dsfb-red": 0.02977557360915459, "alternate": 0.08272707975531156, "redirect": 0.005885644815808263}, "reddit": {"roll-out": 0.06720343139871413, "bad-redirect": 9.866282653265903e-05, "sfb": 0.37197676067166385, "dsfb-alt": 0.07297644284551233, "dsfb": 0.0, "sfT": 0.12766677585502634, "unknown": 0.041217688064775854, "roll-in": 0.08719460268640822, "oneh-in": 0.0004853731610517068, "sft": 0.0, "oneh-out": 0.0026378634141645584, "sfR": 0.10397777127267367, "dsfb-red": 0.02785524282985513, "alternate": 0.08428120254028686, "redirect": 0.012428182433334701}, "akl": {"roll-out": 0.060784358150727885, "bad-redirect": 8.378347907894902e-05, "sfb": 0.31857742620067764, "dsfb-alt": 0.06218910887412324, "dsfb": 0.0, "sfT": 0.10003959887405481, "unknown": 0.13295000147380848, "roll-in": 0.08136354239613289, "oneh-in": 0.0008426280656173628, "sft": 0.0, "oneh-out": 0.0015696986757194663, "sfR": 0.13064861186637447, "dsfb-red": 0.02315776844198283, "alternate": 0.0762594459325147, "redirect": 0.011534027569187278}, "french": {"roll-out": 0.060559796689262424, "bad-redirect": 3.059291389309766e-05, "sfb": 0.3379799504949123, "dsfb-alt": 0.10453797935721411, "dsfb": 0.0, "sfT": 0.06814513140517973, "unknown": 0.15822382396052298, "roll-in": 0.06803738202382853, "oneh-in": 0.00026893898006610974, "sft": 0.0, "oneh-out": 0.00037767716274784475, "sfR": 0.10898279115633469, "dsfb-red": 0.024921973462280218, "alternate": 0.06288724025743413, "redirect": 0.005046722136323852}, "keymash": {"roll-out": 0.06645786554904705, "bad-redirect": 0.00013956562252424954, "sfb": 0.3999786546694963, "dsfb-alt": 0.07158074486993715, "dsfb": 0.0, "sfT": 0.140517952654415, "unknown": 0.013394194891077241, "roll-in": 0.0856604532598835, "oneh-in": 0.00020524356253566106, "sft": 0.0, "oneh-out": 0.0035178746618612306, "sfR": 0.099723742164827, "dsfb-red": 0.025351684844404854, "alternate": 0.0811286753990961, "redirect": 0.012343347850894656}, "movie": {"roll-out": 0.0737716427450309, "bad-redirect": 0.000115016510922818, "sfb": 0.3926872923468356, "dsfb-alt": 0.06839731861508014, "dsfb": 0.0, "sfT": 0.12458630574467992, "unknown": 0.030451476652766863, "roll-in": 0.0770429018165634, "oneh-in": 0.00023437575051892318, "sft": 0.0, "oneh-out": 0.004801347140754021, "sfR": 0.11567713207251198, "dsfb-red": 0.021368199040151685, "alternate": 0.07656783361927351, "redirect": 0.014299157944910249}, "dutch": {"roll-out": 0.06435541358829297, "bad-redirect": 3.6489166267915684e-05, "sfb": 0.29533396982871324, "dsfb-alt": 0.09067285269504678, "dsfb": 0.0, "sfT": 0.0694391165081686, "unknown": 0.07325981014373002, "roll-in": 0.09095214274604878, "oneh-in": 0.0015800257263863364, "sft": 0.0,