{"english-450k": {"sfR": 0.11369548401129392, "sfb": 0.02574634523396759, "dsfb-alt": 0.038631211698993334, "dsfb-red": 0.023459905595564757, "roll-in": 0.1669320195684853, "oneh-in": 0.00492778756487893, "dsfb": 0.0, "bad-redirect": 0.0006624564915766289, "sft": 0.0, "redirect": 0.05388057423810195, "sfT": 0.00021516680397193244, "roll-out": 0.23213077698019238, "alternate": 0.32756836369738423, "oneh-out": 0.011996134013837331, "unknown": 0.00015377410175167997}, "shai": {"sfR": 0.09823378925716947, "sfb": 0.01732792859126718, "dsfb-alt": 0.03438369003536934, "dsfb-red": 0.022506678777433845, "roll-in": 0.17919059611417149, "oneh-in": 0.005810981464457417, "dsfb": 0.0, "bad-redirect": 0.00035466491084281093, "sft": 0.0, "redirect": 0.04973990852830647, "sfT": 4.632879339541056e-05, "roll-out": 0.21206071634145426, "alternate": 0.3419181490590417, "oneh-out": 0.014804662015777025, "unknown": 0.023621906111313578}, "tr-quotes": {"sfR": 0.09677191928064538, "sfb": 0.01669170846721065, "dsfb-alt": 0.03520260742932434, "dsfb-red": 0.021566769145419662, "roll-in": 0.19465800605626316, "oneh-in": 0.006169529137098079, "dsfb": 0.0, "bad-redirect": 0.0006090936409236957, "sft": 0.0, "redirect": 0.04857724047063175, "sfT": 2.4271283604170037e-05, "roll-out": 0.20627123737315364, "alternate": 0.33940153949284574, "oneh-out": 0.019286424262037402, "unknown": 0.01476965396084233}, "gutenberg": {"sfR": 0.09863878308844841, "sfb": 0.014204348483350213, "dsfb-alt": 0.03255319479442889, "dsfb-red": 0.019277465396530958, "roll-in": 0.1962525237714741, "oneh-in": 0.008069817303382621, "dsfb": 0.0, "bad-redirect": 0.000706409744930956, "sft": 0.0, "redirect": 0.04368241606151088, "sfT": 8.90352856308794e-06, "roll-out": 0.19034342235725277, "alternate": 0.34814217457508384, "oneh-out": 0.010096222516985848, "unknown": 0.03802431837805746}, "english-200": {"sfR": 0.10690423162583519, "sfb": 0.008908685968819599, "dsfb-alt": 0.042316258351893093, "dsfb-red": 0.013363028953229399, "roll-in": 0.18262806236080179, "oneh-in": 0.0066815144766146995, "dsfb": 0.0, "bad-redirect": 0.0, "sft": 0.0, "redirect": 0.0467706013363029, "sfT": 0.0, "roll-out": 0.22939866369710468, "alternate": 0.3585746102449889, "oneh-out": 0.004454342984409799, "unknown": 0.0}, "monkeyracer": {"sfR": 0.09690789370786869, "sfb": 0.016663864429047343, "dsfb-alt": 0.03522412687489247, "dsfb-red": 0.02153389273816413, "roll-in": 0.19520191751255142, "oneh-in": 0.006287439197960492, "dsfb": 0.0, "bad-redirect": 0.0006305034643477173, "sft": 0.0, "redirect": 0.0484412390321723, "sfT": 2.541564352409403e-05, "roll-out": 0.20580415096110233, "alternate": 0.33928613322489326, "oneh-out": 0.01964140482037005, "unknown": 0.014352018393105714}, "chained-bigrams": {"sfR": 0.11914286586209158, "sfb": 0.019018134430744838, "dsfb-alt": 0.05502467682482214, "dsfb-red": 0.02530015732652689, "roll-in": 0.16289626253726197, "oneh-in": 0.00537689215503578, "dsfb": 0.0, "bad-redirect": 0.0020505042175586272, "sft": 0.0, "redirect": 0.04375015015171004, "sfT": 0.00012856232902995826, "roll-out": 0.19971508510111946, "alternate": 0.33508926965558933, "oneh-out": 0.008855217390457429, "unknown": 0.02365222201805197}, "english-5k": {"sfR": 0.10644211224955408, "sfb": 0.020160119467374622, "dsfb-alt": 0.03791429875140001, "dsfb-red": 0.02190235201393786, "roll-in": 0.17351806529223876, "oneh-in": 0.006056332185672211, "dsfb": 0.0, "bad-redirect": 0.00041481727299124733, "sft": 0.0, "redirect": 0.05392624548886216, "sfT": 4.148172729912474e-05, "roll-out": 0.2313850748745178, "alternate": 0.33011158584643463, "oneh-out": 0.015970465010163023, "unknown": 0.002157049819554486}, "mt-quotes": {"sfR": 0.0964592223377679, "sfb": 0.01589300868983158, "dsfb-alt": 0.03524342286130933, "dsfb-red": 0.021754461457548918, "roll-in": 0.19914147571747887, "oneh-in": 0.006356008175852548, "dsfb": 0.0, "bad-redirect": 0.0006454620432459569, "sft": 0.0, "redirect": 0.04869204288736687, "sfT": 1.942362630138296e-05, "roll-out": 0.2046473267113709, "alternate": 0.34176019889793335, "oneh-out": 0.02051881999976094, "unknown": 0.008869126594231481}, "wordle": {"sfR": 0.13138112868843263, "sfb": 0.03630651856838326, "dsfb-alt": 0.04465387636037249, "dsfb-red": 0.026657691013126893, "roll-in": 0.1791091663861775, "oneh-in": 0.007090766296420958, "dsfb": 0.0, "bad-redirect": 0.0007853696847301694, "sft": 0.0, "redirect": 0.04552900258050039, "sfT": 0.000493660944687535, "roll-out": 0.21032200157073938, "alternate": 0.30934589924828904, "oneh-out": 0.008324918658139795, "unknown": 0.0}, "english-1k": {"sfR": 0.10832745236414962, "sfb": 0.014820042342978124, "dsfb-alt": 0.03493295695130558, "dsfb-red": 0.017290049400141144, "roll-in": 0.1866619618913197, "oneh-in": 0.012702893436838392, "dsfb": 0.0, "bad-redirect": 0.0, "sft": 0.0, "redirect": 0.04234297812279464, "sfT": 0.0, "roll-out": 0.21312632321806635, "alternate": 0.36097388849682427, "oneh-out": 0.008821453775582216, "unknown": 0.0}, "english-10k": {"sfR": 0.10567144593890508, "sfb": 0.018698983037764613, "dsfb-alt": 0.03606645954342834, "dsfb-red": 0.024893382991451343, "roll-in": 0.17394492580228094, "oneh-in": 0.005441809305107968, "dsfb": 0.0, "bad-redirect": 0.0004245383145828911, "sft": 0.0, "redirect": 0.05370409679473572, "sfT": 5.789158835221242e-05, "roll-out": 0.24414812527739718, "alternate": 0.3211053433936049, "oneh-out": 0.0158429980123888, "unknown": 0.0}, "reddit": {"sfR": 0.10397777127267367, "sfb": 0.016250711456743148, "dsfb-alt": 0.03715644294664735, "dsfb-red": 0.02081980418388069, "roll-in": 0.19301404259694493, "oneh-in": 0.006264078134665768, "dsfb": 0.0, "bad-redirect": 0.0003521745994912909, "sft": 0.0, "redirect": 0.04904227949335852, "sfT": 0.00014919287702337924, "roll-out": 0.2005920144166092, "alternate": 0.31538216768672567, "oneh-out": 0.015781632270460505, "unknown": 0.041217688064775854}, "akl": {"sfR": 0.13064861186637447, "sfb": 0.01974742752475807, "dsfb-alt": 0.03275605420877573, "dsfb-red": 0.020596479566948867, "roll-in": 0.16874669674800763, "oneh-in": 0.0049626454409915375, "dsfb": 0.0, "bad-redirect": 0.00044236490988779217, "sft": 0.0, "redirect": 0.043964559118905164, "sfT": 0.0002586144722852726, "roll-out": 0.17050837349286407, "alternate": 0.2598956108748337, "oneh-out": 0.01452256030155925, "unknown": 0.13295000147380848}, "french": {"sfR": 0.10898279115633469, "sfb": 0.035422384391633165, "dsfb-alt": 0.030448429044133394, "dsfb-red": 0.01627210422301617, "roll-in": 0.12940227274188001, "oneh-in": 0.006058490625032257, "dsfb": 0.0, "bad-redirect": 0.0014082178948979995, "sft": 0.0, "redirect": 0.04476580787323471, "sfT": 3.947714402953591e-05, "roll-out": 0.2009131340578041, "alternate": 0.2543353732154964, "oneh-out": 0.013727693671984604, "unknown": 0.15822382396052298}, "keymash": {"sfR": 0.099723742164827, "sfb": 0.01662883343663926, "dsfb-alt": 0.03414431906343258, "dsfb-red": 0.021952851448814308, "roll-in": 0.1948171895588495, "oneh-in": 0.006403599151112625, "dsfb": 0.0, "bad-redirect": 0.0006280453013591229, "sft": 0.0, "redirect": 0.047928476723327576, "sfT": 1.6419485002852885e-05, "roll-out": 0.20808823831240533, "alternate": 0.33759282140115676, "oneh-out": 0.01868126906199587, "unknown": 0.013394194891077241}, "movie": {"sfR": 0.11567713207251198, "sfb": 0.018089044098304113, "dsfb-alt": 0.035567079432060576, "dsfb-red": 0.023814866055113966, "roll-in": 0.19354107280400384, "oneh-in": 0.0059790161982463536, "dsfb": 0.0, "bad-redirect": 0.0010864717553533013, "sft": 0.0, "redirect": 0.048217184861668955, "sfT": 2.487199149246293e-05, "roll-out": 0.1969337966805498, "alternate": 0.30313272602685465, "oneh-out": 0.027485261371073138, "unknown": 0.030451476652766863}, "dutch": {"sfR": 0.18880787437283908, "sfb": 0.03581362359511779, "dsfb-alt": 0.022354643926881232, "dsfb-red": 0.02213782476299345, "roll-in": 0.1305841648350659, "oneh-in": 0.007755014714189057, "dsfb": 0.0, "bad-redirect": 0.0012395916670435122, "sft": 0.0,