{"monkeyracer": {"sft": 0.0, "dsfb-red": 0.021810532242676383, "redirect": 0.037795994494580605, "roll-out": 0.17459960586202042, "oneh-out": 0.015575879381265933, "unknown": 0.09931651469415205, "sfR": 0.09690789370786869, "dsfb": 0.0, "sfT": 1.3685346512973709e-05, "alternate": 0.1463022193721945, "dsfb-alt": 0.02679004332389696, "oneh-in": 0.06952938048391386, "roll-in": 0.2845427921234966, "bad-redirect": 0.007844636126186716, "sfb": 0.01897082284123434}, "english-200": {"sft": 0.0, "dsfb-red": 0.022271714922048998, "redirect": 0.035634743875278395, "roll-out": 0.24053452115812918, "oneh-out": 0.015590200445434299, "unknown": 0.0, "sfR": 0.10690423162583519, "dsfb": 0.0, "sfT": 0.0, "alternate": 0.1447661469933185, "dsfb-alt": 0.031180400890868598, "oneh-in": 0.0467706013363029, "roll-in": 0.34521158129175944, "bad-redirect": 0.004454342984409799, "sfb": 0.0066815144766146995}, "english-10k": {"sft": 0.0, "dsfb-red": 0.03288242218405665, "redirect": 0.056347812662820095, "roll-out": 0.2208178151714556, "oneh-out": 0.01449219428417051, "unknown": 0.020107678354335114, "sfR": 0.10567144593890508, "dsfb": 0.0, "sfT": 1.929719611740414e-05, "alternate": 0.18197255938712106, "dsfb-alt": 0.03842071746975165, "oneh-in": 0.02450743906910326, "roll-in": 0.26448736998514116, "bad-redirect": 0.007275042936261362, "sfb": 0.03299820536076108}, "shai": {"sft": 0.0, "dsfb-red": 0.026105988668062286, "redirect": 0.04225451854746344, "roll-out": 0.18827246780052098, "oneh-out": 0.012992764967412706, "unknown": 0.07771675218205908, "sfR": 0.09823378925716947, "dsfb": 0.0, "sfT": 8.919357091037899e-05, "alternate": 0.1586738067452246, "dsfb-alt": 0.03241504917122162, "oneh-in": 0.05561003370971253, "roll-in": 0.27796254636362705, "bad-redirect": 0.006897707107897399, "sfb": 0.02277538190871842}}