{"english-450k": {"redirect": 0.03244867423921286, "dsfb-alt": 0.058243548942554554, "sfR": 0.11369548401129392, "unknown": 0.00015377410175167997, "dsfb": 0.0, "roll-out": 0.17161686744029267, "sft": 0.0, "sfT": 0.00014558840812231298, "sfb": 0.03070365976515245, "roll-in": 0.2159415214047118, "alternate": 0.35571399420335953, "oneh-in": 0.0027854746035931685, "bad-redirect": 0.0006463774505189437, "dsfb-red": 0.013317831188779052, "oneh-out": 0.004587204240657054}, "shai": {"redirect": 0.028579686917987276, "dsfb-alt": 0.05362584154298646, "sfR": 0.09823378925716947, "unknown": 0.021625131245562576, "dsfb": 0.0, "roll-out": 0.2133801541847015, "sft": 0.0, "sfT": 3.868473600560807e-05, "sfb": 0.018081083051851403, "roll-in": 0.21363296154702408, "alternate": 0.3245469918718319, "oneh-in": 0.0019897539441787967, "bad-redirect": 0.000500045206374842, "dsfb-red": 0.012228723046860124, "oneh-out": 0.013537153447466012}, "tr-quotes": {"redirect": 0.02683941656457317, "dsfb-alt": 0.05574651533713969, "sfR": 0.09677191928064538, "unknown": 0.013984882457640832, "dsfb": 0.0, "roll-out": 0.2316116132313169, "sft": 0.0, "sfT": 2.3115508194447656e-05, "sfb": 0.01765562515891912, "roll-in": 0.19716372714454128, "alternate": 0.3232576685698435, "oneh-in": 0.0014782367490349276, "bad-redirect": 0.0005986916622361943, "dsfb-red": 0.011643281477543285, "oneh-out": 0.02322530685837128}, "gutenberg": {"redirect": 0.02456559305267138, "dsfb-alt": 0.057156864639465815, "sfR": 0.09863878308844841, "unknown": 0.033398840571144305, "dsfb": 0.0, "roll-out": 0.2344289598822158, "sft": 0.0, "sfT": 0.0001542015372415656, "sfb": 0.015600497536753577, "roll-in": 0.211047915001991, "alternate": 0.298595364178945, "oneh-in": 0.001922214985737305, "bad-redirect": 0.000595968103393078, "dsfb-red": 0.011217498805601115, "oneh-out": 0.012677298616391662}, "english-200": {"redirect": 0.024498886414253896, "dsfb-alt": 0.0645879732739421, "sfR": 0.10690423162583519, "unknown": 0.0, "dsfb": 0.0, "roll-out": 0.20935412026726058, "sft": 0.0, "sfT": 0.0, "sfb": 0.017817371937639197, "roll-in": 0.24053452115812918, "alternate": 0.311804008908686, "oneh-in": 0.0022271714922048997, "bad-redirect": 0.0, "dsfb-red": 0.008908685968819599, "oneh-out": 0.013363028953229399}, "monkeyracer": {"redirect": 0.026894638472246116, "dsfb-alt": 0.0557032704068067, "sfR": 0.09690789370786869, "unknown": 0.013260123246320596, "dsfb": 0.0, "roll-out": 0.23234785804776578, "sft": 0.0, "sfT": 2.1505544520387257e-05, "sfb": 0.017745984328323194, "roll-in": 0.19641991335220607, "alternate": 0.32317750285437225, "oneh-in": 0.0015132083144345214, "bad-redirect": 0.0006021552465708432, "dsfb-red": 0.011684353347826767, "oneh-out": 0.02372159313073807}, "chained-bigrams": {"redirect": 0.038376504520134615, "dsfb-alt": 0.06374029370648442, "sfR": 0.11914286586209158, "unknown": 0.020740090474115794, "dsfb": 0.0, "roll-out": 0.20641720813267114, "sft": 0.0, "sfT": 5.25936800577102e-05, "sfb": 0.018279874995860684, "roll-in": 0.1718748478192128, "alternate": 0.33073568169525663, "oneh-in": 0.004780181143022994, "bad-redirect": 0.00177909485627316, "dsfb-red": 0.016952046900576518, "oneh-out": 0.0071287162142419785}, "english-5k": {"redirect": 0.029742398473472435, "dsfb-alt": 0.05243290330609367, "sfR": 0.10644211224955408, "unknown": 0.002157049819554486, "dsfb": 0.0, "roll-out": 0.16961878292612104, "sft": 0.0, "sfT": 0.0, "sfb": 0.018293441738914007, "roll-in": 0.24747998506657817, "alternate": 0.3509768946778944, "oneh-in": 0.0030281660928361057, "bad-redirect": 0.00012444518189737422, "dsfb-red": 0.013523043099514664, "oneh-out": 0.006180777367569586}, "mt-quotes": {"redirect": 0.02662232103369551, "dsfb-alt": 0.056842495308447184, "sfR": 0.0964592223377679, "unknown": 0.008011498786770418, "dsfb": 0.0, "roll-out": 0.23664252160504895, "sft": 0.0, "sfT": 7.470625500531909e-06, "sfb": 0.017118191271918815, "roll-in": 0.19508193782048983, "alternate": 0.3243357119804927, "oneh-in": 0.001464242598104254, "bad-redirect": 0.0006230501667443611, "dsfb-red": 0.011527175147320734, "oneh-out": 0.02526416131769881}, "wordle": {"redirect": 0.0367328621115225, "dsfb-alt": 0.06087737013351285, "sfR": 0.13138112868843263, "unknown": 0.0, "dsfb": 0.0, "roll-out": 0.19304386850667565, "sft": 0.0, "sfT": 0.0001795130707954673, "sfb": 0.0286772130595759, "roll-in": 0.20307416133737238, "alternate": 0.3195557051497812, "oneh-in": 0.0025356221249859755, "bad-redirect": 0.0015931785033097723, "dsfb-red": 0.01617861550544149, "oneh-out": 0.0061707618085941884}, "english-1k": {"redirect": 0.028228652081863093, "dsfb-alt": 0.05328158080451659, "sfR": 0.10832745236414962, "unknown": 0.0, "dsfb": 0.0, "roll-out": 0.20606916019760058, "sft": 0.0, "sfT": 0.0, "sfb": 0.016584333098094567, "roll-in": 0.2519407198306281, "alternate": 0.3094565984474241, "oneh-in": 0.003175723359209598, "bad-redirect": 0.00035285815102328866, "dsfb-red": 0.013761467889908258, "oneh-out": 0.008821453775582216}, "english-10k": {"redirect": 0.03257366704617819, "dsfb-alt": 0.05416722950155342, "sfR": 0.10567144593890508, "unknown": 0.0, "dsfb": 0.0, "roll-out": 0.17367476505663726, "sft": 0.0, "sfT": 7.718878446961657e-05, "sfb": 0.01802358117365547, "roll-in": 0.2432025626676444, "alternate": 0.351286158121225, "oneh-in": 0.0028559850253758127, "bad-redirect": 0.00030875513787846626, "dsfb-red": 0.012446691495725672, "oneh-out": 0.005711970050751625}, "reddit": {"redirect": 0.02679538532160092, "dsfb-alt": 0.05282053385429104, "sfR": 0.10397777127267367, "unknown": 0.04471343861488479, "dsfb": 0.0, "roll-out": 0.2140195231783664, "sft": 0.0, "sfT": 0.00011578086439348862, "sfb": 0.019342184145513062, "roll-in": 0.19162680729677903, "alternate": 0.3154680200779227, "oneh-in": 0.0016813883665140463, "bad-redirect": 0.0003418363534309211, "dsfb-red": 0.011105785915525667, "oneh-out": 0.017991544738104322}, "akl": {"redirect": 0.02439554518967322, "dsfb-alt": 0.04384255297921426, "sfR": 0.13064861186637447, "unknown": 0.13799139004302904, "dsfb": 0.0, "roll-out": 0.1784374136546514, "sft": 0.0, "sfT": 0.00023536461860986974, "sfb": 0.02080133029683491, "roll-in": 0.16274714736525667, "alternate": 0.27137584999401954, "oneh-in": 0.002587083611736536, "bad-redirect": 0.0008820119835329761, "dsfb-red": 0.009929935911197715, "oneh-out": 0.016125762485869412}, "french": {"redirect": 0.025020703776949912, "dsfb-alt": 0.0347554528760283, "sfR": 0.10898279115633469, "unknown": 0.1554278533619013, "dsfb": 0.0, "roll-out": 0.1484876965323172, "sft": 0.0, "sfT": 7.83100690103925e-05, "sfb": 0.024478166465093522, "roll-in": 0.2221739507390863, "alternate": 0.25555780133312295, "oneh-in": 0.002856916716994407, "bad-redirect": 0.002512589126394474, "dsfb-red": 0.008827224241549303, "oneh-out": 0.010840543605217294}, "keymash": {"redirect": 0.027326127915997915, "dsfb-alt": 0.055637424932167, "sfR": 0.099723742164827, "unknown": 0.011982119180831894, "dsfb": 0.0, "roll-out": 0.23003698488996893, "sft": 0.0, "sfT": 4.104871250713222e-05, "sfb": 0.017897238653109646, "roll-in": 0.20007963450226385, "alternate": 0.3201389088431241, "oneh-in": 0.001703521569045987, "bad-redirect": 0.0006773037563676816, "dsfb-red": 0.012199677357119694, "oneh-out": 0.022556267522669152}, "movie": {"redirect": 0.023427573616159898, "dsfb-alt": 0.05774315760328226, "sfR": 0.11567713207251198, "unknown": 0.02926604332279805, "dsfb": 0.0, "roll-out": 0.22681795505117905, "sft": 0.0, "sfT": 1.9081686594746693e-05, "sfb": 0.016590407912504282, "roll-in": 0.17240593353598524, "alternate": 0.30923044347550416, "oneh-in": 0.0010564674481560446, "bad-redirect": 0.0006017969158467354, "dsfb-red": 0.01037688436590042, "oneh-out": 0.0367871229935771}, "dutch": {"redirect": 0.020190863263385185, "dsfb-alt": 0.04175493847245197, "sfR": 0.18880787437283908, "unknown": 0.07288523585216404, "dsfb": 0.0, "roll-out": 0.1308154003575185, "sft": 0.0, "sfT": 4.9363476528536555e-05, "sfb": 0.04888341537448697,