{"english-450k": {"redirect": 0.07174000366017444, "unknown": 0.00015377410175167997, "dsfb": 0.0, "roll-in": 0.237230464111288, "sfb": 0.08362416907901007, "oneh-in": 0.023824753654473688, "roll-out": 0.19226001738875204, "oneh-out": 0.01467227113823824, "dsfb-red": 0.04063495256098196, "alternate": 0.1678619728340216, "sfR": 0.11369548401129392, "dsfb-alt": 0.040784341469717905, "sfT": 0.0005996020583511324, "sft": 0.0, "bad-redirect": 0.012918193931945312}, "shai": {"redirect": 0.0946968393932066, "unknown": 0.023621906111313578, "dsfb": 0.0, "roll-in": 0.2251872968228898, "sfb": 0.06786932911572306, "oneh-in": 0.02249794713516985, "roll-out": 0.18929185607157223, "oneh-out": 0.014329871226854569, "dsfb-red": 0.044640354647106965, "alternate": 0.16298399849146947, "sfR": 0.09823378925716947, "dsfb-alt": 0.04221551256752702, "sfT": 0.00041910721744544966, "sft": 0.0, "bad-redirect": 0.014012191942551986}, "tr-quotes": {"redirect": 0.09771387623956913, "unknown": 0.01476965396084233, "dsfb": 0.0, "roll-in": 0.21590809273941888, "sfb": 0.06215413420864058, "oneh-in": 0.022378123483044774, "roll-out": 0.19102193661727654, "oneh-out": 0.01515337139687016, "dsfb-red": 0.04426388664154782, "alternate": 0.17284505674857262, "sfR": 0.09677191928064538, "dsfb-alt": 0.049681005986916625, "sfT": 0.0002276877557153094, "sft": 0.0, "bad-redirect": 0.017111254940939877}, "gutenberg": {"redirect": 0.10479358400365538, "unknown": 0.03802431837805746, "dsfb": 0.0, "roll-in": 0.2036206672493742, "sfb": 0.0626031720051845, "oneh-in": 0.019844828546455393, "roll-out": 0.19644271829652388, "oneh-out": 0.01793094877894736, "dsfb-red": 0.044487522367747556, "alternate": 0.16085474631952756, "sfR": 0.09863878308844841, "dsfb-alt": 0.03858789279242313, "sfT": 0.0002807453049041772, "sft": 0.0, "bad-redirect": 0.013890072868751002}, "english-200": {"redirect": 0.0757238307349666, "unknown": 0.0, "dsfb": 0.0, "roll-in": 0.24721603563474387, "sfb": 0.044543429844097995, "oneh-in": 0.026726057906458798, "roll-out": 0.18485523385300667, "oneh-out": 0.015590200445434299, "dsfb-red": 0.053452115812917596, "alternate": 0.19376391982182628, "sfR": 0.10690423162583519, "dsfb-alt": 0.031180400890868598, "sfT": 0.0, "sft": 0.0, "bad-redirect": 0.0200445434298441}, "monkeyracer": {"redirect": 0.0974944085584247, "unknown": 0.014352018393105714, "dsfb": 0.0, "roll-in": 0.21534185995589408, "sfb": 0.062010260099785726, "oneh-in": 0.022470361449551904, "roll-out": 0.19152740197381798, "oneh-out": 0.015138925817601701, "dsfb-red": 0.044101029138057773, "alternate": 0.17327114972551105, "sfR": 0.09690789370786869, "dsfb-alt": 0.05004731219794485, "sfT": 0.00023362841547147975, "sft": 0.0, "bad-redirect": 0.017103750566964355}, "chained-bigrams": {"redirect": 0.08584911847148481, "unknown": 0.02365222201805197, "dsfb": 0.0, "roll-in": 0.2093072633170769, "sfb": 0.06715238986331487, "oneh-in": 0.0222497238831797, "roll-out": 0.20474914437874203, "oneh-out": 0.023200955257062974, "dsfb-red": 0.04004586688344786, "alternate": 0.15047181725449302, "sfR": 0.11914286586209158, "dsfb-alt": 0.037688890851231956, "sfT": 0.000621384590311465, "sft": 0.0, "bad-redirect": 0.01586835736951086}, "english-5k": {"redirect": 0.0744597005019289, "unknown": 0.002157049819554486, "dsfb": 0.0, "roll-in": 0.24528145351972455, "sfb": 0.07823453768614926, "oneh-in": 0.02206827892313436, "roll-out": 0.17795661011324512, "oneh-out": 0.012237109553241797, "dsfb-red": 0.04521508275604596, "alternate": 0.17920106193221885, "sfR": 0.10644211224955408, "dsfb-alt": 0.04247728875430373, "sfT": 0.000622225909486871, "sft": 0.0, "bad-redirect": 0.013647488281412039}, "mt-quotes": {"redirect": 0.09982996856360789, "unknown": 0.008869126594231481, "dsfb": 0.0, "roll-in": 0.21454739962467578, "sfb": 0.06117545809875569, "oneh-in": 0.022688289645115406, "roll-out": 0.19305441005964546, "oneh-out": 0.015250534896785838, "dsfb-red": 0.04430977396875486, "alternate": 0.17473195395704091, "sfR": 0.0964592223377679, "dsfb-alt": 0.05130078531215262, "sfT": 0.00020768338891478705, "sft": 0.0, "bad-redirect": 0.017575393552551367}, "wordle": {"redirect": 0.06352518792774599, "unknown": 0.0, "dsfb": 0.0, "roll-in": 0.2306967351060249, "sfb": 0.08389992146303153, "oneh-in": 0.023359138337260183, "roll-out": 0.18963312016156175, "oneh-out": 0.013889823852799282, "dsfb-red": 0.039223605968809604, "alternate": 0.16544373387187256, "sfR": 0.13138112868843263, "dsfb-alt": 0.04276898911702008, "sfT": 0.001144395826321104, "sft": 0.0, "bad-redirect": 0.015034219679120386}, "english-1k": {"redirect": 0.07621736062103035, "unknown": 0.0, "dsfb": 0.0, "roll-in": 0.23712067748764998, "sfb": 0.07621736062103035, "oneh-in": 0.02611150317572336, "roll-out": 0.1743119266055046, "oneh-out": 0.017290049400141144, "dsfb-red": 0.048694424841213835, "alternate": 0.1806633733239238, "sfR": 0.10832745236414962, "dsfb-alt": 0.038461538461538464, "sfT": 0.0, "sft": 0.0, "bad-redirect": 0.016584333098094567}, "english-10k": {"redirect": 0.08004476949499238, "unknown": 0.0, "dsfb": 0.0, "roll-in": 0.2455568205939677, "sfb": 0.07927288165029621, "oneh-in": 0.02666872503425252, "roll-out": 0.17815171455587503, "oneh-out": 0.01103799617915517, "dsfb-red": 0.04581154358271743, "alternate": 0.17448524729356824, "sfR": 0.10567144593890508, "dsfb-alt": 0.041083730533953415, "sfT": 0.0006368074718743367, "sft": 0.0, "bad-redirect": 0.011578317670442484}, "reddit": {"redirect": 0.0928932986252942, "unknown": 0.041217688064775854, "dsfb": 0.0, "roll-in": 0.21484751929852752, "sfb": 0.06155991022956338, "oneh-in": 0.021718145326148252, "roll-out": 0.1812372071228268, "oneh-out": 0.014165719462328799, "dsfb-red": 0.04201126082214902, "alternate": 0.1660868446380743, "sfR": 0.10397777127267367, "dsfb-alt": 0.043311482551306825, "sfT": 0.0004948498866070457, "sft": 0.0, "bad-redirect": 0.01647830269972433}, "akl": {"redirect": 0.07583311625645829, "unknown": 0.13295000147380848, "dsfb": 0.0, "roll-in": 0.18718736389971746, "sfb": 0.05691433229446925, "oneh-in": 0.019327719486092746, "roll-out": 0.15604661860033262, "oneh-out": 0.01359901483871878, "dsfb-red": 0.034638328759997346, "alternate": 0.1381985632875224, "sfR": 0.13064861186637447, "dsfb-alt": 0.03809813429683758, "sfT": 0.0004318888865526478, "sft": 0.0, "bad-redirect": 0.016126306053117934}, "french": {"redirect": 0.05020815541463938, "unknown": 0.15822382396052298, "dsfb": 0.0, "roll-in": 0.17295348799894072, "sfb": 0.07449864439083044, "oneh-in": 0.018997929854523504, "roll-out": 0.173802433868555, "oneh-out": 0.012834581342939928, "dsfb-red": 0.036968165526181714, "alternate": 0.14495583301620527, "sfR": 0.10898279115633469, "dsfb-alt": 0.03996198628193965, "sfT": 0.0003438032262579849, "sft": 0.0, "bad-redirect": 0.007268363962128729}, "keymash": {"redirect": 0.09804484982328529, "unknown": 0.013394194891077241, "dsfb": 0.0, "roll-in": 0.21468476641230147, "sfb": 0.06204512895453034, "oneh-in": 0.022203248595107816, "roll-out": 0.19347900153111697, "oneh-out": 0.01567239843522308, "dsfb-red": 0.044964759680312626, "alternate": 0.17099251681970995, "sfR": 0.099723742164827, "dsfb-alt": 0.04855241715343598, "sfT": 0.0002298727900399404, "sft": 0.0, "bad-redirect": 0.016013102749032275}, "movie": {"redirect": 0.08046115567379475, "unknown": 0.030451476652766863, "dsfb": 0.0, "roll-in": 0.214226015866225, "sfb": 0.05149949815164256, "oneh-in": 0.021199095817570655, "roll-out": 0.1739610251945378, "oneh-out": 0.014682502448706782, "dsfb-red": 0.04246030581495317, "alternate": 0.17460598620144024, "sfR": 0.11567713207251198, "dsfb-alt": 0.06069173877460567, "sfT": 0.0002447719797670955, "sft": 0.0, "bad-redirect": 0.01983929535147743}, "dutch": {"redirect": 0.07789289427368969, "unknown": 0.07325981014373002, "dsfb": 0.0, "roll-in": 0.15232987898973172, "sfb": 0.12859284255052064, "oneh-in": 0.03221909106724052, "roll-out": 0.15578498166163882, "oneh-out": 0.010268230695733823, "dsfb-red": 0.04465169414268014,