{"english-450k": {"redirect": 0.04759425387694915, "sfb": 0.042577885413152425, "sfT": 0.00036163225069739185, "dsfb": 0.0, "roll-out": 0.19453037798609718, "dsfb-red": 0.02941879821154288, "bad-redirect": 0.010895450566888518, "alternate": 0.21503495583525942, "dsfb-alt": 0.04607873117071205, "oneh-out": 0.01610535221577956, "sfR": 0.11369548401129392, "roll-in": 0.26028605491080226, "unknown": 0.00015377410175167997, "oneh-in": 0.023267249449073584, "sft": 0.0}, "shai": {"redirect": 0.037348852795348574, "sfb": 0.02734470139486437, "sfT": 9.01727843380347e-05, "dsfb": 0.0, "roll-out": 0.2141998951583663, "dsfb-red": 0.03078459301722518, "bad-redirect": 0.009337043868451926, "alternate": 0.21557061591827925, "dsfb-alt": 0.053061346289191375, "oneh-out": 0.01563464796154857, "sfR": 0.09823378925716947, "roll-in": 0.2509548298521844, "unknown": 0.023260762136131256, "oneh-in": 0.024178749566901254, "sft": 0.0}, "tr-quotes": {"redirect": 0.038556667668338686, "sfb": 0.027218510898962114, "sfT": 5.432144425695199e-05, "dsfb": 0.0, "roll-out": 0.2369420494209565, "dsfb-red": 0.03771873049628996, "bad-redirect": 0.01058921430387647, "alternate": 0.20636832250757034, "dsfb-alt": 0.055895610364993874, "oneh-out": 0.018003513557245557, "sfR": 0.09677191928064538, "roll-in": 0.23589260534892859, "unknown": 0.013835787429786644, "oneh-in": 0.02215274727814891, "sft": 0.0}, "gutenberg": {"redirect": 0.03268447448153995, "sfb": 0.027090406429029594, "sfT": 2.803664313483011e-05, "dsfb": 0.0, "roll-out": 0.23587947729088737, "dsfb-red": 0.03659956437118545, "bad-redirect": 0.01125765940252398, "alternate": 0.21125269615894202, "dsfb-alt": 0.05491109163701034, "oneh-out": 0.019502705725499288, "sfR": 0.09863878308844841, "roll-in": 0.22069498291848574, "unknown": 0.032975828246008664, "oneh-in": 0.01848429360730438, "sft": 0.0}, "english-200": {"redirect": 0.024498886414253896, "sfb": 0.011135857461024499, "sfT": 0.0, "dsfb": 0.0, "roll-out": 0.24721603563474387, "dsfb-red": 0.035634743875278395, "bad-redirect": 0.004454342984409799, "alternate": 0.21603563474387527, "dsfb-alt": 0.07349665924276169, "oneh-out": 0.026726057906458798, "sfR": 0.10690423162583519, "roll-in": 0.22717149220489977, "unknown": 0.0, "oneh-in": 0.026726057906458798, "sft": 0.0}, "monkeyracer": {"redirect": 0.03849883479049689, "sfb": 0.027171277976758373, "sfT": 5.4741386051894835e-05, "dsfb": 0.0, "roll-out": 0.23750039100990036, "dsfb-red": 0.03777253390055836, "bad-redirect": 0.010609076121807405, "alternate": 0.20607981294086367, "dsfb-alt": 0.056074729812158844, "oneh-out": 0.018026533931839155, "sfR": 0.09690789370786869, "roll-in": 0.23585228427983795, "unknown": 0.013436077701487402, "oneh-in": 0.02201581244037099, "sft": 0.0}, "chained-bigrams": {"redirect": 0.04194443380306199, "sfb": 0.02799607040800359, "sfT": 0.00013245815718238124, "dsfb": 0.0, "roll-out": 0.20431281162567064, "dsfb-red": 0.03861479934212449, "bad-redirect": 0.009860990358474627, "alternate": 0.20934881881736941, "dsfb-alt": 0.05387475821516529, "oneh-out": 0.012660142885990537, "sfR": 0.11914286586209158, "roll-in": 0.24222960842381935, "unknown": 0.022916559801936097, "oneh-in": 0.016965682299109996, "sft": 0.0}, "english-5k": {"redirect": 0.04484174721035384, "sfb": 0.032438710747915545, "sfT": 0.00016592690919649896, "dsfb": 0.0, "roll-out": 0.17078027129049653, "dsfb-red": 0.02986684365536981, "bad-redirect": 0.009084498278508317, "alternate": 0.22014352677645496, "dsfb-alt": 0.046749906666113575, "oneh-out": 0.015472684282573526, "sfR": 0.10644211224955408, "roll-in": 0.2882980047289169, "unknown": 0.002157049819554486, "oneh-in": 0.03355871738499191, "sft": 0.0}, "mt-quotes": {"redirect": 0.03850210970464135, "sfb": 0.026360849141176892, "sfT": 3.2870752202340395e-05, "dsfb": 0.0, "roll-out": 0.24344228493563308, "dsfb-red": 0.039060912492081136, "bad-redirect": 0.010726324093663715, "alternate": 0.20520612949881067, "dsfb-alt": 0.05650183478562293, "oneh-out": 0.01834337385400605, "sfR": 0.0964592223377679, "roll-in": 0.23564295191307777, "unknown": 0.007977133909467972, "oneh-in": 0.021744002581848172, "sft": 0.0}, "wordle": {"redirect": 0.0558061258835409, "sfb": 0.0371367665208123, "sfT": 0.00013463480309660046, "dsfb": 0.0, "roll-out": 0.21222932794794122, "dsfb-red": 0.033815774711096154, "bad-redirect": 0.012543475821833277, "alternate": 0.1997307303938068, "dsfb-alt": 0.05255245147537305, "oneh-out": 0.018961068102771234, "sfR": 0.13138112868843263, "roll-in": 0.22448109502973185, "unknown": 0.0, "oneh-in": 0.02122742062156401, "sft": 0.0}, "english-1k": {"redirect": 0.04269583627381793, "sfb": 0.02081863091037403, "sfT": 0.0, "dsfb": 0.0, "roll-out": 0.189484827099506, "dsfb-red": 0.03140437544107269, "bad-redirect": 0.011644318983768526, "alternate": 0.2240649258997883, "dsfb-alt": 0.05751587861679605, "oneh-out": 0.022935779816513763, "sfR": 0.10832745236414962, "roll-in": 0.2618207480592802, "unknown": 0.0, "oneh-in": 0.02928722653493296, "sft": 0.0}, "english-10k": {"redirect": 0.04417128191273808, "sfb": 0.03222631751606492, "sfT": 9.64859805870207e-05, "dsfb": 0.0, "roll-out": 0.17224677254394938, "dsfb-red": 0.029331738098454293, "bad-redirect": 0.008510063487775226, "alternate": 0.21857934042183672, "dsfb-alt": 0.048628934215858434, "oneh-out": 0.013990467185118002, "sfR": 0.10567144593890508, "roll-in": 0.2945716987321742, "unknown": 0.0, "oneh-in": 0.03197545396653866, "sft": 0.0}, "reddit": {"redirect": 0.036343467249204356, "sfb": 0.029006908458015016, "sfT": 0.00018054473192384834, "dsfb": 0.0, "roll-out": 0.21952078109194728, "dsfb-red": 0.03409340043454345, "bad-redirect": 0.009465975277732673, "alternate": 0.20383908520007035, "dsfb-alt": 0.05183293169621963, "oneh-out": 0.015997312056024303, "sfR": 0.10397777127267367, "roll-in": 0.23633414035330208, "unknown": 0.039285409944231534, "oneh-in": 0.02012227223411183, "sft": 0.0}, "akl": {"redirect": 0.03298766327185036, "sfb": 0.026483115207620575, "sfT": 0.00020734619770879982, "dsfb": 0.0, "roll-out": 0.18065361144968076, "dsfb-red": 0.033313803620963346, "bad-redirect": 0.0064640275966127165, "alternate": 0.17241424380419196, "dsfb-alt": 0.043577168623924675, "oneh-out": 0.013331332676424078, "sfR": 0.13064861186637447, "roll-in": 0.21103351084674854, "unknown": 0.13277008071454782, "oneh-in": 0.016115484123351915, "sft": 0.0}, "french": {"redirect": 0.03992041168054232, "sfb": 0.03450661952301632, "sfT": 0.00010758458112944873, "dsfb": 0.0, "roll-out": 0.15928052298241718, "dsfb-red": 0.02691295490498121, "bad-redirect": 0.009457405307702765, "alternate": 0.16957313581397518, "dsfb-alt": 0.029619394037674798, "oneh-out": 0.014418431328713923, "sfR": 0.10898279115633469, "roll-in": 0.22173084788830164, "unknown": 0.15807953387545715, "oneh-in": 0.027410366919753362, "sft": 0.0}, "keymash": {"redirect": 0.038598104370456424, "sfb": 0.026193183450801065, "sfT": 6.157306876069832e-05, "dsfb": 0.0, "roll-out": 0.23718767060871135, "dsfb-red": 0.03794542984159302, "bad-redirect": 0.011046208535669278, "alternate": 0.20550627429570673, "dsfb-alt": 0.056840152208625976, "oneh-out": 0.018496549855713775, "sfR": 0.099723742164827, "roll-in": 0.23437993867322351, "unknown": 0.01232282349464109, "oneh-in": 0.021698349431270088, "sft": 0.0}, "movie": {"redirect": 0.03939354978458092, "sfb": 0.02483264373872618, "sfT": 9.251328052487534e-05, "dsfb": 0.0, "roll-out": 0.24904983070596054, "dsfb-red": 0.03684752640148737, "bad-redirect": 0.010214097839571444, "alternate": 0.1905352465728962, "dsfb-alt": 0.0543504337267363, "oneh-out": 0.020866811275144892, "sfR": 0.11567713207251198, "roll-in": 0.21037441032653503, "unknown": 0.030236445784519856, "oneh-in": 0.017529358490804402, "sft": 0.0}, "dutch": {"redirect": 0.03511041370681552, "sfb": 0.06701408417267082, "sfT": 0.00011714187873626201, "dsfb": 0.0, "roll-out": 0.14171748462945422, "dsfb-red": 0.028296514658836695, "bad-redirect": 0.008568391402270233, "alternate": 0.15455365609073757,