{"english-450k": {"sfR": 0.11369548401129392, "dsfb": 0.0, "oneh-in": 0.003385661354346399, "sft": 0.0, "alternate": 0.3477335276071288, "dsfb-red": 0.010650756796610655, "sfb": 0.04957928458207064, "roll-out": 0.1690187867515718, "oneh-out": 0.0041665180573478, "sfT": 0.0009314149965415445, "dsfb-alt": 0.05513210832479195, "redirect": 0.027401024731903915, "unknown": 0.0001543587941537776, "roll-in": 0.21646803691280073, "bad-redirect": 0.0016830370794380638}, "shai": {"sfR": 0.09823378925716947, "dsfb": 0.0, "oneh-in": 0.0035198581386801536, "sft": 0.0, "alternate": 0.2903193992939755, "dsfb-red": 0.010078827067967165, "sfb": 0.03749208501399385, "roll-out": 0.2009848990581902, "oneh-out": 0.012833869204333744, "sfT": 0.00021264800056229298, "dsfb-alt": 0.044984735881754986, "redirect": 0.02303759049402827, "unknown": 0.06456276146546681, "roll-in": 0.21293532810074706, "bad-redirect": 0.0008042090231304919}, "tr-quotes": {"sfR": 0.09677191928064538, "dsfb": 0.0, "oneh-in": 0.004209334042208918, "sft": 0.0, "alternate": 0.2707588821340237, "dsfb-red": 0.010665495480918148, "sfb": 0.03246573125910173, "roll-out": 0.21787868981299555, "oneh-out": 0.021229282725780726, "sfT": 0.00015256235408335454, "dsfb-alt": 0.042240123899123926, "redirect": 0.02147777443887104, "unknown": 0.09006264302720696, "roll-in": 0.19127042833036684, "bad-redirect": 0.0008171332146737246}, "gutenberg": {"sfR": 0.09863878308844841, "dsfb": 0.0, "oneh-in": 0.0037139080314752995, "sft": 0.0, "alternate": 0.25721498384293723, "dsfb-red": 0.010794486480465468, "sfb": 0.03298984656757608, "roll-out": 0.24075141234589792, "oneh-out": 0.014662217175626458, "sfT": 0.00012161841143622251, "dsfb-alt": 0.03853238781648729, "redirect": 0.020039948427731574, "unknown": 0.09436925698728084, "roll-in": 0.18681099475904211, "bad-redirect": 0.0013601560655951365}, "english-200": {"sfR": 0.10690423162583519, "dsfb": 0.0, "oneh-in": 0.008908685968819599, "sft": 0.0, "alternate": 0.30066815144766146, "dsfb-red": 0.013363028953229399, "sfb": 0.042316258351893093, "roll-out": 0.22271714922049, "oneh-out": 0.017817371937639197, "sfT": 0.0, "dsfb-alt": 0.0467706013363029, "redirect": 0.0200445434298441, "unknown": 0.0, "roll-in": 0.22048997772828507, "bad-redirect": 0.0}, "monkeyracer": {"sfR": 0.09690789370786869, "dsfb": 0.0, "oneh-in": 0.004256142765534823, "sft": 0.0, "alternate": 0.2705035816506874, "dsfb-red": 0.010662839983108373, "sfb": 0.03232674351314575, "roll-out": 0.21823631074338803, "oneh-out": 0.021639465411264214, "sfT": 0.00015151633639363748, "dsfb-alt": 0.04195927240877739, "redirect": 0.0214596008570937, "unknown": 0.0900202543128392, "roll-in": 0.1910552575191204, "bad-redirect": 0.0008211207907784225}, "chained-bigrams": {"sfR": 0.11914286586209158, "dsfb": 0.0, "oneh-in": 0.005225604161783354, "sft": 0.0, "alternate": 0.29218646212703125, "dsfb-red": 0.01330490244521654, "sfb": 0.038137560393452674, "roll-out": 0.20042802165301288, "oneh-out": 0.006126189769685133, "sfT": 0.00023569760322159015, "dsfb-alt": 0.05613044271541819, "redirect": 0.027991525275159097, "unknown": 0.05987563217928082, "roll-in": 0.17833218298185388, "bad-redirect": 0.0028829128327930035}, "english-5k": {"sfR": 0.10644211224955408, "dsfb": 0.0, "oneh-in": 0.0036503920023229766, "sft": 0.0, "alternate": 0.3417264694901896, "dsfb-red": 0.008711162732816195, "sfb": 0.03592317584104202, "roll-out": 0.16920396565312978, "oneh-out": 0.005226697639689717, "sfT": 0.0003318538183929979, "dsfb-alt": 0.05367735512506741, "redirect": 0.024308292197287095, "unknown": 0.0022400132741527356, "roll-in": 0.24727257643008255, "bad-redirect": 0.0012859335462728667}, "mt-quotes": {"sfR": 0.0964592223377679, "dsfb": 0.0, "oneh-in": 0.004329974540108294, "sft": 0.0, "alternate": 0.2691248012813617, "dsfb-red": 0.010680006215560417, "sfb": 0.031681428622655716, "roll-out": 0.2239245287529434, "oneh-out": 0.023294904435758598, "sfT": 0.00012700063350904245, "dsfb-alt": 0.04170551391926943, "redirect": 0.021549766318834342, "unknown": 0.0857358864943044, "roll-in": 0.19063243327237303, "bad-redirect": 0.0007545331755537228}, "wordle": {"sfR": 0.13138112868843263, "dsfb": 0.0, "oneh-in": 0.003859531022102547, "sft": 0.0, "alternate": 0.3206776618422529, "dsfb-red": 0.01703130259171996, "sfb": 0.06339055312464939, "roll-out": 0.1955794906316616, "oneh-out": 0.006350274879389655, "sfT": 0.0013014697632671378, "dsfb-alt": 0.0561427128912824, "redirect": 0.03096600471221811, "unknown": 0.0, "roll-in": 0.1726691349713901, "bad-redirect": 0.0006507348816335689}, "english-1k": {"sfR": 0.10832745236414962, "dsfb": 0.0, "oneh-in": 0.0038814396612561752, "sft": 0.0, "alternate": 0.3274523641496119, "dsfb-red": 0.009527170077628794, "sfb": 0.04234297812279464, "roll-out": 0.20465772759350742, "oneh-out": 0.009880028228652082, "sfT": 0.0, "dsfb-alt": 0.0465772759350741, "redirect": 0.02117148906139732, "unknown": 0.0, "roll-in": 0.22547635850388145, "bad-redirect": 0.0007057163020465773}, "english-10k": {"sfR": 0.10567144593890508, "dsfb": 0.0, "oneh-in": 0.0033191177321935123, "sft": 0.0, "alternate": 0.3368904498176415, "dsfb-red": 0.008683738252831863, "sfb": 0.042009995947588814, "roll-out": 0.16157542309102488, "oneh-out": 0.00438046351865074, "sfT": 0.00034734953011327456, "dsfb-alt": 0.05210242951699118, "redirect": 0.02717045213330503, "unknown": 0.0, "roll-in": 0.2571544354605276, "bad-redirect": 0.0006946990602265491}, "reddit": {"sfR": 0.10397777127267367, "dsfb": 0.0, "oneh-in": 0.003536504215738219, "sft": 0.0, "alternate": 0.25892410697312823, "dsfb-red": 0.01213586478023642, "sfb": 0.03737437017700688, "roll-out": 0.20736828522022244, "oneh-out": 0.017321881103802547, "sfT": 0.00027141641649796786, "dsfb-alt": 0.042654591894927464, "redirect": 0.02206398962279823, "unknown": 0.10396709590989395, "roll-in": 0.1895217755862694, "bad-redirect": 0.0008823468268045998}, "akl": {"sfR": 0.13064861186637447, "dsfb": 0.0, "oneh-in": 0.003863157142845495, "sft": 0.0, "alternate": 0.22780411704258008, "dsfb-red": 0.013199838817486252, "sfb": 0.0368188487774419, "roll-out": 0.17859615999882195, "oneh-out": 0.014893273165051008, "sfT": 0.0003570989746765114, "dsfb-alt": 0.036676681234351284, "redirect": 0.020511114801328764, "unknown": 0.17107002670620014, "roll-in": 0.16476761153561378, "bad-redirect": 0.00079345993722836}, "french": {"sfR": 0.10898279115633469, "dsfb": 0.0, "oneh-in": 0.0011394287332153034, "sft": 0.0, "alternate": 0.23246157461847664, "dsfb-red": 0.004956126959873528, "sfb": 0.04720741304956773, "roll-out": 0.1583071379635394, "oneh-out": 0.006099241225320811, "sfT": 0.00013052177563010128, "dsfb-alt": 0.04155738726507485, "redirect": 0.017300068078971605, "unknown": 0.21023212216107084, "roll-in": 0.16963376731374274, "bad-redirect": 0.0019924196991817655}, "keymash": {"sfR": 0.099723742164827, "dsfb": 0.0, "oneh-in": 0.004371687882009581, "sft": 0.0, "alternate": 0.27183688883598167, "dsfb-red": 0.010824545488130765, "sfb": 0.03359426631583701, "roll-out": 0.21963934601191235, "oneh-out": 0.02063108290608465, "sfT": 0.0001559851075271024, "dsfb-alt": 0.042961582509964576, "redirect": 0.02115240155492523, "unknown": 0.0849421007910087, "roll-in": 0.18925508901413307, "bad-redirect": 0.0009112814176583351}, "movie": {"sfR": 0.11567713207251198, "dsfb": 0.0, "oneh-in": 0.0034554960455507495, "sft": 0.0, "alternate": 0.2310797510537368, "dsfb-red": 0.012192276549173046, "sfb": 0.030702565328786013, "roll-out": 0.21066997907199572, "oneh-out": 0.030811133545618194, "sfT": 0.00024437718625134214, "dsfb-alt": 0.03957383882344163, "redirect": 0.018067988444130597, "unknown": 0.15450046842250645, "roll-in": 0.15234094789133545, "bad-redirect": 0.0006840455649620228}, "dutch": {"sfR": 0.18880787437283908, "dsfb": 0.0, "oneh-in": 0.005370452181279325, "sft": 0.0, "alternate": 0.24271609000814023, "dsfb-red": 0.009678791696851664, "sfb": 0.0541241023978887, "roll-out": 0.13273342155523174, "oneh-out": 0.006753651579349735,