{"english-450k": {"sfb": 0.0405495874702757, "oneh-in": 0.019841829011384544, "dsfb-alt": 0.031802881481096015, "sfT": 0.00043004126174281604, "oneh-out": 0.012463010896912298, "alternate": 0.2074354163389953, "unknown": 0.0, "sft": 0.0, "redirect": 0.06954126788208626, "roll-in": 0.23318380799637023, "bad-redirect": 0.008479209215220012, "roll-out": 0.230302151492632, "sfR": 0.11369548401129392, "dsfb-red": 0.03227531294199091, "dsfb": 0.0}, "shai": {"sfb": 0.024963056947956624, "oneh-in": 0.015331072446931276, "dsfb-alt": 0.0353732335841255, "sfT": 9.957013691648555e-05, "oneh-out": 0.01709379595142854, "alternate": 0.22161081073298422, "unknown": 0.016772683614515952, "sft": 0.0, "redirect": 0.0681759041971642, "roll-in": 0.24371977791284644, "bad-redirect": 0.0060330229471893555, "roll-out": 0.2109495181031405, "sfR": 0.09823378925716947, "dsfb-red": 0.04164376416763143, "dsfb": 0.0}, "tr-quotes": {"sfb": 0.02203139086012806, "oneh-in": 0.014400961605140889, "dsfb-alt": 0.042846905989228176, "sfT": 0.00011904486720140542, "oneh-out": 0.01579482674926608, "alternate": 0.22744273132844825, "unknown": 0.010735997780911213, "sft": 0.0, "redirect": 0.06632417188691893, "roll-in": 0.2410623887566168, "bad-redirect": 0.006289729779709207, "roll-out": 0.2157751785673008, "sfR": 0.09677191928064538, "dsfb-red": 0.04040475254848478, "dsfb": 0.0}, "gutenberg": {"sfb": 0.020607501014433947, "oneh-in": 0.014133120254845508, "dsfb-alt": 0.04391769653970993, "sfT": 7.06599181708894e-05, "oneh-out": 0.01349755986486338, "alternate": 0.23054683199193152, "unknown": 0.030721151714990094, "sft": 0.0, "redirect": 0.059495082789555065, "roll-in": 0.24349805618922157, "bad-redirect": 0.006244215074393717, "roll-out": 0.19900731339624908, "sfR": 0.09863878308844841, "dsfb-red": 0.039622028163186905, "dsfb": 0.0}, "english-200": {"sfb": 0.017817371937639197, "oneh-in": 0.011135857461024499, "dsfb-alt": 0.035634743875278395, "sfT": 0.0, "oneh-out": 0.008908685968819599, "alternate": 0.2516703786191537, "unknown": 0.0, "sft": 0.0, "redirect": 0.06904231625835189, "roll-in": 0.23608017817371937, "bad-redirect": 0.0022271714922048997, "roll-out": 0.20489977728285078, "sfR": 0.10690423162583519, "dsfb-red": 0.0556792873051225, "dsfb": 0.0}, "monkeyracer": {"sfb": 0.021786094123903216, "oneh-in": 0.014365703739618688, "dsfb-alt": 0.042985673397250415, "sfT": 0.00011632544536027653, "oneh-out": 0.015830035816506875, "alternate": 0.2280575019159485, "unknown": 0.01033830176580071, "sft": 0.0, "redirect": 0.06615007741996028, "roll-in": 0.24070080704443436, "bad-redirect": 0.006350000782019801, "roll-out": 0.2158736334203982, "sfR": 0.09690789370786869, "dsfb-red": 0.04053795142092998, "dsfb": 0.0}, "chained-bigrams": {"sfb": 0.027152623613004016, "oneh-in": 0.017161123011423217, "dsfb-alt": 0.04528445713907262, "sfT": 0.0001415484228713682, "oneh-out": 0.013930832168372499, "alternate": 0.22594180022323096, "unknown": 0.017076064096761982, "sft": 0.0, "redirect": 0.05906010548604027, "roll-in": 0.2387292068288673, "bad-redirect": 0.007852041641208512, "roll-out": 0.19291881288921758, "sfR": 0.11914286586209158, "dsfb-red": 0.035608518617838085, "dsfb": 0.0}, "english-5k": {"sfb": 0.03057203301945493, "oneh-in": 0.019911229103579873, "dsfb-alt": 0.0352179864769569, "sfT": 0.00012444518189737422, "oneh-out": 0.0119052557348488, "alternate": 0.21105902849794667, "unknown": 0.0, "sft": 0.0, "redirect": 0.07574563404820177, "roll-in": 0.24764591197577468, "bad-redirect": 0.004645953457501971, "roll-out": 0.22076575268594184, "sfR": 0.10644211224955408, "dsfb-red": 0.03596465756834115, "dsfb": 0.0}, "mt-quotes": {"sfb": 0.020747421140077216, "oneh-in": 0.014125458696405732, "dsfb-alt": 0.0442724208412522, "sfT": 0.00010757700720765948, "oneh-out": 0.015552348167007327, "alternate": 0.230870716343338, "unknown": 0.006137865911237016, "sft": 0.0, "redirect": 0.06621813031161473, "roll-in": 0.24183610045301873, "bad-redirect": 0.006172230788539463, "roll-out": 0.2166869867680281, "sfR": 0.0964592223377679, "dsfb-red": 0.04081352123450592, "dsfb": 0.0}, "wordle": {"sfb": 0.04160215415684954, "oneh-in": 0.019050824638168967, "dsfb-alt": 0.03783237967014473, "sfT": 0.00044878267698866825, "oneh-out": 0.015527880623807921, "alternate": 0.1912711769325704, "unknown": 0.0, "sft": 0.0, "redirect": 0.06924716705935151, "roll-in": 0.22811623471334005, "bad-redirect": 0.008459553461236396, "roll-out": 0.21606641983619432, "sfR": 0.13138112868843263, "dsfb-red": 0.040996297542914846, "dsfb": 0.0}, "english-1k": {"sfb": 0.019760056457304165, "oneh-in": 0.022230063514467185, "dsfb-alt": 0.03987297106563162, "sfT": 0.0, "oneh-out": 0.01058574453069866, "alternate": 0.22512350035285816, "unknown": 0.0, "sft": 0.0, "redirect": 0.07621736062103035, "roll-in": 0.24770642201834864, "bad-redirect": 0.0035285815102328866, "roll-out": 0.20748059280169373, "sfR": 0.10832745236414962, "dsfb-red": 0.03916725476358504, "dsfb": 0.0}, "english-10k": {"sfb": 0.03060535304220297, "oneh-in": 0.018814766214469036, "dsfb-alt": 0.03319117732193512, "sfT": 5.789158835221242e-05, "oneh-out": 0.01356592887053511, "alternate": 0.2068273479863376, "unknown": 0.0, "sft": 0.0, "redirect": 0.07415912467918412, "roll-in": 0.24549892900561548, "bad-redirect": 0.007062773778969916, "roll-out": 0.22560351980857182, "sfR": 0.10567144593890508, "dsfb-red": 0.03894174176492156, "dsfb": 0.0}, "reddit": {"sfb": 0.024117479932659062, "oneh-in": 0.012377689840257243, "dsfb-alt": 0.039264621079871005, "sfT": 0.00021702825244124008, "oneh-out": 0.015525348648920467, "alternate": 0.21087006641386657, "unknown": 0.041052351042636465, "sft": 0.0, "redirect": 0.0650476448932342, "roll-in": 0.230839999348241, "bad-redirect": 0.004639737408550067, "roll-out": 0.2087403877254304, "sfR": 0.10397777127267367, "dsfb-red": 0.04332987414121857, "dsfb": 0.0}, "akl": {"sfb": 0.028690642714656926, "oneh-in": 0.012539416844444394, "dsfb-alt": 0.038977279021261586, "sfT": 0.00033083570958869686, "oneh-out": 0.012291042245241945, "alternate": 0.19602684899059794, "unknown": 0.06536917114255165, "sft": 0.0, "redirect": 0.07150728873197115, "roll-in": 0.21270282738145022, "bad-redirect": 0.003383693467209039, "roll-out": 0.1968868979270231, "sfR": 0.11790358951788564, "dsfb-red": 0.043390466306117696, "dsfb": 0.0}, "french": {"sfb": 0.05280446305368548, "oneh-in": 0.010061098483668665, "dsfb-alt": 0.031889801747280865, "sfT": 0.0001290086099576219, "oneh-out": 0.01918324021296803, "alternate": 0.17532201176784448, "unknown": 0.15037208219521925, "sft": 0.0, "redirect": 0.05163634410004644, "roll-in": 0.19215485623630182, "bad-redirect": 0.0071873871258935716, "roll-out": 0.17654632759710204, "sfR": 0.10898279115633469, "dsfb-red": 0.02373058771369701, "dsfb": 0.0}, "keymash": {"sfb": 0.021887173508802895, "oneh-in": 0.01434652502124271, "dsfb-alt": 0.04331870630877663, "sfT": 0.00011904126627068341, "oneh-out": 0.01644821910160788, "alternate": 0.22679003173065476, "unknown": 0.009691601022933916, "sft": 0.0, "redirect": 0.06722137160167971, "roll-in": 0.2401226535529713, "bad-redirect": 0.005800183077257782, "roll-out": 0.21462729821479148, "sfR": 0.099723742164827, "dsfb-red": 0.03990345342818322, "dsfb": 0.0}, "movie": {"sfb": 0.02056689980101091, "oneh-in": 0.01175510852939547, "dsfb-alt": 0.04540783420356791, "sfT": 0.0001622601349746391, "oneh-out": 0.013243611681624296, "alternate": 0.21172236698715566, "unknown": 0.024744473186874588, "sft": 0.0, "redirect": 0.06931455555001383, "roll-in": 0.2264347421452211, "bad-redirect": 0.005245753041653743, "roll-out": 0.2154929082582776, "sfR": 0.11567713207251198, "dsfb-red": 0.04023235440771827, "dsfb": 0.0}, "dutch": {"sfb": 0.051190301706771336, "oneh-in": 0.010834036907814452, "dsfb-alt": 0.03172934728430411, "sfT": 0.0001510848722228293, "oneh-out": 0.011131042583520474, "alternate": 0.16914950190584618, "unknown": 0.06864641402584021, "sft": 0.0, "redirect": 0.06331171584826517,