{"english-450k": {"oneh-out": 0.004973101226041498, "roll-out": 0.18323178200796233, "sfT": 0.0017391675500394374, "alternate": 0.371040536139545, "dsfb-alt": 0.05075773211849844, "sfb": 0.03954508592347195, "roll-in": 0.20142828659984413, "redirect": 0.019246612146049145, "sfR": 0.11369548401129392, "oneh-in": 0.003115533464577288, "unknown": 0.00015377410175167997, "bad-redirect": 0.003436821939529942, "dsfb-red": 0.0076360827713952105, "sft": 0.0, "dsfb": 0.0}, "shai": {"oneh-out": 0.01223644838283483, "roll-out": 0.22257958566809294, "sfT": 0.0002587832735174554, "alternate": 0.33176156160777404, "dsfb-alt": 0.05068051849854147, "sfb": 0.021956190533103916, "roll-in": 0.20820936929985542, "redirect": 0.017905714828898515, "sfR": 0.09823378925716947, "oneh-in": 0.004388911990929, "unknown": 0.023260762136131256, "bad-redirect": 0.0023204958581981294, "dsfb-red": 0.006207868664953572, "sft": 0.0, "dsfb": 0.0}, "tr-quotes": {"oneh-out": 0.021529784332308545, "roll-out": 0.24377268209241582, "sfT": 0.0002612052425972585, "alternate": 0.32246018353713507, "dsfb-alt": 0.04730242019370796, "sfb": 0.025400476179468806, "roll-in": 0.19407433947435335, "redirect": 0.020102401701301405, "sfR": 0.09677191928064538, "oneh-in": 0.004517926076604794, "unknown": 0.013835787429786644, "bad-redirect": 0.0020769284112711218, "dsfb-red": 0.007893946048403874, "sft": 0.0, "dsfb": 0.0}, "gutenberg": {"oneh-out": 0.014252275988168537, "roll-out": 0.26291021113486646, "sfT": 0.00010854727375849766, "alternate": 0.2952705592893545, "dsfb-alt": 0.04328876643695563, "sfb": 0.02116008809567921, "roll-in": 0.19606820178654036, "redirect": 0.019826074305439527, "sfR": 0.09863878308844841, "oneh-in": 0.0042860071008481845, "unknown": 0.032975828246008664, "bad-redirect": 0.0022429314507864087, "dsfb-red": 0.008971725803145635, "sft": 0.0, "dsfb": 0.0}, "english-200": {"oneh-out": 0.011135857461024499, "roll-out": 0.26057906458797325, "sfT": 0.0, "alternate": 0.34966592427616927, "dsfb-alt": 0.0334075723830735, "sfb": 0.011135857461024499, "roll-in": 0.19376391982182628, "redirect": 0.028953229398663696, "sfR": 0.10690423162583519, "oneh-in": 0.0022271714922048997, "unknown": 0.0, "bad-redirect": 0.0, "dsfb-red": 0.0022271714922048997, "sft": 0.0, "dsfb": 0.0}, "monkeyracer": {"oneh-out": 0.021902419569263493, "roll-out": 0.2442873453555844, "sfT": 0.0002590440589955738, "alternate": 0.32171317077748407, "dsfb-alt": 0.04715090636094906, "sfb": 0.02540098065283013, "roll-in": 0.19430063969219702, "redirect": 0.020120391948324132, "sfR": 0.09690789370786869, "oneh-in": 0.004537669893801711, "unknown": 0.013436077701487402, "bad-redirect": 0.0020899479174812706, "dsfb-red": 0.007893512363733049, "sft": 0.0, "dsfb": 0.0}, "chained-bigrams": {"oneh-out": 0.00562492654740671, "roll-out": 0.21216874909503158, "sfT": 0.0001064859694995614, "alternate": 0.3243478221346671, "dsfb-alt": 0.06055350627780241, "sfb": 0.023049017959118477, "roll-in": 0.18629785294417472, "redirect": 0.02472617197873657, "sfR": 0.11914286586209158, "oneh-in": 0.005121066106360005, "unknown": 0.022916559801936097, "bad-redirect": 0.003916605902569234, "dsfb-red": 0.012028369420605945, "sft": 0.0, "dsfb": 0.0}, "english-5k": {"oneh-out": 0.0070933753681503295, "roll-out": 0.18102625793338034, "sfT": 0.0003733355456921226, "alternate": 0.37810594433152195, "dsfb-alt": 0.05073215248682955, "sfb": 0.020782345376861494, "roll-in": 0.22682208487161407, "redirect": 0.016177873646658646, "sfR": 0.10644211224955408, "oneh-in": 0.0017837142738623636, "unknown": 0.002157049819554486, "bad-redirect": 0.0037333554569212264, "dsfb-red": 0.004770398639399345, "sft": 0.0, "dsfb": 0.0}, "mt-quotes": {"oneh-out": 0.023504081949773492, "roll-out": 0.2504407669045314, "sfT": 0.00021067163911499983, "alternate": 0.3208454357466442, "dsfb-alt": 0.04634776060529996, "sfb": 0.024774088284863913, "roll-in": 0.19452612328325025, "redirect": 0.020399289991752428, "sfR": 0.0964592223377679, "oneh-in": 0.004663164437432018, "unknown": 0.007977133909467972, "bad-redirect": 0.0018870800014343602, "dsfb-red": 0.007965180908667121, "sft": 0.0, "dsfb": 0.0}, "wordle": {"oneh-out": 0.006350274879389655, "roll-out": 0.197980477953551, "sfT": 0.0005385392123864019, "alternate": 0.3348591944350948, "dsfb-alt": 0.05683832604061483, "sfb": 0.044182654549534385, "roll-in": 0.17661842252889037, "redirect": 0.027375743296308763, "sfR": 0.13138112868843263, "oneh-in": 0.007606866374957927, "unknown": 0.0, "bad-redirect": 0.0009424436216762033, "dsfb-red": 0.015325928419163021, "sft": 0.0, "dsfb": 0.0}, "english-1k": {"oneh-out": 0.011644318983768526, "roll-out": 0.22900494001411434, "sfT": 0.0, "alternate": 0.35920959774170785, "dsfb-alt": 0.043754410726887794, "sfb": 0.015172900494001412, "roll-in": 0.20677487649964715, "redirect": 0.017290049400141144, "sfR": 0.10832745236414962, "oneh-in": 0.0014114326040931546, "unknown": 0.0, "bad-redirect": 0.0017642907551164433, "dsfb-red": 0.0056457304163726185, "sft": 0.0, "dsfb": 0.0}, "english-10k": {"oneh-out": 0.005692672854634221, "roll-out": 0.1734046043109936, "sfT": 0.00036664672623067866, "alternate": 0.36834487948901024, "dsfb-alt": 0.05339534165685726, "sfb": 0.023870631597228922, "roll-in": 0.2394782038169854, "redirect": 0.016190347542502075, "sfR": 0.10567144593890508, "oneh-in": 0.0057312672468690295, "unknown": 0.0, "bad-redirect": 0.002566527083614751, "dsfb-red": 0.005287431736168735, "sft": 0.0, "dsfb": 0.0}, "reddit": {"oneh-out": 0.015909474421924422, "roll-out": 0.23208148785340368, "sfT": 0.0003434470222011961, "alternate": 0.31319439255031983, "dsfb-alt": 0.04871355323456937, "sfb": 0.023647164651738765, "roll-in": 0.18710045347817367, "redirect": 0.020012784215146392, "sfR": 0.10397777127267367, "oneh-in": 0.004973707705195924, "unknown": 0.039285409944231534, "bad-redirect": 0.0023595173762130817, "dsfb-red": 0.008400836274208493, "sft": 0.0, "dsfb": 0.0}, "akl": {"oneh-out": 0.01427995635550316, "roll-out": 0.19445769938670543, "sfT": 0.0002892271914179231, "alternate": 0.26590368438034556, "dsfb-alt": 0.038494963095860577, "sfb": 0.024689466825510195, "roll-in": 0.1646236897527666, "redirect": 0.018399257210413376, "sfR": 0.13064861186637447, "oneh-in": 0.004826580675645689, "unknown": 0.13277008071454782, "bad-redirect": 0.0017144358094394554, "dsfb-red": 0.008902346735469762, "sft": 0.0, "dsfb": 0.0}, "french": {"oneh-out": 0.009921812332608856, "roll-out": 0.1660742323422143, "sfT": 0.000497352087418787, "alternate": 0.25724354280145667, "dsfb-alt": 0.04306026041461369, "sfb": 0.044080523605661656, "roll-in": 0.18837676620704932, "redirect": 0.008532891045494555, "sfR": 0.10898279115633469, "oneh-in": 0.0034389911002336974, "unknown": 0.15807953387545715, "bad-redirect": 0.006334201396028671, "dsfb-red": 0.005377101635427961, "sft": 0.0, "dsfb": 0.0}, "keymash": {"oneh-out": 0.020856850824873877, "roll-out": 0.24755657538801296, "sfT": 0.0002298727900399404, "alternate": 0.320155328328127, "dsfb-alt": 0.04668880560561218, "sfb": 0.02545020175442197, "roll-in": 0.19290021468476642, "redirect": 0.01930520949210428, "sfR": 0.099723742164827, "oneh-in": 0.00428138071449389, "unknown": 0.01232282349464109, "bad-redirect": 0.0021263233078694485, "dsfb-red": 0.008402671450209964, "sft": 0.0, "dsfb": 0.0}, "movie": {"oneh-out": 0.032314507253607065, "roll-out": 0.24376486150840865, "sfT": 0.0002043714433216663, "alternate": 0.3078709062050881, "dsfb-alt": 0.04787674125325096, "sfb": 0.030745071430648793, "roll-in": 0.15454007937192035, "redirect": 0.02000813537838129, "sfR": 0.11567713207251198, "oneh-in": 0.00380633588321692, "unknown": 0.030236445784519856, "bad-redirect": 0.0019126429859865409, "dsfb-red": 0.011042769429137789, "sft": 0.0, "dsfb": 0.0}, "dutch": {"oneh-out": 0.006952701326150783, "roll-out": 0.1617940570103865, "sfT": 0.00023763681599444058, "alternate": 0.2840818405917248, "dsfb-alt": 0.04215572758518929, "sfb": 0.035056836493641795, "roll-in": 0.1782828029804853,