{"english-450k": {"sfb": 0.0206966493032513, "oneh-out": 0.0064903780094848805, "dsfb-alt": 0.035828488669538285, "dsfb": 0.0, "sfR": 0.11369548401129392, "bad-redirect": 0.014549193387596686, "roll-in": 0.17117191652229638, "oneh-in": 0.005336779900146232, "redirect": 0.023464583134781537, "sft": 0.0, "roll-out": 0.1565917344373885, "unknown": 0.15246380607857915, "sfT": 1.1109155639855206e-05, "dsfb-red": 0.005505463658151402, "alternate": 0.2941944137318519}, "shai": {"sfb": 0.009807004387185788, "oneh-out": 0.0071922142546846654, "dsfb-alt": 0.0316696897139706, "dsfb": 0.0, "sfR": 0.09823378925716947, "bad-redirect": 0.014960817529422073, "roll-in": 0.18108403880564758, "oneh-in": 0.005775729781061811, "redirect": 0.01965736122339597, "sft": 0.0, "roll-out": 0.1986299643024455, "unknown": 0.15850588905922128, "sfT": 1.100357223251063e-05, "dsfb-red": 0.003676640658551606, "alternate": 0.27079585745501117}, "tr-quotes": {"sfb": 0.00977901574166108, "oneh-out": 0.008113543376251127, "dsfb-alt": 0.03190518018538638, "dsfb": 0.0, "sfR": 0.09677191928064538, "bad-redirect": 0.015572917870599385, "roll-in": 0.16818150297034282, "oneh-in": 0.005599731860104944, "redirect": 0.021986315619148888, "sft": 0.0, "roll-out": 0.22334435172557268, "unknown": 0.14158248769099188, "sfT": 4.623101638889531e-06, "dsfb-red": 0.0035563209357157718, "alternate": 0.27360208964194077}, "gutenberg": {"sfb": 0.011036776119448224, "oneh-out": 0.008166240623353084, "dsfb-alt": 0.02983648196201944, "dsfb": 0.0, "sfR": 0.09863878308844841, "bad-redirect": 0.01629554107500825, "roll-in": 0.16712017831305034, "oneh-in": 0.005337381218404313, "redirect": 0.02164561455753441, "sft": 0.0, "roll-out": 0.25076276718636753, "unknown": 0.13405853520663574, "sfT": 1.7049310014423717e-06, "dsfb-red": 0.004236374665028417, "alternate": 0.2528636210537004}, "english-200": {"sfb": 0.0066815144766146995, "oneh-out": 0.011135857461024499, "dsfb-alt": 0.022271714922048998, "dsfb": 0.0, "sfR": 0.10690423162583519, "bad-redirect": 0.024498886414253896, "roll-in": 0.155902004454343, "oneh-in": 0.0022271714922048997, "redirect": 0.026726057906458798, "sft": 0.0, "roll-out": 0.23385300668151449, "unknown": 0.11581291759465479, "sfT": 0.0, "dsfb-red": 0.0, "alternate": 0.29398663697104677}, "monkeyracer": {"sfb": 0.009820213647809562, "oneh-out": 0.008142781175219356, "dsfb-alt": 0.03186730688021021, "dsfb": 0.0, "sfR": 0.09690789370786869, "bad-redirect": 0.015599339975288175, "roll-in": 0.1683845034956285, "oneh-in": 0.00559632919905532, "redirect": 0.02198257659883948, "sft": 0.0, "roll-out": 0.2241649983577584, "unknown": 0.14069611492562992, "sfT": 3.9100990037067735e-06, "dsfb-red": 0.0036041337566667187, "alternate": 0.27322989818102195}, "chained-bigrams": {"sfb": 0.011851758544362769, "oneh-out": 0.005241187474393046, "dsfb-alt": 0.04083152556085316, "dsfb": 0.0, "sfR": 0.11914286586209158, "bad-redirect": 0.011351144626776416, "roll-in": 0.16785305455652813, "oneh-in": 0.0066345953435763315, "redirect": 0.02612672219953263, "sft": 0.0, "roll-out": 0.19005408058780254, "unknown": 0.14497545303611628, "sfT": 2.662149237489035e-05, "dsfb-red": 0.010168760782516042, "alternate": 0.26574222993307617}, "english-5k": {"sfb": 0.009333388642303065, "oneh-out": 0.0078815281868337, "dsfb-alt": 0.030862405110548802, "dsfb": 0.0, "sfR": 0.10644211224955408, "bad-redirect": 0.015804538100966523, "roll-in": 0.19508856348778364, "oneh-in": 0.004397063093707222, "redirect": 0.02119716264985274, "sft": 0.0, "roll-out": 0.15037126145932717, "unknown": 0.15891649728294685, "sfT": 0.0, "dsfb-red": 0.0036503920023229766, "alternate": 0.29605508773385325}, "mt-quotes": {"sfb": 0.009643083396086587, "oneh-out": 0.008361124060195312, "dsfb-alt": 0.03193094751437348, "dsfb": 0.0, "sfR": 0.0964592223377679, "bad-redirect": 0.015576254168609029, "roll-in": 0.16856719379400198, "oneh-in": 0.005564121872796165, "redirect": 0.02214143985847647, "sft": 0.0, "roll-out": 0.23076015108593012, "unknown": 0.13367787858141786, "sfT": 0.0, "dsfb-red": 0.0034932644840487206, "alternate": 0.27382531884629635}, "wordle": {"sfb": 0.021451811960058343, "oneh-out": 0.006215640076293055, "dsfb-alt": 0.036082127229888926, "dsfb": 0.0, "sfR": 0.13138112868843263, "bad-redirect": 0.015572758891506788, "roll-in": 0.1482329182093571, "oneh-in": 0.009042970941321666, "redirect": 0.034556266128127455, "sft": 0.0, "roll-out": 0.1751598788286772, "unknown": 0.13959385167732524, "sfT": 2.2439133849433412e-05, "dsfb-red": 0.012408841018736677, "alternate": 0.2702793672164254}, "english-1k": {"sfb": 0.0067043048694424845, "oneh-out": 0.009174311926605505, "dsfb-alt": 0.025758645024700072, "dsfb": 0.0, "sfR": 0.10832745236414962, "bad-redirect": 0.01799576570218772, "roll-in": 0.17925194071983064, "oneh-in": 0.0028228652081863093, "redirect": 0.02364149611856034, "sft": 0.0, "roll-out": 0.19654199011997178, "unknown": 0.14079040225829217, "sfT": 0.0, "dsfb-red": 0.005998588567395907, "alternate": 0.2829922371206775}, "english-10k": {"sfb": 0.011674803651029506, "oneh-out": 0.007024179386735108, "dsfb-alt": 0.03512089693367554, "dsfb": 0.0, "sfR": 0.10567144593890508, "bad-redirect": 0.01393257559676579, "roll-in": 0.21076397599428803, "oneh-in": 0.007680284054726848, "redirect": 0.02116902414079234, "sft": 0.0, "roll-out": 0.14085023446093284, "unknown": 0.15086547924586557, "sfT": 0.0, "dsfb-red": 0.0037436560467764032, "alternate": 0.29150344454950694}, "reddit": {"sfb": 0.009204597447988978, "oneh-out": 0.007633184046812777, "dsfb-alt": 0.03131338613704881, "dsfb": 0.0, "sfR": 0.10397777127267367, "bad-redirect": 0.015694393954972817, "roll-in": 0.16023281280638993, "oneh-in": 0.006004797920064756, "redirect": 0.021082043534129416, "sft": 0.0, "roll-out": 0.20834101678522873, "unknown": 0.1743890555431634, "sfT": 3.517251105321444e-05, "dsfb-red": 0.0039569262221932555, "alternate": 0.2581348418182802}, "akl": {"sfb": 0.010232208716580158, "oneh-out": 0.00725531326484699, "dsfb-alt": 0.024701400597375463, "dsfb": 0.0, "sfR": 0.13064861186637447, "bad-redirect": 0.012475436628422345, "roll-in": 0.13893586284493759, "oneh-in": 0.006009037101997899, "redirect": 0.01964948658961535, "sft": 0.0, "roll-out": 0.1711028631095313, "unknown": 0.259892645962569, "sfT": 7.422163702540928e-05, "dsfb-red": 0.0031742844857531394, "alternate": 0.2158486271949709}, "french": {"sfb": 0.015690404385735414, "oneh-out": 0.0069625396960661425, "dsfb-alt": 0.021927343687251848, "dsfb": 0.0, "sfR": 0.10898279115633469, "bad-redirect": 0.011238026758252442, "roll-in": 0.16715780878209296, "oneh-in": 0.004326874767697233, "redirect": 0.01501665613368522, "sft": 0.0, "roll-out": 0.1747721932825542, "unknown": 0.2463723163913162, "sfT": 1.4682201574552258e-05, "dsfb-red": 0.0027650780479617485, "alternate": 0.22477328470947736}, "keymash": {"sfb": 0.009617713340421078, "oneh-out": 0.008172798660170023, "dsfb-alt": 0.03171834015426106, "dsfb": 0.0, "sfR": 0.099723742164827, "bad-redirect": 0.01568471304897522, "roll-in": 0.16633348795015043, "oneh-in": 0.005204976745904364, "redirect": 0.021534154581241558, "sft": 0.0, "roll-out": 0.22651090048560626, "unknown": 0.1398119147992923, "sfT": 4.104871250713221e-06, "dsfb-red": 0.0035301892756133702, "alternate": 0.27215296392228655}, "movie": {"sfb": 0.008745465960968871, "oneh-out": 0.007015612372776144, "dsfb-alt": 0.03716625636653893, "dsfb": 0.0, "sfR": 0.11567713207251198, "bad-redirect": 0.013799086158289302, "roll-in": 0.13711139322763308, "oneh-in": 0.004278772123735131, "redirect": 0.022336890729971894, "sft": 0.0, "roll-out": 0.2235064270410397, "unknown": 0.1602939316683487, "sfT": 4.342728673287178e-06, "dsfb-red": 0.004257321676045864, "alternate": 0.2658073678734671}, "dutch": {"sfb": 0.024112919678756194, "oneh-out": 0.005284904361984866, "dsfb-alt": 0.02839972431045248, "dsfb": 0.0, "sfR": 0.18880787437283908, "bad-redirect": 0.005886661816506365, "roll-in": 0.19898863865429534,