{"english-450k": {"oneh-in": 0.003045370376325571, "sfT": 0.0017397522424415352, "bad-redirect": 0.0036049210051330148, "sfR": 0.11369548401129392, "dsfb": 0.0, "sft": 0.0, "roll-out": 0.18174783269143852, "alternate": 0.37919494872539977, "redirect": 0.01624977123909768, "dsfb-alt": 0.05100447231218364, "unknown": 0.00015377410175167997, "oneh-out": 0.005038002082674336, "dsfb-red": 0.007101089223475868, "roll-in": 0.19835280456481053, "sfb": 0.03907177742397391}, "shai": {"oneh-in": 0.004367884059891635, "sfT": 0.00024130837776304613, "bad-redirect": 0.002525271447251127, "sfR": 0.09823378925716947, "dsfb": 0.0, "sft": 0.0, "roll-out": 0.22541551160766563, "alternate": 0.3333958610777138, "redirect": 0.017511869769723062, "dsfb-alt": 0.048942182439924285, "unknown": 0.024097749651430984, "oneh-out": 0.012222836155067774, "dsfb-red": 0.006331485651775295, "roll-in": 0.2061099318405528, "sfb": 0.020604318664071117}, "tr-quotes": {"oneh-in": 0.004452046878250618, "sfT": 0.0002461801622708675, "bad-redirect": 0.002213309909618363, "sfR": 0.09677191928064538, "dsfb": 0.0, "sft": 0.0, "roll-out": 0.24647719655116618, "alternate": 0.324429624835302, "redirect": 0.020233004322600032, "dsfb-alt": 0.045331823120131294, "unknown": 0.013894731975682485, "oneh-out": 0.020807424701232057, "dsfb-red": 0.008262638404105314, "roll-in": 0.19542775247913827, "sfb": 0.021452347379857146}, "gutenberg": {"oneh-in": 0.004214210562009667, "sfT": 0.00017125084725598934, "bad-redirect": 0.002399785102919107, "sfR": 0.09863878308844841, "dsfb": 0.0, "sft": 0.0, "roll-out": 0.2666549973611457, "alternate": 0.29346731060016223, "redirect": 0.02008105620854413, "dsfb-alt": 0.044030221985805126, "unknown": 0.03298207965968062, "oneh-out": 0.014758640495596921, "dsfb-red": 0.007909743226024977, "roll-in": 0.19117732305373603, "sfb": 0.023514597808671128}, "english-200": {"oneh-in": 0.0022271714922048997, "sfT": 0.0, "bad-redirect": 0.0, "sfR": 0.10690423162583519, "dsfb": 0.0, "sft": 0.0, "roll-out": 0.26280623608017817, "alternate": 0.34966592427616927, "redirect": 0.028953229398663696, "dsfb-alt": 0.031180400890868598, "unknown": 0.0, "oneh-out": 0.011135857461024499, "dsfb-red": 0.0022271714922048997, "roll-in": 0.19376391982182628, "sfb": 0.011135857461024499}, "monkeyracer": {"oneh-in": 0.0044653330622331355, "sfT": 0.00023460594022240642, "bad-redirect": 0.0022287564321128613, "sfR": 0.09690789370786869, "dsfb": 0.0, "sft": 0.0, "roll-out": 0.24715931307380704, "alternate": 0.32367506295259396, "redirect": 0.02018002095813066, "dsfb-alt": 0.0451714187403225, "unknown": 0.013491796612290222, "oneh-out": 0.021243567887138902, "dsfb-red": 0.008288432363107433, "roll-in": 0.19557630949215635, "sfb": 0.02137748877801586}, "chained-bigrams": {"oneh-in": 0.005090548785832691, "sfT": 0.00010129153196299742, "bad-redirect": 0.003997768989078046, "sfR": 0.11914286586209158, "dsfb": 0.0, "sft": 0.0, "roll-out": 0.214153024233999, "alternate": 0.324484825424694, "redirect": 0.024028818739452857, "dsfb-alt": 0.059848361382213854, "unknown": 0.023159399756770463, "oneh-out": 0.006183977887279406, "dsfb-red": 0.012039407600371142, "roll-in": 0.18499599703657338, "sfb": 0.022773712769680588}, "english-5k": {"oneh-in": 0.0017837142738623636, "sfT": 0.0003733355456921226, "bad-redirect": 0.00394076409341685, "sfR": 0.10644211224955408, "dsfb": 0.0, "sft": 0.0, "roll-out": 0.1822707097523541, "alternate": 0.3820052266976397, "redirect": 0.01489194010038578, "dsfb-alt": 0.04940473721325756, "unknown": 0.002157049819554486, "oneh-out": 0.007425229186543328, "dsfb-red": 0.004604471730202846, "roll-in": 0.2242087360517692, "sfb": 0.020491973285767618}, "mt-quotes": {"oneh-in": 0.004591446432626911, "sfT": 0.00019722451321404238, "bad-redirect": 0.0020095982596430835, "sfR": 0.0964592223377679, "dsfb": 0.0, "sft": 0.0, "roll-out": 0.25338867572704127, "alternate": 0.3224142671017559, "redirect": 0.020473996246757747, "dsfb-alt": 0.044589175362474746, "unknown": 0.007995063410669249, "oneh-out": 0.02276150177502062, "dsfb-red": 0.008523983696106907, "roll-in": 0.1960605897610595, "sfb": 0.02053525537586211}, "wordle": {"oneh-in": 0.00756198810725906, "sfT": 0.0005385392123864019, "bad-redirect": 0.00098732188937507, "sfR": 0.13138112868843263, "dsfb": 0.0, "sft": 0.0, "roll-out": 0.19847413889823853, "alternate": 0.3394367777403792, "redirect": 0.024974755974419387, "dsfb-alt": 0.056411982497475595, "unknown": 0.0, "oneh-out": 0.00650734881633569, "dsfb-red": 0.014877145742174353, "roll-in": 0.17518231796252665, "sfb": 0.04366655447099742}, "english-1k": {"oneh-in": 0.0014114326040931546, "sfT": 0.0, "bad-redirect": 0.0017642907551164433, "sfR": 0.10832745236414962, "dsfb": 0.0, "sft": 0.0, "roll-out": 0.23147494707127736, "alternate": 0.3577981651376147, "redirect": 0.016937191249117856, "dsfb-alt": 0.043754410726887794, "unknown": 0.0, "oneh-out": 0.011997177134791814, "dsfb-red": 0.006351446718419196, "roll-in": 0.2050105857445307, "sfb": 0.015172900494001412}, "english-10k": {"oneh-in": 0.0057312672468690295, "sfT": 0.00036664672623067866, "bad-redirect": 0.00270160745643658, "sfR": 0.10567144593890508, "dsfb": 0.0, "sft": 0.0, "roll-out": 0.1738291426255765, "alternate": 0.37210783273190406, "redirect": 0.015206190540514463, "dsfb-alt": 0.052507670635456666, "unknown": 0.0, "oneh-out": 0.005962833600277879, "dsfb-red": 0.005094459774994693, "roll-in": 0.23729762065571872, "sfb": 0.02352328206711565}, "reddit": {"oneh-in": 0.004904486405487361, "sfT": 0.0002847512556193143, "bad-redirect": 0.002488146133355508, "sfR": 0.10397777127267367, "dsfb": 0.0, "sft": 0.0, "roll-out": 0.23564908172214952, "alternate": 0.31285588990666924, "redirect": 0.019807367760816437, "dsfb-alt": 0.04510086064025582, "unknown": 0.04519937363713543, "oneh-out": 0.015384471317641299, "dsfb-red": 0.008604379857875337, "roll-in": 0.186594516197241, "sfb": 0.01914890389308006}, "akl": {"oneh-in": 0.004764441056098784, "sfT": 0.0003093885948176348, "bad-redirect": 0.0017247882947635722, "sfR": 0.13064861186637447, "dsfb": 0.0, "sft": 0.0, "roll-out": 0.195781211514049, "alternate": 0.2641664928692748, "redirect": 0.01800193425934626, "dsfb-alt": 0.03582491135591788, "unknown": 0.13920166722946467, "oneh-out": 0.01375131249871366, "dsfb-red": 0.009146235476840538, "roll-in": 0.1649459510083333, "sfb": 0.02173305397600541}, "french": {"oneh-in": 0.002379880002366531, "sfT": 0.0005336231180432676, "bad-redirect": 0.005945542545776595, "sfR": 0.10898279115633469, "dsfb": 0.0, "sft": 0.0, "roll-out": 0.17925140338250659, "alternate": 0.256721620499158, "redirect": 0.00909754155074282, "dsfb-alt": 0.04171177510918277, "unknown": 0.15842537463172957, "oneh-out": 0.011718734023273955, "dsfb-red": 0.005389341797352868, "roll-in": 0.16859539108014004, "sfb": 0.05124698110339232}, "keymash": {"oneh-in": 0.004240332001986757, "sfT": 0.00022166304753851396, "bad-redirect": 0.002282308415396551, "sfR": 0.099723742164827, "dsfb": 0.0, "sft": 0.0, "roll-out": 0.2503027342547401, "alternate": 0.32134574099083385, "redirect": 0.01954739689589636, "dsfb-alt": 0.04531777860787396, "unknown": 0.012376186820900362, "oneh-out": 0.020228805523514755, "dsfb-red": 0.008607915012745625, "roll-in": 0.1937088743211569, "sfb": 0.02209652194258927}, "movie": {"oneh-in": 0.0037238240384244634, "sfT": 0.00012699191423400387, "bad-redirect": 0.002011736158440639, "sfR": 0.11567713207251198, "dsfb": 0.0, "sft": 0.0, "roll-out": 0.24726839076504273, "alternate": 0.3079369683200575, "redirect": 0.022947109907488036, "dsfb-alt": 0.045714062373953944, "unknown": 0.030282373430185833, "oneh-out": 0.03017433160470799, "dsfb-red": 0.011470857198053037, "roll-in": 0.16366033597717777, "sfb": 0.019005886239722044}, "dutch": {"oneh-in": 0.003984168686600522, "sfT": 0.0004592076403544574, "bad-redirect": 0.0014122652155250984, "sfR": 0.18880787437283908, "dsfb": 0.0, "sft": 0.0, "roll-out": 0.1451489007221771, "alternate": 0.27963419673574197,