{"english-450k": {"unknown": 0.0001543587941537776, "sft": 0.0, "sfR": 0.11369548401129392, "roll-out": 0.23677352699904872, "sfT": 3.537389032690737e-05, "roll-in": 0.2077593359297574, "bad-redirect": 0.015665371183201087, "dsfb": 0.0, "sfb": 0.030855972135898885, "redirect": 0.05429687522839547, "dsfb-alt": 0.0428322266080649, "oneh-in": 0.020057288161557527, "oneh-out": 0.010468917459558288, "dsfb-red": 0.020563924127975135, "alternate": 0.246841345470768}, "shai": {"unknown": 0.031793109309943265, "sft": 0.0, "sfR": 0.09823378925716947, "roll-out": 0.23262552587244434, "sfT": 5.811031779771881e-05, "roll-in": 0.22475600555852632, "bad-redirect": 0.010683613277421924, "dsfb": 0.0, "sfb": 0.01872653564661991, "redirect": 0.05704373763210866, "dsfb-alt": 0.04153422385763336, "oneh-in": 0.021074999078842704, "oneh-out": 0.011263590166436868, "dsfb-red": 0.02372028803272694, "alternate": 0.22848647199232855}, "tr-quotes": {"unknown": 0.039616513719054114, "sft": 0.0, "sfR": 0.09677191928064538, "roll-out": 0.2343334643212131, "sfT": 3.467326229167148e-05, "roll-in": 0.22139687016019047, "bad-redirect": 0.01279096645939761, "dsfb": 0.0, "sfb": 0.016911305795057903, "redirect": 0.058274196158202535, "dsfb-alt": 0.0383093317306581, "oneh-in": 0.023618270497676893, "oneh-out": 0.014619403157578419, "dsfb-red": 0.02380781766487136, "alternate": 0.21951526779316244}, "gutenberg": {"unknown": 0.04011588984327138, "sft": 0.0, "sfR": 0.09863878308844841, "roll-out": 0.23650916514075343, "sfT": 0.00011782967587746168, "roll-in": 0.22174427323148455, "bad-redirect": 0.010365791051991681, "dsfb": 0.0, "sfb": 0.016714575227807196, "redirect": 0.05581906211366737, "dsfb-alt": 0.04453241888411887, "oneh-in": 0.0201536104944944, "oneh-out": 0.013111298274647715, "dsfb-red": 0.024403435170756417, "alternate": 0.21777386780268113}, "english-200": {"unknown": 0.0, "sft": 0.0, "sfR": 0.10690423162583519, "roll-out": 0.21158129175946547, "sfT": 0.0, "roll-in": 0.26948775055679286, "bad-redirect": 0.013363028953229399, "dsfb": 0.0, "sfb": 0.015590200445434299, "redirect": 0.07126948775055679, "dsfb-alt": 0.0334075723830735, "oneh-in": 0.024498886414253896, "oneh-out": 0.0066815144766146995, "dsfb-red": 0.031180400890868598, "alternate": 0.21603563474387527}, "monkeyracer": {"unknown": 0.03912933825484461, "sft": 0.0, "sfR": 0.09690789370786869, "roll-out": 0.23461278289566292, "sfT": 3.323584153150758e-05, "roll-in": 0.22196263509392058, "bad-redirect": 0.012941450177518495, "dsfb": 0.0, "sfb": 0.016775302250652987, "redirect": 0.0583728905015875, "dsfb-alt": 0.038052105979323396, "oneh-in": 0.023776334516789965, "oneh-out": 0.014753781065736585, "dsfb-red": 0.02370302016047046, "alternate": 0.2189792295540923}, "chained-bigrams": {"unknown": 0.033665798979163164, "sft": 0.0, "sfR": 0.11914286586209158, "roll-out": 0.2238107822238556, "sfT": 6.298255513083814e-05, "roll-in": 0.20064878524831684, "bad-redirect": 0.01122453021182267, "dsfb": 0.0, "sfb": 0.020412191604620194, "redirect": 0.06387859560589543, "dsfb-alt": 0.04684863214227045, "oneh-in": 0.017311761699983573, "oneh-out": 0.012581577018250007, "dsfb-red": 0.026470204381637923, "alternate": 0.22394129246696176}, "english-5k": {"unknown": 0.0022400132741527356, "sft": 0.0, "sfR": 0.10644211224955408, "roll-out": 0.24494959970133157, "sfT": 0.0, "roll-in": 0.2119716264985274, "bad-redirect": 0.012734890280831294, "dsfb": 0.0, "sfb": 0.019040112830298255, "redirect": 0.055419587671630646, "dsfb-alt": 0.04405359439167047, "oneh-in": 0.018500850375409633, "oneh-out": 0.010204504915584684, "dsfb-red": 0.024391255651885345, "alternate": 0.2500518521591239}, "mt-quotes": {"unknown": 0.03468910244916987, "sft": 0.0, "sfR": 0.0964592223377679, "roll-out": 0.2366544746058498, "sfT": 2.3906001601702106e-05, "roll-in": 0.22479410956120535, "bad-redirect": 0.013329090018049031, "dsfb": 0.0, "sfb": 0.01589450281493169, "redirect": 0.058935764573696224, "dsfb-alt": 0.037711717526685076, "oneh-in": 0.024948900921576363, "oneh-out": 0.015255017272086157, "dsfb-red": 0.023625106082882107, "alternate": 0.21767908583449874}, "wordle": {"unknown": 0.0, "sft": 0.0, "sfR": 0.13138112868843263, "roll-out": 0.18534724559632, "sfT": 0.0001570739369460339, "roll-in": 0.231841130932346, "bad-redirect": 0.010950297318523506, "dsfb": 0.0, "sfb": 0.03412992258498822, "redirect": 0.04900706832716257, "dsfb-alt": 0.04665095927297206, "oneh-in": 0.012543475821833277, "oneh-out": 0.008930775272074499, "dsfb-red": 0.024548412431280153, "alternate": 0.26451250981712104}, "english-1k": {"unknown": 0.0, "sft": 0.0, "sfR": 0.10832745236414962, "roll-out": 0.22547635850388145, "sfT": 0.0, "roll-in": 0.24805928016937193, "bad-redirect": 0.010232886379675371, "dsfb": 0.0, "sfb": 0.014820042342978124, "redirect": 0.06069160197600565, "dsfb-alt": 0.04199011997177135, "oneh-in": 0.015525758645024701, "oneh-out": 0.011291460832745237, "dsfb-red": 0.02399435426958363, "alternate": 0.239590684544813}, "english-10k": {"unknown": 0.0, "sft": 0.0, "sfR": 0.10567144593890508, "roll-out": 0.23270488797977654, "sfT": 1.929719611740414e-05, "roll-in": 0.21475849559059068, "bad-redirect": 0.01402906157735281, "dsfb": 0.0, "sfb": 0.022018100769958124, "redirect": 0.0545145790316667, "dsfb-alt": 0.04581154358271743, "oneh-in": 0.02354257926323305, "oneh-out": 0.008606549468362246, "dsfb-red": 0.02288647459524131, "alternate": 0.25543698500607864}, "reddit": {"unknown": 0.06027826737738363, "sft": 0.0, "sfR": 0.10397777127267367, "roll-out": 0.2174465019177259, "sfT": 8.982287700277766e-05, "roll-in": 0.2141367648818771, "bad-redirect": 0.011225762010204523, "dsfb": 0.0, "sfb": 0.01911429324322578, "redirect": 0.05784170010209018, "dsfb-alt": 0.0398128477803767, "oneh-in": 0.02393483758559253, "oneh-out": 0.013008510137006107, "dsfb-red": 0.022388146077169387, "alternate": 0.21674477473767167}, "akl": {"unknown": 0.15113620503040356, "sft": 0.0, "sfR": 0.13064861186637447, "roll-out": 0.18239159360402207, "sfT": 0.0003032364018684581, "roll-in": 0.18693292501220493, "bad-redirect": 0.009449150679880326, "dsfb": 0.0, "sfb": 0.020067835710159368, "redirect": 0.05293307281308133, "dsfb-alt": 0.031907916347866536, "oneh-in": 0.02189916318563318, "oneh-out": 0.01171412128166338, "dsfb-red": 0.01926175018820398, "alternate": 0.18135441787863837}, "french": {"unknown": 0.1845785256052277, "sft": 0.0, "sfR": 0.10898279115633469, "roll-out": 0.16138361352142672, "sfT": 4.215889309264291e-05, "roll-in": 0.20467658683099707, "bad-redirect": 0.007718448349580463, "dsfb": 0.0, "sfb": 0.03628819981121985, "redirect": 0.03771039576129036, "dsfb-alt": 0.02969758425197846, "oneh-in": 0.010139348625325692, "oneh-out": 0.00476570779455459, "dsfb-red": 0.01593194158347514, "alternate": 0.19808469781549665}, "keymash": {"unknown": 0.03457533054475746, "sft": 0.0, "sfR": 0.099723742164827, "roll-out": 0.23147779469896926, "sfT": 2.462922750427933e-05, "roll-in": 0.2235102396013349, "bad-redirect": 0.011629100253270555, "dsfb": 0.0, "sfb": 0.01753190511179617, "redirect": 0.05906088755526183, "dsfb-alt": 0.0388402917742485, "oneh-in": 0.024124328340441602, "oneh-out": 0.013911408668667108, "dsfb-red": 0.02451429110925936, "alternate": 0.22107605094966196}, "movie": {"unknown": 0.08496732886260383, "sft": 0.0, "sfR": 0.11567713207251198, "roll-out": 0.20172211563528397, "sfT": 1.6581327661641956e-05, "roll-in": 0.20727383365164656, "bad-redirect": 0.01210450079083721, "dsfb": 0.0, "sfb": 0.01589780848803427, "redirect": 0.05667760990426389, "dsfb-alt": 0.04243951335645683, "oneh-in": 0.021372015377470636, "oneh-out": 0.015318383204746893, "dsfb-red": 0.021208307666271565, "alternate": 0.20532486966221072}, "dutch": {"unknown": 0.07489956334571263, "sft": 0.0, "sfR": 0.18880787437283908, "roll-out": 0.14178908229083398, "sfT": 9.948004641493673e-05, "roll-in": 0.19399693863963868, "bad-redirect": 0.005742964431508293, "dsfb": 0.0, "sfb": 0.06797239547055227, "redirect": 0.027769098277212877,