{"english-450k": {"sft": 0.0, "unknown": 0.0, "dsfb": 0.0, "sfT": 0.0017397522424415352, "roll-out": 0.18179168462159584, "redirect": 0.016255618163118657, "sfR": 0.11369548401129392, "dsfb-red": 0.007112198379115723, "roll-in": 0.19836654483625982, "oneh-in": 0.003045370376325571, "dsfb-alt": 0.0510275676620665, "oneh-out": 0.005038294428875385, "sfb": 0.03907850138659803, "alternate": 0.37924318584857286, "bad-redirect": 0.003605798043736161}, "shai": {"sft": 0.0, "unknown": 0.015572597567587401, "dsfb": 0.0, "sfT": 0.00019327660449345172, "roll-out": 0.2294714987740093, "redirect": 0.01831657420518059, "sfR": 0.09823378925716947, "dsfb-red": 0.0064343959514904635, "roll-in": 0.20749984595772955, "oneh-in": 0.004504300488631371, "dsfb-alt": 0.047355074864543434, "oneh-out": 0.012525486641980683, "sfb": 0.018923578158880593, "alternate": 0.3384041778121539, "bad-redirect": 0.0025654037161497918}, "tr-quotes": {"sft": 0.0, "unknown": 0.009743186703959687, "dsfb": 0.0, "sfT": 0.0001814567393264141, "roll-out": 0.25122165460807655, "redirect": 0.020865213471718175, "sfR": 0.09677191928064538, "dsfb-red": 0.008184045676244192, "roll-in": 0.1960611174036661, "oneh-in": 0.00453063960611174, "dsfb-alt": 0.04294399112364485, "oneh-out": 0.02165807540278773, "sfb": 0.017216430503224613, "alternate": 0.3283800651857331, "bad-redirect": 0.0022422042948614224}, "gutenberg": {"sft": 0.0, "unknown": 0.025598023492433706, "dsfb": 0.0, "sfT": 8.770922818531312e-05, "roll-out": 0.2724324402147001, "redirect": 0.02097747104174694, "sfR": 0.09863878308844841, "dsfb-red": 0.007760656481787738, "roll-in": 0.19219024150537073, "oneh-in": 0.004283354985957052, "dsfb-alt": 0.0404750619742419, "oneh-out": 0.015737839200758656, "sfb": 0.01910147862982652, "alternate": 0.3001527239303736, "bad-redirect": 0.002564216226169327}, "english-200": {"sft": 0.0, "unknown": 0.0, "dsfb": 0.0, "sfT": 0.0, "roll-out": 0.26280623608017817, "redirect": 0.028953229398663696, "sfR": 0.10690423162583519, "dsfb-red": 0.0022271714922048997, "roll-in": 0.19376391982182628, "oneh-in": 0.0022271714922048997, "dsfb-alt": 0.031180400890868598, "oneh-out": 0.011135857461024499, "sfb": 0.011135857461024499, "alternate": 0.34966592427616927, "bad-redirect": 0.0}, "monkeyracer": {"sft": 0.0, "unknown": 0.009366642163379577, "dsfb": 0.0, "sfT": 0.0001681342571593913, "roll-out": 0.2518709823732737, "redirect": 0.020807591848225598, "sfR": 0.09690789370786869, "dsfb-red": 0.008226848303799052, "roll-in": 0.19620388038225128, "oneh-in": 0.004543535042307271, "dsfb-alt": 0.0428273143876003, "oneh-out": 0.02211943006396922, "sfb": 0.01712036848773011, "alternate": 0.3275704990850368, "bad-redirect": 0.002266879897399002}, "chained-bigrams": {"sft": 0.0, "unknown": 0.016087822355430687, "dsfb": 0.0, "sfT": 8.246169589295303e-05, "roll-out": 0.21722228751341627, "redirect": 0.024680071345599564, "sfR": 0.11914286586209158, "dsfb-red": 0.012201084468696697, "roll-in": 0.18619526280282758, "oneh-in": 0.00514184385650626, "dsfb-alt": 0.05955487566139799, "oneh-out": 0.007039761471428321, "sfb": 0.02097124294449289, "alternate": 0.32759759211847994, "bad-redirect": 0.004082827903739281}, "english-5k": {"sft": 0.0, "unknown": 0.0, "dsfb": 0.0, "sfT": 0.0003733355456921226, "roll-out": 0.18260256357074708, "redirect": 0.014933421827684906, "sfR": 0.10644211224955408, "dsfb-red": 0.00472891691210022, "roll-in": 0.2247479985066578, "oneh-in": 0.0019081594557597379, "dsfb-alt": 0.04957066412245406, "oneh-out": 0.007466710913842453, "sfb": 0.020533455013066745, "alternate": 0.3827518977890239, "bad-redirect": 0.00394076409341685}, "mt-quotes": {"sft": 0.0, "unknown": 0.00522794372527223, "dsfb": 0.0, "sfT": 0.0001299888837092552, "roll-out": 0.2577784152711538, "redirect": 0.020979010530593707, "sfR": 0.0964592223377679, "dsfb-red": 0.008419394939099462, "roll-in": 0.19649089778989015, "oneh-in": 0.004652705561731273, "dsfb-alt": 0.0422374224549073, "oneh-out": 0.023659470960184555, "sfb": 0.01612160983014786, "alternate": 0.3257805309522956, "bad-redirect": 0.002063386763246913}, "wordle": {"sft": 0.0, "unknown": 0.0, "dsfb": 0.0, "sfT": 0.0005385392123864019, "roll-out": 0.19847413889823853, "redirect": 0.024974755974419387, "sfR": 0.13138112868843263, "dsfb-red": 0.014877145742174353, "roll-in": 0.17518231796252665, "oneh-in": 0.00756198810725906, "dsfb-alt": 0.056411982497475595, "oneh-out": 0.00650734881633569, "sfb": 0.04366655447099742, "alternate": 0.3394367777403792, "bad-redirect": 0.00098732188937507}, "english-1k": {"sft": 0.0, "unknown": 0.0, "dsfb": 0.0, "sfT": 0.0, "roll-out": 0.23147494707127736, "redirect": 0.016937191249117856, "sfR": 0.10832745236414962, "dsfb-red": 0.006351446718419196, "roll-in": 0.2050105857445307, "oneh-in": 0.0014114326040931546, "dsfb-alt": 0.043754410726887794, "oneh-out": 0.011997177134791814, "sfb": 0.015172900494001412, "alternate": 0.3577981651376147, "bad-redirect": 0.0017642907551164433}, "english-10k": {"sft": 0.0, "unknown": 0.0, "dsfb": 0.0, "sfT": 0.00036664672623067866, "roll-out": 0.1738291426255765, "redirect": 0.015206190540514463, "sfR": 0.10567144593890508, "dsfb-red": 0.005094459774994693, "roll-in": 0.23729762065571872, "oneh-in": 0.0057312672468690295, "dsfb-alt": 0.052507670635456666, "oneh-out": 0.005962833600277879, "sfb": 0.02352328206711565, "alternate": 0.37210783273190406, "bad-redirect": 0.00270160745643658}, "reddit": {"sft": 0.0, "unknown": 0.0331983180872297, "dsfb": 0.0, "sfT": 0.0002768851988342504, "roll-out": 0.23971306123144617, "redirect": 0.02070334908604848, "sfR": 0.10397777127267367, "dsfb-red": 0.008676260633925516, "roll-in": 0.18875674537780202, "oneh-in": 0.005046562373990921, "dsfb-alt": 0.044820304614921876, "oneh-out": 0.015723011418705145, "sfb": 0.01789962424595886, "alternate": 0.31860294336607675, "bad-redirect": 0.0026051630923866497}, "akl": {"sft": 0.0, "unknown": 0.12482253455870851, "dsfb": 0.0, "sfT": 0.0003161831854241553, "roll-out": 0.19899137143820456, "redirect": 0.01899834244109084, "sfR": 0.13064861186637447, "dsfb-red": 0.00955606047462365, "roll-in": 0.16722258359835737, "oneh-in": 0.004907250996846742, "dsfb-alt": 0.036831202578544664, "oneh-out": 0.014028136473824409, "sfb": 0.021663427952990227, "alternate": 0.2701578146204914, "bad-redirect": 0.001856479814519042}, "french": {"sft": 0.0, "unknown": 0.14988019847879508, "dsfb": 0.0, "sfT": 0.00014186302725452583, "roll-out": 0.183950397050927, "redirect": 0.009623793604322129, "sfR": 0.10898279115633469, "dsfb-red": 0.005649261710737467, "roll-in": 0.16987627833097466, "oneh-in": 0.0024101882613311427, "dsfb-alt": 0.04057868369358587, "oneh-out": 0.01209283052665821, "sfb": 0.04980673203812045, "alternate": 0.2610854105165284, "bad-redirect": 0.005921571604430387}, "keymash": {"sft": 0.0, "unknown": 0.008566866300238493, "dsfb": 0.0, "sfT": 0.0001518802362763892, "roll-out": 0.25493713389679534, "redirect": 0.020294483463526167, "sfR": 0.099723742164827, "dsfb-red": 0.008406776321460677, "roll-in": 0.19416451502998608, "oneh-in": 0.004322429427001022, "dsfb-alt": 0.04234174695110688, "oneh-out": 0.021021045674902407, "sfb": 0.018077852988141026, "alternate": 0.3256599606753334, "bad-redirect": 0.0023315668704051097}, "movie": {"sft": 0.0, "unknown": 0.02448311987944585, "dsfb": 0.0, "sfT": 9.396085674930441e-05, "roll-out": 0.2513813496121614, "redirect": 0.024259271956013687, "sfR": 0.11567713207251198, "dsfb-red": 0.011172261702304896, "roll-in": 0.16440965407007768, "oneh-in": 0.0038377877666386055, "dsfb-alt": 0.044595743941663206, "oneh-out": 0.031195662429961985, "sfb": 0.015671460205668997, "alternate": 0.3111736171600423, "bad-redirect": 0.0020489783467600416}, "dutch": {"sft": 0.0, "unknown": 0.06758112760955366, "dsfb": 0.0, "sfT": 0.00045598009739218474, "roll-out": 0.14664924199898374, "redirect": 0.016032192087291123, "sfR": 0.18880787437283908, "dsfb-red": 0.007111424716717657, "roll-in": 0.2018888908293993, "oneh-in": 0.004101400219307958,