{"english-450k": {"redirect": 0.016255618163118657, "unknown": 0.0, "dsfb": 0.0, "roll-in": 0.19836654483625982, "sfb": 0.03907850138659803, "oneh-in": 0.003045370376325571, "roll-out": 0.18179168462159584, "oneh-out": 0.005038294428875385, "dsfb-red": 0.007112198379115723, "alternate": 0.37924318584857286, "sfR": 0.11369548401129392, "dsfb-alt": 0.0510275676620665, "sfT": 0.0017397522424415352, "sft": 0.0, "bad-redirect": 0.003605798043736161}, "shai": {"redirect": 0.01831657420518059, "unknown": 0.015572597567587401, "dsfb": 0.0, "roll-in": 0.20749984595772955, "sfb": 0.018923578158880593, "oneh-in": 0.004504300488631371, "roll-out": 0.2294714987740093, "oneh-out": 0.012525486641980683, "dsfb-red": 0.0064343959514904635, "alternate": 0.3384041778121539, "sfR": 0.09823378925716947, "dsfb-alt": 0.047355074864543434, "sfT": 0.00019327660449345172, "sft": 0.0, "bad-redirect": 0.0025654037161497918}, "tr-quotes": {"redirect": 0.020865213471718175, "unknown": 0.009743186703959687, "dsfb": 0.0, "roll-in": 0.1960611174036661, "sfb": 0.017216430503224613, "oneh-in": 0.00453063960611174, "roll-out": 0.25122165460807655, "oneh-out": 0.02165807540278773, "dsfb-red": 0.008184045676244192, "alternate": 0.3283800651857331, "sfR": 0.09677191928064538, "dsfb-alt": 0.04294399112364485, "sfT": 0.0001814567393264141, "sft": 0.0, "bad-redirect": 0.0022422042948614224}, "gutenberg": {"redirect": 0.02097747104174694, "unknown": 0.025598023492433706, "dsfb": 0.0, "roll-in": 0.19219024150537073, "sfb": 0.01910147862982652, "oneh-in": 0.004283354985957052, "roll-out": 0.2724324402147001, "oneh-out": 0.015737839200758656, "dsfb-red": 0.007760656481787738, "alternate": 0.3001527239303736, "sfR": 0.09863878308844841, "dsfb-alt": 0.0404750619742419, "sfT": 8.770922818531312e-05, "sft": 0.0, "bad-redirect": 0.002564216226169327}, "english-200": {"redirect": 0.028953229398663696, "unknown": 0.0, "dsfb": 0.0, "roll-in": 0.19376391982182628, "sfb": 0.011135857461024499, "oneh-in": 0.0022271714922048997, "roll-out": 0.26280623608017817, "oneh-out": 0.011135857461024499, "dsfb-red": 0.0022271714922048997, "alternate": 0.34966592427616927, "sfR": 0.10690423162583519, "dsfb-alt": 0.031180400890868598, "sfT": 0.0, "sft": 0.0, "bad-redirect": 0.0}, "monkeyracer": {"redirect": 0.020807591848225598, "unknown": 0.009366642163379577, "dsfb": 0.0, "roll-in": 0.19620388038225128, "sfb": 0.01712036848773011, "oneh-in": 0.004543535042307271, "roll-out": 0.2518709823732737, "oneh-out": 0.02211943006396922, "dsfb-red": 0.008226848303799052, "alternate": 0.3275704990850368, "sfR": 0.09690789370786869, "dsfb-alt": 0.0428273143876003, "sfT": 0.0001681342571593913, "sft": 0.0, "bad-redirect": 0.002266879897399002}, "chained-bigrams": {"redirect": 0.024680071345599564, "unknown": 0.016087822355430687, "dsfb": 0.0, "roll-in": 0.18619526280282758, "sfb": 0.02097124294449289, "oneh-in": 0.00514184385650626, "roll-out": 0.21722228751341627, "oneh-out": 0.007039761471428321, "dsfb-red": 0.012201084468696697, "alternate": 0.32759759211847994, "sfR": 0.11914286586209158, "dsfb-alt": 0.05955487566139799, "sfT": 8.246169589295303e-05, "sft": 0.0, "bad-redirect": 0.004082827903739281}, "english-5k": {"redirect": 0.014933421827684906, "unknown": 0.0, "dsfb": 0.0, "roll-in": 0.2247479985066578, "sfb": 0.020533455013066745, "oneh-in": 0.0019081594557597379, "roll-out": 0.18260256357074708, "oneh-out": 0.007466710913842453, "dsfb-red": 0.00472891691210022, "alternate": 0.3827518977890239, "sfR": 0.10644211224955408, "dsfb-alt": 0.04957066412245406, "sfT": 0.0003733355456921226, "sft": 0.0, "bad-redirect": 0.00394076409341685}, "mt-quotes": {"redirect": 0.020979010530593707, "unknown": 0.00522794372527223, "dsfb": 0.0, "roll-in": 0.19649089778989015, "sfb": 0.01612160983014786, "oneh-in": 0.004652705561731273, "roll-out": 0.2577784152711538, "oneh-out": 0.023659470960184555, "dsfb-red": 0.008419394939099462, "alternate": 0.3257805309522956, "sfR": 0.0964592223377679, "dsfb-alt": 0.0422374224549073, "sfT": 0.0001299888837092552, "sft": 0.0, "bad-redirect": 0.002063386763246913}, "wordle": {"redirect": 0.024974755974419387, "unknown": 0.0, "dsfb": 0.0, "roll-in": 0.17518231796252665, "sfb": 0.04366655447099742, "oneh-in": 0.00756198810725906, "roll-out": 0.19847413889823853, "oneh-out": 0.00650734881633569, "dsfb-red": 0.014877145742174353, "alternate": 0.3394367777403792, "sfR": 0.13138112868843263, "dsfb-alt": 0.056411982497475595, "sfT": 0.0005385392123864019, "sft": 0.0, "bad-redirect": 0.00098732188937507}, "english-1k": {"redirect": 0.016937191249117856, "unknown": 0.0, "dsfb": 0.0, "roll-in": 0.2050105857445307, "sfb": 0.015172900494001412, "oneh-in": 0.0014114326040931546, "roll-out": 0.23147494707127736, "oneh-out": 0.011997177134791814, "dsfb-red": 0.006351446718419196, "alternate": 0.3577981651376147, "sfR": 0.10832745236414962, "dsfb-alt": 0.043754410726887794, "sfT": 0.0, "sft": 0.0, "bad-redirect": 0.0017642907551164433}, "english-10k": {"redirect": 0.015206190540514463, "unknown": 0.0, "dsfb": 0.0, "roll-in": 0.23729762065571872, "sfb": 0.02352328206711565, "oneh-in": 0.0057312672468690295, "roll-out": 0.1738291426255765, "oneh-out": 0.005962833600277879, "dsfb-red": 0.005094459774994693, "alternate": 0.37210783273190406, "sfR": 0.10567144593890508, "dsfb-alt": 0.052507670635456666, "sfT": 0.00036664672623067866, "sft": 0.0, "bad-redirect": 0.00270160745643658}, "reddit": {"redirect": 0.02070334908604848, "unknown": 0.0331983180872297, "dsfb": 0.0, "roll-in": 0.18875674537780202, "sfb": 0.01789962424595886, "oneh-in": 0.005046562373990921, "roll-out": 0.23971306123144617, "oneh-out": 0.015723011418705145, "dsfb-red": 0.008676260633925516, "alternate": 0.31860294336607675, "sfR": 0.10397777127267367, "dsfb-alt": 0.044820304614921876, "sfT": 0.0002768851988342504, "sft": 0.0, "bad-redirect": 0.0026051630923866497}, "akl": {"redirect": 0.01899834244109084, "unknown": 0.12482253455870851, "dsfb": 0.0, "roll-in": 0.16722258359835737, "sfb": 0.021663427952990227, "oneh-in": 0.004907250996846742, "roll-out": 0.19899137143820456, "oneh-out": 0.014028136473824409, "dsfb-red": 0.00955606047462365, "alternate": 0.2701578146204914, "sfR": 0.13064861186637447, "dsfb-alt": 0.036831202578544664, "sfT": 0.0003161831854241553, "sft": 0.0, "bad-redirect": 0.001856479814519042}, "french": {"redirect": 0.009623793604322129, "unknown": 0.14988019847879508, "dsfb": 0.0, "roll-in": 0.16987627833097466, "sfb": 0.04980673203812045, "oneh-in": 0.0024101882613311427, "roll-out": 0.183950397050927, "oneh-out": 0.01209283052665821, "dsfb-red": 0.005649261710737467, "alternate": 0.2610854105165284, "sfR": 0.10898279115633469, "dsfb-alt": 0.04057868369358587, "sfT": 0.00014186302725452583, "sft": 0.0, "bad-redirect": 0.005921571604430387}, "keymash": {"redirect": 0.020294483463526167, "unknown": 0.008566866300238493, "dsfb": 0.0, "roll-in": 0.19416451502998608, "sfb": 0.018077852988141026, "oneh-in": 0.004322429427001022, "roll-out": 0.25493713389679534, "oneh-out": 0.021021045674902407, "dsfb-red": 0.008406776321460677, "alternate": 0.3256599606753334, "sfR": 0.099723742164827, "dsfb-alt": 0.04234174695110688, "sfT": 0.0001518802362763892, "sft": 0.0, "bad-redirect": 0.0023315668704051097}, "movie": {"redirect": 0.024259271956013687, "unknown": 0.02448311987944585, "dsfb": 0.0, "roll-in": 0.16440965407007768, "sfb": 0.015671460205668997, "oneh-in": 0.0038377877666386055, "roll-out": 0.2513813496121614, "oneh-out": 0.031195662429961985, "dsfb-red": 0.011172261702304896, "alternate": 0.3111736171600423, "sfR": 0.11567713207251198, "dsfb-alt": 0.044595743941663206, "sfT": 9.396085674930441e-05, "sft": 0.0, "bad-redirect": 0.0020489783467600416}, "dutch": {"redirect": 0.016032192087291123, "unknown": 0.06758112760955366, "dsfb": 0.0, "roll-in": 0.2018888908293993, "sfb": 0.038744125020095936, "oneh-in": 0.004101400219307958, "roll-out": 0.14664924199898374, "oneh-out": 0.006291843973831225, "dsfb-red": 0.007111424716717657,