{"english-450k": {"sfT": 0.0025934031495040933, "roll-in": 0.16160459474677263, "redirect": 0.015796342281270956, "dsfb-alt": 0.07090301648657166, "sft": 0.0, "oneh-in": 0.004436645947116911, "roll-out": 0.16883343926010685, "sfR": 0.11369548401129392, "unknown": 0.0001543587941537776, "sfb": 0.0909316547204264, "oneh-out": 0.0038338280805542417, "dsfb-red": 0.00800326959991253, "alternate": 0.3567755032593678, "bad-redirect": 0.002438459662948218, "dsfb": 0.0}, "shai": {"sfT": 0.004218644966781055, "roll-in": 0.18677560654724545, "redirect": 0.01444139318616078, "dsfb-alt": 0.08072076223521372, "sft": 0.0, "oneh-in": 0.002349233643574982, "roll-out": 0.1590747656157836, "sfR": 0.09823378925716947, "unknown": 0.031793109309943265, "sfb": 0.09416967036192657, "oneh-out": 0.009346143199552395, "dsfb-red": 0.008095405112593289, "alternate": 0.30838594509035544, "bad-redirect": 0.0023955314736999528, "dsfb": 0.0}, "tr-quotes": {"sfT": 0.003644159866854673, "roll-in": 0.18791405654053303, "redirect": 0.014859804442800675, "dsfb-alt": 0.07818589491689974, "sft": 0.0, "oneh-in": 0.001990245255541943, "roll-out": 0.15055014909502784, "sfR": 0.09677191928064538, "unknown": 0.039616513719054114, "sfb": 0.10093848963269457, "oneh-out": 0.01700723515406486, "dsfb-red": 0.008563140010633134, "alternate": 0.29780980559857606, "bad-redirect": 0.0021485864866739096, "dsfb": 0.0}, "gutenberg": {"sfT": 0.004050158312315323, "roll-in": 0.20693031719672972, "redirect": 0.014177069587327134, "dsfb-alt": 0.08044868479728182, "sft": 0.0, "oneh-in": 0.0022768406340373183, "roll-out": 0.15066702583879762, "sfR": 0.09863878308844841, "unknown": 0.04011588984327138, "sfb": 0.10416863207323777, "oneh-out": 0.007793429044371019, "dsfb-red": 0.007799680458042974, "alternate": 0.28123443066481324, "bad-redirect": 0.0016990584613262923, "dsfb": 0.0}, "english-200": {"sfT": 0.0022271714922048997, "roll-in": 0.18040089086859687, "redirect": 0.011135857461024499, "dsfb-alt": 0.08685968819599109, "sft": 0.0, "oneh-in": 0.0, "roll-out": 0.1514476614699332, "sfR": 0.10690423162583519, "unknown": 0.0, "sfb": 0.1403118040089087, "oneh-out": 0.0066815144766146995, "dsfb-red": 0.011135857461024499, "alternate": 0.30066815144766146, "bad-redirect": 0.0022271714922048997, "dsfb": 0.0}, "monkeyracer": {"sfT": 0.003600223657663012, "roll-in": 0.18793011089040776, "redirect": 0.014962971362434897, "dsfb-alt": 0.07825085631168181, "sft": 0.0, "oneh-in": 0.0019863302938830413, "roll-out": 0.15048700283091168, "sfR": 0.09690789370786869, "unknown": 0.03912933825484461, "sfb": 0.101317507859299, "oneh-out": 0.01737452492297105, "dsfb-red": 0.008570937016125248, "alternate": 0.29731122042010105, "bad-redirect": 0.0021710824718081862, "dsfb": 0.0}, "chained-bigrams": {"sfT": 0.0029757634037590845, "roll-in": 0.18233189988500814, "redirect": 0.02208220327262551, "dsfb-alt": 0.0825461055029222, "sft": 0.0, "oneh-in": 0.00438280667147585, "roll-out": 0.13117707902492615, "sfR": 0.11914286586209158, "unknown": 0.033665798979163164, "sfb": 0.0927090225432096, "oneh-out": 0.005615186977025652, "dsfb-red": 0.013231531015012574, "alternate": 0.30741200785139233, "bad-redirect": 0.002727729011388155, "dsfb": 0.0}, "english-5k": {"sfT": 0.0036503920023229766, "roll-in": 0.14850458373086656, "redirect": 0.01269340855353217, "dsfb-alt": 0.07765379350396151, "sft": 0.0, "oneh-in": 0.00236445845605011, "roll-out": 0.1921848425768449, "sfR": 0.10644211224955408, "unknown": 0.0022400132741527356, "sfb": 0.09802132160783175, "oneh-out": 0.004106691002613349, "dsfb-red": 0.006885966731654706, "alternate": 0.34205832330858255, "bad-redirect": 0.003194093002032605, "dsfb": 0.0}, "mt-quotes": {"sfT": 0.0035530294880529757, "roll-in": 0.1902260312451441, "redirect": 0.0150308985070702, "dsfb-alt": 0.07813826036026345, "sft": 0.0, "oneh-in": 0.0018646681249327643, "roll-out": 0.15001314830088094, "sfR": 0.0964592223377679, "unknown": 0.03468910244916987, "sfb": 0.10270466525621257, "oneh-out": 0.018742305255734452, "dsfb-red": 0.008516513070606377, "alternate": 0.2979688863389154, "bad-redirect": 0.0020932692652490406, "dsfb": 0.0}, "wordle": {"sfT": 0.004308313699091215, "roll-in": 0.16824862560305173, "redirect": 0.01999326825984517, "dsfb-alt": 0.07914282508695164, "sft": 0.0, "oneh-in": 0.007427353304162459, "roll-out": 0.146258274430607, "sfR": 0.13138112868843263, "unknown": 0.0, "sfb": 0.11912936160664199, "oneh-out": 0.004712218108381017, "dsfb-red": 0.013261528105015146, "alternate": 0.3042746549983171, "bad-redirect": 0.0018624481095029732, "dsfb": 0.0}, "english-1k": {"sfT": 0.003175723359209598, "roll-in": 0.171136203246295, "redirect": 0.013761467889908258, "dsfb-alt": 0.07374735356386733, "sft": 0.0, "oneh-in": 0.0035285815102328866, "roll-out": 0.1743119266055046, "sfR": 0.10832745236414962, "unknown": 0.0, "sfb": 0.11573747353563868, "oneh-out": 0.0038814396612561752, "dsfb-red": 0.009527170077628794, "alternate": 0.32074805928016936, "bad-redirect": 0.002117148906139732, "dsfb": 0.0}, "english-10k": {"sfT": 0.003550684085602362, "roll-in": 0.16562783427567973, "redirect": 0.01518689334439706, "dsfb-alt": 0.07523976766175874, "sft": 0.0, "oneh-in": 0.002836687829258409, "roll-out": 0.17680091082765675, "sfR": 0.10567144593890508, "unknown": 0.0, "sfb": 0.09465274695586731, "oneh-out": 0.0033384149283109165, "dsfb-red": 0.007699581250844252, "alternate": 0.3467127226414002, "bad-redirect": 0.0026823102603191758, "dsfb": 0.0}, "reddit": {"sfT": 0.0039880158752008885, "roll-in": 0.17730099485016754, "redirect": 0.015173099134602653, "dsfb-alt": 0.07886583447531623, "sft": 0.0, "oneh-in": 0.002579954253261183, "roll-out": 0.15047305903644176, "sfR": 0.10397777127267367, "unknown": 0.06027826737738363, "sfb": 0.09518531774280879, "oneh-out": 0.013605993335951607, "dsfb-red": 0.009143878981090935, "alternate": 0.28725307370851055, "bad-redirect": 0.002174739956590604, "dsfb": 0.0}, "akl": {"sfT": 0.003838078926606883, "roll-in": 0.1503150478711028, "redirect": 0.014714859569524882, "dsfb-alt": 0.06568081192541081, "sft": 0.0, "oneh-in": 0.002777159195503671, "roll-out": 0.12972178029244066, "sfR": 0.13064861186637447, "unknown": 0.15113620503040356, "sfb": 0.08450452103411298, "oneh-out": 0.012793967036056026, "dsfb-red": 0.00835564162146802, "alternate": 0.24398040657495979, "bad-redirect": 0.0015329090560354335, "dsfb": 0.0}, "french": {"sfT": 0.002331923137835774, "roll-in": 0.14365587388516207, "redirect": 0.012109774985822311, "dsfb-alt": 0.05331842999982486, "sft": 0.0, "oneh-in": 0.0028569616625094313, "roll-out": 0.1802755618515233, "sfR": 0.10898279115633469, "unknown": 0.1845785256052277, "sfb": 0.05557379594373619, "oneh-out": 0.0021523807871526783, "dsfb-red": 0.005521436666008814, "alternate": 0.24460970311045288, "bad-redirect": 0.004032841208409312, "dsfb": 0.0}, "keymash": {"sfT": 0.003579447730621929, "roll-in": 0.18911141852035812, "redirect": 0.015422001288929572, "dsfb-alt": 0.07931432230628087, "sft": 0.0, "oneh-in": 0.002499866591684352, "roll-out": 0.15417896417678859, "sfR": 0.099723742164827, "unknown": 0.03457533054475746, "sfb": 0.10011370493364476, "oneh-out": 0.016091095302795826, "dsfb-red": 0.008579180913990632, "alternate": 0.2945204073674229, "bad-redirect": 0.0022905181578979773, "dsfb": 0.0}, "movie": {"sfT": 0.0038322606574180585, "roll-in": 0.15972885054946703, "redirect": 0.015535388040572666, "dsfb-alt": 0.0728528266360342, "sft": 0.0, "oneh-in": 0.002391264324918222, "roll-out": 0.1389658699689653, "sfR": 0.11567713207251198, "unknown": 0.08496732886260383, "sfb": 0.09309902250441478, "oneh-out": 0.028254713933276474, "dsfb-red": 0.00843976418193717, "alternate": 0.27337279601584913, "bad-redirect": 0.0028827822520311797, "dsfb": 0.0}, "dutch": {"sfT": 0.0027932053335219175, "roll-in": 0.18660190255050846, "redirect": 0.02082636647265667, "dsfb-alt": 0.04660568451362846, "sft": 0.0, "oneh-in": 0.0019158515716108046, "roll-out": 0.11429925613382885,