{"english-450k": {"dsfb": 0.0, "unknown": 0.0, "oneh-out": 0.00492807991107998, "dsfb-red": 0.0072153965880859565, "dsfb-alt": 0.051237764580620605, "redirect": 0.016014724893454426, "bad-redirect": 0.0036367867410473363, "sfR": 0.11369548401129392, "sfb": 0.03981287504363267, "sfT": 0.0017365364342299982, "roll-in": 0.20007940122820486, "alternate": 0.37903298893001874, "roll-out": 0.1794087707368469, "sft": 0.0, "oneh-in": 0.0032011909014845923}, "shai": {"dsfb": 0.0, "unknown": 0.015546460696927484, "oneh-out": 0.012001363622430164, "dsfb-red": 0.006583542154789724, "dsfb-alt": 0.04784716638082408, "redirect": 0.017768671393932376, "bad-redirect": 0.0026048509226899775, "sfR": 0.09823378925716947, "sfb": 0.02067071939752907, "sfT": 0.00021873228320369527, "roll-in": 0.2123581533877069, "alternate": 0.33792209904345166, "roll-out": 0.22338366696773287, "sft": 0.0, "oneh-in": 0.0048607844916125145}, "tr-quotes": {"dsfb": 0.0, "unknown": 0.009742030928549965, "oneh-out": 0.020495365340607013, "dsfb-red": 0.008426758512285892, "dsfb-alt": 0.0413767596680613, "redirect": 0.02086752502253762, "bad-redirect": 0.002222556112896142, "sfR": 0.09677191928064538, "sfb": 0.019084163565335984, "sfT": 0.00019185871801391554, "roll-in": 0.20332863318000047, "alternate": 0.32994729664131667, "roll-out": 0.24270705716465177, "sft": 0.0, "oneh-in": 0.004838075865097894}, "gutenberg": {"dsfb": 0.0, "unknown": 0.025597834055655768, "oneh-out": 0.015167445062387213, "dsfb-red": 0.008274409023555706, "dsfb-alt": 0.04012858210739322, "redirect": 0.02037108391556727, "bad-redirect": 0.0025687627088398397, "sfR": 0.09863878308844841, "sfb": 0.01948527754192899, "sfT": 8.733035462943704e-05, "roll-in": 0.197011028630338, "alternate": 0.30049920379722234, "roll-out": 0.267390959243435, "sft": 0.0, "oneh-in": 0.004779300470598844}, "english-200": {"dsfb": 0.0, "unknown": 0.0, "oneh-out": 0.011135857461024499, "dsfb-red": 0.0022271714922048997, "dsfb-alt": 0.031180400890868598, "redirect": 0.028953229398663696, "bad-redirect": 0.0, "sfR": 0.10690423162583519, "sfb": 0.011135857461024499, "sfT": 0.0, "roll-in": 0.19599109131403117, "alternate": 0.34966592427616927, "roll-out": 0.26057906458797325, "sft": 0.0, "oneh-in": 0.0022271714922048997}, "monkeyracer": {"dsfb": 0.0, "unknown": 0.009365664638628651, "oneh-out": 0.020891658976805293, "dsfb-red": 0.008445813848006632, "dsfb-alt": 0.041174320033783254, "redirect": 0.020895569075809, "bad-redirect": 0.002238531679622128, "sfR": 0.09690789370786869, "sfb": 0.018986463237249167, "sfT": 0.00018377465317421837, "roll-in": 0.20358125967749505, "alternate": 0.3292234934388539, "roll-out": 0.24324041634734192, "sft": 0.0, "oneh-in": 0.004865140685362154}, "chained-bigrams": {"dsfb": 0.0, "unknown": 0.01607548556628135, "oneh-out": 0.006195016067044605, "dsfb-red": 0.012382240477784365, "dsfb-alt": 0.06042819047223281, "redirect": 0.024443075132993833, "bad-redirect": 0.004136070888489061, "sfR": 0.11914286586209158, "sfb": 0.022443216681416706, "sfT": 0.00013115954779824025, "roll-in": 0.18982942116434617, "alternate": 0.3267294717451817, "roll-out": 0.21259014784018535, "sft": 0.0, "oneh-in": 0.0054736385541542835}, "english-5k": {"dsfb": 0.0, "unknown": 0.0, "oneh-out": 0.0070933753681503295, "dsfb-red": 0.005019289003194093, "dsfb-alt": 0.05056622557763305, "redirect": 0.014643049736591031, "bad-redirect": 0.003982245820715975, "sfR": 0.10644211224955408, "sfb": 0.02103123574065624, "sfT": 0.00045629900029037207, "roll-in": 0.22702949350810966, "alternate": 0.3817563363338449, "roll-out": 0.17998921475090224, "sft": 0.0, "oneh-in": 0.0019911229103579875}, "mt-quotes": {"dsfb": 0.0, "unknown": 0.00522794372527223, "oneh-out": 0.02235659387289179, "dsfb-red": 0.008570301574210206, "dsfb-alt": 0.0401292119386572, "redirect": 0.02125392954901328, "bad-redirect": 0.0020335042612447856, "sfR": 0.0964592223377679, "sfb": 0.017865253821972005, "sfT": 0.00015090663511074456, "roll-in": 0.20418863030563822, "alternate": 0.3278887414685457, "roll-out": 0.24890630042672213, "sft": 0.0, "oneh-in": 0.004969460082953825}, "wordle": {"dsfb": 0.0, "unknown": 0.0, "oneh-out": 0.00650734881633569, "dsfb-red": 0.013800067317401549, "dsfb-alt": 0.0572871087176035, "redirect": 0.024099629754291484, "bad-redirect": 0.0017278133064063726, "sfR": 0.13138112868843263, "sfb": 0.04557388084819926, "sfT": 0.0005385392123864019, "roll-in": 0.17821160103220016, "alternate": 0.3385616515202513, "roll-out": 0.19400875126220127, "sft": 0.0, "oneh-in": 0.008302479524290363}, "english-1k": {"dsfb": 0.0, "unknown": 0.0, "oneh-out": 0.011644318983768526, "dsfb-red": 0.006351446718419196, "dsfb-alt": 0.04269583627381793, "redirect": 0.016937191249117856, "bad-redirect": 0.0017642907551164433, "sfR": 0.10832745236414962, "sfb": 0.015525758645024701, "sfT": 0.0, "roll-in": 0.20748059280169373, "alternate": 0.35885673959068454, "roll-out": 0.22865208186309105, "sft": 0.0, "oneh-in": 0.0017642907551164433}, "english-10k": {"dsfb": 0.0, "unknown": 0.0, "oneh-out": 0.005692672854634221, "dsfb-red": 0.005248837343933927, "dsfb-alt": 0.052990100538391774, "redirect": 0.014839543814283785, "bad-redirect": 0.0028559850253758127, "sfR": 0.10567144593890508, "sfb": 0.02381274000887671, "sfT": 0.00036664672623067866, "roll-in": 0.23932382624804616, "alternate": 0.37162540282896894, "roll-out": 0.1715713706798402, "sft": 0.0, "oneh-in": 0.006001427992512688}, "reddit": {"dsfb": 0.0, "unknown": 0.03279448971484982, "oneh-out": 0.015116463525750192, "dsfb-red": 0.008732971157604501, "dsfb-alt": 0.044078273258197506, "redirect": 0.020299708000734915, "bad-redirect": 0.0024506138052667746, "sfR": 0.10397777127267367, "sfb": 0.020183103073249657, "sfT": 0.0002952767887459951, "roll-in": 0.19570644400481926, "alternate": 0.3194810575051827, "roll-out": 0.2314971522065132, "sft": 0.0, "oneh-in": 0.00538667568641178}, "akl": {"dsfb": 0.0, "unknown": 0.12423987988349773, "oneh-out": 0.013801666592008528, "dsfb-red": 0.009118167640735059, "dsfb-alt": 0.03503402100931889, "redirect": 0.018902748728157646, "bad-redirect": 0.0017999488206727914, "sfR": 0.13064861186637447, "sfb": 0.02411830118532498, "sfT": 0.000319765787743957, "roll-in": 0.1705233710074028, "alternate": 0.272130370750172, "roll-out": 0.19424728944632313, "sft": 0.0, "oneh-in": 0.005115857282268024}, "french": {"dsfb": 0.0, "unknown": 0.14987089475718507, "oneh-out": 0.011547341792648571, "dsfb-red": 0.006330995282623616, "dsfb-alt": 0.0417501286153367, "redirect": 0.008957326525705845, "bad-redirect": 0.007206473987940489, "sfR": 0.10898279115633469, "sfb": 0.041441382890797546, "sfT": 0.0001998127779589831, "roll-in": 0.174793512438514, "alternate": 0.2599180856003214, "roll-out": 0.18603958444395574, "sft": 0.0, "oneh-in": 0.002961669730677335}, "keymash": {"dsfb": 0.0, "unknown": 0.008566866300238493, "oneh-out": 0.019838842754696998, "dsfb-red": 0.008558656557737066, "dsfb-alt": 0.04117596351590432, "redirect": 0.020676236489842497, "bad-redirect": 0.002261784059142985, "sfR": 0.099723742164827, "sfb": 0.019530977410893508, "sfT": 0.00018061433503138174, "roll-in": 0.2007815674861358, "alternate": 0.326825744110536, "roll-out": 0.24727744414296446, "sft": 0.0, "oneh-in": 0.004601560672049521}, "movie": {"dsfb": 0.0, "unknown": 0.024481409107544254, "oneh-out": 0.028812688768874585, "dsfb-red": 0.013066349393051029, "dsfb-alt": 0.040178267696060053, "redirect": 0.023038307209627067, "bad-redirect": 0.002030291453681048, "sfR": 0.11567713207251198, "sfb": 0.02008841005991781, "sfT": 0.00017831507128194323, "roll-in": 0.1760525096431606, "alternate": 0.315591882992677, "roll-out": 0.23631273910504785, "sft": 0.0, "oneh-in": 0.004491697426564787}, "dutch": {"dsfb": 0.0, "unknown": 0.06757562285572356, "oneh-out": 0.005624226712085129, "dsfb-red": 0.00567785771764156, "dsfb-alt": 0.03843557191290267, "redirect": 0.01680839823892346, "bad-redirect": 0.001810812978983065, "sfR": 0.18880787437283908, "sfb": 0.060173826857166775,