{"english-450k": {"roll-out": 0.17616548198241128, "bad-redirect": 0.003152953778311537, "sfb": 0.04428518722727754, "dsfb-alt": 0.05294535874094677, "dsfb": 0.0, "sfT": 0.0017698639011495638, "unknown": 0.0, "roll-in": 0.1991365847298224, "oneh-in": 0.0032239939051664007, "sft": 0.0, "oneh-out": 0.004931003373090468, "sfR": 0.11369548401129392, "dsfb-red": 0.00700110682271717, "alternate": 0.37732539476969257, "redirect": 0.016367586758120355}, "shai": {"roll-out": 0.2227453591476183, "bad-redirect": 0.002373566903731786, "sfb": 0.02276981239044808, "dsfb-alt": 0.052229966996250037, "dsfb": 0.0, "sfT": 0.0002573937967564736, "unknown": 0.015546460696927484, "roll-in": 0.2110942559108109, "oneh-in": 0.004783151831802561, "sft": 0.0, "oneh-out": 0.011997411935040296, "sfR": 0.09823378925716947, "dsfb-red": 0.006487675999099588, "alternate": 0.3335392984280257, "redirect": 0.017941856706319263}, "tr-quotes": {"roll-out": 0.24194077806800582, "bad-redirect": 0.002002958785048889, "sfb": 0.02149742262083632, "dsfb-alt": 0.04605418275120778, "dsfb": 0.0, "sfT": 0.00020457224752086175, "unknown": 0.009742030928549965, "roll-in": 0.20190356209981278, "oneh-in": 0.0047120963454381545, "sft": 0.0, "oneh-out": 0.020496521116016735, "sfR": 0.09677191928064538, "dsfb-red": 0.008340075356556714, "alternate": 0.32526987355817016, "redirect": 0.021064006842190425}, "gutenberg": {"roll-out": 0.26683496230018683, "bad-redirect": 0.0023232526446321385, "sfb": 0.021711159682700973, "dsfb-alt": 0.04503272141465324, "dsfb": 0.0, "sfT": 8.998246952056962e-05, "unknown": 0.025597834055655768, "roll-in": 0.19554668233687694, "oneh-in": 0.00480487443562048, "sft": 0.0, "oneh-out": 0.015167634499165153, "sfR": 0.09863878308844841, "dsfb-red": 0.008393564756878734, "alternate": 0.2955950644899623, "redirect": 0.020263483825698463}, "english-200": {"roll-out": 0.2583518930957684, "bad-redirect": 0.0, "sfb": 0.013363028953229399, "dsfb-alt": 0.0467706013363029, "dsfb": 0.0, "sfT": 0.0, "unknown": 0.0, "roll-in": 0.19599109131403117, "oneh-in": 0.0022271714922048997, "sft": 0.0, "oneh-out": 0.011135857461024499, "sfR": 0.10690423162583519, "dsfb-red": 0.0022271714922048997, "alternate": 0.33407572383073497, "redirect": 0.028953229398663696}, "monkeyracer": {"roll-out": 0.24245839654660056, "bad-redirect": 0.0020195661354145485, "sfb": 0.02142147739180756, "dsfb-alt": 0.045964191313324056, "dsfb": 0.0, "sfT": 0.00019648247493626538, "unknown": 0.009365664638628651, "roll-in": 0.20214918591738743, "oneh-in": 0.00473903999249261, "sft": 0.0, "oneh-out": 0.02089263650155622, "sfR": 0.09690789370786869, "dsfb-red": 0.008357836620423229, "alternate": 0.3244336221593131, "redirect": 0.021094006600247118}, "chained-bigrams": {"roll-out": 0.2116707323962135, "bad-redirect": 0.003851675433362184, "sfb": 0.024940442527119834, "dsfb-alt": 0.062083917437012574, "dsfb": 0.0, "sfT": 0.00016881921993832903, "unknown": 0.01607548556628135, "roll-in": 0.18853860343651002, "oneh-in": 0.005452211499315958, "sft": 0.0, "oneh-out": 0.006163200137133151, "sfR": 0.11914286586209158, "dsfb-red": 0.012204330992157049, "alternate": 0.3250737447804019, "redirect": 0.02463397071246256}, "english-5k": {"roll-out": 0.17903513502302235, "bad-redirect": 0.003567428547724727, "sfb": 0.022317169286929107, "dsfb-alt": 0.053138092670178785, "dsfb": 0.0, "sfT": 0.00045629900029037207, "unknown": 0.0, "roll-in": 0.22678060314431492, "oneh-in": 0.002198531546853611, "sft": 0.0, "oneh-out": 0.0070933753681503295, "sfR": 0.10644211224955408, "dsfb-red": 0.004770398639399345, "alternate": 0.3791844692412992, "redirect": 0.015016385282283154}, "mt-quotes": {"roll-out": 0.24819808512927172, "bad-redirect": 0.001843750373531275, "sfb": 0.02030067773514541, "dsfb-alt": 0.04516740177621592, "dsfb": 0.0, "sfT": 0.00015688313551117007, "unknown": 0.00522794372527223, "roll-in": 0.20270346995613248, "oneh-in": 0.004821541698043294, "sft": 0.0, "oneh-out": 0.02235659387289179, "sfR": 0.0964592223377679, "dsfb-red": 0.00848961881880446, "alternate": 0.32285055163098697, "redirect": 0.02142425981042541}, "wordle": {"roll-out": 0.19214630315269832, "bad-redirect": 0.0015707393694603389, "sfb": 0.05127342084595535, "dsfb-alt": 0.0635925053292943, "dsfb": 0.0, "sfT": 0.0005834174800852687, "unknown": 0.0, "roll-in": 0.1752271962302255, "oneh-in": 0.007517109839560193, "sft": 0.0, "oneh-out": 0.006484909682486256, "sfR": 0.13138112868843263, "dsfb-red": 0.01413665432514305, "alternate": 0.33225625490856053, "redirect": 0.023830360148098282}, "english-1k": {"roll-out": 0.2272406492589979, "bad-redirect": 0.0017642907551164433, "sfb": 0.017290049400141144, "dsfb-alt": 0.048341566690190546, "dsfb": 0.0, "sfT": 0.0, "unknown": 0.0, "roll-in": 0.20712773465067044, "oneh-in": 0.0017642907551164433, "sft": 0.0, "oneh-out": 0.011644318983768526, "sfR": 0.10832745236414962, "dsfb-red": 0.006351446718419196, "alternate": 0.3532110091743119, "redirect": 0.016937191249117856}, "english-10k": {"roll-out": 0.17083807722737887, "bad-redirect": 0.0025279326913799425, "sfb": 0.025800351208969338, "dsfb-alt": 0.055344358464715075, "dsfb": 0.0, "sfT": 0.00036664672623067866, "unknown": 0.0, "roll-in": 0.23841685803052817, "oneh-in": 0.005904942011925667, "sft": 0.0, "oneh-out": 0.005692672854634221, "sfR": 0.10567144593890508, "dsfb-red": 0.005075162578877289, "alternate": 0.3692711449026456, "redirect": 0.015090407363810038}, "reddit": {"roll-out": 0.2307354557078262, "bad-redirect": 0.002297637729503912, "sfb": 0.022825049345459796, "dsfb-alt": 0.05194286920414421, "dsfb": 0.0, "sfT": 0.00030565249221962704, "unknown": 0.03279448971484982, "roll-in": 0.1940716526604034, "oneh-in": 0.005285990159562962, "sft": 0.0, "oneh-out": 0.015111182030480222, "sfR": 0.10397777127267367, "dsfb-red": 0.00855643436889971, "alternate": 0.311616461559236, "redirect": 0.02047935375474047}, "akl": {"roll-out": 0.19052044414484556, "bad-redirect": 0.001690222359278037, "sfb": 0.0286223735293819, "dsfb-alt": 0.0422031788652752, "dsfb": 0.0, "sfT": 0.00038197953009747916, "unknown": 0.12423987988349773, "roll-in": 0.1698681501045144, "oneh-in": 0.005031554943542758, "sft": 0.0, "oneh-out": 0.013772215130179538, "sfR": 0.13064861186637447, "dsfb-red": 0.00929897787367512, "alternate": 0.26496121289421565, "redirect": 0.01876119887512217}, "french": {"roll-out": 0.18664109027152379, "bad-redirect": 0.006100679481801583, "sfb": 0.04231668181405432, "dsfb-alt": 0.04481954772736524, "dsfb": 0.0, "sfT": 0.00021302675937608014, "unknown": 0.14987089475718507, "roll-in": 0.17338015577306487, "oneh-in": 0.002926956811240358, "sft": 0.0, "oneh-out": 0.011544360406818636, "sfR": 0.10898279115633469, "dsfb-red": 0.006296776763851904, "alternate": 0.2568486664882929, "redirect": 0.010058371789090534}, "keymash": {"roll-out": 0.24658372090159392, "bad-redirect": 0.002036016140353758, "sfb": 0.021743503015027935, "dsfb-alt": 0.04559690985292246, "dsfb": 0.0, "sfT": 0.00018061433503138174, "unknown": 0.008566866300238493, "roll-in": 0.199447484329654, "oneh-in": 0.004568721702043815, "sft": 0.0, "oneh-out": 0.019842947625947713, "sfR": 0.099723742164827, "dsfb-red": 0.00843551042021567, "alternate": 0.3224047977735178, "redirect": 0.020869165438626016}, "movie": {"roll-out": 0.23589939029405405, "bad-redirect": 0.001917248910336997, "sfb": 0.021100002645116557, "dsfb-alt": 0.044769979479949026, "dsfb": 0.0, "sfT": 0.00018910609404586894, "unknown": 0.024481409107544254, "roll-in": 0.17544781757486502, "oneh-in": 0.004547889703640351, "sft": 0.0, "oneh-out": 0.028813346758067508, "sfR": 0.11567713207251198, "dsfb-red": 0.013180049925588001, "alternate": 0.311000171208788, "redirect": 0.02297645622549237}, "dutch": {"roll-out": 0.14308807867917753, "bad-redirect": 0.0017651073844784375, "sfb": 0.06098431668737614, "dsfb-alt": 0.03697080533185794, "dsfb": 0.0, "sfT": 0.0004337459125409732, "unknown": 0.06757562285572356, "roll-in": 0.18411122557731688, "oneh-in": 0.004687127543783503,