{"english-450k": {"bad-redirect": 0.003919777863662595, "sfT": 2.134127267656395e-05, "roll-in": 0.20302186574176126, "dsfb-alt": 0.05274627097803252, "sfR": 0.11369548401129392, "sft": 0.0, "sfb": 0.035357518939648634, "unknown": 0.00015377410175167997, "oneh-out": 0.005045310737700557, "redirect": 0.017597487225932747, "roll-out": 0.17790669595585806, "dsfb-red": 0.008456113865337154, "alternate": 0.3782386843017691, "dsfb": 0.0, "oneh-in": 0.003839675004575218}, "shai": {"bad-redirect": 0.003880166105560601, "sfT": 5.096167273495162e-05, "roll-in": 0.2114142574403965, "dsfb-alt": 0.046045413673937566, "sfR": 0.09823378925716947, "sft": 0.0, "sfb": 0.019570931124372335, "unknown": 0.024097749651430984, "oneh-out": 0.007883225431496397, "redirect": 0.016462071696691234, "roll-out": 0.219103877282651, "dsfb-red": 0.005097100042017158, "alternate": 0.3376084836883943, "dsfb": 0.0, "oneh-in": 0.010551972933147512}, "tr-quotes": {"bad-redirect": 0.003068583712812926, "sfT": 2.3115508194447656e-05, "roll-in": 0.20804881995330668, "dsfb-alt": 0.03759621830285939, "sfR": 0.09677191928064538, "sft": 0.0, "sfb": 0.019294514689905458, "unknown": 0.013894731975682485, "oneh-out": 0.009752432907237466, "redirect": 0.019168535170245717, "roll-out": 0.23357296410161577, "dsfb-red": 0.00574304801091052, "alternate": 0.3338954254409283, "dsfb": 0.0, "oneh-in": 0.01916969094565544}, "gutenberg": {"bad-redirect": 0.0031719294097945633, "sfT": 4.9442999041828775e-05, "roll-in": 0.20424183044423302, "dsfb-alt": 0.036742399701750736, "sfR": 0.09863878308844841, "sft": 0.0, "sfb": 0.020670583461487313, "unknown": 0.03298207965968062, "oneh-out": 0.010867609076749553, "redirect": 0.020648229921690624, "roll-out": 0.25450281749319825, "dsfb-red": 0.005864015461072068, "alternate": 0.30265707813471454, "dsfb": 0.0, "oneh-in": 0.008963201148138424}, "english-200": {"bad-redirect": 0.0022271714922048997, "sfT": 0.0, "roll-in": 0.18930957683741648, "dsfb-alt": 0.031180400890868598, "sfR": 0.10690423162583519, "sft": 0.0, "sfb": 0.011135857461024499, "unknown": 0.0, "oneh-out": 0.008908685968819599, "redirect": 0.028953229398663696, "roll-out": 0.2650334075723831, "dsfb-red": 0.0, "alternate": 0.3518930957683742, "dsfb": 0.0, "oneh-in": 0.004454342984409799}, "monkeyracer": {"bad-redirect": 0.0030664951436570375, "sfT": 2.4438118773167336e-05, "roll-in": 0.20836917590753398, "dsfb-alt": 0.03739129924769695, "sfR": 0.09690789370786869, "sft": 0.0, "sfb": 0.019345214820839264, "unknown": 0.013491796612290222, "oneh-out": 0.009715618499460406, "redirect": 0.019162417692415973, "roll-out": 0.23392851557001423, "dsfb-red": 0.00572047484242301, "alternate": 0.3332499178879209, "dsfb": 0.0, "oneh-in": 0.01962674194910615}, "chained-bigrams": {"bad-redirect": 0.0037698630421613014, "sfT": 0.0001584303448652011, "roll-in": 0.19541214290676828, "dsfb-alt": 0.057076479651764905, "sfR": 0.11914286586209158, "sft": 0.0, "sfb": 0.022290630078780137, "unknown": 0.023159399756770463, "oneh-out": 0.007074823924800128, "redirect": 0.022386727173206573, "roll-out": 0.2036823367696702, "dsfb-red": 0.012208876125001543, "alternate": 0.32720541208446935, "dsfb": 0.0, "oneh-in": 0.006432012279650337}, "english-5k": {"bad-redirect": 0.004065209275314224, "sfT": 0.0, "roll-in": 0.21753017795661012, "dsfb-alt": 0.05152030530551292, "sfR": 0.10644211224955408, "sft": 0.0, "sfb": 0.01899863110299913, "unknown": 0.002157049819554486, "oneh-out": 0.007383747459244203, "redirect": 0.015099348736881403, "roll-out": 0.18795370639233416, "dsfb-red": 0.00638818600406521, "alternate": 0.3798481768780852, "dsfb": 0.0, "oneh-in": 0.0026133488198448584}, "mt-quotes": {"bad-redirect": 0.0028627436918038274, "sfT": 1.1953000800851053e-05, "roll-in": 0.20906993700768578, "dsfb-alt": 0.03639688743859146, "sfR": 0.0964592223377679, "sft": 0.0, "sfb": 0.018606339871624772, "unknown": 0.007995063410669249, "oneh-out": 0.010177980181924673, "redirect": 0.019443049927684346, "roll-out": 0.23974731356307, "dsfb-red": 0.005553662997095421, "alternate": 0.3325040939027743, "dsfb": 0.0, "oneh-in": 0.02117175266850743}, "wordle": {"bad-redirect": 0.0031414787389206777, "sfT": 2.2439133849433412e-05, "roll-in": 0.1789072141815326, "dsfb-alt": 0.05847638281162347, "sfR": 0.13138112868843263, "sft": 0.0, "sfb": 0.03599237069449119, "unknown": 0.0, "oneh-out": 0.0072254010995175585, "redirect": 0.02499719510826882, "roll-out": 0.19569168630090877, "dsfb-red": 0.012139571412543475, "alternate": 0.3428475260854931, "dsfb": 0.0, "oneh-in": 0.009177605744418265}, "english-1k": {"bad-redirect": 0.0038814396612561752, "sfT": 0.0, "roll-in": 0.18877911079745943, "dsfb-alt": 0.04234297812279464, "sfR": 0.10832745236414962, "sft": 0.0, "sfb": 0.013408609738884969, "unknown": 0.0, "oneh-out": 0.010938602681721948, "redirect": 0.0187014820042343, "roll-out": 0.24488355681016233, "dsfb-red": 0.007410021171489062, "alternate": 0.35920959774170785, "dsfb": 0.0, "oneh-in": 0.002117148906139732}, "english-10k": {"bad-redirect": 0.0035699812817197663, "sfT": 0.0, "roll-in": 0.2306014936029795, "dsfb-alt": 0.05381987997144015, "sfR": 0.10567144593890508, "sft": 0.0, "sfb": 0.023156635340884968, "unknown": 0.0, "oneh-out": 0.006831207425561066, "redirect": 0.014202736342409449, "roll-out": 0.1789814939889234, "dsfb-red": 0.006271588738156346, "alternate": 0.3707570290036858, "dsfb": 0.0, "oneh-in": 0.006136508365334517}, "reddit": {"bad-redirect": 0.003886506285260302, "sfT": 8.529052999805033e-05, "roll-in": 0.19477971014329895, "dsfb-alt": 0.03995683407695663, "sfR": 0.10397777127267367, "sft": 0.0, "sfb": 0.01979983882075073, "unknown": 0.04519937363713543, "oneh-out": 0.00953916706324703, "redirect": 0.018707393362958402, "roll-out": 0.2244107340210889, "dsfb-red": 0.005225683724210805, "alternate": 0.32085465830692117, "dsfb": 0.0, "oneh-in": 0.01357703875549992}, "akl": {"bad-redirect": 0.0037285501260297727, "sfT": 0.00014327938518986298, "roll-in": 0.16380739999110033, "dsfb-alt": 0.03187643886265669, "sfR": 0.13064861186637447, "sft": 0.0, "sfb": 0.019075108961143415, "unknown": 0.13920166722946467, "oneh-out": 0.0073647185274130725, "redirect": 0.01832617212308942, "roll-out": 0.1952981037681243, "dsfb-red": 0.006566317069743606, "alternate": 0.2713796549647592, "dsfb": 0.0, "oneh-in": 0.012583977124911236}, "french": {"bad-redirect": 0.008233703733817198, "sfT": 4.2683257434591207e-05, "roll-in": 0.20170171810074097, "dsfb-alt": 0.038652468738034663, "sfR": 0.10898279115633469, "sft": 0.0, "sfb": 0.03820624966487501, "unknown": 0.15842537463172957, "oneh-out": 0.006223710338260995, "redirect": 0.012508711377176575, "roll-out": 0.15492936265476856, "dsfb-red": 0.006001125166023114, "alternate": 0.2575954062567423, "dsfb": 0.0, "oneh-in": 0.008496694924061781}, "keymash": {"bad-redirect": 0.003095072923037769, "sfT": 2.462922750427933e-05, "roll-in": 0.20632314367459864, "dsfb-alt": 0.03765808885404309, "sfR": 0.099723742164827, "sft": 0.0, "sfb": 0.019888101209705557, "unknown": 0.012376186820900362, "oneh-out": 0.00949456720289968, "redirect": 0.01907533670206434, "roll-out": 0.23748732621001342, "dsfb-red": 0.005656512583482819, "alternate": 0.33061043540369356, "dsfb": 0.0, "oneh-in": 0.018586857023229465}, "movie": {"bad-redirect": 0.003596174134997537, "sfT": 3.816337318949339e-05, "roll-in": 0.18510473016586987, "dsfb-alt": 0.03345019660059095, "sfR": 0.11567713207251198, "sft": 0.0, "sfb": 0.020522288133730776, "unknown": 0.030282373430185833, "oneh-out": 0.007940218786670561, "redirect": 0.01923210292424873, "roll-out": 0.22291226279983087, "dsfb-red": 0.006879277012002644, "alternate": 0.3238649127131276, "dsfb": 0.0, "oneh-in": 0.030500167853043113}, "dutch": {"bad-redirect": 0.00181493706165708, "sfT": 0.0001787700185214346, "roll-in": 0.20261600246641662, "dsfb-alt": 0.042290334057510294, "sfR": 0.18880787437283908, "sft": 0.0, "sfb": 0.03258943369136706, "unknown": 0.07360268279108878, "oneh-out": 0.003684258222228454,