{"english-450k": {"roll-out": 0.1263493969774911, "sfR": 0.11369548401129392, "dsfb": 0.0, "roll-in": 0.2596285683046434, "dsfb-red": 0.011668413922461603, "oneh-in": 0.010375074329021617, "sfT": 0.00013389456008036012, "dsfb-alt": 0.05411006600592527, "alternate": 0.35794459571736204, "sft": 0.0, "oneh-out": 0.002458339204619538, "unknown": 0.0001543587941537776, "redirect": 0.03148948635357168, "bad-redirect": 0.001607319413366419, "sfb": 0.030385002406009234}, "shai": {"roll-out": 0.14187257112495444, "sfR": 0.09823378925716947, "dsfb": 0.0, "roll-in": 0.27644284582799344, "dsfb-red": 0.010415339761514698, "oneh-in": 0.007322751532449662, "sfT": 4.198232430743679e-05, "dsfb-alt": 0.05268107088328612, "alternate": 0.32573958867772285, "sft": 0.0, "oneh-out": 0.009553949318699679, "unknown": 0.031793109309943265, "redirect": 0.025757125500018112, "bad-redirect": 0.0008442793654882769, "sfb": 0.01930159711645255}, "tr-quotes": {"roll-out": 0.14260766047941564, "sfR": 0.09677191928064538, "dsfb": 0.0, "roll-in": 0.2749046485286979, "dsfb-red": 0.010370772751438941, "oneh-in": 0.005390536510945193, "sfT": 3.1205936062504334e-05, "dsfb-alt": 0.05036869235570144, "alternate": 0.3178925591179122, "sft": 0.0, "oneh-out": 0.018111000670349736, "unknown": 0.039616513719054114, "redirect": 0.02497630660410069, "bad-redirect": 0.000758188668777883, "sfb": 0.01819999537689836}, "gutenberg": {"roll-out": 0.15318293568659277, "sfR": 0.09863878308844841, "dsfb": 0.0, "roll-in": 0.2837711785581815, "dsfb-red": 0.010097548574431415, "oneh-in": 0.0056863237633661854, "sfT": 1.3450011233600931e-05, "dsfb-alt": 0.05565273662263777, "alternate": 0.2974170674201704, "sft": 0.0, "oneh-out": 0.012027719904842117, "unknown": 0.04011588984327138, "redirect": 0.024560478259667052, "bad-redirect": 0.0012027341031286241, "sfb": 0.01763315416402876}, "english-200": {"roll-out": 0.16926503340757237, "sfR": 0.10690423162583519, "dsfb": 0.0, "roll-in": 0.28507795100222716, "dsfb-red": 0.008908685968819599, "oneh-in": 0.0022271714922048997, "sfT": 0.0, "dsfb-alt": 0.060133630289532294, "alternate": 0.32293986636971045, "sft": 0.0, "oneh-out": 0.0066815144766146995, "unknown": 0.0, "redirect": 0.022271714922048998, "bad-redirect": 0.0, "sfb": 0.015590200445434299}, "monkeyracer": {"roll-out": 0.14269710809077685, "sfR": 0.09690789370786869, "dsfb": 0.0, "roll-in": 0.2747411514459546, "dsfb-red": 0.010264009884730281, "oneh-in": 0.005430149991397782, "sfT": 3.225831678058088e-05, "dsfb-alt": 0.05047253546459796, "alternate": 0.3176632857343948, "sft": 0.0, "oneh-out": 0.01858372303986737, "unknown": 0.03912933825484461, "redirect": 0.025077419960273396, "bad-redirect": 0.0007409637612024336, "sfb": 0.018260162347310635}, "chained-bigrams": {"roll-out": 0.12534762149951725, "sfR": 0.11914286586209158, "dsfb": 0.0, "roll-in": 0.2561455065842742, "dsfb-red": 0.015231389466589702, "oneh-in": 0.012263417719135463, "sfT": 7.402073489603658e-05, "dsfb-alt": 0.062020934881881734, "alternate": 0.3180865769890313, "sft": 0.0, "oneh-out": 0.0037672658233930197, "unknown": 0.033665798979163164, "redirect": 0.03192371449033802, "bad-redirect": 0.003212759616364816, "sfb": 0.019118127353323692}, "english-5k": {"roll-out": 0.13912971336126437, "sfR": 0.10644211224955408, "dsfb": 0.0, "roll-in": 0.2768490479943585, "dsfb-red": 0.009914132824490812, "oneh-in": 0.008296345459824947, "sfT": 8.296345459824948e-05, "dsfb-alt": 0.0541751358526569, "alternate": 0.35085244949599703, "sft": 0.0, "oneh-out": 0.0030696478201352306, "unknown": 0.0022400132741527356, "redirect": 0.028124611108806572, "bad-redirect": 0.0016592690919649893, "sfb": 0.019164558012195628}, "mt-quotes": {"roll-out": 0.14383494101194105, "sfR": 0.0964592223377679, "dsfb": 0.0, "roll-in": 0.2777354442332748, "dsfb-red": 0.010179474307024778, "oneh-in": 0.005106919592163613, "sfT": 3.585900240255316e-05, "dsfb-alt": 0.05054176976129857, "alternate": 0.3182232461959575, "sft": 0.0, "oneh-out": 0.019901746333417004, "unknown": 0.03468910244916987, "redirect": 0.024948900921576363, "bad-redirect": 0.000649944418546276, "sfb": 0.017693429435459773}, "wordle": {"roll-out": 0.14551778301357568, "sfR": 0.13138112868843263, "dsfb": 0.0, "roll-in": 0.22818355211488836, "dsfb-red": 0.017906428811847862, "oneh-in": 0.004981487714574217, "sfT": 0.00022439133849433412, "dsfb-alt": 0.06004712218108381, "alternate": 0.34067093010209804, "sft": 0.0, "oneh-out": 0.004510265903736116, "unknown": 0.0, "redirect": 0.0285425782564793, "bad-redirect": 0.0005609783462358353, "sfb": 0.0374733535285538}, "english-1k": {"roll-out": 0.16055045871559634, "sfR": 0.10832745236414962, "dsfb": 0.0, "roll-in": 0.27875793930839804, "dsfb-red": 0.012702893436838392, "oneh-in": 0.007057163020465773, "sfT": 0.00035285815102328866, "dsfb-alt": 0.05187014820042343, "alternate": 0.3285109386026817, "sft": 0.0, "oneh-out": 0.00529287226534933, "unknown": 0.0, "redirect": 0.02858151023288638, "bad-redirect": 0.0, "sfb": 0.01799576570218772}, "english-10k": {"roll-out": 0.1313367167750526, "sfR": 0.10567144593890508, "dsfb": 0.0, "roll-in": 0.2745219119661913, "dsfb-red": 0.009899461608228324, "oneh-in": 0.009860867215993515, "sfT": 7.718878446961657e-05, "dsfb-alt": 0.054321607070492654, "alternate": 0.3637714440091855, "sft": 0.0, "oneh-out": 0.002894579417610621, "unknown": 0.0, "redirect": 0.025472298874973466, "bad-redirect": 0.0010806429825746318, "sfb": 0.021091835356322728}, "reddit": {"roll-out": 0.1362395791135216, "sfR": 0.10397777127267367, "dsfb": 0.0, "roll-in": 0.2662272537516877, "dsfb-red": 0.011616779947248725, "oneh-in": 0.005994871705550271, "sfT": 0.00010274568457823983, "dsfb-alt": 0.05031646832029909, "alternate": 0.3083280752489467, "sft": 0.0, "oneh-out": 0.013006936925649094, "unknown": 0.06027826737738363, "redirect": 0.02505882218535164, "bad-redirect": 0.0009385329466979136, "sfb": 0.01791389552041176}, "akl": {"roll-out": 0.11419455947000019, "sfR": 0.13064861186637447, "dsfb": 0.0, "roll-in": 0.22435760419572642, "dsfb-red": 0.01233603633677875, "oneh-in": 0.004556773659561312, "sfT": 0.00013915321562153963, "dsfb-alt": 0.03945527347078288, "alternate": 0.267746031446403, "sft": 0.0, "oneh-out": 0.011399124061145089, "unknown": 0.15113620503040356, "redirect": 0.020220083954949838, "bad-redirect": 0.001210277186435635, "sfb": 0.022600266105817272}, "french": {"roll-out": 0.1435803953835982, "sfR": 0.10898279115633469, "dsfb": 0.0, "roll-in": 0.20904409234427612, "dsfb-red": 0.007987761875605107, "oneh-in": 0.006559198644239514, "sfT": 3.080265962987698e-05, "dsfb-alt": 0.03927766085202044, "alternate": 0.22242933115545346, "sft": 0.0, "oneh-out": 0.007236632428521687, "unknown": 0.1845785256052277, "redirect": 0.029202764095239368, "bad-redirect": 0.001478917190030971, "sfb": 0.039611126609822876}, "keymash": {"roll-out": 0.1450251012876981, "sfR": 0.099723742164827, "dsfb": 0.0, "roll-in": 0.2747431376814866, "dsfb-red": 0.010623406796845817, "oneh-in": 0.0051228793208901, "sfT": 2.873409875499255e-05, "dsfb-alt": 0.05044886767126549, "alternate": 0.3176185178951862, "sft": 0.0, "oneh-out": 0.01724045925299553, "unknown": 0.03457533054475746, "redirect": 0.02491246362057854, "bad-redirect": 0.0010508470401825846, "sfb": 0.018886512624531532}, "movie": {"roll-out": 0.13492265797629632, "sfR": 0.11567713207251198, "dsfb": 0.0, "roll-in": 0.23919591615059477, "dsfb-red": 0.0120487033072774, "oneh-in": 0.003935433362868275, "sfT": 2.645116555547645e-05, "dsfb-alt": 0.05313710165498758, "alternate": 0.2866444380370919, "sft": 0.0, "oneh-out": 0.028631346947305198, "unknown": 0.08496732886260383, "redirect": 0.023306766800339364, "bad-redirect": 0.0005025721455540526, "sfb": 0.017004151517013823}, "dutch": {"roll-out": 0.15895720812369696, "sfR": 0.18880787437283908, "dsfb": 0.0, "roll-in": 0.16753094290264917, "dsfb-red": 0.007200773864389905, "oneh-in": 0.0042947838351307934, "sfT": 0.00018793265437544194, "dsfb-alt": 0.04832799109226832,