{"english-450k": {"oneh-out": 0.00951616119034018, "sfb": 0.03673388485418649, "roll-out": 0.19501099514062145, "sfR": 0.11369548401129392, "unknown": 0.00015377410175167997, "dsfb-red": 0.018339461884194653, "redirect": 0.039988282764261966, "bad-redirect": 0.003626554624010627, "dsfb-alt": 0.04507919950932614, "alternate": 0.3076750817546151, "oneh-in": 0.01067151337688512, "roll-in": 0.2194613696653396, "sft": 0.0, "sfT": 4.82371231730555e-05, "dsfb": 0.0}, "shai": {"oneh-out": 0.009370488070935615, "sfb": 0.020015447575622368, "roll-out": 0.23098459252181286, "sfR": 0.09823378925716947, "unknown": 0.023260762136131256, "dsfb-red": 0.014341552120627947, "redirect": 0.030490143926569985, "bad-redirect": 0.002959349405954175, "dsfb-alt": 0.04736453414366276, "alternate": 0.28734633702962536, "oneh-in": 0.011266775512883352, "roll-in": 0.22430250975884877, "sft": 0.0, "sfT": 6.371854015611061e-05, "dsfb": 0.0}, "tr-quotes": {"oneh-out": 0.011339312544786297, "sfb": 0.019000947735835973, "roll-out": 0.256969325720626, "sfR": 0.09677191928064538, "unknown": 0.013835787429786644, "dsfb-red": 0.01556598321814105, "redirect": 0.0332539700885324, "bad-redirect": 0.0030778299160907053, "dsfb-alt": 0.043483738239985206, "alternate": 0.2796907145003583, "oneh-in": 0.009049721458126258, "roll-in": 0.21794341323594, "sft": 0.0, "sfT": 1.733663114583574e-05, "dsfb": 0.0}, "gutenberg": {"oneh-out": 0.010316726926505728, "sfb": 0.019943335670983175, "roll-out": 0.26005009466155793, "sfR": 0.09863878308844841, "unknown": 0.032975828246008664, "dsfb-red": 0.012391059644927281, "redirect": 0.0325910821500165, "bad-redirect": 0.003596267792375776, "dsfb-alt": 0.044118878397880125, "alternate": 0.2690903965783171, "oneh-in": 0.006995331898918051, "roll-in": 0.20927308182948948, "sft": 0.0, "sfT": 1.913311457174217e-05, "dsfb": 0.0}, "english-200": {"oneh-out": 0.004454342984409799, "sfb": 0.013363028953229399, "roll-out": 0.2583518930957684, "sfR": 0.10690423162583519, "unknown": 0.0, "dsfb-red": 0.013363028953229399, "redirect": 0.0334075723830735, "bad-redirect": 0.0022271714922048997, "dsfb-alt": 0.0467706013363029, "alternate": 0.29398663697104677, "oneh-in": 0.0066815144766146995, "roll-in": 0.22048997772828507, "sft": 0.0, "sfT": 0.0, "dsfb": 0.0}, "monkeyracer": {"oneh-out": 0.011391095922548758, "sfb": 0.01890044105916762, "roll-out": 0.25787884949246914, "sfR": 0.09690789370786869, "unknown": 0.013436077701487402, "dsfb-red": 0.015628665717815977, "redirect": 0.03310583073963433, "bad-redirect": 0.0031065736584450316, "dsfb-alt": 0.04342262696091465, "alternate": 0.2790051144094968, "oneh-in": 0.008984429985767239, "roll-in": 0.21821480519886763, "sft": 0.0, "sfT": 1.7595445516680483e-05, "dsfb": 0.0}, "chained-bigrams": {"oneh-out": 0.012004345146999336, "sfb": 0.022493862447398205, "roll-out": 0.20881638896987162, "sfR": 0.11914286586209158, "unknown": 0.022916559801936097, "dsfb-red": 0.02278799747290614, "redirect": 0.04050232808197342, "bad-redirect": 0.004975621855336213, "dsfb-alt": 0.05408773015416441, "alternate": 0.27176582956141415, "oneh-in": 0.008026055298683405, "roll-in": 0.2123771759011862, "sft": 0.0, "sfT": 0.00010323944603920891, "dsfb": 0.0}, "english-5k": {"oneh-out": 0.011448956734558428, "sfb": 0.022317169286929107, "roll-out": 0.19658190567055212, "sfR": 0.10644211224955408, "unknown": 0.002157049819554486, "dsfb-red": 0.015472684282573526, "redirect": 0.03165055792923217, "bad-redirect": 0.003484465093126478, "dsfb-alt": 0.04633508939312233, "alternate": 0.3144729746546646, "oneh-in": 0.018086033102418384, "roll-in": 0.23155100178371427, "sft": 0.0, "sfT": 0.0, "dsfb": 0.0}, "mt-quotes": {"oneh-out": 0.011610846152926691, "sfb": 0.018277632349601367, "roll-out": 0.2634321846499564, "sfR": 0.0964592223377679, "unknown": 0.007977133909467972, "dsfb-red": 0.015661419299315093, "redirect": 0.032851328576039014, "bad-redirect": 0.0029568735731105296, "dsfb-alt": 0.0433131925269839, "alternate": 0.27882914380655266, "oneh-in": 0.00875407896152329, "roll-in": 0.2198679791061546, "sft": 0.0, "sfT": 8.96475060063829e-06, "dsfb": 0.0}, "wordle": {"oneh-out": 0.010927858184674072, "sfb": 0.04135532368450578, "roll-out": 0.20792101424884998, "sfR": 0.13138112868843263, "unknown": 0.0, "dsfb-red": 0.02190059463704701, "redirect": 0.0386177493548749, "bad-redirect": 0.0040614832267474475, "dsfb-alt": 0.0572197913160552, "alternate": 0.2860316391787277, "oneh-in": 0.007741501178054527, "roll-in": 0.19277459890048243, "sft": 0.0, "sfT": 6.731740154830023e-05, "dsfb": 0.0}, "english-1k": {"oneh-out": 0.013408609738884969, "sfb": 0.016231474947071278, "roll-out": 0.24135497529992944, "sfR": 0.10832745236414962, "unknown": 0.0, "dsfb-red": 0.010938602681721948, "redirect": 0.04022582921665491, "bad-redirect": 0.0024700070571630206, "dsfb-alt": 0.04269583627381793, "alternate": 0.2836979534227241, "oneh-in": 0.008468595624558928, "roll-in": 0.23218066337332394, "sft": 0.0, "sfT": 0.0, "dsfb": 0.0}, "english-10k": {"oneh-out": 0.009069682175179946, "sfb": 0.023967117577815944, "roll-out": 0.18415314254838772, "sfR": 0.10567144593890508, "unknown": 0.0, "dsfb-red": 0.015129001756044846, "redirect": 0.033499932459813586, "bad-redirect": 0.002219177553501476, "dsfb-alt": 0.049690280002315665, "alternate": 0.3047992126743984, "oneh-in": 0.018428822292120953, "roll-in": 0.25337218502151637, "sft": 0.0, "sfT": 0.0, "dsfb": 0.0}, "reddit": {"oneh-out": 0.010059263246392804, "sfb": 0.019269853880503736, "roll-out": 0.23896803328166083, "sfR": 0.10397777127267367, "unknown": 0.039285409944231534, "dsfb-red": 0.015962551576516975, "redirect": 0.030079950975737523, "bad-redirect": 0.002525378802138144, "dsfb-alt": 0.04865231036388566, "alternate": 0.27119062321082327, "oneh-in": 0.009742710646913875, "roll-in": 0.21017219734737835, "sft": 0.0, "sfT": 0.00011394545114364038, "dsfb": 0.0}, "akl": {"oneh-out": 0.007492876860053152, "sfb": 0.02656450204928559, "roll-out": 0.19741902904904912, "sfR": 0.13064861186637447, "unknown": 0.13277008071454782, "dsfb-red": 0.014395143196985337, "redirect": 0.02230375017174872, "bad-redirect": 0.0023456162153819007, "dsfb-alt": 0.039661977270834335, "alternate": 0.2343808854280566, "oneh-in": 0.006908863266721061, "roll-in": 0.18485946303511694, "sft": 0.0, "sfT": 0.00024920087584496604, "dsfb": 0.0}, "french": {"oneh-out": 0.017500165511859078, "sfb": 0.05040092672857791, "roll-out": 0.17495862727887432, "sfR": 0.10898279115633469, "unknown": 0.15807953387545715, "dsfb-red": 0.015954564159370625, "redirect": 0.03160583598335835, "bad-redirect": 0.001940822247934053, "dsfb-alt": 0.03645550199997804, "alternate": 0.21315533351272586, "oneh-in": 0.013359035575918271, "roll-in": 0.1775622760187077, "sft": 0.0, "sfT": 4.4585950903946446e-05, "dsfb": 0.0}, "keymash": {"oneh-out": 0.011325339780717777, "sfb": 0.018800310328266553, "roll-out": 0.2600846424451897, "sfR": 0.099723742164827, "unknown": 0.01232282349464109, "dsfb-red": 0.01573807637523449, "redirect": 0.033376708139549204, "bad-redirect": 0.0034029382668412603, "dsfb-alt": 0.04360194242507584, "alternate": 0.27741540886570093, "oneh-in": 0.008554551686486353, "roll-in": 0.21564941115621908, "sft": 0.0, "sfT": 4.104871250713221e-06, "dsfb": 0.0}, "movie": {"oneh-out": 0.012536273299232825, "sfb": 0.015724230938941368, "roll-out": 0.2597720278003066, "sfR": 0.11567713207251198, "unknown": 0.030236445784519856, "dsfb-red": 0.019741254961732006, "redirect": 0.03231634962334724, "bad-redirect": 0.0024178470883122827, "dsfb-alt": 0.0434347878096711, "alternate": 0.26615491776516864, "oneh-in": 0.006286033955663899, "roll-in": 0.19568690715996204, "sft": 0.0, "sfT": 1.5791740630135195e-05, "dsfb": 0.0}, "dutch": {"oneh-out": 0.005042049684868085, "sfb": 0.041360532722462255, "roll-out": 0.14255022657530902, "sfR": 0.18880787437283908, "unknown": 0.07290361491625476, "dsfb-red": 0.013280137926538182, "redirect": 0.03350885309655313, "bad-redirect": 0.0006404879700687707,