{"english-450k": {"sfb": 0.03649240689212016, "oneh-in": 0.010697532188778466, "dsfb-alt": 0.04613339991030819, "sfT": 4.9406507977250786e-05, "oneh-out": 0.00952113107575801, "alternate": 0.3066208813536331, "unknown": 0.00015377410175167997, "sft": 0.0, "redirect": 0.04005756881391053, "roll-in": 0.2197133720906437, "bad-redirect": 0.0035949812342973547, "roll-out": 0.1948136614549135, "sfR": 0.11369548401129392, "dsfb-red": 0.01845640036461418, "dsfb": 0.0}, "shai": {"sfb": 0.01994960805144114, "oneh-in": 0.011275909677663065, "dsfb-alt": 0.047767106974693406, "sfT": 6.546409452714906e-05, "oneh-out": 0.009372756130495322, "alternate": 0.2869437641985947, "unknown": 0.023260762136131256, "sft": 0.0, "redirect": 0.030506624127261517, "roll-in": 0.2243480993041624, "bad-redirect": 0.00294882576441348, "roll-out": 0.2309783224595488, "sfR": 0.09823378925716947, "dsfb-red": 0.014348967823898258, "dsfb": 0.0}, "tr-quotes": {"sfb": 0.018871500889947067, "oneh-in": 0.009062434987633204, "dsfb-alt": 0.043753033910450524, "sfT": 2.080395737500289e-05, "oneh-out": 0.011341624095605742, "alternate": 0.27942141882989296, "unknown": 0.013835787429786644, "sft": 0.0, "redirect": 0.03326321629181018, "roll-in": 0.21793301125725248, "bad-redirect": 0.003063960611174037, "roll-out": 0.25709068213864683, "sfR": 0.09677191928064538, "dsfb-red": 0.015570606319779941, "dsfb": 0.0}, "gutenberg": {"sfb": 0.01992136100474236, "oneh-in": 0.006997794577031246, "dsfb-alt": 0.04417362562670422, "sfT": 1.9511988127618252e-05, "oneh-out": 0.010317295236839543, "alternate": 0.26903564934949303, "unknown": 0.032975828246008664, "sft": 0.0, "redirect": 0.03259278708101794, "roll-in": 0.20922022896844475, "bad-redirect": 0.0035938051142625814, "roll-out": 0.2601220806371744, "sfR": 0.09863878308844841, "dsfb-red": 0.012391249081705219, "dsfb": 0.0}, "english-200": {"sfb": 0.013363028953229399, "oneh-in": 0.0066815144766146995, "dsfb-alt": 0.0467706013363029, "sfT": 0.0, "oneh-out": 0.004454342984409799, "alternate": 0.29398663697104677, "unknown": 0.0, "sft": 0.0, "redirect": 0.0334075723830735, "roll-in": 0.22048997772828507, "bad-redirect": 0.0022271714922048997, "roll-out": 0.2583518930957684, "sfR": 0.10690423162583519, "dsfb-red": 0.013363028953229399, "dsfb": 0.0}, "monkeyracer": {"sfb": 0.018783138089056416, "oneh-in": 0.008998115332280213, "dsfb-alt": 0.04368753616841579, "sfT": 2.052801976946056e-05, "oneh-out": 0.011393050972050612, "alternate": 0.2787402052019957, "unknown": 0.013436077701487402, "sft": 0.0, "redirect": 0.03311365093764174, "roll-in": 0.21820209737710558, "bad-redirect": 0.0030919107871811313, "roll-out": 0.2579932198883276, "sfR": 0.09690789370786869, "dsfb-red": 0.01563257581681968, "dsfb": 0.0}, "chained-bigrams": {"sfb": 0.022458799994026397, "oneh-in": 0.008026704603375475, "dsfb-alt": 0.05437602143744372, "sfT": 0.00010323944603920891, "oneh-out": 0.011997852100078631, "alternate": 0.27147753827813487, "unknown": 0.022916559801936097, "sft": 0.0, "redirect": 0.04050752251950998, "roll-in": 0.21243821054224085, "bad-redirect": 0.00497107672249172, "roll-out": 0.20878717025872845, "sfR": 0.11914286586209158, "dsfb-red": 0.022796438433903055, "dsfb": 0.0}, "english-5k": {"sfb": 0.022151242377732607, "oneh-in": 0.018086033102418384, "dsfb-alt": 0.046708424938814455, "sfT": 0.0, "oneh-out": 0.011448956734558428, "alternate": 0.3140996391089725, "unknown": 0.002157049819554486, "sft": 0.0, "redirect": 0.0316920396565313, "roll-in": 0.23155100178371427, "bad-redirect": 0.003484465093126478, "roll-out": 0.1967063508524495, "sfR": 0.10644211224955408, "dsfb-red": 0.015472684282573526, "dsfb": 0.0}, "mt-quotes": {"sfb": 0.01815212584119243, "oneh-in": 0.008766031962324141, "dsfb-alt": 0.043543287792400284, "sfT": 8.96475060063829e-06, "oneh-out": 0.011610846152926691, "alternate": 0.27859904854113626, "unknown": 0.007977133909467972, "sft": 0.0, "redirect": 0.03286477570193997, "roll-in": 0.21986050848065405, "bad-redirect": 0.0029434264472095717, "roll-out": 0.26355022053286475, "sfR": 0.0964592223377679, "dsfb-red": 0.015664407549515307, "dsfb": 0.0}, "wordle": {"sfb": 0.04086166273981824, "oneh-in": 0.007876135981151127, "dsfb-alt": 0.05959833950409514, "sfT": 6.731740154830023e-05, "oneh-out": 0.010927858184674072, "alternate": 0.28365309099068775, "unknown": 0.0, "sft": 0.0, "redirect": 0.038797262425670366, "roll-in": 0.19364972512061035, "bad-redirect": 0.003926848423650847, "roll-out": 0.20715808369796926, "sfR": 0.13138112868843263, "dsfb-red": 0.02210254684169191, "dsfb": 0.0}, "english-1k": {"sfb": 0.016231474947071278, "oneh-in": 0.008468595624558928, "dsfb-alt": 0.043048694424841216, "sfT": 0.0, "oneh-out": 0.013408609738884969, "alternate": 0.28334509527170076, "unknown": 0.0, "sft": 0.0, "redirect": 0.04022582921665491, "roll-in": 0.23218066337332394, "bad-redirect": 0.0024700070571630206, "roll-out": 0.24135497529992944, "sfR": 0.10832745236414962, "dsfb-red": 0.010938602681721948, "dsfb": 0.0}, "english-10k": {"sfb": 0.02371625402828969, "oneh-in": 0.018428822292120953, "dsfb-alt": 0.050249898689720386, "sfT": 0.0, "oneh-out": 0.009069682175179946, "alternate": 0.3042395939869937, "unknown": 0.0, "sft": 0.0, "redirect": 0.033577121244283206, "roll-in": 0.2534879681982208, "bad-redirect": 0.002219177553501476, "roll-out": 0.18417243974450512, "sfR": 0.10567144593890508, "dsfb-red": 0.015167596148279654, "dsfb": 0.0}, "reddit": {"sfb": 0.019167782429364216, "oneh-in": 0.009743347422939332, "dsfb-alt": 0.049027446357706686, "sfT": 0.00012435861203053455, "oneh-out": 0.010058551555540822, "alternate": 0.2708154872170022, "unknown": 0.039285409944231534, "sft": 0.0, "redirect": 0.0300877046602828, "roll-in": 0.21016871380794497, "bad-redirect": 0.002520134764281435, "roll-out": 0.23904991518705201, "sfR": 0.10397777127267367, "dsfb-red": 0.015973376768949752, "dsfb": 0.0}, "akl": {"sfb": 0.025077966329350544, "oneh-in": 0.007711631700305967, "dsfb-alt": 0.045286452302474044, "sfT": 0.00029471638024596085, "oneh-out": 0.008383463616931403, "alternate": 0.25946955264444915, "unknown": 0.06665478384099267, "sft": 0.0, "redirect": 0.025407686862390064, "roll-in": 0.20148885981995351, "bad-redirect": 0.0027180569758567994, "roll-out": 0.22312570108981247, "sfR": 0.11790358951788564, "dsfb-red": 0.016477538919351796, "dsfb": 0.0}, "french": {"sfb": 0.05032537331782234, "oneh-in": 0.013366032094423696, "dsfb-alt": 0.036683570525048864, "sfT": 4.69980268769086e-05, "oneh-out": 0.017500614967009318, "alternate": 0.21292726498765505, "unknown": 0.15807953387545715, "sft": 0.0, "redirect": 0.03160680980285054, "roll-in": 0.17767568853495194, "bad-redirect": 0.0019325223094929288, "roll-out": 0.17490765906483693, "sfR": 0.10898279115633469, "dsfb-red": 0.015965141337239638, "dsfb": 0.0}, "keymash": {"sfb": 0.018652534963240878, "oneh-in": 0.008591495527742772, "dsfb-alt": 0.043798976245110074, "sfT": 4.104871250713221e-06, "oneh-out": 0.011325339780717777, "alternate": 0.2772183750456667, "unknown": 0.01232282349464109, "sft": 0.0, "redirect": 0.033397232495802766, "roll-in": 0.21563709654246693, "bad-redirect": 0.003370099296835555, "roll-out": 0.2602159983252125, "sfR": 0.099723742164827, "dsfb-red": 0.015742181246485205, "dsfb": 0.0}, "movie": {"sfb": 0.015519596299942531, "oneh-in": 0.006303668066034216, "dsfb-alt": 0.04365087146062678, "sfT": 1.7765708208902093e-05, "oneh-out": 0.012537194484102916, "alternate": 0.265938834114213, "unknown": 0.030236445784519856, "sft": 0.0, "redirect": 0.032313322873059803, "roll-in": 0.1957633655041796, "bad-redirect": 0.0024000813801033807, "roll-out": 0.25990191486698944, "sfR": 0.11567713207251198, "dsfb-red": 0.01973980738550758, "dsfb": 0.0}, "dutch": {"sfb": 0.04194552488437417, "oneh-in": 0.004556376192222991, "dsfb-alt": 0.033535605841551526, "sfT": 0.0002770845633111062, "oneh-out": 0.005013611445211615, "alternate": 0.21574068040693867, "unknown": 0.07290361491625476, "sft": 0.0,