{"english-450k": {"sft": 0.0, "unknown": 0.00015377410175167997, "dsfb": 0.0, "sfT": 0.0006320524866675516, "roll-out": 0.19048576829458674, "redirect": 0.04011311459210981, "sfR": 0.11369548401129392, "dsfb-red": 0.01753667921611459, "roll-in": 0.21824842527718805, "oneh-in": 0.010465701651346752, "dsfb-alt": 0.04684467821745997, "oneh-out": 0.009117400972109588, "sfb": 0.04320818382261368, "alternate": 0.3059096030464813, "bad-redirect": 0.0035891343102763783}, "shai": {"sft": 0.0, "unknown": 0.023260762136131256, "dsfb": 0.0, "sfT": 0.00037589410313803456, "roll-out": 0.22669690720276886, "redirect": 0.03050033858336226, "sfR": 0.09823378925716947, "dsfb-red": 0.013894682460824497, "roll-in": 0.22275895976415896, "oneh-in": 0.01101781146650409, "dsfb-alt": 0.047487005489478214, "oneh-out": 0.009156094516002283, "sfb": 0.026485764791231697, "alternate": 0.2872238656838099, "bad-redirect": 0.002908124545420486}, "tr-quotes": {"sft": 0.0, "unknown": 0.013835787429786644, "dsfb": 0.0, "sfT": 0.00024964748850003467, "roll-out": 0.2528628556898823, "redirect": 0.03327246249508795, "sfR": 0.09677191928064538, "dsfb-red": 0.015265481611613231, "roll-in": 0.2168604516770301, "oneh-in": 0.008874043595848456, "dsfb-alt": 0.04388248075633943, "oneh-out": 0.010956750884168188, "sfb": 0.02485957328771873, "alternate": 0.2792919719840041, "bad-redirect": 0.003016573819375419}, "gutenberg": {"sft": 0.0, "unknown": 0.032975828246008664, "dsfb": 0.0, "sfT": 0.000211032570622978, "roll-out": 0.2565237290402413, "redirect": 0.032630106126271735, "sfR": 0.09863878308844841, "dsfb-red": 0.012097432639123317, "roll-in": 0.20842402619077116, "oneh-in": 0.006823702178106185, "dsfb-alt": 0.04357178498319506, "oneh-out": 0.010140361286245412, "sfb": 0.024760523497169624, "alternate": 0.2696374899930022, "bad-redirect": 0.003565200160793937}, "english-200": {"sft": 0.0, "unknown": 0.0, "dsfb": 0.0, "sfT": 0.0, "roll-out": 0.25389755011135856, "redirect": 0.0334075723830735, "sfR": 0.10690423162583519, "dsfb-red": 0.013363028953229399, "roll-in": 0.22048997772828507, "oneh-in": 0.0066815144766146995, "dsfb-alt": 0.0467706013363029, "oneh-out": 0.004454342984409799, "sfb": 0.017817371937639197, "alternate": 0.29398663697104677, "bad-redirect": 0.0022271714922048997}, "monkeyracer": {"sft": 0.0, "unknown": 0.013436077701487402, "dsfb": 0.0, "sfT": 0.00026393168275020725, "roll-out": 0.2538103914791123, "redirect": 0.03311756103664545, "sfR": 0.09690789370786869, "dsfb-red": 0.015315857797519433, "roll-in": 0.21716396609162145, "oneh-in": 0.008807498005849509, "dsfb-alt": 0.04387424339584278, "oneh-out": 0.011029411764705883, "sfb": 0.024669792139136962, "alternate": 0.27855349797456874, "bad-redirect": 0.0030498772228912834}, "chained-bigrams": {"sft": 0.0, "unknown": 0.022916559801936097, "dsfb": 0.0, "sfT": 0.0003967251668550732, "roll-out": 0.20575686526083545, "redirect": 0.04031078319781262, "sfR": 0.11914286586209158, "dsfb-red": 0.022493862447398205, "roll-in": 0.21110194148595976, "oneh-in": 0.007887753399272389, "dsfb-alt": 0.05476950008083843, "oneh-out": 0.011945258420020921, "sfb": 0.027403255224143226, "alternate": 0.27108405963474014, "bad-redirect": 0.004790570018096122}, "english-5k": {"sft": 0.0, "unknown": 0.002157049819554486, "dsfb": 0.0, "sfT": 8.296345459824948e-05, "roll-out": 0.1930144771228274, "redirect": 0.03173352138383042, "sfR": 0.10644211224955408, "dsfb-red": 0.015016385282283154, "roll-in": 0.2300576596009458, "oneh-in": 0.01804455137511926, "dsfb-alt": 0.046542498029617956, "oneh-out": 0.011283029825361928, "sfb": 0.027917202472310946, "alternate": 0.314265566018169, "bad-redirect": 0.003442983365827353}, "mt-quotes": {"sft": 0.0, "unknown": 0.007977133909467972, "dsfb": 0.0, "sfT": 0.00023308351561659554, "roll-out": 0.2596699776478885, "redirect": 0.03285581095133933, "sfR": 0.0964592223377679, "dsfb-red": 0.015390982656195838, "roll-in": 0.21885645641338258, "oneh-in": 0.008582254575011057, "dsfb-alt": 0.043744994680914646, "oneh-out": 0.01127317388030265, "sfb": 0.02364901208448381, "alternate": 0.27839734165262187, "bad-redirect": 0.0029105556950072315}, "wordle": {"sft": 0.0, "unknown": 0.0, "dsfb": 0.0, "sfT": 0.0017726915741052395, "roll-out": 0.19943902165376418, "redirect": 0.03982946258274431, "sfR": 0.13138112868843263, "dsfb-red": 0.020038146527544036, "roll-in": 0.18909458094917536, "oneh-in": 0.006215640076293055, "dsfb-alt": 0.06121395714125435, "oneh-out": 0.009716144956804668, "sfb": 0.05616515202513183, "alternate": 0.2820374733535286, "bad-redirect": 0.003096600471221811}, "english-1k": {"sft": 0.0, "unknown": 0.0, "dsfb": 0.0, "sfT": 0.0, "roll-out": 0.23500352858151025, "redirect": 0.04022582921665491, "sfR": 0.10832745236414962, "dsfb-red": 0.010938602681721948, "roll-in": 0.23182780522230065, "oneh-in": 0.008468595624558928, "dsfb-alt": 0.04199011997177135, "oneh-out": 0.01305575158786168, "sfb": 0.02328863796753705, "alternate": 0.28440366972477066, "bad-redirect": 0.0024700070571630206}, "english-10k": {"sft": 0.0, "unknown": 0.0, "dsfb": 0.0, "sfT": 0.0006561046679917408, "roll-out": 0.1789236024005712, "redirect": 0.033538526852048396, "sfR": 0.10567144593890508, "dsfb-red": 0.014241330734644257, "roll-in": 0.2517126261554196, "oneh-in": 0.01798498678142066, "dsfb-alt": 0.049786765982902687, "oneh-out": 0.008838115821771096, "sfb": 0.03176318480924722, "alternate": 0.3047027266938114, "bad-redirect": 0.002180583161266668}, "reddit": {"sft": 0.0, "unknown": 0.039285409944231534, "dsfb": 0.0, "sfT": 0.000513166561692266, "roll-out": 0.23380112023885843, "redirect": 0.030119880578275037, "sfR": 0.10397777127267367, "dsfb-red": 0.015382336245085353, "roll-in": 0.20868472600932278, "oneh-in": 0.009517067189422326, "dsfb-alt": 0.049640099809023376, "oneh-out": 0.00986912941667383, "sfb": 0.026521234513934813, "alternate": 0.27020283376568555, "bad-redirect": 0.0024852244551210557}, "akl": {"sft": 0.0, "unknown": 0.13277008071454782, "dsfb": 0.0, "sfT": 0.0005927600845128475, "roll-out": 0.19337550641010326, "redirect": 0.022267182920484536, "sfR": 0.13064861186637447, "dsfb-red": 0.014211343344178406, "roll-in": 0.18415480222021524, "oneh-in": 0.006587540900038156, "dsfb-alt": 0.042309001525521486, "oneh-out": 0.007348831539194917, "sfb": 0.03169545567650119, "alternate": 0.23173386117336947, "bad-redirect": 0.0023050216249582162}, "french": {"sft": 0.0, "unknown": 0.15807953387545715, "dsfb": 0.0, "sfT": 9.661787546355868e-05, "roll-out": 0.17447453411838765, "redirect": 0.03165377786605077, "sfR": 0.10898279115633469, "dsfb-red": 0.015802977919032544, "roll-in": 0.1770367131296921, "oneh-in": 0.013344682974787228, "dsfb-alt": 0.03614879380545331, "oneh-out": 0.017467160521993017, "sfb": 0.051533493779832865, "alternate": 0.21346204170725058, "bad-redirect": 0.0019168812702645283}, "keymash": {"sft": 0.0, "unknown": 0.01232282349464109, "dsfb": 0.0, "sfT": 0.00025450201754421975, "roll-out": 0.2557622130181887, "redirect": 0.033405442238304196, "sfR": 0.099723742164827, "dsfb-red": 0.015422001288929572, "roll-in": 0.21445489362226153, "oneh-in": 0.008423195806463531, "dsfb-alt": 0.04363478139508154, "oneh-out": 0.010976425724407154, "sfb": 0.024908358749327827, "alternate": 0.2773825698956952, "bad-redirect": 0.0033290505843284225}, "movie": {"sft": 0.0, "unknown": 0.030236445784519856, "dsfb": 0.0, "sfT": 0.0003135976493467681, "roll-out": 0.25288761847259916, "redirect": 0.03230450581787465, "sfR": 0.11567713207251198, "dsfb-red": 0.019434105606475877, "roll-in": 0.19426367653567111, "oneh-in": 0.006128248147201131, "dsfb-alt": 0.043106319604564285, "oneh-out": 0.012318347278536958, "sfb": 0.024497727239528727, "alternate": 0.2664833859702755, "bad-redirect": 0.0023488898208940258}, "dutch": {"sft": 0.0, "unknown": 0.07290361491625476, "dsfb": 0.0, "sfT": 0.0004050207801767467, "roll-out": 0.14226421247646898, "redirect": 0.03388131155439939, "sfR": 0.18880787437283908, "dsfb-red": 0.012995181744557978,