{"english-450k": {"sfR": 0.11369548401129392, "unknown": 0.00015377410175167997, "sfT": 6.4316164230740675e-06, "bad-redirect": 0.0046453811346657695, "oneh-in": 0.004964038493808985, "dsfb": 0.0, "sfb": 0.026124641218124762, "dsfb-alt": 0.045190583411925736, "redirect": 0.017601872418948478, "sft": 0.0, "alternate": 0.3841771126836738, "roll-out": 0.18383606160553026, "roll-in": 0.20462129180769933, "oneh-out": 0.007204287432446102, "dsfb-red": 0.007779040063708084}, "shai": {"sfR": 0.09823378925716947, "unknown": 0.023260762136131256, "sfT": 6.328118396114976e-05, "bad-redirect": 0.005651203248170922, "oneh-in": 0.011154336266690363, "dsfb": 0.0, "sfb": 0.015401188772841991, "dsfb-alt": 0.03951820144889528, "redirect": 0.015479127194947538, "sft": 0.0, "alternate": 0.34181004467071024, "roll-out": 0.2251731117746196, "roll-in": 0.2098938215270899, "oneh-out": 0.009560939277001442, "dsfb-red": 0.004800193241770814}, "tr-quotes": {"sfR": 0.09677191928064538, "unknown": 0.013835787429786644, "sfT": 7.281385081251011e-05, "bad-redirect": 0.005137421696215992, "oneh-in": 0.01923672591941934, "dsfb": 0.0, "sfb": 0.01618547883775225, "dsfb-alt": 0.035134416680150715, "redirect": 0.017735373662189965, "sft": 0.0, "alternate": 0.3340445204687825, "roll-out": 0.24222741036961698, "roll-in": 0.20237743001779895, "oneh-out": 0.011230669656272393, "dsfb-red": 0.006010032130556391}, "gutenberg": {"sfR": 0.09863878308844841, "unknown": 0.032975828246008664, "sfT": 0.0001077895266467455, "bad-redirect": 0.005461651744731668, "oneh-in": 0.009759972236145826, "dsfb": 0.0, "sfb": 0.018004071375231443, "dsfb-alt": 0.034803703716332825, "redirect": 0.01942238453165356, "sft": 0.0, "alternate": 0.3013505326772759, "roll-out": 0.26046856050402306, "roll-in": 0.2008270430851219, "oneh-out": 0.012219808797671292, "dsfb-red": 0.005959870470708717}, "english-200": {"sfR": 0.10690423162583519, "unknown": 0.0, "sfT": 0.0, "bad-redirect": 0.0066815144766146995, "oneh-in": 0.004454342984409799, "dsfb": 0.0, "sfb": 0.008908685968819599, "dsfb-alt": 0.028953229398663696, "redirect": 0.024498886414253896, "sft": 0.0, "alternate": 0.3518930957683742, "roll-out": 0.267260579064588, "roll-in": 0.1915367483296214, "oneh-out": 0.008908685968819599, "dsfb-red": 0.0}, "monkeyracer": {"sfR": 0.09690789370786869, "unknown": 0.013436077701487402, "sfT": 7.42918810704287e-05, "bad-redirect": 0.0051329824671160675, "oneh-in": 0.019681483335158047, "dsfb": 0.0, "sfb": 0.01617705710308585, "dsfb-alt": 0.03500711638018675, "redirect": 0.017735231556063, "sft": 0.0, "alternate": 0.3332860863037052, "roll-out": 0.24270180020958132, "roll-in": 0.20263794829285078, "oneh-out": 0.01119265839811064, "dsfb-red": 0.006029372663715845}, "chained-bigrams": {"sfR": 0.11914286586209158, "unknown": 0.022916559801936097, "sfT": 4.8697851905287224e-05, "bad-redirect": 0.006978077525681624, "oneh-in": 0.006809907610435365, "dsfb": 0.0, "sfb": 0.016676741711138626, "dsfb-alt": 0.050986650944835725, "redirect": 0.02137640907234488, "sft": 0.0, "alternate": 0.3310635805647522, "roll-out": 0.21053185196632188, "roll-in": 0.1944433803061991, "oneh-out": 0.008070208017744199, "dsfb-red": 0.010955068764613414}, "english-5k": {"sfR": 0.10644211224955408, "unknown": 0.002157049819554486, "sfT": 0.0, "bad-redirect": 0.005600033185381839, "oneh-in": 0.002779275729041357, "dsfb": 0.0, "sfb": 0.01348156137221554, "dsfb-alt": 0.04247728875430373, "redirect": 0.013606006554112914, "sft": 0.0, "alternate": 0.38731488779192763, "roll-out": 0.1910233542124694, "roll-in": 0.21943833741236984, "oneh-out": 0.009789687642593437, "dsfb-red": 0.005890405276475713}, "mt-quotes": {"sfR": 0.0964592223377679, "unknown": 0.007977133909467972, "sfT": 7.022387970499993e-05, "bad-redirect": 0.004997848459855847, "oneh-in": 0.021309212177717217, "dsfb": 0.0, "sfb": 0.015618089671412008, "dsfb-alt": 0.034139264412330714, "redirect": 0.01774871206416371, "sft": 0.0, "alternate": 0.33237559914416515, "roll-out": 0.24865827566010448, "roll-in": 0.20304114222875652, "oneh-out": 0.01158694015132499, "dsfb-red": 0.0060183359032285055}, "wordle": {"sfR": 0.13138112868843263, "unknown": 0.0, "sfT": 6.731740154830023e-05, "bad-redirect": 0.004757096376079883, "oneh-in": 0.011511275664759341, "dsfb": 0.0, "sfb": 0.02598451699764389, "dsfb-alt": 0.044496802423426456, "redirect": 0.024884999439021654, "sft": 0.0, "alternate": 0.350454392460451, "roll-out": 0.2014809828340626, "roll-in": 0.18431504543924604, "oneh-out": 0.01005273196454617, "dsfb-red": 0.010613710310782004}, "english-1k": {"sfR": 0.10832745236414962, "unknown": 0.0, "sfT": 0.0, "bad-redirect": 0.0038814396612561752, "oneh-in": 0.0017642907551164433, "dsfb": 0.0, "sfb": 0.009527170077628794, "dsfb-alt": 0.029992942836979536, "redirect": 0.017642907551164433, "sft": 0.0, "alternate": 0.3694424841213832, "roll-out": 0.24770642201834864, "roll-in": 0.1901905434015526, "oneh-out": 0.014820042342978124, "dsfb-red": 0.0067043048694424845}, "english-10k": {"sfR": 0.10567144593890508, "unknown": 0.0, "sfT": 0.0, "bad-redirect": 0.00494008220605546, "oneh-in": 0.006985584994500299, "dsfb": 0.0, "sfb": 0.015129001756044846, "dsfb-alt": 0.04324501649910268, "redirect": 0.013855386812296174, "sft": 0.0, "alternate": 0.37955655043322206, "roll-out": 0.18231990891723432, "roll-in": 0.2339013141390556, "oneh-out": 0.009359140116941009, "dsfb-red": 0.005036568186642481}, "reddit": {"sfR": 0.10397777127267367, "unknown": 0.039285409944231534, "sfT": 0.0001889726499078454, "bad-redirect": 0.005666669850546794, "oneh-in": 0.014208683115340553, "dsfb": 0.0, "sfb": 0.016388367450481767, "dsfb-alt": 0.035530978498133775, "redirect": 0.01812665362774111, "sft": 0.0, "alternate": 0.32275150171451944, "roll-out": 0.23155378781536567, "roll-in": 0.19492732980896532, "oneh-out": 0.011040610016449423, "dsfb-red": 0.006353264235643088}, "akl": {"sfR": 0.13064861186637447, "unknown": 0.13277008071454782, "sfT": 0.00017006242598065647, "bad-redirect": 0.005645835349576622, "oneh-in": 0.013279174928168205, "dsfb": 0.0, "sfb": 0.01604049655065813, "dsfb-alt": 0.0279614698779862, "redirect": 0.01770981627847029, "sft": 0.0, "alternate": 0.2725852377067758, "roll-out": 0.20008875959016315, "roll-in": 0.16819129455802956, "oneh-out": 0.008574056824964897, "dsfb-red": 0.006335103328304266}, "french": {"sfR": 0.10898279115633469, "unknown": 0.15807953387545715, "sfT": 0.0004053336363260319, "bad-redirect": 0.00788333846236569, "oneh-in": 0.005158067158876987, "dsfb": 0.0, "sfb": 0.03786181720140668, "dsfb-alt": 0.03455510075188903, "redirect": 0.015369493408463058, "sft": 0.0, "alternate": 0.2587643492114901, "roll-out": 0.1609357764097262, "roll-in": 0.19458506023365704, "oneh-out": 0.01023975690588962, "dsfb-red": 0.0071795815881177125}, "keymash": {"sfR": 0.099723742164827, "unknown": 0.01232282349464109, "sfT": 7.79925537635512e-05, "bad-redirect": 0.005151613419645093, "oneh-in": 0.018455501143206644, "dsfb": 0.0, "sfb": 0.016000788135280136, "dsfb-alt": 0.03485035691855525, "redirect": 0.017704309704326123, "sft": 0.0, "alternate": 0.33113175405253414, "roll-out": 0.24599672431274194, "roll-in": 0.20132341049122995, "oneh-out": 0.010964111110655015, "dsfb-red": 0.006296872498594081}, "movie": {"sfR": 0.11567713207251198, "unknown": 0.030236445784519856, "sfT": 4.987558082351032e-05, "bad-redirect": 0.005988754438301604, "oneh-in": 0.028958235978348998, "dsfb": 0.0, "sfb": 0.0165030269476842, "dsfb-alt": 0.03323779768911563, "redirect": 0.018282756116700438, "sft": 0.0, "alternate": 0.32018517395062895, "roll-out": 0.235258114026632, "roll-in": 0.17664641068869227, "oneh-out": 0.009299492861409447, "dsfb-red": 0.009676783864631094}, "dutch": {"sfR": 0.18880787437283908, "unknown": 0.07290361491625476, "sfT": 6.399500462417253e-05, "bad-redirect": 0.005529390741377018, "oneh-in": 0.00692358171631339, "dsfb": 0.0, "sfb": 0.05009512465649529, "dsfb-alt": 0.03472034720903064, "redirect": 0.015623495494296232, "sft": 0.0,