{"english-450k": {"dsfb": 0.0, "bad-redirect": 0.015029225849718851, "sft": 0.0, "unknown": 0.00015377410175167997, "sfb": 0.12759040660094334, "roll-out": 0.22088684974165365, "dsfb-red": 0.026917776461570214, "dsfb-alt": 0.03442201109629241, "redirect": 0.06299388236339686, "oneh-in": 0.01822106167276988, "oneh-out": 0.013625671738483459, "alternate": 0.17999492486994978, "sfR": 0.11369548401129392, "sfT": 0.003383614930939057, "roll-in": 0.1830853165612369}, "shai": {"dsfb": 0.0, "bad-redirect": 0.012742059237071208, "sft": 0.0, "unknown": 0.023260762136131256, "sfb": 0.11777810358019007, "roll-out": 0.19807726218427915, "dsfb-red": 0.0308107337582939, "dsfb-alt": 0.044679658648521366, "redirect": 0.06595557064842972, "oneh-in": 0.018434741656404924, "oneh-out": 0.015224821984417424, "alternate": 0.2036300757702191, "sfR": 0.09823378925716947, "sfT": 0.004576727448598649, "roll-in": 0.1665956936902738}, "tr-quotes": {"dsfb": 0.0, "bad-redirect": 0.012718152608585099, "sft": 0.0, "unknown": 0.013835787429786644, "sfb": 0.11510598460507154, "roll-out": 0.20566792260927858, "dsfb-red": 0.03612260465546335, "dsfb-alt": 0.049234876678763785, "redirect": 0.06832135179491922, "oneh-in": 0.015627239314856337, "oneh-out": 0.014195233582210304, "alternate": 0.2026906451538337, "sfR": 0.09677191928064538, "sfT": 0.005184808488014609, "roll-in": 0.16452347379857146}, "gutenberg": {"dsfb": 0.0, "bad-redirect": 0.013371016097200768, "sft": 0.0, "unknown": 0.032975828246008664, "sfb": 0.1069753273751678, "roll-out": 0.19065656135118433, "dsfb-red": 0.03141676356357858, "dsfb-alt": 0.04795213159945639, "redirect": 0.0573749063708725, "oneh-in": 0.015208363406421831, "oneh-out": 0.012717269776536588, "alternate": 0.22362860086163425, "sfR": 0.09863878308844841, "sfT": 0.005682345591029487, "roll-in": 0.16340210267246041}, "english-200": {"dsfb": 0.0, "bad-redirect": 0.013363028953229399, "sft": 0.0, "unknown": 0.0, "sfb": 0.1091314031180401, "roll-out": 0.21158129175946547, "dsfb-red": 0.051224944320712694, "dsfb-alt": 0.0556792873051225, "redirect": 0.05790645879732739, "oneh-in": 0.022271714922048998, "oneh-out": 0.0200445434298441, "alternate": 0.1714922048997773, "sfR": 0.10690423162583519, "sfT": 0.004454342984409799, "roll-in": 0.1759465478841871}, "monkeyracer": {"dsfb": 0.0, "bad-redirect": 0.012676540970017362, "sft": 0.0, "unknown": 0.013436077701487402, "sfb": 0.11480832694683829, "roll-out": 0.20554510690210676, "dsfb-red": 0.03660243677369911, "dsfb-alt": 0.04940898853558972, "redirect": 0.0686085521685409, "oneh-in": 0.01579191235122073, "oneh-out": 0.014192681858704662, "alternate": 0.20207196146206421, "sfR": 0.09690789370786869, "sfT": 0.005143735239376261, "roll-in": 0.1648057853824859}, "chained-bigrams": {"dsfb": 0.0, "bad-redirect": 0.009736973162289162, "sft": 0.0, "unknown": 0.022916559801936097, "sfb": 0.12039797183186385, "roll-out": 0.2075093386247337, "dsfb-red": 0.024928755042662565, "dsfb-alt": 0.04320668212444704, "redirect": 0.0485972096780163, "oneh-in": 0.016515714147505144, "oneh-out": 0.012475091048750445, "alternate": 0.20135977388613405, "sfR": 0.11914286586209158, "sfT": 0.0028549927310339723, "roll-in": 0.17035807205853612}, "english-5k": {"dsfb": 0.0, "bad-redirect": 0.015970465010163023, "sft": 0.0, "unknown": 0.002157049819554486, "sfb": 0.12278591280540922, "roll-out": 0.2130086696810055, "dsfb-red": 0.02941054465507944, "dsfb-alt": 0.03608910275023852, "redirect": 0.07450118222922802, "oneh-in": 0.020284564649271995, "oneh-out": 0.015887501555564773, "alternate": 0.18538183929978844, "sfR": 0.10644211224955408, "sfT": 0.002820757456340482, "roll-in": 0.175260297838802}, "mt-quotes": {"dsfb": 0.0, "bad-redirect": 0.012423650207384564, "sft": 0.0, "unknown": 0.007977133909467972, "sfb": 0.11420046377643107, "roll-out": 0.20873824123546217, "dsfb-red": 0.0377655060302889, "dsfb-alt": 0.050296733244881126, "redirect": 0.06922729826322899, "oneh-in": 0.015767502181422647, "oneh-out": 0.014286824207217223, "alternate": 0.20266611682862984, "sfR": 0.0964592223377679, "sfT": 0.005142778594566166, "roll-in": 0.16504852918325147}, "wordle": {"dsfb": 0.0, "bad-redirect": 0.01045663637383597, "sft": 0.0, "unknown": 0.0, "sfb": 0.1515763491529227, "roll-out": 0.1816672276450129, "dsfb-red": 0.032312352743184114, "dsfb-alt": 0.04346460226635252, "redirect": 0.05154269045214855, "oneh-in": 0.020015707393694602, "oneh-out": 0.015595198025356222, "alternate": 0.17408280040390442, "sfR": 0.13138112868843263, "sfT": 0.0044878267698866825, "roll-in": 0.1834174800852687}, "english-1k": {"dsfb": 0.0, "bad-redirect": 0.014114326040931546, "sft": 0.0, "unknown": 0.0, "sfb": 0.13479181369089627, "roll-out": 0.19689484827099507, "dsfb-red": 0.035638673253352154, "dsfb-alt": 0.043048694424841216, "redirect": 0.06633733239237827, "oneh-in": 0.025405786873676783, "oneh-out": 0.019054340155257588, "alternate": 0.18595624558927312, "sfR": 0.10832745236414962, "sfT": 0.0028228652081863093, "roll-in": 0.1676076217360621}, "english-10k": {"dsfb": 0.0, "bad-redirect": 0.01482024661816638, "sft": 0.0, "unknown": 0.0, "sfb": 0.1277860326894502, "roll-out": 0.21500935914011693, "dsfb-red": 0.029524710059628336, "dsfb-alt": 0.037397966075529226, "redirect": 0.07238378263638294, "oneh-in": 0.02265490824183246, "oneh-out": 0.016421913895910925, "alternate": 0.17919376314621485, "sfR": 0.10567144593890508, "sfT": 0.003048956986549854, "roll-in": 0.17608691457131279}, "reddit": {"dsfb": 0.0, "bad-redirect": 0.011684315663360489, "sft": 0.0, "unknown": 0.039285409944231534, "sfb": 0.11942442189633024, "roll-out": 0.19488799952504, "dsfb-red": 0.036077369785389626, "dsfb-alt": 0.050056438957432836, "redirect": 0.06112431797073715, "oneh-in": 0.01519474951946821, "oneh-out": 0.014308095090138456, "alternate": 0.18831819398332808, "sfR": 0.10397777127267367, "sfT": 0.005749975137641947, "roll-in": 0.15991094125422778}, "akl": {"dsfb": 0.0, "bad-redirect": 0.012643747806045024, "sft": 0.0, "unknown": 0.06665478384099267, "sfb": 0.11419172437395538, "roll-out": 0.18499050427168376, "dsfb-red": 0.033061267427886176, "dsfb-alt": 0.04754691516765255, "redirect": 0.058926858172218204, "oneh-in": 0.014226988734610408, "oneh-out": 0.015437698741498482, "alternate": 0.17260671651010207, "sfR": 0.11790358951788564, "sfT": 0.004014945348295038, "roll-in": 0.1577942600871746}, "french": {"dsfb": 0.0, "bad-redirect": 0.009661293145690602, "sft": 0.0, "unknown": 0.15807953387545715, "sfb": 0.08695270202173766, "roll-out": 0.16918699391256448, "dsfb-red": 0.020744572495714934, "dsfb-alt": 0.035146074347103096, "redirect": 0.047543965066068485, "oneh-in": 0.020078584835925572, "oneh-out": 0.009410077680382345, "alternate": 0.17506117796232107, "sfR": 0.10898279115633469, "sfT": 0.0014095213148336994, "roll-in": 0.15774271218586625}, "keymash": {"dsfb": 0.0, "bad-redirect": 0.013422928989832234, "sft": 0.0, "unknown": 0.01232282349464109, "sfb": 0.1131671955109128, "roll-out": 0.2043815395730113, "dsfb-red": 0.03610234265002278, "dsfb-alt": 0.048310229749643906, "redirect": 0.06828453325561444, "oneh-in": 0.016288129122830064, "oneh-out": 0.014982780065103257, "alternate": 0.2014301371437485, "sfR": 0.099723742164827, "sfT": 0.005200871874653652, "roll-in": 0.16638274640515902}, "movie": {"dsfb": 0.0, "bad-redirect": 0.013871070175995, "sft": 0.0, "unknown": 0.030236445784519856, "sfb": 0.1145786849138475, "roll-out": 0.19620527104614624, "dsfb-red": 0.03548272521752794, "dsfb-alt": 0.05130328577431313, "redirect": 0.07251685735412808, "oneh-in": 0.011791034739329027, "oneh-out": 0.013912260299471938, "alternate": 0.18188505744706246, "sfR": 0.11567713207251198, "sfT": 0.0050330909345012555, "roll-in": 0.1575070842406456}, "dutch": {"dsfb": 0.0, "bad-redirect": 0.017909241420177715, "sft": 0.0, "unknown": 0.07290361491625476, "sfb": 0.09489677403136146, "roll-out": 0.1715411650332729, "dsfb-red": 0.03283062080462001, "dsfb-alt": 0.03204073345698648,