{"english-450k": {"sfT": 0.00012044663483211435, "roll-in": 0.28788412098221305, "redirect": 0.05799242355585362, "dsfb-alt": 0.04829120722024954, "sft": 0.0, "oneh-in": 0.01348183740756744, "roll-out": 0.15090033859537005, "sfR": 0.11369548401129392, "unknown": 0.0, "sfb": 0.04373382229209946, "oneh-out": 0.006923050387037136, "dsfb-red": 0.027511239249699324, "alternate": 0.24868195715257138, "bad-redirect": 0.0007840725112129385, "dsfb": 0.0}, "shai": {"sfT": 9.013795065879002e-05, "roll-in": 0.3420720016794478, "redirect": 0.04724131580894795, "dsfb-alt": 0.03999046099045929, "sft": 0.0, "oneh-in": 0.02138756555311393, "roll-out": 0.15400670138062125, "sfR": 0.09823378925716947, "unknown": 0.013935046954251459, "sfb": 0.026316140254945376, "oneh-out": 0.010254408163404324, "dsfb-red": 0.02156255447600393, "alternate": 0.22182895858445836, "bad-redirect": 0.003080918946518072, "dsfb": 0.0}, "tr-quotes": {"sfT": 2.3115508194447656e-05, "roll-in": 0.3562146043780772, "redirect": 0.04896442523288874, "dsfb-alt": 0.0370495365340607, "sft": 0.0, "oneh-in": 0.026549316936732854, "roll-out": 0.1605383601858487, "sfR": 0.09677191928064538, "unknown": 0.009892281731813874, "sfb": 0.022494856799426734, "oneh-out": 0.011033032061209865, "dsfb-red": 0.017392108365502416, "alternate": 0.2088463049860151, "bad-redirect": 0.004230137999583921, "dsfb": 0.0}, "gutenberg": {"sfT": 0.00012597545732879746, "roll-in": 0.3625043238944564, "redirect": 0.046297780217723475, "dsfb-alt": 0.036053607577168016, "sft": 0.0, "oneh-in": 0.015215372567205539, "roll-out": 0.15652194833452868, "sfR": 0.09863878308844841, "unknown": 0.025991862553766894, "sfb": 0.027766506289490463, "oneh-out": 0.010735003332192924, "dsfb-red": 0.018085339752966865, "alternate": 0.1997012203138361, "bad-redirect": 0.002362276620887375, "dsfb": 0.0}, "english-200": {"sfT": 0.0, "roll-in": 0.3830734966592428, "redirect": 0.04899777282850779, "dsfb-alt": 0.031180400890868598, "sft": 0.0, "oneh-in": 0.008908685968819599, "roll-out": 0.155902004454343, "sfR": 0.10690423162583519, "unknown": 0.0, "sfb": 0.0066815144766146995, "oneh-out": 0.0066815144766146995, "dsfb-red": 0.017817371937639197, "alternate": 0.23162583518930957, "bad-redirect": 0.0022271714922048997, "dsfb": 0.0}, "monkeyracer": {"sfT": 2.4438118773167336e-05, "roll-in": 0.3563820635938502, "redirect": 0.048965192298669004, "dsfb-alt": 0.036968031030545696, "sft": 0.0, "oneh-in": 0.026871177878223875, "roll-out": 0.16097095578460047, "sfR": 0.09690789370786869, "unknown": 0.009190687708212773, "sfb": 0.02239411451897962, "oneh-out": 0.011140849586311525, "dsfb-red": 0.01732369363592286, "alternate": 0.20862724244177863, "bad-redirect": 0.004233659696263509, "dsfb": 0.0}, "chained-bigrams": {"sfT": 0.00014544425102379116, "roll-in": 0.32174735684292477, "redirect": 0.05651353248373979, "dsfb-alt": 0.049849718429020286, "sft": 0.0, "oneh-in": 0.01742733793517212, "roll-out": 0.12121869296264096, "sfR": 0.11914286586209158, "unknown": 0.013882783621159281, "sfb": 0.02779024082061724, "oneh-out": 0.006902758181401446, "dsfb-red": 0.03226914458651953, "alternate": 0.22996489209529974, "bad-redirect": 0.0031452319283894843, "dsfb": 0.0}, "english-5k": {"sfT": 8.296345459824948e-05, "roll-in": 0.3179574397477911, "redirect": 0.0466254614842162, "dsfb-alt": 0.04268469739079935, "sft": 0.0, "oneh-in": 0.02285643174181773, "roll-out": 0.1460571618202182, "sfR": 0.10644211224955408, "unknown": 0.0, "sfb": 0.029037209109387317, "oneh-out": 0.008877089642012694, "dsfb-red": 0.0270046044717302, "alternate": 0.25179408470568715, "bad-redirect": 0.0005807441821877463, "dsfb": 0.0}, "mt-quotes": {"sfT": 1.792950120127658e-05, "roll-in": 0.36223120689449084, "redirect": 0.04891018515198241, "dsfb-alt": 0.03657170007530391, "sft": 0.0, "oneh-in": 0.027956574748090508, "roll-out": 0.16136252256128902, "sfR": 0.0964592223377679, "unknown": 0.005262308602574676, "sfb": 0.02113888191630509, "oneh-out": 0.011189502874696692, "dsfb-red": 0.01651008235617552, "alternate": 0.20813162644481897, "bad-redirect": 0.004258256535303188, "dsfb": 0.0}, "wordle": {"sfT": 2.2439133849433412e-05, "roll-in": 0.2511836643105576, "redirect": 0.0565466173005722, "dsfb-alt": 0.051408055649051945, "sft": 0.0, "oneh-in": 0.008257601256591496, "roll-out": 0.18485358465163246, "sfR": 0.13138112868843263, "unknown": 0.0, "sfb": 0.04658364187142376, "oneh-out": 0.01137664086166274, "dsfb-red": 0.03406260518343992, "alternate": 0.22228205991248737, "bad-redirect": 0.0020419611802984404, "dsfb": 0.0}, "english-1k": {"sfT": 0.0, "roll-in": 0.34438955539872973, "redirect": 0.05539872971065632, "dsfb-alt": 0.04022582921665491, "sft": 0.0, "oneh-in": 0.014820042342978124, "roll-out": 0.16231474947071278, "sfR": 0.10832745236414962, "unknown": 0.0, "sfb": 0.021877205363443897, "oneh-out": 0.015525758645024701, "dsfb-red": 0.024347212420606917, "alternate": 0.21242060691601977, "bad-redirect": 0.00035285815102328866, "dsfb": 0.0}, "english-10k": {"sfT": 1.929719611740414e-05, "roll-in": 0.32317014337816713, "redirect": 0.04789564076339708, "dsfb-alt": 0.04139248567183188, "sft": 0.0, "oneh-in": 0.020609405453387623, "roll-out": 0.1532583315644237, "sfR": 0.10567144593890508, "unknown": 0.0, "sfb": 0.03232280349665194, "oneh-out": 0.008317091526601185, "dsfb-red": 0.02628278111190444, "alternate": 0.23976766175874645, "bad-redirect": 0.0012929121398660775, "dsfb": 0.0}, "reddit": {"sfT": 0.0001363449842744415, "roll-in": 0.3312059020896929, "redirect": 0.047403630035376655, "dsfb-alt": 0.03876295394405024, "sft": 0.0, "oneh-in": 0.020768974474083872, "roll-out": 0.15514377372575966, "sfR": 0.10397777127267367, "unknown": 0.03863241485883144, "sfb": 0.024841756475497138, "oneh-out": 0.010086232583941595, "dsfb-red": 0.018783169709987852, "alternate": 0.205315281856734, "bad-redirect": 0.004941793989096522, "dsfb": 0.0}, "akl": {"sfT": 0.0001944241217553081, "roll-in": 0.2827203949618926, "redirect": 0.03936889569347235, "dsfb-alt": 0.0323291562578686, "sft": 0.0, "oneh-in": 0.01671427286280291, "roll-out": 0.13079337370769667, "sfR": 0.13064861186637447, "unknown": 0.1300588661093307, "sfb": 0.027336194588970877, "oneh-out": 0.007087054493827336, "dsfb-red": 0.018997872996648933, "alternate": 0.17799855722427682, "bad-redirect": 0.005752325115082452, "dsfb": 0.0}, "french": {"sfT": 7.210758793706124e-05, "roll-in": 0.24804536824257478, "redirect": 0.04117256376543817, "dsfb-alt": 0.031876378020126994, "sft": 0.0, "oneh-in": 0.023772102387740975, "roll-out": 0.13656419074259324, "sfR": 0.10898279115633469, "unknown": 0.14722827825582577, "sfb": 0.04672459334534008, "oneh-out": 0.010274215134074793, "dsfb-red": 0.023964274428145853, "alternate": 0.17963723066531212, "bad-redirect": 0.001685906268555475, "dsfb": 0.0}, "keymash": {"sfT": 2.462922750427933e-05, "roll-in": 0.35860565733355776, "redirect": 0.048831548398484484, "dsfb-alt": 0.03829434389790364, "sft": 0.0, "oneh-in": 0.02570059890071548, "roll-out": 0.16110798684799252, "sfR": 0.099723742164827, "unknown": 0.008226161986429295, "sfb": 0.0227574062139541, "oneh-out": 0.011079047505674984, "dsfb-red": 0.016990062106702022, "alternate": 0.20478381695558118, "bad-redirect": 0.003874998460673281, "dsfb": 0.0}, "movie": {"sfT": 2.605637203972307e-05, "roll-in": 0.3362741940981265, "redirect": 0.04532229560848801, "dsfb-alt": 0.034852634766385546, "sft": 0.0, "oneh-in": 0.03382840878868269, "roll-out": 0.16530004504594015, "sfR": 0.11567713207251198, "unknown": 0.023503373971184547, "sfb": 0.018586878721669125, "oneh-out": 0.009898657820484493, "dsfb-red": 0.01795586708565664, "alternate": 0.19111164510589612, "bad-redirect": 0.0076628105429345185, "dsfb": 0.0}, "dutch": {"sfT": 0.0002221804713640016, "roll-in": 0.30467164609604114, "redirect": 0.039949845416829825, "dsfb-alt": 0.028311594456788203, "sft": 0.0, "oneh-in": 0.0067607342430725005, "roll-out": 0.12374519853674677, "sfR": 0.18880787437283908, "unknown": 0.06756692642051966,