{"english-450k": {"redirect": 0.005300236625015129, "sfb": 0.34413971575763563, "sfT": 0.05682742394467406, "dsfb": 0.0, "roll-out": 0.09241531169074917, "dsfb-red": 0.03951380487995973, "bad-redirect": 7.776408947898645e-05, "alternate": 0.1050923200068292, "dsfb-alt": 0.13568634994658835, "oneh-out": 0.0017423833582509746, "sfR": 0.11369548401129392, "roll-in": 0.10487919962626462, "unknown": 0.00015377410175167997, "oneh-in": 0.0004762319615085298, "sft": 0.0}, "shai": {"redirect": 0.006019840334799651, "sfb": 0.31545441850513667, "sfT": 0.057124532415912276, "dsfb": 0.0, "roll-out": 0.08755740203298641, "dsfb-red": 0.030919902509046693, "bad-redirect": 3.111034597429491e-05, "alternate": 0.12431363331375422, "dsfb-alt": 0.15174081312025237, "oneh-out": 0.0028585213861760765, "sfR": 0.09823378925716947, "roll-in": 0.1009378000534426, "unknown": 0.024097749651430984, "oneh-in": 0.0007104870739183059, "sft": 0.0}, "tr-quotes": {"redirect": 0.007543746099257992, "sfb": 0.31999722613901666, "sfT": 0.05981368900395275, "dsfb": 0.0, "roll-out": 0.09073992741730427, "dsfb-red": 0.02937518781350408, "bad-redirect": 1.618085573611336e-05, "alternate": 0.12707981784979544, "dsfb-alt": 0.14678116548392317, "oneh-out": 0.003653406070132452, "sfR": 0.09677191928064538, "roll-in": 0.10375049120454913, "unknown": 0.013894731975682485, "oneh-in": 0.0005825108065000809, "sft": 0.0}, "gutenberg": {"redirect": 0.005696742786152778, "sfb": 0.30339398720089356, "sfT": 0.06576240915085722, "dsfb": 0.0, "roll-out": 0.08597190349484334, "dsfb-red": 0.027231347391815496, "bad-redirect": 3.353030969503331e-05, "alternate": 0.12397917256288637, "dsfb-alt": 0.15966243123918553, "oneh-out": 0.00350590644929933, "sfR": 0.09863878308844841, "roll-in": 0.09279579510972746, "unknown": 0.03298207965968062, "oneh-in": 0.0003459115565148634, "sft": 0.0}, "english-200": {"redirect": 0.0066815144766146995, "sfb": 0.34521158129175944, "sfT": 0.044543429844097995, "dsfb": 0.0, "roll-out": 0.0957683741648107, "dsfb-red": 0.0467706013363029, "bad-redirect": 0.0, "alternate": 0.0957683741648107, "dsfb-alt": 0.1403118040089087, "oneh-out": 0.0022271714922048997, "sfR": 0.10690423162583519, "roll-in": 0.11581291759465479, "unknown": 0.0, "oneh-in": 0.0, "sft": 0.0}, "monkeyracer": {"redirect": 0.007585592067191141, "sfb": 0.31977669424589833, "sfT": 0.0602184572313371, "dsfb": 0.0, "roll-out": 0.09069670144048048, "dsfb-red": 0.029184001438916432, "bad-redirect": 1.5640396014827094e-05, "alternate": 0.12697851009587563, "dsfb-alt": 0.14660134194597807, "oneh-out": 0.00364225722195286, "sfR": 0.09690789370786869, "roll-in": 0.10430677854763283, "unknown": 0.013491796612290222, "oneh-in": 0.0005943350485634296, "sft": 0.0}, "chained-bigrams": {"redirect": 0.007848145813056089, "sfb": 0.31919234287962733, "sfT": 0.052272923539827376, "dsfb": 0.0, "roll-out": 0.09367388931562635, "dsfb-red": 0.0298797033197001, "bad-redirect": 2.792010175903134e-05, "alternate": 0.10582757454180192, "dsfb-alt": 0.1541235068426975, "oneh-out": 0.001490154268301789, "sfR": 0.11914286586209158, "roll-in": 0.09268759548837127, "unknown": 0.023159399756770463, "oneh-in": 0.0006739782703691752, "sft": 0.0}, "english-5k": {"redirect": 0.004687435184801095, "sfb": 0.3433027751275563, "sfT": 0.05720330194549301, "dsfb": 0.0, "roll-out": 0.0900568299663998, "dsfb-red": 0.03608910275023852, "bad-redirect": 0.0, "alternate": 0.10698137470444269, "dsfb-alt": 0.14854606545816568, "oneh-out": 0.0016592690919649893, "sfR": 0.10644211224955408, "roll-in": 0.1019620857012486, "unknown": 0.002157049819554486, "oneh-in": 0.0009125980005807441, "sft": 0.0}, "mt-quotes": {"redirect": 0.007524414004135738, "sfb": 0.321404238534084, "sfT": 0.06095133933373974, "dsfb": 0.0, "roll-out": 0.09054547519154683, "dsfb-red": 0.029110039325372636, "bad-redirect": 1.4941251001063817e-05, "alternate": 0.12804502695401682, "dsfb-alt": 0.14870728296338795, "oneh-out": 0.00361727686735755, "sfR": 0.0964592223377679, "roll-in": 0.10508331241558193, "unknown": 0.007995063410669249, "oneh-in": 0.0005423674113386166, "sft": 0.0}, "wordle": {"redirect": 0.009200044878267699, "sfb": 0.31479860877370136, "sfT": 0.054414899584876025, "dsfb": 0.0, "roll-out": 0.09615168854482217, "dsfb-red": 0.0382138449455851, "bad-redirect": 0.0, "alternate": 0.11105127342084596, "dsfb-alt": 0.11778301357567598, "oneh-out": 0.0025580612588354088, "sfR": 0.13138112868843263, "roll-in": 0.12413328845506563, "unknown": 0.0, "oneh-in": 0.0003141478738920678, "sft": 0.0}, "english-1k": {"redirect": 0.004234297812279464, "sfb": 0.33909668313338037, "sfT": 0.0652787579393084, "dsfb": 0.0, "roll-out": 0.08539167254763586, "dsfb-red": 0.031051517290049402, "bad-redirect": 0.0, "alternate": 0.1118560338743825, "dsfb-alt": 0.1460832745236415, "oneh-out": 0.0028228652081863093, "sfR": 0.10832745236414962, "roll-in": 0.10479887085391673, "unknown": 0.0, "oneh-in": 0.001058574453069866, "sft": 0.0}, "english-10k": {"redirect": 0.005538295285694989, "sfb": 0.34138669651299663, "sfT": 0.05326026128403543, "dsfb": 0.0, "roll-out": 0.08660581617490978, "dsfb-red": 0.033905173578279074, "bad-redirect": 7.718878446961657e-05, "alternate": 0.115551610351016, "dsfb-alt": 0.15055672410798712, "oneh-out": 0.0022770691418536886, "sfR": 0.10567144593890508, "roll-in": 0.10432064221068679, "unknown": 0.0, "oneh-in": 0.0008490766291657822, "sft": 0.0}, "reddit": {"redirect": 0.007169835844759249, "sfb": 0.30848299911019916, "sfT": 0.05610854559044776, "dsfb": 0.0, "roll-out": 0.08772657286955812, "dsfb-red": 0.027415005851784385, "bad-redirect": 4.390008834330918e-05, "alternate": 0.11900969341669106, "dsfb-alt": 0.13788950325289542, "oneh-out": 0.0031814453954257384, "sfR": 0.10397777127267367, "roll-in": 0.10305373434490823, "unknown": 0.04519937363713543, "oneh-in": 0.0007416193251784798, "sft": 0.0}, "akl": {"redirect": 0.005687665320110583, "sfb": 0.2609658453719684, "sfT": 0.04700986992114544, "dsfb": 0.0, "roll-out": 0.0775933599603868, "dsfb-red": 0.024874798549653868, "bad-redirect": 6.38691517012926e-05, "alternate": 0.10730202792833698, "dsfb-alt": 0.11507864689211843, "oneh-out": 0.002416329372894125, "sfR": 0.13064861186637447, "roll-in": 0.08857354191853493, "unknown": 0.13920166722946467, "oneh-in": 0.000583766517310035, "sft": 0.0}, "french": {"redirect": 0.005925976264902753, "sfb": 0.3035817695178109, "sfT": 0.0609321253357224, "dsfb": 0.0, "roll-out": 0.07176281089131106, "dsfb-red": 0.020718773770091077, "bad-redirect": 9.303721609996889e-06, "alternate": 0.07864483818813063, "dsfb-alt": 0.11856487532271441, "oneh-out": 0.0006834564832954075, "sfR": 0.10898279115633469, "roll-in": 0.07158100628303841, "unknown": 0.15842537463172957, "oneh-in": 0.00018689843330871368, "sft": 0.0}, "keymash": {"redirect": 0.007228678272505983, "sfb": 0.31617360321493515, "sfT": 0.05987365206290305, "dsfb": 0.0, "roll-out": 0.09012655318065949, "dsfb-red": 0.030121545237733617, "bad-redirect": 1.6419485002852885e-05, "alternate": 0.12804324892349753, "dsfb-alt": 0.14821048137825157, "oneh-out": 0.0037354328381490314, "sfR": 0.099723742164827, "roll-in": 0.10384913777179379, "unknown": 0.012376186820900362, "oneh-in": 0.0005213186488405791, "sft": 0.0}, "movie": {"redirect": 0.009147760553521565, "sfb": 0.3115952566348669, "sfT": 0.06702343718025838, "dsfb": 0.0, "roll-out": 0.09348815731310903, "dsfb-red": 0.025162164726541664, "bad-redirect": 4.145331915410488e-05, "alternate": 0.12098776284858787, "dsfb-alt": 0.12102553142826161, "oneh-out": 0.004815822902998312, "sfR": 0.11567713207251198, "roll-in": 0.10021780758264114, "unknown": 0.030282373430185833, "oneh-in": 0.0005353400073615831, "sft": 0.0}, "dutch": {"redirect": 0.0063847972111446775, "sfb": 0.2625652819873804, "sfT": 0.03372931221167059, "dsfb": 0.0, "roll-out": 0.10466414385173327, "dsfb-red": 0.03474724340038291, "bad-redirect": 3.90712006377338e-05, "alternate": 0.10575049895124577, "dsfb-alt": 0.09153575423680461,