{"english-450k": {"unknown": 0.00015377410175167997, "bad-redirect": 0.007791903296554232, "sfR": 0.11369548401129392, "dsfb-alt": 0.0392363683351644, "oneh-in": 0.017263627864334993, "sfT": 0.0003493537102533414, "sft": 0.0, "dsfb": 0.0, "alternate": 0.2946823395414024, "dsfb-red": 0.01769103801026837, "oneh-out": 0.007412437927592862, "roll-in": 0.24850508770093685, "redirect": 0.030067806777871263, "sfb": 0.03396039644483632, "roll-out": 0.1891903822777394}, "shai": {"unknown": 0.023260762136131256, "bad-redirect": 0.008489660435102069, "sfR": 0.09823378925716947, "dsfb-alt": 0.03433910679634497, "oneh-in": 0.012160739316200942, "sfT": 0.00011982011578405349, "sft": 0.0, "dsfb": 0.0, "alternate": 0.27512306351836263, "dsfb-red": 0.010872911101663872, "oneh-out": 0.009427286320148451, "roll-in": 0.3031325811632467, "redirect": 0.025339369055245597, "sfb": 0.021525913315847342, "roll-out": 0.17797499746875264}, "tr-quotes": {"unknown": 0.013835787429786644, "bad-redirect": 0.00910982177943182, "sfR": 0.09677191928064538, "dsfb-alt": 0.03096553477728208, "oneh-in": 0.013568803310140773, "sfT": 0.00015025080326390975, "sft": 0.0, "dsfb": 0.0, "alternate": 0.27179792422736415, "dsfb-red": 0.010393888259633388, "oneh-out": 0.011294237303807124, "roll-in": 0.3278634335775872, "redirect": 0.026982732715378748, "sfb": 0.01867039596865537, "roll-out": 0.16859527056702342}, "gutenberg": {"unknown": 0.032975828246008664, "bad-redirect": 0.009540793884071511, "sfR": 0.09863878308844841, "dsfb-alt": 0.026656027897217667, "oneh-in": 0.02105305631614422, "sfT": 0.000334734786616519, "sft": 0.0, "dsfb": 0.0, "alternate": 0.25459924081316876, "dsfb-red": 0.008895951091970418, "oneh-out": 0.010865525272192235, "roll-in": 0.3401045615239507, "redirect": 0.025324476785091175, "sfb": 0.02054138757893357, "roll-out": 0.15046963271618619}, "english-200": {"unknown": 0.0, "bad-redirect": 0.0066815144766146995, "sfR": 0.10690423162583519, "dsfb-alt": 0.028953229398663696, "oneh-in": 0.0200445434298441, "sfT": 0.0, "sft": 0.0, "dsfb": 0.0, "alternate": 0.2583518930957684, "dsfb-red": 0.008908685968819599, "oneh-out": 0.011135857461024499, "roll-in": 0.33853006681514475, "redirect": 0.024498886414253896, "sfb": 0.022271714922048998, "roll-out": 0.17371937639198218}, "monkeyracer": {"unknown": 0.013436077701487402, "bad-redirect": 0.009143766520168291, "sfR": 0.09690789370786869, "dsfb-alt": 0.03083699579273347, "oneh-in": 0.013627672552669034, "sfT": 0.0001495612868917841, "sft": 0.0, "dsfb": 0.0, "alternate": 0.2714811064016141, "dsfb-red": 0.010339279290551636, "oneh-out": 0.011292365922705163, "roll-in": 0.32863013591504137, "redirect": 0.02712435678871389, "sfb": 0.01865214977243224, "roll-out": 0.16837863834712294}, "chained-bigrams": {"unknown": 0.022916559801936097, "bad-redirect": 0.009071435852916905, "sfR": 0.11914286586209158, "dsfb-alt": 0.045821432119414925, "oneh-in": 0.01610145775396417, "sfT": 0.00021556915776740478, "sft": 0.0, "dsfb": 0.0, "alternate": 0.28033145705920814, "dsfb-red": 0.017589664108189747, "oneh-out": 0.010146035118293576, "roll-in": 0.28546940508756197, "redirect": 0.029521936434369254, "sfb": 0.02057776430109817, "roll-out": 0.14309441734318804}, "english-5k": {"unknown": 0.002157049819554486, "bad-redirect": 0.008047455096030198, "sfR": 0.10644211224955408, "dsfb-alt": 0.03795578047869913, "oneh-in": 0.012071182644045298, "sfT": 0.00024889036379474843, "sft": 0.0, "dsfb": 0.0, "alternate": 0.29389803791429875, "dsfb-red": 0.013854896917907662, "oneh-out": 0.00796449164143195, "roll-in": 0.26822084871614055, "redirect": 0.02513792674326959, "sfb": 0.026216451653046834, "roll-out": 0.19778487576222675}, "mt-quotes": {"unknown": 0.007977133909467972, "bad-redirect": 0.009359199627066375, "sfR": 0.0964592223377679, "dsfb-alt": 0.03035613965886136, "oneh-in": 0.01373399792017786, "sfT": 0.00012550650840893607, "sft": 0.0, "dsfb": 0.0, "alternate": 0.27131817692831783, "dsfb-red": 0.009989720419311269, "oneh-out": 0.011465916018216372, "roll-in": 0.3374944717371296, "redirect": 0.027260312451440935, "sfb": 0.017597805429052964, "roll-out": 0.1668623970547806}, "wordle": {"unknown": 0.0, "bad-redirect": 0.009828340626051835, "sfR": 0.13138112868843263, "dsfb-alt": 0.04629193313138113, "oneh-in": 0.017659598339504094, "sfT": 0.0003141478738920678, "sft": 0.0, "dsfb": 0.0, "alternate": 0.26671154493436555, "dsfb-red": 0.021160103220015707, "oneh-out": 0.01229664534948951, "roll-in": 0.22836306518568383, "redirect": 0.032716257152473914, "sfb": 0.03964994951194884, "roll-out": 0.1936272859867609}, "english-1k": {"unknown": 0.0, "bad-redirect": 0.007410021171489062, "sfR": 0.10832745236414962, "dsfb-alt": 0.03387438249823571, "oneh-in": 0.012702893436838392, "sfT": 0.0, "sft": 0.0, "dsfb": 0.0, "alternate": 0.2801693719124912, "dsfb-red": 0.016584333098094567, "oneh-out": 0.011644318983768526, "roll-in": 0.29040225829216654, "redirect": 0.027522935779816515, "sfb": 0.025052928722653495, "roll-out": 0.1863091037402964}, "english-10k": {"unknown": 0.0, "bad-redirect": 0.010709943845159298, "sfR": 0.10567144593890508, "dsfb-alt": 0.03986800717855696, "oneh-in": 0.011115184963624786, "sfT": 0.00021226915729144556, "sft": 0.0, "dsfb": 0.0, "alternate": 0.29115609501939366, "dsfb-red": 0.012871229810308563, "oneh-out": 0.008741629841184076, "roll-in": 0.25597730649736594, "redirect": 0.025838945601204144, "sfb": 0.025588082051677893, "roll-out": 0.21224986009532815}, "reddit": {"unknown": 0.039285409944231534, "bad-redirect": 0.007244750671283667, "sfR": 0.10397777127267367, "dsfb-alt": 0.03284629331739146, "oneh-in": 0.012991804130691162, "sfT": 0.0001617036530529571, "sft": 0.0, "dsfb": 0.0, "alternate": 0.2622723502298106, "dsfb-red": 0.010559656830162656, "oneh-out": 0.009748966034928664, "roll-in": 0.30720697487000875, "redirect": 0.027359718709809366, "sfb": 0.02102548284010348, "roll-out": 0.16531911749585207}, "akl": {"unknown": 0.13277008071454782, "bad-redirect": 0.006209514586293562, "sfR": 0.13064861186637447, "dsfb-alt": 0.030891198517109014, "oneh-in": 0.012337667038524316, "sfT": 0.00024420994019944917, "sft": 0.0, "dsfb": 0.0, "alternate": 0.21630552017495552, "dsfb-red": 0.008822145858710615, "oneh-out": 0.00884272729134782, "roll-in": 0.2656835890598987, "redirect": 0.022358749294258226, "sfb": 0.029553998378143577, "roll-out": 0.1353319872796369}, "french": {"unknown": 0.15807953387545715, "bad-redirect": 0.007109286802619958, "sfR": 0.10898279115633469, "dsfb-alt": 0.030522439325539812, "oneh-in": 0.00923988399682427, "sfT": 0.0004157609958116323, "sft": 0.0, "dsfb": 0.0, "alternate": 0.19338531461927935, "dsfb-red": 0.014580250164639166, "oneh-out": 0.01114928932975645, "roll-in": 0.21787954161507483, "redirect": 0.030154410466683816, "sfb": 0.05559614884654152, "roll-out": 0.16290534880543736}, "keymash": {"unknown": 0.01232282349464109, "bad-redirect": 0.009285218769113307, "sfR": 0.099723742164827, "dsfb-alt": 0.030679807727830615, "oneh-in": 0.013739004076137151, "sfT": 0.0001354607512735363, "sft": 0.0, "dsfb": 0.0, "alternate": 0.2725388218198536, "dsfb-red": 0.011181669286942815, "oneh-out": 0.011259661840706366, "roll-in": 0.3276056696481715, "redirect": 0.026558516992114544, "sfb": 0.019806003784691294, "roll-out": 0.16516359964369717}, "movie": {"unknown": 0.030236445784519856, "bad-redirect": 0.009227245648026579, "sfR": 0.11567713207251198, "dsfb-alt": 0.03386933571648246, "oneh-in": 0.013146624074587549, "sfT": 7.448437663880433e-05, "sft": 0.0, "dsfb": 0.0, "alternate": 0.26306434252601263, "dsfb-red": 0.011675360239213287, "oneh-out": 0.012339534530549057, "roll-in": 0.3123040425934828, "redirect": 0.028066265828423528, "sfb": 0.017216287232811975, "roll-out": 0.1531028993767395}, "dutch": {"unknown": 0.07290361491625476, "bad-redirect": 0.007532117011055661, "sfR": 0.18880787437283908, "dsfb-alt": 0.02754383370924048, "oneh-in": 0.01403948913158976, "sfT": 7.62775986750434e-05, "sft": 0.0, "dsfb": 0.0,