{"english-450k": {"oneh-in": 0.039447442292321645, "dsfb-alt": 0.03376364745153046, "bad-redirect": 0.01353855257057091, "sfR": 0.11369548401129392, "dsfb-red": 0.030382955982601892, "unknown": 0.0001543587941537776, "dsfb": 0.0, "redirect": 0.07307047122114763, "sfb": 0.028780606454653305, "alternate": 0.1802673915293273, "oneh-out": 0.026116455524495395, "sft": 0.0, "roll-out": 0.23421783650947992, "roll-in": 0.22653877884653054, "sfT": 2.601881189334509e-05}, "shai": {"oneh-in": 0.05069565179696888, "dsfb-alt": 0.03561787051346082, "bad-redirect": 0.01638712123018312, "sfR": 0.09823378925716947, "dsfb-red": 0.03198167175651227, "unknown": 0.031793109309943265, "dsfb": 0.0, "redirect": 0.07620345717299767, "sfb": 0.018490595525869347, "alternate": 0.15989754486036029, "oneh-out": 0.03464323964983018, "sft": 0.0, "roll-out": 0.21757371116160876, "roll-in": 0.22844368849339847, "sfT": 3.854927169743435e-05}, "tr-quotes": {"oneh-in": 0.05325581932918795, "dsfb-alt": 0.034117334319595016, "bad-redirect": 0.01814682970805113, "sfR": 0.09677191928064538, "dsfb-red": 0.0342560273687617, "unknown": 0.039616513719054114, "dsfb": 0.0, "redirect": 0.07753403758581633, "sfb": 0.015765932364023023, "alternate": 0.15506923094704236, "oneh-out": 0.03958530778299161, "sft": 0.0, "roll-out": 0.2098888144055847, "roll-in": 0.22598183121055918, "sfT": 1.0401978687501445e-05}, "gutenberg": {"oneh-in": 0.05771305101949191, "dsfb-alt": 0.03579597355917228, "bad-redirect": 0.016219766363833033, "sfR": 0.09863878308844841, "dsfb-red": 0.03517386318042375, "unknown": 0.04011588984327138, "dsfb": 0.0, "redirect": 0.07611778118006231, "sfb": 0.015856994934081683, "alternate": 0.15040105660257264, "oneh-out": 0.038282331269609074, "sft": 0.0, "roll-out": 0.2270469875195262, "roll-in": 0.20863657425561766, "sfT": 9.471838896902065e-07}, "english-200": {"oneh-in": 0.0467706013363029, "dsfb-alt": 0.031180400890868598, "bad-redirect": 0.022271714922048998, "sfR": 0.10690423162583519, "dsfb-red": 0.035634743875278395, "unknown": 0.0, "dsfb": 0.0, "redirect": 0.0779510022271715, "sfb": 0.011135857461024499, "alternate": 0.1514476614699332, "oneh-out": 0.042316258351893093, "sft": 0.0, "roll-out": 0.2026726057906459, "roll-in": 0.2717149220489978, "sfT": 0.0}, "monkeyracer": {"oneh-in": 0.053467671301437356, "dsfb-alt": 0.03397778281746094, "bad-redirect": 0.018301218386849553, "sfR": 0.09690789370786869, "dsfb-red": 0.03426908519323709, "unknown": 0.03912933825484461, "dsfb": 0.0, "redirect": 0.07768584700564618, "sfb": 0.015684384628618795, "alternate": 0.15474510064594835, "oneh-out": 0.03997391963964528, "sft": 0.0, "roll-out": 0.2089517806590863, "roll-in": 0.22689718003659853, "sfT": 8.797722758340242e-06}, "chained-bigrams": {"oneh-in": 0.03577863644716056, "dsfb-alt": 0.03638313911547819, "bad-redirect": 0.018323378410229407, "sfR": 0.11914286586209158, "dsfb-red": 0.04107826134383995, "unknown": 0.033665798979163164, "dsfb": 0.0, "redirect": 0.06852112415419948, "sfb": 0.021225121079092454, "alternate": 0.15090425417941197, "oneh-out": 0.027791539430001382, "sft": 0.0, "roll-out": 0.22114149063475377, "roll-in": 0.22595998075460894, "sfT": 8.440960996916452e-05}, "english-5k": {"oneh-in": 0.04160617248102211, "dsfb-alt": 0.03467872402206828, "bad-redirect": 0.010328950097482059, "sfR": 0.10644211224955408, "dsfb-red": 0.03567428547724727, "unknown": 0.0022400132741527356, "dsfb": 0.0, "redirect": 0.07487451777492014, "sfb": 0.02161197992284399, "alternate": 0.1812751482971751, "oneh-out": 0.026838677562533705, "sft": 0.0, "roll-out": 0.22843987223627993, "roll-in": 0.23598954660472063, "sfT": 0.0}, "mt-quotes": {"oneh-in": 0.05542158233824602, "dsfb-alt": 0.03375826251180359, "bad-redirect": 0.018604845746524663, "sfR": 0.0964592223377679, "dsfb-red": 0.03471450257587167, "unknown": 0.03468910244916987, "dsfb": 0.0, "redirect": 0.0791796655550376, "sfb": 0.014959180502265093, "alternate": 0.15392626193805956, "oneh-out": 0.041663678416466454, "sft": 0.0, "roll-out": 0.2082765565795293, "roll-in": 0.2283456449241582, "sfT": 1.4941251001063816e-06}, "wordle": {"oneh-in": 0.03361382250645125, "dsfb-alt": 0.04007629305508807, "bad-redirect": 0.013575675978907215, "sfR": 0.13138112868843263, "dsfb-red": 0.03460114439582632, "unknown": 0.0, "dsfb": 0.0, "redirect": 0.06197688769213509, "sfb": 0.031212835184561877, "alternate": 0.18130820150342197, "oneh-out": 0.020083024795242904, "sft": 0.0, "roll-out": 0.20881857960282732, "roll-in": 0.24319533266015933, "sfT": 0.0001570739369460339}, "english-1k": {"oneh-in": 0.04763585038814397, "dsfb-alt": 0.03458009880028229, "bad-redirect": 0.013761467889908258, "sfR": 0.10832745236414962, "dsfb-red": 0.035638673253352154, "unknown": 0.0, "dsfb": 0.0, "redirect": 0.06633733239237827, "sfb": 0.012350035285815103, "alternate": 0.17572335920959775, "oneh-out": 0.027170077628793227, "sft": 0.0, "roll-out": 0.21030345800988004, "roll-in": 0.2681721947776994, "sfT": 0.0}, "english-10k": {"oneh-in": 0.048262287489627756, "dsfb-alt": 0.036278728700719784, "bad-redirect": 0.011115184963624786, "sfR": 0.10567144593890508, "dsfb-red": 0.03465776422685784, "unknown": 0.0, "dsfb": 0.0, "redirect": 0.0796395283765269, "sfb": 0.0242179811273422, "alternate": 0.1831689855464001, "oneh-out": 0.025067057756507978, "sft": 0.0, "roll-out": 0.2156847610042261, "roll-in": 0.2362362748692615, "sfT": 0.0}, "reddit": {"oneh-in": 0.04786016098821646, "dsfb-alt": 0.03636361933753943, "bad-redirect": 0.016365893002524442, "sfR": 0.10397777127267367, "dsfb-red": 0.03307557014396944, "unknown": 0.06027826737738363, "dsfb": 0.0, "redirect": 0.07268663483910262, "sfb": 0.0199407161520299, "alternate": 0.15356760323309918, "oneh-out": 0.03716666882046793, "sft": 0.0, "roll-out": 0.1958029343013827, "roll-in": 0.22279418443693175, "sfT": 0.00011997609467885605}, "akl": {"oneh-in": 0.04166265065182484, "dsfb-alt": 0.02988992293772995, "bad-redirect": 0.013337213085748994, "sfR": 0.13064861186637447, "dsfb-red": 0.033372928913041174, "unknown": 0.15113620503040356, "dsfb": 0.0, "redirect": 0.05994281721960757, "sfb": 0.021796503098469207, "alternate": 0.12480983485117488, "oneh-out": 0.03290422569920229, "sft": 0.0, "roll-out": 0.1594467799854487, "roll-in": 0.20084570169133173, "sfT": 0.00020660496964263394}, "french": {"oneh-in": 0.04090124267307578, "dsfb-alt": 0.028297321713239735, "bad-redirect": 0.017759036696559777, "sfR": 0.10898279115633469, "dsfb-red": 0.022446958786445925, "unknown": 0.1845785256052277, "dsfb": 0.0, "redirect": 0.05187611344086188, "sfb": 0.03834309377628517, "alternate": 0.12404478233284093, "oneh-out": 0.01655192001771812, "sft": 0.0, "roll-out": 0.15664350968859755, "roll-in": 0.20954414116259634, "sfT": 3.05629502164149e-05}, "keymash": {"oneh-in": 0.05402831540188742, "dsfb-alt": 0.034665637712273156, "bad-redirect": 0.018886512624531532, "sfR": 0.099723742164827, "dsfb-red": 0.03458354028725889, "unknown": 0.03457533054475746, "dsfb": 0.0, "redirect": 0.07816495835608116, "sfb": 0.01597615890777586, "alternate": 0.15460176591561206, "oneh-out": 0.039000381753026316, "sft": 0.0, "roll-out": 0.20764901708857902, "roll-in": 0.22814463924339012, "sfT": 0.0}, "movie": {"oneh-in": 0.04329529410077157, "dsfb-alt": 0.033801299633934294, "bad-redirect": 0.01953688351841034, "sfR": 0.11567713207251198, "dsfb-red": 0.03490079957530746, "unknown": 0.08496732886260383, "dsfb": 0.0, "redirect": 0.07108494127249057, "sfb": 0.015116906913874083, "alternate": 0.13891638918165752, "oneh-out": 0.038093099943689285, "sft": 0.0, "roll-out": 0.18728780671014747, "roll-in": 0.21731711749673538, "sfT": 5.0007178662094785e-06}, "dutch": {"oneh-in": 0.02867926539257376, "dsfb-alt": 0.0252960114131657, "bad-redirect": 0.006879436100907194, "sfR": 0.18880787437283908, "dsfb-red": 0.021227836955574914, "unknown": 0.07489956334571263, "dsfb": 0.0, "redirect": 0.04845395492176812, "sfb": 0.06718197019909171, "alternate": 0.16619974280785982,