{"english-450k": {"oneh-out": 0.006566972714159671, "sfb": 0.02922321860304122, "roll-out": 0.19800315850835612, "sfR": 0.11369548401129392, "unknown": 0.0, "dsfb-red": 0.014050743114808447, "redirect": 0.034899704788806184, "bad-redirect": 0.0042659157657043995, "dsfb-alt": 0.05023180130281161, "alternate": 0.3470389130334368, "oneh-in": 0.0035984893887099404, "roll-in": 0.19827270170572314, "sft": 0.0, "sfT": 0.0001528970631485335, "dsfb": 0.0}, "shai": {"oneh-out": 0.016341411702196502, "sfb": 0.016288116172952158, "roll-out": 0.21611311176842693, "sfR": 0.09823378925716947, "unknown": 0.015572597567587401, "dsfb-red": 0.010873967723267628, "redirect": 0.036391623289705056, "bad-redirect": 0.004344963498948642, "dsfb-alt": 0.045045621282665864, "alternate": 0.31168827077256145, "oneh-in": 0.004042003379331336, "roll-in": 0.22502677548811273, "sft": 0.0, "sfT": 3.774809707480695e-05, "dsfb": 0.0}, "tr-quotes": {"oneh-out": 0.02603268532858695, "sfb": 0.01350407988719632, "roll-out": 0.21513141166408545, "sfR": 0.09677191928064538, "unknown": 0.009743186703959687, "dsfb-red": 0.011155544254640439, "redirect": 0.03591803240794249, "bad-redirect": 0.004018631099604725, "dsfb-alt": 0.04748272115762465, "alternate": 0.30700053165668845, "oneh-in": 0.00499641709622986, "roll-in": 0.22822172395460114, "sft": 0.0, "sfT": 2.3115508194447656e-05, "dsfb": 0.0}, "gutenberg": {"oneh-out": 0.01692731272943162, "sfb": 0.01325773290399382, "roll-out": 0.2261337128130869, "sfR": 0.09863878308844841, "unknown": 0.025598023492433706, "dsfb-red": 0.00863566495908355, "redirect": 0.03126426695733846, "bad-redirect": 0.004290364146740759, "dsfb-alt": 0.048044955620646035, "alternate": 0.29115125655309176, "oneh-in": 0.00389860888996489, "roll-in": 0.2320043585613868, "sft": 0.0, "sfT": 0.00015495928435331778, "dsfb": 0.0}, "english-200": {"oneh-out": 0.017817371937639197, "sfb": 0.013363028953229399, "roll-out": 0.20044543429844097, "sfR": 0.10690423162583519, "unknown": 0.0, "dsfb-red": 0.008908685968819599, "redirect": 0.042316258351893093, "bad-redirect": 0.0022271714922048997, "dsfb-alt": 0.044543429844097995, "alternate": 0.2962138084632517, "oneh-in": 0.0066815144766146995, "roll-in": 0.26057906458797325, "sft": 0.0, "sfT": 0.0, "dsfb": 0.0}, "monkeyracer": {"oneh-out": 0.026603336096469962, "sfb": 0.013449763048000375, "roll-out": 0.21576121807404164, "sfR": 0.09690789370786869, "unknown": 0.009366642163379577, "dsfb-red": 0.011150624833820792, "redirect": 0.035951405289581934, "bad-redirect": 0.004079210785617092, "dsfb-alt": 0.047483264776264134, "alternate": 0.30643348139574894, "oneh-in": 0.005028387318766911, "roll-in": 0.2277632669659196, "sft": 0.0, "sfT": 2.1505544520387257e-05, "dsfb": 0.0}, "chained-bigrams": {"oneh-out": 0.008404599934160505, "sfb": 0.017523435029598553, "roll-out": 0.19460116134637223, "sfR": 0.11914286586209158, "unknown": 0.016087822355430687, "dsfb-red": 0.020883586811063372, "redirect": 0.03874985471807515, "bad-redirect": 0.004289956100509769, "dsfb-alt": 0.05999575354731386, "alternate": 0.31642630489140705, "oneh-in": 0.01040121186227728, "roll-in": 0.19344085386164225, "sft": 0.0, "sfT": 5.25936800577102e-05, "dsfb": 0.0}, "english-5k": {"oneh-out": 0.007508192641141577, "sfb": 0.01908159455759738, "roll-out": 0.21375534077238975, "sfR": 0.10644211224955408, "unknown": 0.0, "dsfb-red": 0.011988219189447048, "redirect": 0.03799726220599826, "bad-redirect": 0.004977807275894968, "dsfb-alt": 0.0467913883934127, "alternate": 0.3324345625751856, "oneh-in": 0.0034015016385282285, "roll-in": 0.2156220185008504, "sft": 0.0, "sfT": 0.0, "dsfb": 0.0}, "mt-quotes": {"oneh-out": 0.028395847527521785, "sfb": 0.012365379328480416, "roll-out": 0.21624472573839662, "sfR": 0.0964592223377679, "unknown": 0.00522794372527223, "dsfb-red": 0.01097136061008116, "redirect": 0.03591876740655742, "bad-redirect": 0.004081949773490635, "dsfb-alt": 0.04809439284732432, "alternate": 0.3067528478024408, "oneh-in": 0.005135307969065634, "roll-in": 0.23034329018300045, "sft": 0.0, "sfT": 8.96475060063829e-06, "dsfb": 0.0}, "wordle": {"oneh-out": 0.010097610232245036, "sfb": 0.036149444631437225, "roll-out": 0.20985077975990127, "sfR": 0.13138112868843263, "unknown": 0.0, "dsfb-red": 0.018041063614944463, "redirect": 0.03437675305733199, "bad-redirect": 0.0055424660608100525, "dsfb-alt": 0.05439246045102659, "alternate": 0.31190396050712443, "oneh-in": 0.0026253786603837093, "roll-in": 0.18534724559632, "sft": 0.0, "sfT": 0.00029170874004263433, "dsfb": 0.0}, "english-1k": {"oneh-out": 0.009527170077628794, "sfb": 0.014820042342978124, "roll-out": 0.22018348623853212, "sfR": 0.10832745236414962, "unknown": 0.0, "dsfb-red": 0.011644318983768526, "redirect": 0.037755822159491886, "bad-redirect": 0.0035285815102328866, "dsfb-alt": 0.04163726182074806, "alternate": 0.29887085391672547, "oneh-in": 0.004234297812279464, "roll-in": 0.24947071277346508, "sft": 0.0, "sfT": 0.0, "dsfb": 0.0}, "english-10k": {"oneh-out": 0.009436328901410626, "sfb": 0.018988440979525675, "roll-out": 0.2162636768877482, "sfR": 0.10567144593890508, "unknown": 0.0, "dsfb-red": 0.011771289631616525, "redirect": 0.035892784778371704, "bad-redirect": 0.005075162578877289, "dsfb-alt": 0.04737461646822717, "alternate": 0.334574786283553, "oneh-in": 0.003164740163254279, "roll-in": 0.21167094421180602, "sft": 0.0, "sfT": 0.00011578317670442484, "dsfb": 0.0}, "reddit": {"oneh-out": 0.02045560575473223, "sfb": 0.014862839380551773, "roll-out": 0.20279020271390197, "sfR": 0.10397777127267367, "unknown": 0.0331983180872297, "dsfb-red": 0.010833994924895077, "redirect": 0.035284583633694966, "bad-redirect": 0.003693675521786449, "dsfb-alt": 0.048393179978937696, "alternate": 0.3029674699221654, "oneh-in": 0.004504516146673491, "roll-in": 0.218983042467155, "sft": 0.0, "sfT": 5.480019560261205e-05, "dsfb": 0.0}, "akl": {"oneh-out": 0.01694677139955694, "sfb": 0.02215587517254863, "roll-out": 0.16451571753112842, "sfR": 0.13064861186637447, "unknown": 0.12482253455870851, "dsfb-red": 0.011813964702175921, "redirect": 0.02956039764711481, "bad-redirect": 0.0037343317049458665, "dsfb-alt": 0.04365188441299419, "alternate": 0.26150565706495477, "oneh-in": 0.004418040473177266, "roll-in": 0.18608078451973845, "sft": 0.0, "sfT": 0.000145428946581744, "dsfb": 0.0}, "french": {"oneh-out": 0.017609577877266174, "sfb": 0.050658179874737745, "roll-out": 0.23309827278430859, "sfR": 0.10898279115633469, "unknown": 0.14988019847879508, "dsfb-red": 0.01202626621890746, "redirect": 0.02552264030690116, "bad-redirect": 0.003531548897506742, "dsfb-alt": 0.038877900459557406, "alternate": 0.23834955694134563, "oneh-in": 0.00044088553871012633, "roll-in": 0.12096680859111945, "sft": 0.0, "sfT": 5.537287450973994e-05, "dsfb": 0.0}, "keymash": {"oneh-out": 0.025302426389396296, "sfb": 0.014026345063687077, "roll-out": 0.2167782507501652, "sfR": 0.099723742164827, "unknown": 0.008566866300238493, "dsfb-red": 0.011477220016994166, "redirect": 0.03503507612483735, "bad-redirect": 0.004273170971992464, "dsfb-alt": 0.046668281249358616, "alternate": 0.30571028639686715, "oneh-in": 0.004646714255807366, "roll-in": 0.22776699108832452, "sft": 0.0, "sfT": 2.462922750427933e-05, "dsfb": 0.0}, "movie": {"oneh-out": 0.036887400546578464, "sfb": 0.012671950670813403, "roll-out": 0.19257817141908135, "sfR": 0.11567713207251198, "unknown": 0.02448311987944585, "dsfb-red": 0.011823671003297974, "redirect": 0.033791561393879045, "bad-redirect": 0.0027115734640327975, "dsfb-alt": 0.052575310482070516, "alternate": 0.29583075675731874, "oneh-in": 0.004659747866437142, "roll-in": 0.21628960157306792, "sft": 0.0, "sfT": 2.0002871464837914e-05, "dsfb": 0.0}, "dutch": {"oneh-out": 0.005523455648485284, "sfb": 0.028271393616113673, "roll-out": 0.2194859033295656, "sfR": 0.18880787437283908, "unknown": 0.06758112760955366, "dsfb-red": 0.010036044841186776, "redirect": 0.023730599284080764, "bad-redirect": 0.004796810212118068,