{"english-450k": {"oneh-in": 0.0035984893887099404, "sfT": 0.0001528970631485335, "bad-redirect": 0.0042659157657043995, "sfR": 0.11369548401129392, "dsfb": 0.0, "sft": 0.0, "roll-out": 0.19800315850835612, "alternate": 0.3470389130334368, "redirect": 0.034899704788806184, "dsfb-alt": 0.05023180130281161, "unknown": 0.0, "oneh-out": 0.006566972714159671, "dsfb-red": 0.014050743114808447, "roll-in": 0.19827270170572314, "sfb": 0.02922321860304122}, "shai": {"oneh-in": 0.004042003379331336, "sfT": 3.774809707480695e-05, "bad-redirect": 0.004344963498948642, "sfR": 0.09823378925716947, "dsfb": 0.0, "sft": 0.0, "roll-out": 0.21611311176842693, "alternate": 0.31168827077256145, "redirect": 0.036391623289705056, "dsfb-alt": 0.045045621282665864, "unknown": 0.015572597567587401, "oneh-out": 0.016341411702196502, "dsfb-red": 0.010873967723267628, "roll-in": 0.22502677548811273, "sfb": 0.016288116172952158}, "tr-quotes": {"oneh-in": 0.00499641709622986, "sfT": 2.3115508194447656e-05, "bad-redirect": 0.004018631099604725, "sfR": 0.09677191928064538, "dsfb": 0.0, "sft": 0.0, "roll-out": 0.21513141166408545, "alternate": 0.30700053165668845, "redirect": 0.03591803240794249, "dsfb-alt": 0.04748272115762465, "unknown": 0.009743186703959687, "oneh-out": 0.02603268532858695, "dsfb-red": 0.011155544254640439, "roll-in": 0.22822172395460114, "sfb": 0.01350407988719632}, "gutenberg": {"oneh-in": 0.00389860888996489, "sfT": 0.00015495928435331778, "bad-redirect": 0.004290364146740759, "sfR": 0.09863878308844841, "dsfb": 0.0, "sft": 0.0, "roll-out": 0.2261337128130869, "alternate": 0.29115125655309176, "redirect": 0.03126426695733846, "dsfb-alt": 0.048044955620646035, "unknown": 0.025598023492433706, "oneh-out": 0.01692731272943162, "dsfb-red": 0.00863566495908355, "roll-in": 0.2320043585613868, "sfb": 0.01325773290399382}, "english-200": {"oneh-in": 0.0066815144766146995, "sfT": 0.0, "bad-redirect": 0.0022271714922048997, "sfR": 0.10690423162583519, "dsfb": 0.0, "sft": 0.0, "roll-out": 0.20044543429844097, "alternate": 0.2962138084632517, "redirect": 0.042316258351893093, "dsfb-alt": 0.044543429844097995, "unknown": 0.0, "oneh-out": 0.017817371937639197, "dsfb-red": 0.008908685968819599, "roll-in": 0.26057906458797325, "sfb": 0.013363028953229399}, "monkeyracer": {"oneh-in": 0.005028387318766911, "sfT": 2.1505544520387257e-05, "bad-redirect": 0.004079210785617092, "sfR": 0.09690789370786869, "dsfb": 0.0, "sft": 0.0, "roll-out": 0.21576121807404164, "alternate": 0.30643348139574894, "redirect": 0.035951405289581934, "dsfb-alt": 0.047483264776264134, "unknown": 0.009366642163379577, "oneh-out": 0.026603336096469962, "dsfb-red": 0.011150624833820792, "roll-in": 0.2277632669659196, "sfb": 0.013449763048000375}, "chained-bigrams": {"oneh-in": 0.01040121186227728, "sfT": 5.25936800577102e-05, "bad-redirect": 0.004289956100509769, "sfR": 0.11914286586209158, "dsfb": 0.0, "sft": 0.0, "roll-out": 0.19460116134637223, "alternate": 0.31642630489140705, "redirect": 0.03874985471807515, "dsfb-alt": 0.05999575354731386, "unknown": 0.016087822355430687, "oneh-out": 0.008404599934160505, "dsfb-red": 0.020883586811063372, "roll-in": 0.19344085386164225, "sfb": 0.017523435029598553}, "english-5k": {"oneh-in": 0.0034015016385282285, "sfT": 0.0, "bad-redirect": 0.004977807275894968, "sfR": 0.10644211224955408, "dsfb": 0.0, "sft": 0.0, "roll-out": 0.21375534077238975, "alternate": 0.3324345625751856, "redirect": 0.03799726220599826, "dsfb-alt": 0.0467913883934127, "unknown": 0.0, "oneh-out": 0.007508192641141577, "dsfb-red": 0.011988219189447048, "roll-in": 0.2156220185008504, "sfb": 0.01908159455759738}, "mt-quotes": {"oneh-in": 0.005135307969065634, "sfT": 8.96475060063829e-06, "bad-redirect": 0.004081949773490635, "sfR": 0.0964592223377679, "dsfb": 0.0, "sft": 0.0, "roll-out": 0.21624472573839662, "alternate": 0.3067528478024408, "redirect": 0.03591876740655742, "dsfb-alt": 0.04809439284732432, "unknown": 0.00522794372527223, "oneh-out": 0.028395847527521785, "dsfb-red": 0.01097136061008116, "roll-in": 0.23034329018300045, "sfb": 0.012365379328480416}, "wordle": {"oneh-in": 0.0026253786603837093, "sfT": 0.00029170874004263433, "bad-redirect": 0.0055424660608100525, "sfR": 0.13138112868843263, "dsfb": 0.0, "sft": 0.0, "roll-out": 0.20985077975990127, "alternate": 0.31190396050712443, "redirect": 0.03437675305733199, "dsfb-alt": 0.05439246045102659, "unknown": 0.0, "oneh-out": 0.010097610232245036, "dsfb-red": 0.018041063614944463, "roll-in": 0.18534724559632, "sfb": 0.036149444631437225}, "english-1k": {"oneh-in": 0.004234297812279464, "sfT": 0.0, "bad-redirect": 0.0035285815102328866, "sfR": 0.10832745236414962, "dsfb": 0.0, "sft": 0.0, "roll-out": 0.22018348623853212, "alternate": 0.29887085391672547, "redirect": 0.037755822159491886, "dsfb-alt": 0.04163726182074806, "unknown": 0.0, "oneh-out": 0.009527170077628794, "dsfb-red": 0.011644318983768526, "roll-in": 0.24947071277346508, "sfb": 0.014820042342978124}, "english-10k": {"oneh-in": 0.003164740163254279, "sfT": 0.00011578317670442484, "bad-redirect": 0.005075162578877289, "sfR": 0.10567144593890508, "dsfb": 0.0, "sft": 0.0, "roll-out": 0.2162636768877482, "alternate": 0.334574786283553, "redirect": 0.035892784778371704, "dsfb-alt": 0.04737461646822717, "unknown": 0.0, "oneh-out": 0.009436328901410626, "dsfb-red": 0.011771289631616525, "roll-in": 0.21167094421180602, "sfb": 0.018988440979525675}, "reddit": {"oneh-in": 0.004504516146673491, "sfT": 5.480019560261205e-05, "bad-redirect": 0.003693675521786449, "sfR": 0.10397777127267367, "dsfb": 0.0, "sft": 0.0, "roll-out": 0.20279020271390197, "alternate": 0.3029674699221654, "redirect": 0.035284583633694966, "dsfb-alt": 0.048393179978937696, "unknown": 0.0331983180872297, "oneh-out": 0.02045560575473223, "dsfb-red": 0.010833994924895077, "roll-in": 0.218983042467155, "sfb": 0.014862839380551773}, "akl": {"oneh-in": 0.004418040473177266, "sfT": 0.000145428946581744, "bad-redirect": 0.0037343317049458665, "sfR": 0.13064861186637447, "dsfb": 0.0, "sft": 0.0, "roll-out": 0.16451571753112842, "alternate": 0.26150565706495477, "redirect": 0.02956039764711481, "dsfb-alt": 0.04365188441299419, "unknown": 0.12482253455870851, "oneh-out": 0.01694677139955694, "dsfb-red": 0.011813964702175921, "roll-in": 0.18608078451973845, "sfb": 0.02215587517254863}, "french": {"oneh-in": 0.00044088553871012633, "sfT": 5.537287450973994e-05, "bad-redirect": 0.003531548897506742, "sfR": 0.10898279115633469, "dsfb": 0.0, "sft": 0.0, "roll-out": 0.23309827278430859, "alternate": 0.23834955694134563, "redirect": 0.02552264030690116, "dsfb-alt": 0.038877900459557406, "unknown": 0.14988019847879508, "oneh-out": 0.017609577877266174, "dsfb-red": 0.01202626621890746, "roll-in": 0.12096680859111945, "sfb": 0.050658179874737745}, "keymash": {"oneh-in": 0.004646714255807366, "sfT": 2.462922750427933e-05, "bad-redirect": 0.004273170971992464, "sfR": 0.099723742164827, "dsfb": 0.0, "sft": 0.0, "roll-out": 0.2167782507501652, "alternate": 0.30571028639686715, "redirect": 0.03503507612483735, "dsfb-alt": 0.046668281249358616, "unknown": 0.008566866300238493, "oneh-out": 0.025302426389396296, "dsfb-red": 0.011477220016994166, "roll-in": 0.22776699108832452, "sfb": 0.014026345063687077}, "movie": {"oneh-in": 0.004659747866437142, "sfT": 2.0002871464837914e-05, "bad-redirect": 0.0027115734640327975, "sfR": 0.11567713207251198, "dsfb": 0.0, "sft": 0.0, "roll-out": 0.19257817141908135, "alternate": 0.29583075675731874, "redirect": 0.033791561393879045, "dsfb-alt": 0.052575310482070516, "unknown": 0.02448311987944585, "oneh-out": 0.036887400546578464, "dsfb-red": 0.011823671003297974, "roll-in": 0.21628960157306792, "sfb": 0.012671950670813403}, "dutch": {"oneh-in": 0.0021102751734992614, "sfT": 4.911244540924868e-05, "bad-redirect": 0.004796810212118068, "sfR": 0.18880787437283908, "dsfb": 0.0, "sft": 0.0, "roll-out": 0.2194859033295656, "alternate": 0.24835432067052277, "redirect": 0.023730599284080764,