{"english-450k": {"sfb": 0.044806148157546535, "oneh-out": 0.017382612768161863, "dsfb-alt": 0.03179528047986875, "dsfb": 0.0, "sfR": 0.11369548401129392, "bad-redirect": 0.019557376157764043, "roll-in": 0.2459245477842789, "oneh-in": 0.028847553734693485, "redirect": 0.06707532767623944, "sft": 0.0, "roll-out": 0.23677791219206443, "unknown": 0.00015377410175167997, "sfT": 0.0017663557467369779, "dsfb-red": 0.04440884967032119, "alternate": 0.14780877751927876}, "shai": {"sfb": 0.026391396483749083, "oneh-out": 0.015909400541795307, "dsfb-alt": 0.0266811856022031, "dsfb": 0.0, "sfR": 0.09823378925716947, "bad-redirect": 0.0179057032176721, "roll-in": 0.2857398464469492, "oneh-in": 0.03477609143206055, "redirect": 0.06811454273597031, "sft": 0.0, "roll-out": 0.22111254591465965, "unknown": 0.024097749651430984, "sfT": 0.0002852452585169894, "dsfb-red": 0.04450398853368169, "alternate": 0.13624851492414153}, "tr-quotes": {"sfb": 0.02107556459628765, "oneh-out": 0.014796236795265944, "dsfb-alt": 0.026525045653128684, "dsfb": 0.0, "sfR": 0.09677191928064538, "bad-redirect": 0.017615173019578836, "roll-in": 0.30345230114884075, "oneh-in": 0.033645777952428284, "redirect": 0.07717343565798294, "sft": 0.0, "roll-out": 0.21891657613092624, "unknown": 0.013894731975682485, "sfT": 0.00023231085735419892, "dsfb-red": 0.041347865282818246, "alternate": 0.13455306164906036}, "gutenberg": {"sfb": 0.025559567826512284, "oneh-out": 0.012448837862198383, "dsfb-alt": 0.025557484021954964, "dsfb": 0.0, "sfR": 0.09863878308844841, "bad-redirect": 0.016838277443800738, "roll-in": 0.31359724149741436, "oneh-in": 0.03013863362283062, "redirect": 0.07096888955570635, "sft": 0.0, "roll-out": 0.19212924286287467, "unknown": 0.03298207965968062, "sfT": 0.00010570572208942704, "dsfb-red": 0.04152757271246566, "alternate": 0.1395076841240235}, "english-200": {"sfb": 0.015590200445434299, "oneh-out": 0.017817371937639197, "dsfb-alt": 0.015590200445434299, "dsfb": 0.0, "sfR": 0.10690423162583519, "bad-redirect": 0.022271714922048998, "roll-in": 0.2984409799554566, "oneh-in": 0.035634743875278395, "redirect": 0.10022271714922049, "sft": 0.0, "roll-out": 0.18040089086859687, "unknown": 0.0, "sfT": 0.0, "dsfb-red": 0.05790645879732739, "alternate": 0.1492204899777283}, "monkeyracer": {"sfb": 0.02079781660071633, "oneh-out": 0.014908229976383002, "dsfb-alt": 0.02641760639379389, "dsfb": 0.0, "sfR": 0.09690789370786869, "bad-redirect": 0.01770199571453149, "roll-in": 0.3037697264494737, "oneh-in": 0.03374610945149131, "redirect": 0.07767411670863507, "sft": 0.0, "roll-out": 0.21867619688130505, "unknown": 0.013491796612290222, "sfT": 0.00021798801945665264, "dsfb-red": 0.04162398141920953, "alternate": 0.13406654206484508}, "chained-bigrams": {"sfb": 0.028642128576613732, "oneh-out": 0.011925129974566736, "dsfb-alt": 0.03451184299293102, "dsfb": 0.0, "sfR": 0.11914286586209158, "bad-redirect": 0.018855808257727213, "roll-in": 0.27165804498253043, "oneh-in": 0.03478649887767684, "redirect": 0.07650757186666658, "sft": 0.0, "roll-out": 0.1825286392067055, "unknown": 0.023159399756770463, "sfT": 0.00011752414926475984, "dsfb-red": 0.0465460561557656, "alternate": 0.15161848934068953}, "english-5k": {"sfb": 0.02907869083668644, "oneh-out": 0.017837142738623635, "dsfb-alt": 0.0270046044717302, "dsfb": 0.0, "sfR": 0.10644211224955408, "bad-redirect": 0.0197867839216825, "roll-in": 0.26390674907703154, "oneh-in": 0.037043182478118386, "redirect": 0.0665781723150952, "sft": 0.0, "roll-out": 0.23905919442485585, "unknown": 0.002157049819554486, "sfT": 0.00041481727299124733, "dsfb-red": 0.04816028539428382, "alternate": 0.1425312149997926}, "mt-quotes": {"sfb": 0.01947741480498679, "oneh-out": 0.014815744492654881, "dsfb-alt": 0.026311543012873383, "dsfb": 0.0, "sfR": 0.0964592223377679, "bad-redirect": 0.017786065191666367, "roll-in": 0.3094407788575322, "oneh-in": 0.033898710271213585, "redirect": 0.07905864142192898, "sft": 0.0, "roll-out": 0.21952731858333036, "unknown": 0.007995063410669249, "sfT": 0.00016883613631202114, "dsfb-red": 0.04134991214544411, "alternate": 0.1337107493336202}, "wordle": {"sfb": 0.05111634690900931, "oneh-out": 0.014473241332884551, "dsfb-alt": 0.038438236284079434, "dsfb": 0.0, "sfR": 0.13138112868843263, "bad-redirect": 0.017076180859418828, "roll-in": 0.22890160439807022, "oneh-in": 0.02952990014585437, "redirect": 0.06949399753169527, "sft": 0.0, "roll-out": 0.20558734432850892, "unknown": 0.0, "sfT": 0.0005161000785369685, "dsfb-red": 0.049096824862560305, "alternate": 0.16438909458094916}, "english-1k": {"sfb": 0.02364149611856034, "oneh-out": 0.01834862385321101, "dsfb-alt": 0.024700070571630206, "dsfb": 0.0, "sfR": 0.10832745236414962, "bad-redirect": 0.01834862385321101, "roll-in": 0.2791107974594213, "oneh-in": 0.035638673253352154, "redirect": 0.08115737473535639, "sft": 0.0, "roll-out": 0.21347918136908964, "unknown": 0.0, "sfT": 0.0, "dsfb-red": 0.043754410726887794, "alternate": 0.15349329569513057}, "english-10k": {"sfb": 0.031628104436425386, "oneh-out": 0.017541151270720364, "dsfb-alt": 0.03066324463055518, "dsfb": 0.0, "sfR": 0.10567144593890508, "bad-redirect": 0.018756874626116825, "roll-in": 0.2541247756700951, "oneh-in": 0.033499932459813586, "redirect": 0.06130719206499296, "sft": 0.0, "roll-out": 0.25508963547596536, "unknown": 0.0, "sfT": 0.0004245383145828911, "dsfb-red": 0.04513614171860829, "alternate": 0.14615696339321896}, "reddit": {"sfb": 0.022320460531404577, "oneh-out": 0.015081703046242862, "dsfb-alt": 0.026651960886219923, "dsfb": 0.0, "sfR": 0.10397777127267367, "bad-redirect": 0.01591906351971955, "roll-in": 0.2797506909488094, "oneh-in": 0.03315524206197816, "redirect": 0.07239899936266211, "sft": 0.0, "roll-out": 0.21191329283063237, "unknown": 0.04519937363713543, "sfT": 0.00027347657422738936, "dsfb-red": 0.04124963923828852, "alternate": 0.13210832609000606}, "akl": {"sfb": 0.026221165209037556, "oneh-out": 0.012599542914300719, "dsfb-alt": 0.026459198248685624, "dsfb": 0.0, "sfR": 0.13064861186637447, "bad-redirect": 0.012525049493651049, "roll-in": 0.23655433907127038, "oneh-in": 0.027029375584782616, "redirect": 0.06366296676088747, "sft": 0.0, "roll-out": 0.1716431689545618, "unknown": 0.13920166722946467, "sfT": 0.00029992558317291717, "dsfb-red": 0.03338328139836529, "alternate": 0.11977170768544544}, "french": {"sfb": 0.05081649296049111, "oneh-out": 0.008966420501579064, "dsfb-alt": 0.028493868450440295, "dsfb": 0.0, "sfR": 0.10898279115633469, "bad-redirect": 0.01190128772346367, "roll-in": 0.23756335501070505, "oneh-in": 0.02890161416273929, "redirect": 0.04679356972906379, "sft": 0.0, "roll-out": 0.1564976914560209, "unknown": 0.15842537463172957, "sfT": 0.0001560807918404953, "dsfb-red": 0.04673861634602761, "alternate": 0.11576283707956449}, "keymash": {"sfb": 0.02212115117009355, "oneh-out": 0.014876053412584715, "dsfb-alt": 0.026156239609544645, "dsfb": 0.0, "sfR": 0.099723742164827, "bad-redirect": 0.01865663983449159, "roll-in": 0.3006859239859942, "oneh-in": 0.03381592936337552, "redirect": 0.07677340700208939, "sft": 0.0, "roll-out": 0.2180056072541285, "unknown": 0.012376186820900362, "sfT": 0.00023397766129065362, "dsfb-red": 0.04153719218596709, "alternate": 0.13503794953471285}, "movie": {"sfb": 0.019465031098543226, "oneh-out": 0.013159520662768827, "dsfb-alt": 0.025865291978098434, "dsfb": 0.0, "sfR": 0.11567713207251198, "bad-redirect": 0.012947253349132092, "roll-in": 0.29432725145149125, "oneh-in": 0.03243202412346299, "redirect": 0.07327604528492182, "sft": 0.0, "roll-out": 0.2121030795341805, "unknown": 0.030282373430185833, "sfT": 0.00019134325730180477, "dsfb-red": 0.03816521555923357, "alternate": 0.13210843819816767}, "dutch": {"sfb": 0.04212008116625041, "oneh-out": 0.0111739689049187, "dsfb-alt": 0.026564650966869666, "dsfb": 0.0, "sfR": 0.18880787437283908, "bad-redirect": 0.010908019364827435, "roll-in": 0.23110283457526198, "oneh-in": 0.024974709511271457,