{"english-450k": {"alternate": 0.18993060285879504, "dsfb-alt": 0.038303491607617604, "sfT": 5.525343199822721e-05, "roll-in": 0.16487039415868904, "roll-out": 0.13569336625541353, "dsfb-red": 0.020563924127975135, "bad-redirect": 0.0008173999781325041, "dsfb": 0.0, "sfR": 0.11369548401129392, "redirect": 0.021977125663845135, "sfb": 0.03359496369352529, "oneh-out": 0.004362390012050511, "unknown": 0.2664773627566142, "sft": 0.0, "oneh-in": 0.009658241444049908}, "shai": {"alternate": 0.17662084592893373, "dsfb-alt": 0.03752098922694932, "sfT": 4.0062601540174995e-05, "roll-in": 0.1483949917838962, "roll-out": 0.18594432788493306, "dsfb-red": 0.0213656280760074, "bad-redirect": 0.001245931039223342, "dsfb": 0.0, "sfR": 0.09823378925716947, "redirect": 0.018055220980216637, "sfb": 0.019548196343051983, "oneh-out": 0.01041685309135744, "unknown": 0.2724355097003282, "sft": 0.0, "oneh-in": 0.010177654086393097}, "tr-quotes": {"alternate": 0.1667830147245787, "dsfb-alt": 0.03650632209149118, "sfT": 1.1557754097223828e-05, "roll-in": 0.13373708420979635, "roll-out": 0.20806731235986223, "dsfb-red": 0.02722197822519128, "bad-redirect": 0.001211252629389057, "dsfb": 0.0, "sfR": 0.09677191928064538, "redirect": 0.017944569011349713, "sfb": 0.023338572848524076, "oneh-out": 0.01229629458403643, "unknown": 0.2686831094981623, "sft": 0.0, "oneh-in": 0.0074270127828760316}, "gutenberg": {"alternate": 0.16313139751678693, "dsfb-alt": 0.03256607649532868, "sfT": 3.0688758025962686e-05, "roll-in": 0.1225794242107022, "roll-out": 0.22282273680828582, "dsfb-red": 0.02394461929459048, "bad-redirect": 0.0010341353707637674, "dsfb": 0.0, "sfR": 0.09863878308844841, "redirect": 0.015569998215505552, "sfb": 0.016308991086241852, "oneh-out": 0.015190745786073594, "unknown": 0.28213444479679683, "sft": 0.0, "oneh-in": 0.006047958572449906}, "english-200": {"alternate": 0.18040089086859687, "dsfb-alt": 0.042316258351893093, "sfT": 0.0, "roll-in": 0.12472160356347439, "roll-out": 0.23162583518930957, "dsfb-red": 0.035634743875278395, "bad-redirect": 0.0, "dsfb": 0.0, "sfR": 0.10690423162583519, "redirect": 0.015590200445434299, "sfb": 0.011135857461024499, "oneh-out": 0.011135857461024499, "unknown": 0.2383073496659243, "sft": 0.0, "oneh-in": 0.0022271714922048997}, "monkeyracer": {"alternate": 0.16633267904343338, "dsfb-alt": 0.03659950419944633, "sfT": 1.0752772260193629e-05, "roll-in": 0.13360124028340398, "roll-out": 0.20852655739243317, "dsfb-red": 0.02749679371881696, "bad-redirect": 0.0012297261366657805, "dsfb": 0.0, "sfR": 0.09690789370786869, "redirect": 0.01787697264494737, "sfb": 0.02333351580462017, "oneh-out": 0.012345160079453212, "unknown": 0.268401903436195, "sft": 0.0, "oneh-in": 0.007337300780455761}, "chained-bigrams": {"alternate": 0.16282808554459458, "dsfb-alt": 0.04455074283703296, "sfT": 6.622907859119062e-05, "roll-in": 0.14713504044194275, "roll-out": 0.17105867182128018, "dsfb-red": 0.0329937686228702, "bad-redirect": 0.0011992657662542067, "dsfb": 0.0, "sfR": 0.11914286586209158, "redirect": 0.025568320164352003, "sfb": 0.018469471965945266, "oneh-out": 0.006990414314830963, "unknown": 0.2652286299216484, "sft": 0.0, "oneh-in": 0.004768493658565725}, "english-5k": {"alternate": 0.20255527440162607, "dsfb-alt": 0.03467872402206828, "sfT": 0.0, "roll-in": 0.18297589911643922, "roll-out": 0.12622889617123656, "dsfb-red": 0.020160119467374622, "bad-redirect": 0.0005392624548886216, "dsfb": 0.0, "sfR": 0.10644211224955408, "redirect": 0.021238644377151866, "sfb": 0.01970382046708425, "oneh-out": 0.003899282366117725, "unknown": 0.26100302816609283, "sft": 0.0, "oneh-in": 0.020574936740365868}, "mt-quotes": {"alternate": 0.16514415318965828, "dsfb-alt": 0.03716785599024635, "sfT": 4.482375300319145e-06, "roll-in": 0.13222110660881414, "roll-out": 0.21378987819892184, "dsfb-red": 0.028655825294940294, "bad-redirect": 0.001162429327882765, "dsfb": 0.0, "sfR": 0.0964592223377679, "redirect": 0.017890653948673816, "sfb": 0.023353175314662748, "oneh-out": 0.012664204348501691, "unknown": 0.264395895339525, "sft": 0.0, "oneh-in": 0.007091117725104888}, "wordle": {"alternate": 0.16432177717940089, "dsfb-alt": 0.03897677549646584, "sfT": 0.0, "roll-in": 0.11937619207898575, "roll-out": 0.1432514304947829, "dsfb-red": 0.021855716369348143, "bad-redirect": 0.0014585437002131718, "dsfb": 0.0, "sfR": 0.13138112868843263, "redirect": 0.017457646134859194, "sfb": 0.029305508807360037, "oneh-out": 0.008975653539773365, "unknown": 0.3209693705822955, "sft": 0.0, "oneh-in": 0.002670256928082576}, "english-1k": {"alternate": 0.19195483415666903, "dsfb-alt": 0.03634438955539873, "sfT": 0.0, "roll-in": 0.1676076217360621, "roll-out": 0.14714184897671137, "dsfb-red": 0.022230063514467185, "bad-redirect": 0.0, "dsfb": 0.0, "sfR": 0.10832745236414962, "redirect": 0.019407198306280876, "sfb": 0.014114326040931546, "oneh-out": 0.008115737473535639, "unknown": 0.2745236414961186, "sft": 0.0, "oneh-in": 0.010232886379675371}, "english-10k": {"alternate": 0.1952297331197777, "dsfb-alt": 0.038247042704695006, "sfT": 1.929719611740414e-05, "roll-in": 0.19235445089828448, "roll-out": 0.13170336350128325, "dsfb-red": 0.019123521352347503, "bad-redirect": 0.0011771289631616526, "dsfb": 0.0, "sfR": 0.10567144593890508, "redirect": 0.020300650315509157, "sfb": 0.02045502788444839, "oneh-out": 0.00438046351865074, "unknown": 0.2536616429632774, "sft": 0.0, "oneh-in": 0.017676231643542192}, "reddit": {"alternate": 0.16396634301588736, "dsfb-alt": 0.035258288529584896, "sfT": 6.307828393356029e-05, "roll-in": 0.1361821194415774, "roll-out": 0.18462609167289865, "dsfb-red": 0.02466495748489951, "bad-redirect": 0.0012751252622721255, "dsfb": 0.0, "sfR": 0.10397777127267367, "redirect": 0.017797290592926503, "sfb": 0.024724552229399687, "oneh-out": 0.010677947341244713, "unknown": 0.28970207684500704, "sft": 0.0, "oneh-in": 0.007084358027694888}, "akl": {"alternate": 0.14206189338358333, "dsfb-alt": 0.03256145713380498, "sfT": 0.00010799692924036749, "roll-in": 0.12020436250766646, "roll-out": 0.14596285315780327, "dsfb-red": 0.021958387308119835, "bad-redirect": 0.0008341533580608664, "dsfb": 0.0, "sfR": 0.13064861186637447, "redirect": 0.014411326676429958, "sfb": 0.02324446741812203, "oneh-out": 0.0071934454289243445, "unknown": 0.35596445099843793, "sft": 0.0, "oneh-in": 0.004846593833432168}, "french": {"alternate": 0.151859284341853, "dsfb-alt": 0.023456659781463222, "sfT": 0.0005078693379344356, "roll-in": 0.15585485073646896, "roll-out": 0.1221357215821906, "dsfb-red": 0.012900156849360148, "bad-redirect": 0.0009467772739834998, "dsfb": 0.0, "sfR": 0.10898279115633469, "redirect": 0.02226471970486138, "sfb": 0.02576321866698704, "oneh-out": 0.014298276985216057, "unknown": 0.346108481723573, "sft": 0.0, "oneh-in": 0.014921191859773949}, "keymash": {"alternate": 0.16733097166407376, "dsfb-alt": 0.036172125461284906, "sfT": 2.873409875499255e-05, "roll-in": 0.13379827841699746, "roll-out": 0.2103459175002976, "dsfb-red": 0.027404120469761466, "bad-redirect": 0.0011452590789489887, "dsfb": 0.0, "sfR": 0.099723742164827, "redirect": 0.017043425432961296, "sfb": 0.022022634260076432, "oneh-out": 0.012523962185926038, "unknown": 0.2651377389548177, "sft": 0.0, "oneh-in": 0.007323090311272387}, "movie": {"alternate": 0.1531339564666454, "dsfb-alt": 0.031160262611382765, "sfT": 1.6844523338810876e-05, "roll-in": 0.11420284148685028, "roll-out": 0.21128046144518903, "dsfb-red": 0.025588804919232485, "bad-redirect": 0.0009452672745521759, "dsfb": 0.0, "sfR": 0.11567713207251198, "redirect": 0.019201177432181384, "sfb": 0.025307317142500323, "oneh-out": 0.01218003795018469, "unknown": 0.2866749687356435, "sft": 0.0, "oneh-in": 0.004630927939787146}, "dutch": {"alternate": 0.1473704902662863, "dsfb-alt": 0.040772492325530416, "sfT": 8.701814442171736e-05, "roll-in": 0.16245545228653308, "roll-out": 0.14868723814092236, "dsfb-red": 0.02187081730604233, "bad-redirect": 0.0011287614278779167,