{"english-450k": {"oneh-in": 0.010278600082675506, "unknown": 0.00015377410175167997, "oneh-out": 0.007436995008480963, "sfb": 0.034092244581509334, "dsfb-red": 0.021623094414375012, "dsfb": 0.0, "roll-out": 0.16454472049072064, "alternate": 0.2518276022758567, "sfT": 2.134127267656395e-05, "sft": 0.0, "redirect": 0.0583312528028692, "sfR": 0.11369548401129392, "dsfb-alt": 0.044829243507429395, "bad-redirect": 0.003219901058351717, "roll-in": 0.2899457463920094}, "shai": {"oneh-in": 0.015445404323029892, "unknown": 0.023260762136131256, "oneh-out": 0.004627112430421661, "sfb": 0.02099337215714603, "dsfb-red": 0.015951336421197084, "dsfb": 0.0, "roll-out": 0.12454158878114015, "alternate": 0.24024317933337935, "sfT": 3.743072355279996e-05, "sft": 0.0, "redirect": 0.04773800150048008, "sfR": 0.09823378925716947, "dsfb-alt": 0.03553630938871383, "bad-redirect": 0.0024331944217810507, "roll-in": 0.3709585191258573}, "tr-quotes": {"oneh-in": 0.017813966390051086, "unknown": 0.013782621760939414, "oneh-out": 0.003728531471764407, "sfb": 0.01719100344421072, "dsfb-red": 0.013204734056078223, "dsfb": 0.0, "roll-out": 0.1133688541642588, "alternate": 0.23318924666558793, "sfT": 1.271352950694621e-05, "sft": 0.0, "redirect": 0.04771849934120802, "sfR": 0.09677191928064538, "dsfb-alt": 0.035783962460414695, "bad-redirect": 0.003834862809458866, "roll-in": 0.4035990846258755}, "gutenberg": {"oneh-in": 0.017994599536334543, "unknown": 0.03276706891672094, "oneh-out": 0.004795970907057391, "sfb": 0.02232474540644229, "dsfb-red": 0.012647746479033327, "dsfb": 0.0, "roll-out": 0.10446547950426668, "alternate": 0.22714208478205108, "sfT": 1.913311457174217e-05, "sft": 0.0, "redirect": 0.04325542556403853, "sfR": 0.09863878308844841, "dsfb-alt": 0.03281840628354215, "bad-redirect": 0.0015988464057970686, "roll-in": 0.40153171001169585}, "english-200": {"oneh-in": 0.017817371937639197, "unknown": 0.0, "oneh-out": 0.0, "sfb": 0.0066815144766146995, "dsfb-red": 0.013363028953229399, "dsfb": 0.0, "roll-out": 0.08908685968819599, "alternate": 0.2561247216035635, "sfT": 0.0, "sft": 0.0, "redirect": 0.0334075723830735, "sfR": 0.10690423162583519, "dsfb-alt": 0.031180400890868598, "bad-redirect": 0.0022271714922048997, "roll-in": 0.44320712694877507}, "monkeyracer": {"oneh-in": 0.017943444328010386, "unknown": 0.013391111562944773, "oneh-out": 0.003683313261491781, "sfb": 0.017040211458154122, "dsfb-red": 0.013258168196818743, "dsfb": 0.0, "roll-out": 0.11315924269202496, "alternate": 0.23292166507655973, "sfT": 1.3685346512973709e-05, "sft": 0.0, "redirect": 0.04760936546913368, "sfR": 0.09690789370786869, "dsfb-alt": 0.03573439479487621, "bad-redirect": 0.003787908409840937, "roll-in": 0.40454959569576304}, "chained-bigrams": {"oneh-in": 0.01958367881753824, "unknown": 0.02260814007320261, "oneh-out": 0.003198474913139265, "sfb": 0.0213121279078299, "dsfb-red": 0.023920384855877084, "dsfb": 0.0, "roll-out": 0.09687041631468941, "alternate": 0.24464177535486126, "sfT": 5.1295070673569206e-05, "sft": 0.0, "redirect": 0.052903398395827826, "sfR": 0.11914286586209158, "dsfb-alt": 0.04794595707186959, "bad-redirect": 0.004113345224266594, "roll-in": 0.34370814013813306}, "english-5k": {"oneh-in": 0.013274152735719915, "unknown": 0.002157049819554486, "oneh-out": 0.005475588003484465, "sfb": 0.02679719583523458, "dsfb-red": 0.01779566101132451, "dsfb": 0.0, "roll-out": 0.14477122827394534, "alternate": 0.2547807690712241, "sfT": 0.0, "sft": 0.0, "redirect": 0.05633218567221139, "sfR": 0.10644211224955408, "dsfb-alt": 0.03878541502468163, "bad-redirect": 0.001244451818973742, "roll-in": 0.3321441904840918}, "mt-quotes": {"oneh-in": 0.018510715865217964, "unknown": 0.007977133909467972, "oneh-out": 0.0033752286011403164, "sfb": 0.01571670192801903, "dsfb-red": 0.012544674340493181, "dsfb": 0.0, "roll-out": 0.11071466991788288, "alternate": 0.23372001290924085, "sfT": 7.470625500531909e-06, "sft": 0.0, "redirect": 0.0472233179139623, "sfR": 0.0964592223377679, "dsfb-alt": 0.035927732157158054, "bad-redirect": 0.0037831247534693586, "roll-in": 0.41403999474067965}, "wordle": {"oneh-in": 0.016156176371592057, "unknown": 0.0, "oneh-out": 0.007158083697969259, "sfb": 0.03368113990799955, "dsfb-red": 0.019791316055200268, "dsfb": 0.0, "roll-out": 0.16270615954224166, "alternate": 0.2439358240771906, "sfT": 0.0, "sft": 0.0, "redirect": 0.047526085493099966, "sfR": 0.13138112868843263, "dsfb-alt": 0.046022663525187926, "bad-redirect": 0.004218557163693481, "roll-in": 0.2874228654773926}, "english-1k": {"oneh-in": 0.021877205363443897, "unknown": 0.0, "oneh-out": 0.004940014114326041, "sfb": 0.021877205363443897, "dsfb-red": 0.014467184191954835, "dsfb": 0.0, "roll-out": 0.1213832039520113, "alternate": 0.22300635144671843, "sfT": 0.0, "sft": 0.0, "redirect": 0.051517290049400144, "sfR": 0.10832745236414962, "dsfb-alt": 0.03634438955539873, "bad-redirect": 0.001058574453069866, "roll-in": 0.3952011291460833}, "english-10k": {"oneh-in": 0.011115184963624786, "unknown": 0.0, "oneh-out": 0.006831207425561066, "sfb": 0.026996777368248393, "dsfb-red": 0.018351633507651337, "dsfb": 0.0, "roll-out": 0.1593948399297582, "alternate": 0.2501109588776751, "sfT": 1.929719611740414e-05, "sft": 0.0, "redirect": 0.054495281835549296, "sfR": 0.10567144593890508, "dsfb-alt": 0.03668396981918527, "bad-redirect": 0.001929719611740414, "roll-in": 0.3283996835259837}, "reddit": {"oneh-in": 0.015076796125105513, "unknown": 0.03771545738217256, "oneh-out": 0.003929619767925104, "sfb": 0.0188040334891749, "dsfb-red": 0.013514484875352029, "dsfb": 0.0, "roll-out": 0.11392574854426446, "alternate": 0.23304796403039518, "sfT": 0.0001495299937427391, "sft": 0.0, "redirect": 0.0449968039462134, "sfR": 0.10397777127267367, "dsfb-alt": 0.036472320750826355, "bad-redirect": 0.004043153187522861, "roll-in": 0.3743463166346312}, "akl": {"oneh-in": 0.011694083416274694, "unknown": 0.13060016025844942, "oneh-out": 0.003152270012188013, "sfb": 0.022817940081247986, "dsfb-red": 0.011931449350663212, "dsfb": 0.0, "roll-out": 0.10597401901739201, "alternate": 0.1968234028826804, "sfT": 0.001088468707562377, "sft": 0.0, "redirect": 0.03532769556913381, "sfR": 0.13064861186637447, "dsfb-alt": 0.03065635275814546, "bad-redirect": 0.004865519856721603, "roll-in": 0.3144200262231665}, "french": {"oneh-in": 0.024824951077181443, "unknown": 0.15805331565835973, "oneh-out": 0.011746420460528826, "sfb": 0.023719800790091217, "dsfb-red": 0.020413563759400486, "dsfb": 0.0, "roll-out": 0.11632991464262406, "alternate": 0.18602764391879767, "sfT": 0.0001652346950670784, "sft": 0.0, "redirect": 0.05105266666010462, "sfR": 0.10898279115633469, "dsfb-alt": 0.02995284481363889, "bad-redirect": 0.0033309271002773242, "roll-in": 0.265399925267594}, "keymash": {"oneh-in": 0.018213313739414563, "unknown": 0.01232282349464109, "oneh-out": 0.003743642580650458, "sfb": 0.017232249510494103, "dsfb-red": 0.012581430383436024, "dsfb": 0.0, "roll-out": 0.11239958458702942, "alternate": 0.23038589894627956, "sfT": 2.052435625356611e-05, "sft": 0.0, "redirect": 0.048182978740871796, "sfR": 0.099723742164827, "dsfb-alt": 0.03642252260757841, "bad-redirect": 0.0032880018718212905, "roll-in": 0.4054832870167027}, "movie": {"oneh-in": 0.01716456928224828, "unknown": 0.03021933806550388, "oneh-out": 0.0028415921285542436, "sfb": 0.015908336315121025, "dsfb-red": 0.013361260149318804, "dsfb": 0.0, "roll-out": 0.10452566282870343, "alternate": 0.2198769586528803, "sfT": 1.2107001149770316e-05, "sft": 0.0, "redirect": 0.04368021777863112, "sfR": 0.11567713207251198, "dsfb-alt": 0.03974399482873134, "bad-redirect": 0.006562521014529849, "roll-in": 0.39042630988211596}, "dutch": {"oneh-in": 0.005529014194698086, "unknown": 0.07289364539466019, "oneh-out": 0.01423939955651408, "sfb": 0.030612509834592367, "dsfb-red": 0.01697872285336028, "dsfb": 0.0, "roll-out": 0.14175192968517936, "alternate": 0.18073792318870915, "sfT": 0.00011117092425605763, "sft": 0.0,