{"english-450k": {"redirect": 0.0583312528028692, "sfb": 0.034092244581509334, "sfT": 2.134127267656395e-05, "dsfb": 0.0, "roll-out": 0.16454472049072064, "dsfb-red": 0.021623094414375012, "bad-redirect": 0.003219901058351717, "alternate": 0.2518276022758567, "dsfb-alt": 0.044829243507429395, "oneh-out": 0.007436995008480963, "sfR": 0.11369548401129392, "roll-in": 0.2899457463920094, "unknown": 0.00015377410175167997, "oneh-in": 0.010278600082675506, "sft": 0.0}, "shai": {"redirect": 0.04773800150048008, "sfb": 0.02099337215714603, "sfT": 3.743072355279996e-05, "dsfb": 0.0, "roll-out": 0.12454158878114015, "dsfb-red": 0.015951336421197084, "bad-redirect": 0.0024331944217810507, "alternate": 0.24024317933337935, "dsfb-alt": 0.03553630938871383, "oneh-out": 0.004627112430421661, "sfR": 0.09823378925716947, "roll-in": 0.3709585191258573, "unknown": 0.023260762136131256, "oneh-in": 0.015445404323029892, "sft": 0.0}, "tr-quotes": {"redirect": 0.04771849934120802, "sfb": 0.01719100344421072, "sfT": 1.271352950694621e-05, "dsfb": 0.0, "roll-out": 0.1133688541642588, "dsfb-red": 0.013204734056078223, "bad-redirect": 0.003834862809458866, "alternate": 0.23318924666558793, "dsfb-alt": 0.035783962460414695, "oneh-out": 0.003728531471764407, "sfR": 0.09677191928064538, "roll-in": 0.4035990846258755, "unknown": 0.013782621760939414, "oneh-in": 0.017813966390051086, "sft": 0.0}, "gutenberg": {"redirect": 0.04325542556403853, "sfb": 0.02232474540644229, "sfT": 1.913311457174217e-05, "dsfb": 0.0, "roll-out": 0.10446547950426668, "dsfb-red": 0.012647746479033327, "bad-redirect": 0.0015988464057970686, "alternate": 0.22714208478205108, "dsfb-alt": 0.03281840628354215, "oneh-out": 0.004795970907057391, "sfR": 0.09863878308844841, "roll-in": 0.40153171001169585, "unknown": 0.03276706891672094, "oneh-in": 0.017994599536334543, "sft": 0.0}, "english-200": {"redirect": 0.0334075723830735, "sfb": 0.0066815144766146995, "sfT": 0.0, "dsfb": 0.0, "roll-out": 0.08908685968819599, "dsfb-red": 0.013363028953229399, "bad-redirect": 0.0022271714922048997, "alternate": 0.2561247216035635, "dsfb-alt": 0.031180400890868598, "oneh-out": 0.0, "sfR": 0.10690423162583519, "roll-in": 0.44320712694877507, "unknown": 0.0, "oneh-in": 0.017817371937639197, "sft": 0.0}, "monkeyracer": {"redirect": 0.04760936546913368, "sfb": 0.017040211458154122, "sfT": 1.3685346512973709e-05, "dsfb": 0.0, "roll-out": 0.11315924269202496, "dsfb-red": 0.013258168196818743, "bad-redirect": 0.003787908409840937, "alternate": 0.23292166507655973, "dsfb-alt": 0.03573439479487621, "oneh-out": 0.003683313261491781, "sfR": 0.09690789370786869, "roll-in": 0.40454959569576304, "unknown": 0.013391111562944773, "oneh-in": 0.017943444328010386, "sft": 0.0}, "chained-bigrams": {"redirect": 0.052903398395827826, "sfb": 0.0213121279078299, "sfT": 5.1295070673569206e-05, "dsfb": 0.0, "roll-out": 0.09687041631468941, "dsfb-red": 0.023920384855877084, "bad-redirect": 0.004113345224266594, "alternate": 0.24464177535486126, "dsfb-alt": 0.04794595707186959, "oneh-out": 0.003198474913139265, "sfR": 0.11914286586209158, "roll-in": 0.34370814013813306, "unknown": 0.02260814007320261, "oneh-in": 0.01958367881753824, "sft": 0.0}, "english-5k": {"redirect": 0.05633218567221139, "sfb": 0.02679719583523458, "sfT": 0.0, "dsfb": 0.0, "roll-out": 0.14477122827394534, "dsfb-red": 0.01779566101132451, "bad-redirect": 0.001244451818973742, "alternate": 0.2547807690712241, "dsfb-alt": 0.03878541502468163, "oneh-out": 0.005475588003484465, "sfR": 0.10644211224955408, "roll-in": 0.3321441904840918, "unknown": 0.002157049819554486, "oneh-in": 0.013274152735719915, "sft": 0.0}, "mt-quotes": {"redirect": 0.0472233179139623, "sfb": 0.01571670192801903, "sfT": 7.470625500531909e-06, "dsfb": 0.0, "roll-out": 0.11071466991788288, "dsfb-red": 0.012544674340493181, "bad-redirect": 0.0037831247534693586, "alternate": 0.23372001290924085, "dsfb-alt": 0.035927732157158054, "oneh-out": 0.0033752286011403164, "sfR": 0.0964592223377679, "roll-in": 0.41403999474067965, "unknown": 0.007977133909467972, "oneh-in": 0.018510715865217964, "sft": 0.0}, "wordle": {"redirect": 0.047526085493099966, "sfb": 0.03368113990799955, "sfT": 0.0, "dsfb": 0.0, "roll-out": 0.16270615954224166, "dsfb-red": 0.019791316055200268, "bad-redirect": 0.004218557163693481, "alternate": 0.2439358240771906, "dsfb-alt": 0.046022663525187926, "oneh-out": 0.007158083697969259, "sfR": 0.13138112868843263, "roll-in": 0.2874228654773926, "unknown": 0.0, "oneh-in": 0.016156176371592057, "sft": 0.0}, "english-1k": {"redirect": 0.051517290049400144, "sfb": 0.021877205363443897, "sfT": 0.0, "dsfb": 0.0, "roll-out": 0.1213832039520113, "dsfb-red": 0.014467184191954835, "bad-redirect": 0.001058574453069866, "alternate": 0.22300635144671843, "dsfb-alt": 0.03634438955539873, "oneh-out": 0.004940014114326041, "sfR": 0.10832745236414962, "roll-in": 0.3952011291460833, "unknown": 0.0, "oneh-in": 0.021877205363443897, "sft": 0.0}, "english-10k": {"redirect": 0.054495281835549296, "sfb": 0.026996777368248393, "sfT": 1.929719611740414e-05, "dsfb": 0.0, "roll-out": 0.1593948399297582, "dsfb-red": 0.018351633507651337, "bad-redirect": 0.001929719611740414, "alternate": 0.2501109588776751, "dsfb-alt": 0.03668396981918527, "oneh-out": 0.006831207425561066, "sfR": 0.10567144593890508, "roll-in": 0.3283996835259837, "unknown": 0.0, "oneh-in": 0.011115184963624786, "sft": 0.0}, "reddit": {"redirect": 0.0449968039462134, "sfb": 0.0188040334891749, "sfT": 0.0001495299937427391, "dsfb": 0.0, "roll-out": 0.11392574854426446, "dsfb-red": 0.013514484875352029, "bad-redirect": 0.004043153187522861, "alternate": 0.23304796403039518, "dsfb-alt": 0.036472320750826355, "oneh-out": 0.003929619767925104, "sfR": 0.10397777127267367, "roll-in": 0.3743463166346312, "unknown": 0.03771545738217256, "oneh-in": 0.015076796125105513, "sft": 0.0}, "akl": {"redirect": 0.03532769556913381, "sfb": 0.022817940081247986, "sfT": 0.001088468707562377, "dsfb": 0.0, "roll-out": 0.10597401901739201, "dsfb-red": 0.011931449350663212, "bad-redirect": 0.004865519856721603, "alternate": 0.1968234028826804, "dsfb-alt": 0.03065635275814546, "oneh-out": 0.003152270012188013, "sfR": 0.13064861186637447, "roll-in": 0.3144200262231665, "unknown": 0.13060016025844942, "oneh-in": 0.011694083416274694, "sft": 0.0}, "french": {"redirect": 0.05105266666010462, "sfb": 0.023719800790091217, "sfT": 0.0001652346950670784, "dsfb": 0.0, "roll-out": 0.11632991464262406, "dsfb-red": 0.020413563759400486, "bad-redirect": 0.0033309271002773242, "alternate": 0.18602764391879767, "dsfb-alt": 0.02995284481363889, "oneh-out": 0.011746420460528826, "sfR": 0.10898279115633469, "roll-in": 0.265399925267594, "unknown": 0.15805331565835973, "oneh-in": 0.024824951077181443, "sft": 0.0}, "keymash": {"redirect": 0.048182978740871796, "sfb": 0.017232249510494103, "sfT": 2.052435625356611e-05, "dsfb": 0.0, "roll-out": 0.11239958458702942, "dsfb-red": 0.012581430383436024, "bad-redirect": 0.0032880018718212905, "alternate": 0.23038589894627956, "dsfb-alt": 0.03642252260757841, "oneh-out": 0.003743642580650458, "sfR": 0.099723742164827, "roll-in": 0.4054832870167027, "unknown": 0.01232282349464109, "oneh-in": 0.018213313739414563, "sft": 0.0}, "movie": {"redirect": 0.04368021777863112, "sfb": 0.015908336315121025, "sfT": 1.2107001149770316e-05, "dsfb": 0.0, "roll-out": 0.10452566282870343, "dsfb-red": 0.013361260149318804, "bad-redirect": 0.006562521014529849, "alternate": 0.2198769586528803, "dsfb-alt": 0.03974399482873134, "oneh-out": 0.0028415921285542436, "sfR": 0.11567713207251198, "roll-in": 0.39042630988211596, "unknown": 0.03021933806550388, "oneh-in": 0.01716456928224828, "sft": 0.0}, "dutch": {"redirect": 0.04714142078377725, "sfb": 0.030612509834592367, "sfT": 0.00011117092425605763, "dsfb": 0.0, "roll-out": 0.14175192968517936, "dsfb-red": 0.01697872285336028, "bad-redirect": 0.001665017691059516, "alternate": 0.18073792318870915, "dsfb-alt": 0.028519053746085394,