{"english-450k": {"oneh-in": 0.002901243699208502, "unknown": 0.00015377410175167997, "oneh-out": 0.0054048965649906066, "sfb": 0.03862214896676082, "dsfb-red": 0.016483355853735688, "dsfb": 0.0, "roll-out": 0.2107713788391634, "alternate": 0.3377186237977993, "sfT": 0.0002587263879282068, "sft": 0.0, "redirect": 0.03626408450910103, "sfR": 0.11369548401129392, "dsfb-alt": 0.04753432290573414, "bad-redirect": 0.004372622129087219, "roll-in": 0.18581933823344546}, "shai": {"oneh-in": 0.002261108305494773, "unknown": 0.023621906111313578, "oneh-out": 0.014725872103734387, "sfb": 0.01896172490806231, "dsfb-red": 0.014649044488955865, "dsfb": 0.0, "roll-out": 0.22204785342483185, "alternate": 0.3043656624452376, "sfT": 7.578260440118119e-05, "sft": 0.0, "redirect": 0.03599480962697619, "sfR": 0.09823378925716947, "dsfb-alt": 0.03463137684684297, "bad-redirect": 0.004248245853321415, "roll-in": 0.2261828240236584}, "tr-quotes": {"oneh-in": 0.0021092901227433487, "unknown": 0.01476965396084233, "oneh-out": 0.025617761956496614, "sfb": 0.014977693534592358, "dsfb-red": 0.01367397887242551, "dsfb": 0.0, "roll-out": 0.22361595894685746, "alternate": 0.2971891542035552, "sfT": 2.8894385243059568e-05, "sft": 0.0, "redirect": 0.041365201913964075, "sfR": 0.09677191928064538, "dsfb-alt": 0.03332562816393518, "bad-redirect": 0.003186472804604609, "roll-in": 0.23336839185409491}, "gutenberg": {"oneh-in": 0.0012141003098049066, "unknown": 0.03802431837805746, "oneh-out": 0.016330018568592973, "sfb": 0.017977739663098055, "dsfb-red": 0.013429552061583623, "dsfb": 0.0, "roll-out": 0.21629398769342917, "alternate": 0.2850275232694666, "sfT": 0.0001165036184318954, "sft": 0.0, "redirect": 0.03128017964668525, "sfR": 0.09863878308844841, "dsfb-alt": 0.033087406508214165, "bad-redirect": 0.003519545897310869, "roll-in": 0.2450603412968766}, "english-200": {"oneh-in": 0.0022271714922048997, "unknown": 0.0, "oneh-out": 0.0200445434298441, "sfb": 0.008908685968819599, "dsfb-red": 0.013363028953229399, "dsfb": 0.0, "roll-out": 0.23385300668151449, "alternate": 0.2984409799554566, "sfT": 0.0, "sft": 0.0, "redirect": 0.0378619153674833, "sfR": 0.10690423162583519, "dsfb-alt": 0.028953229398663696, "bad-redirect": 0.0, "roll-in": 0.24944320712694878}, "monkeyracer": {"oneh-in": 0.002169127422306333, "unknown": 0.014352018393105714, "oneh-out": 0.02619277570108075, "sfb": 0.01486717393684408, "dsfb-red": 0.013623762453665327, "dsfb": 0.0, "roll-out": 0.22364006756651078, "alternate": 0.2974773996277586, "sfT": 2.9325742527800803e-05, "sft": 0.0, "redirect": 0.041327791419678746, "sfR": 0.09690789370786869, "dsfb-alt": 0.03335216697686785, "bad-redirect": 0.0031779329652626806, "roll-in": 0.23288256408652266}, "chained-bigrams": {"oneh-in": 0.004295799842738404, "unknown": 0.02365222201805197, "oneh-out": 0.009520754699829687, "sfb": 0.021151100344196417, "dsfb-red": 0.02031609451019376, "dsfb": 0.0, "roll-out": 0.19460505717452467, "alternate": 0.3126473515835567, "sfT": 9.285057096608097e-05, "sft": 0.0, "redirect": 0.04424881615522018, "sfR": 0.11914286586209158, "dsfb-alt": 0.052374215071790374, "bad-redirect": 0.0035465022280890507, "roll-in": 0.1944063699387511}, "english-5k": {"oneh-in": 0.0018666777284606132, "unknown": 0.002157049819554486, "oneh-out": 0.007176338822748579, "sfb": 0.019994192558178123, "dsfb-red": 0.016634172646949018, "dsfb": 0.0, "roll-out": 0.23163396523831253, "alternate": 0.32745675529929064, "sfT": 4.148172729912474e-05, "sft": 0.0, "redirect": 0.03389057120338491, "sfR": 0.10644211224955408, "dsfb-alt": 0.04044468411664662, "bad-redirect": 0.004936325548595843, "roll-in": 0.20732567304102542}, "mt-quotes": {"oneh-in": 0.002199352147356594, "unknown": 0.008869126594231481, "oneh-out": 0.028014845626994658, "sfb": 0.013840080802285415, "dsfb-red": 0.013663774040472861, "dsfb": 0.0, "roll-out": 0.22412175326615746, "alternate": 0.2981108282234255, "sfT": 1.3447125900957435e-05, "sft": 0.0, "redirect": 0.04203123319109262, "sfR": 0.0964592223377679, "dsfb-alt": 0.033120271094058164, "bad-redirect": 0.0030943330823203167, "roll-in": 0.2364617324679361}, "wordle": {"oneh-in": 0.0019970829125995735, "unknown": 0.0, "oneh-out": 0.00769662291035566, "sfb": 0.03971726691349714, "dsfb-red": 0.02104790755076854, "dsfb": 0.0, "roll-out": 0.21916302030741613, "alternate": 0.30474587680915516, "sfT": 0.00022439133849433412, "sft": 0.0, "redirect": 0.03426455738808482, "sfR": 0.13138112868843263, "dsfb-alt": 0.05618759115898126, "bad-redirect": 0.003276113542017278, "roll-in": 0.18029844048019747}, "english-1k": {"oneh-in": 0.0035285815102328866, "unknown": 0.0, "oneh-out": 0.011291460832745237, "sfb": 0.0187014820042343, "dsfb-red": 0.01799576570218772, "dsfb": 0.0, "roll-out": 0.2392378263937897, "alternate": 0.3020465772759351, "sfT": 0.0, "sft": 0.0, "redirect": 0.032462949894142556, "sfR": 0.10832745236414962, "dsfb-alt": 0.03387438249823571, "bad-redirect": 0.0038814396612561752, "roll-in": 0.22865208186309105}, "english-10k": {"oneh-in": 0.002315663534088497, "unknown": 0.0, "oneh-out": 0.006213697149804133, "sfb": 0.02334960730205901, "dsfb-red": 0.015804403620153992, "dsfb": 0.0, "roll-out": 0.2288068543640609, "alternate": 0.3304644835105459, "sfT": 5.789158835221242e-05, "sft": 0.0, "redirect": 0.03417533432392273, "sfR": 0.10567144593890508, "dsfb-alt": 0.040697786611605336, "bad-redirect": 0.006348777522625962, "roll-in": 0.20609405453387622}, "reddit": {"oneh-in": 0.0022493176663956624, "unknown": 0.041217688064775854, "oneh-out": 0.01948714433483781, "sfb": 0.0182343062334567, "dsfb-red": 0.01585463676890855, "dsfb": 0.0, "roll-out": 0.21210492495688182, "alternate": 0.2865434804716712, "sfT": 0.00012836655524959092, "sft": 0.0, "redirect": 0.04153236779359167, "sfR": 0.10397777127267367, "dsfb-alt": 0.034844196825971174, "bad-redirect": 0.0030948063985502482, "roll-in": 0.220730992657036}, "akl": {"oneh-in": 0.0031162957433767628, "unknown": 0.13295000147380848, "oneh-out": 0.016162626228360063, "sfb": 0.02590725512301631, "dsfb-red": 0.015052167754834766, "dsfb": 0.0, "roll-out": 0.17625133442671062, "alternate": 0.23869769885499784, "sfT": 0.00020378830299120363, "sft": 0.0, "redirect": 0.03756304175587243, "sfR": 0.13064861186637447, "dsfb-alt": 0.031775829506475776, "bad-redirect": 0.002614064313344974, "roll-in": 0.18905728464983632}, "french": {"oneh-in": 0.00041887721818663934, "unknown": 0.15822382396052298, "oneh-out": 0.012350667964513359, "sfb": 0.045404408732536025, "dsfb-red": 0.013961650059523593, "dsfb": 0.0, "roll-out": 0.2364848124685091, "alternate": 0.2231358596697946, "sfT": 0.00028159863346457575, "sft": 0.0, "redirect": 0.020603458560377475, "sfR": 0.10898279115633469, "dsfb-alt": 0.04406145172545308, "bad-redirect": 0.007242774982241652, "roll-in": 0.12884782486854224}, "keymash": {"oneh-in": 0.00219200124788086, "unknown": 0.013394194891077241, "oneh-out": 0.024801632096809283, "sfb": 0.015331694121413882, "dsfb-red": 0.013821101501151416, "dsfb": 0.0, "roll-out": 0.22457340125526962, "alternate": 0.2973568734016658, "sfT": 4.104871250713221e-06, "sft": 0.0, "redirect": 0.04024415774199242, "sfR": 0.099723742164827, "dsfb-alt": 0.03305242331074286, "bad-redirect": 0.003526084404362657, "roll-in": 0.23197858899155627}, "movie": {"oneh-in": 0.0019117218011164498, "unknown": 0.030451476652766863, "oneh-out": 0.03736194235251403, "sfb": 0.014180456694507067, "dsfb-red": 0.014100050415131961, "dsfb": 0.0, "roll-out": 0.217049315895216, "alternate": 0.2774325893361797, "sfT": 2.855673097282781e-05, "sft": 0.0, "redirect": 0.04418213193499225, "sfR": 0.11567713207251198, "dsfb-alt": 0.034254522590019175, "bad-redirect": 0.0019740991766054837, "roll-in": 0.2113960043474662}, "dutch": {"oneh-in": 0.001222987751582043, "unknown": 0.07325981014373002, "oneh-out": 0.007010259175644645, "sfb": 0.024278402978749607, "dsfb-red": 0.012057150174956139, "dsfb": 0.0, "roll-out": 0.20956676726679002, "alternate": 0.25214150165165927,