{"monkeyracer": {"sft": 0.0, "dsfb-red": 0.008579734738883588, "redirect": 0.02654566213616529, "roll-out": 0.1870786868323506, "oneh-out": 0.02322207798301453, "unknown": 0.013436077701487402, "sfR": 0.09690789370786869, "dsfb": 0.0, "sfT": 2.052801976946056e-05, "alternate": 0.3508170151868245, "dsfb-alt": 0.029549595695763018, "oneh-in": 0.004186738508219028, "roll-in": 0.24247403694261538, "bad-redirect": 0.005578733753538639, "sfb": 0.011603218793499851}, "english-200": {"sft": 0.0, "dsfb-red": 0.0022271714922048997, "redirect": 0.026726057906458798, "roll-out": 0.18262806236080179, "oneh-out": 0.017817371937639197, "unknown": 0.0, "sfR": 0.10690423162583519, "dsfb": 0.0, "sfT": 0.0, "alternate": 0.35634743875278396, "dsfb-alt": 0.022271714922048998, "oneh-in": 0.004454342984409799, "roll-in": 0.267260579064588, "bad-redirect": 0.004454342984409799, "sfb": 0.008908685968819599}, "english-10k": {"sft": 0.0, "dsfb-red": 0.01057486347233747, "redirect": 0.02782655680129677, "roll-out": 0.19034754250207445, "oneh-out": 0.004669921460411802, "unknown": 0.0, "sfR": 0.10567144593890508, "dsfb": 0.0, "sfT": 7.718878446961657e-05, "alternate": 0.3707570290036858, "dsfb-alt": 0.03392447077439648, "oneh-in": 0.004226085949711507, "roll-in": 0.22805426371548215, "bad-redirect": 0.009146870959649563, "sfb": 0.01472376063757936}, "shai": {"sft": 0.0, "dsfb-red": 0.00879419194069419, "redirect": 0.027177306214049707, "roll-out": 0.1877480545003101, "oneh-out": 0.012528532653710189, "unknown": 0.023260762136131256, "sfR": 0.09823378925716947, "dsfb": 0.0, "sfT": 3.893631257793068e-05, "alternate": 0.3479416933750677, "dsfb-alt": 0.030778760311156096, "oneh-in": 0.0038739502290198297, "roll-in": 0.23978116089351328, "bad-redirect": 0.0070015656577697835, "sfb": 0.012841296518830468}}