{"english-450k": {"unknown": 0.00015377410175167997, "bad-redirect": 0.0011705541889994802, "sfR": 0.11369548401129392, "dsfb-alt": 0.038009098983161446, "oneh-in": 0.015720039922797215, "sfT": 4.589835356466493e-05, "sft": 0.0, "dsfb": 0.0, "alternate": 0.2137904380573946, "dsfb-red": 0.035819133591104724, "oneh-out": 0.0077082922830542695, "roll-in": 0.3029525212228725, "redirect": 0.06410713669699077, "sfb": 0.03690052218878431, "roll-out": 0.1699271063982305}, "shai": {"unknown": 0.024097749651430984, "bad-redirect": 0.00111332309274769, "sfR": 0.09823378925716947, "dsfb-alt": 0.032224590224338184, "oneh-in": 0.018645214487218828, "sfT": 4.4490349213053e-05, "sft": 0.0, "dsfb": 0.0, "alternate": 0.21251129772330168, "dsfb-red": 0.026523319367866255, "oneh-out": 0.00994602173064246, "roll-in": 0.354668382599509, "redirect": 0.051594248479626015, "sfb": 0.0204766493592306, "roll-out": 0.1499209236777058}, "tr-quotes": {"unknown": 0.013894731975682485, "bad-redirect": 0.0015510505998474376, "sfR": 0.09677191928064538, "dsfb-alt": 0.033697787845865794, "oneh-in": 0.01705462194586348, "sfT": 8.09042786805668e-06, "sft": 0.0, "dsfb": 0.0, "alternate": 0.20866138092045955, "dsfb-red": 0.024895402325420125, "oneh-out": 0.011890617415223874, "roll-in": 0.3662051270197175, "redirect": 0.05269757980629204, "sfb": 0.022990684450197637, "roll-out": 0.1496810059869166}, "gutenberg": {"unknown": 0.03298207965968062, "bad-redirect": 0.001022958600865423, "sfR": 0.09863878308844841, "dsfb-alt": 0.03019262310454296, "oneh-in": 0.013970962372930546, "sfT": 1.0987333120406395e-05, "sft": 0.0, "dsfb": 0.0, "alternate": 0.20152454930148977, "dsfb-red": 0.024670162154093178, "oneh-out": 0.011415081364990491, "roll-in": 0.3708359428249494, "redirect": 0.050799366371865155, "sfb": 0.01844830061949615, "roll-out": 0.14548820320352746}, "english-200": {"unknown": 0.0, "bad-redirect": 0.0022271714922048997, "sfR": 0.10690423162583519, "dsfb-alt": 0.026726057906458798, "oneh-in": 0.015590200445434299, "sfT": 0.0, "sft": 0.0, "dsfb": 0.0, "alternate": 0.21603563474387527, "dsfb-red": 0.026726057906458798, "oneh-out": 0.011135857461024499, "roll-in": 0.39198218262806234, "redirect": 0.0400890868596882, "sfb": 0.017817371937639197, "roll-out": 0.1447661469933185}, "monkeyracer": {"unknown": 0.013491796612290222, "bad-redirect": 0.0015699047499882696, "sfR": 0.09690789370786869, "dsfb-alt": 0.03362391885762547, "oneh-in": 0.01707931244819119, "sfT": 9.775247509266934e-06, "sft": 0.0, "dsfb": 0.0, "alternate": 0.20841511957082753, "dsfb-red": 0.024807623129017627, "oneh-out": 0.011961970377089948, "roll-in": 0.36681029763673617, "redirect": 0.05276287595601921, "sfb": 0.022898517290457793, "roll-out": 0.14966099441637862}, "chained-bigrams": {"unknown": 0.023159399756770463, "bad-redirect": 0.0023985315325084134, "sfR": 0.11914286586209158, "dsfb-alt": 0.04448256584436556, "oneh-in": 0.017422143497635555, "sfT": 7.272212551189558e-05, "sft": 0.0, "dsfb": 0.0, "alternate": 0.22235828762769388, "dsfb-red": 0.03914528127554608, "oneh-out": 0.006470321256482496, "roll-in": 0.3259256325363984, "redirect": 0.06401300167715401, "sfb": 0.020847225748307423, "roll-out": 0.11456202125953423}, "english-5k": {"unknown": 0.002157049819554486, "bad-redirect": 0.0004977807275894969, "sfR": 0.10644211224955408, "dsfb-alt": 0.03422242502177791, "oneh-in": 0.02480607292487659, "sfT": 0.0, "sft": 0.0, "dsfb": 0.0, "alternate": 0.21840129422989174, "dsfb-red": 0.03239722902061642, "oneh-out": 0.009167461733106567, "roll-in": 0.3385738582154561, "redirect": 0.05106400630522255, "sfb": 0.02128012610445099, "roll-out": 0.16099058364790308}, "mt-quotes": {"unknown": 0.007995063410669249, "bad-redirect": 0.0015703254802118072, "sfR": 0.0964592223377679, "dsfb-alt": 0.034098923034627845, "oneh-in": 0.01695981401130754, "sfT": 4.482375300319145e-06, "sft": 0.0, "dsfb": 0.0, "alternate": 0.20931198527390302, "dsfb-red": 0.024307921253630724, "oneh-out": 0.01211586043676265, "roll-in": 0.373343015263982, "redirect": 0.05228391962802262, "sfb": 0.022718172147117535, "roll-out": 0.14883129534669678}, "wordle": {"unknown": 0.0, "bad-redirect": 0.0019970829125995735, "sfR": 0.13138112868843263, "dsfb-alt": 0.044878267698866825, "oneh-in": 0.008459553461236396, "sfT": 2.2439133849433412e-05, "sft": 0.0, "dsfb": 0.0, "alternate": 0.20132390889711657, "dsfb-red": 0.03370357904184899, "oneh-out": 0.011219566924716706, "roll-in": 0.2681027712330304, "redirect": 0.06009200044878268, "sfb": 0.03289577022326938, "roll-out": 0.20592393133625042}, "english-1k": {"unknown": 0.0, "bad-redirect": 0.00035285815102328866, "sfR": 0.10832745236414962, "dsfb-alt": 0.030345800988002825, "oneh-in": 0.016584333098094567, "sfT": 0.0, "sft": 0.0, "dsfb": 0.0, "alternate": 0.18172194777699366, "dsfb-red": 0.03175723359209598, "oneh-out": 0.015525758645024701, "roll-in": 0.36450247000705716, "redirect": 0.0561044460127029, "sfb": 0.016584333098094567, "roll-out": 0.17819336626676077}, "english-10k": {"unknown": 0.0, "bad-redirect": 0.0011385345709268443, "sfR": 0.10567144593890508, "dsfb-alt": 0.03421392871615754, "oneh-in": 0.022481233476775823, "sfT": 1.929719611740414e-05, "sft": 0.0, "dsfb": 0.0, "alternate": 0.21288666756720248, "dsfb-red": 0.03274734181123483, "oneh-out": 0.008587252272244843, "roll-in": 0.3401323787653654, "redirect": 0.05181297157523012, "sfb": 0.022211072731132167, "roll-out": 0.16809787537870746}, "reddit": {"unknown": 0.04519937363713543, "bad-redirect": 0.0009553138678393833, "sfR": 0.10397777127267367, "dsfb-alt": 0.03572871618274498, "oneh-in": 0.01565442689502204, "sfT": 8.042106627396315e-05, "sft": 0.0, "dsfb": 0.0, "alternate": 0.21011882053347972, "dsfb-red": 0.022689603339103647, "oneh-out": 0.010222839770108872, "roll-in": 0.34212765973386133, "redirect": 0.050094720433786814, "sfb": 0.02147785602007118, "roll-out": 0.14167247724789897}, "akl": {"unknown": 0.13920166722946467, "bad-redirect": 0.00089293274370782, "sfR": 0.13064861186637447, "dsfb-alt": 0.03140580845584577, "oneh-in": 0.011140904910495105, "sfT": 0.00024574181153619193, "sft": 0.0, "dsfb": 0.0, "alternate": 0.17642915503978382, "dsfb-red": 0.0205711542746882, "oneh-out": 0.007235077738640661, "roll-in": 0.2959509206213181, "redirect": 0.03914235168884985, "sfb": 0.02353947618845605, "roll-out": 0.12359619743083929}, "french": {"unknown": 0.15842537463172957, "bad-redirect": 0.001539264034870049, "sfR": 0.10898279115633469, "dsfb-alt": 0.024232674062031674, "oneh-in": 0.023269926148376262, "sfT": 0.000439372373037647, "sft": 0.0, "dsfb": 0.0, "alternate": 0.14820539375245056, "dsfb-red": 0.02995133164796641, "oneh-out": 0.018306518015068822, "roll-in": 0.24477838362833845, "redirect": 0.05439941458167044, "sfb": 0.051615354544530166, "roll-out": 0.13585420142359525}, "keymash": {"unknown": 0.012376186820900362, "bad-redirect": 0.0015064877490117523, "sfR": 0.099723742164827, "dsfb-alt": 0.03332744968454064, "oneh-in": 0.017080369274217713, "sfT": 2.052435625356611e-05, "sft": 0.0, "dsfb": 0.0, "alternate": 0.20626567547708866, "dsfb-red": 0.02459228366302291, "oneh-out": 0.012010853279586885, "roll-in": 0.3695902928004663, "redirect": 0.05243562535661069, "sfb": 0.022626050333931277, "roll-out": 0.14844445903954223}, "movie": {"unknown": 0.030282373430185833, "bad-redirect": 0.0023808680956700495, "sfR": 0.11567713207251198, "dsfb-alt": 0.03649431780272668, "oneh-in": 0.01538089217807451, "sfT": 8.817055185158816e-06, "sft": 0.0, "dsfb": 0.0, "alternate": 0.2016234172563456, "dsfb-red": 0.02515071571458482, "oneh-out": 0.012859740786473426, "roll-in": 0.34167536418714844, "redirect": 0.05076715617992004, "sfb": 0.02694005152581772, "roll-out": 0.14075915371535572}, "dutch": {"unknown": 0.07360268279108878, "bad-redirect": 0.0011848310214502863, "sfR": 0.18880787437283908, "dsfb-alt": 0.025777758061873362, "oneh-in": 0.011910637655263196, "sfT": 0.00011454191357220905, "sft": 0.0, "dsfb": 0.0, "alternate": 0.1505008841853945,