{"english-450k": {"unknown": 0.043732652907295264, "sft": 0.0, "sfR": 0.11369548401129392, "roll-out": 0.20447804216918541, "sfT": 2.134127267656395e-05, "roll-in": 0.2270404449275303, "bad-redirect": 0.0038113174230734823, "dsfb": 0.0, "sfb": 0.019667590675559447, "redirect": 0.03431442769430644, "dsfb-alt": 0.031774231553393234, "oneh-in": 0.009742729496153017, "oneh-out": 0.005937551343301559, "dsfb-red": 0.0149923902283867, "alternate": 0.29079179629784463}, "shai": {"unknown": 0.06832021238945725, "sft": 0.0, "sfR": 0.09823378925716947, "roll-out": 0.24899336085555232, "sfT": 1.4119251320506076e-05, "roll-in": 0.22021762612036724, "bad-redirect": 0.004511975509291613, "dsfb": 0.0, "sfb": 0.009609861244296178, "redirect": 0.029247882034893747, "dsfb-alt": 0.028304353776419797, "oneh-in": 0.008076571703348337, "oneh-out": 0.008126933462718519, "dsfb-red": 0.009831833059669629, "alternate": 0.2665114813354954}, "tr-quotes": {"unknown": 0.05758304246318855, "sft": 0.0, "sfR": 0.09677191928064538, "roll-out": 0.27973001086428884, "sfT": 6.934652458334297e-06, "roll-in": 0.20955017221053604, "bad-redirect": 0.0038753149487991494, "dsfb": 0.0, "sfb": 0.007750629897598299, "redirect": 0.03581632417188692, "dsfb-alt": 0.0256686160745244, "oneh-in": 0.006905758073091237, "oneh-out": 0.01038579783176533, "dsfb-red": 0.010353436120293104, "alternate": 0.2556020434109244}, "gutenberg": {"unknown": 0.07527743963312916, "sft": 0.0, "sfR": 0.09863878308844841, "roll-out": 0.2788153230105444, "sfT": 7.956344673397735e-06, "roll-in": 0.20222565481663846, "bad-redirect": 0.003982529382591442, "dsfb": 0.0, "sfb": 0.008162073014238448, "redirect": 0.028751009224434465, "dsfb-alt": 0.022610984377906672, "oneh-in": 0.005322036839391332, "oneh-out": 0.012938342496390282, "dsfb-red": 0.0178614254814441, "alternate": 0.24540644229016942}, "english-200": {"unknown": 0.0467706013363029, "sft": 0.0, "sfR": 0.10690423162583519, "roll-out": 0.28507795100222716, "sfT": 0.0, "roll-in": 0.20489977728285078, "bad-redirect": 0.004454342984409799, "dsfb": 0.0, "sfb": 0.0, "redirect": 0.035634743875278395, "dsfb-alt": 0.022271714922048998, "oneh-in": 0.004454342984409799, "oneh-out": 0.0066815144766146995, "dsfb-red": 0.015590200445434299, "alternate": 0.267260579064588}, "monkeyracer": {"unknown": 0.057573275255329466, "sft": 0.0, "sfR": 0.09690789370786869, "roll-out": 0.2800285828237171, "sfT": 7.820198007413547e-06, "roll-in": 0.20968590174703222, "bad-redirect": 0.0038592677166585858, "dsfb": 0.0, "sfb": 0.007664771572016203, "redirect": 0.035877113408511505, "dsfb-alt": 0.025588665405008055, "oneh-in": 0.006966818899854545, "oneh-out": 0.010466357508172108, "dsfb-red": 0.010319728795533103, "alternate": 0.255053802962291}, "chained-bigrams": {"unknown": 0.06335200950062625, "sft": 0.0, "sfR": 0.11914286586209158, "roll-out": 0.22440619462648423, "sfT": 3.830897683215928e-05, "roll-in": 0.19195069959334046, "bad-redirect": 0.007205983472598368, "dsfb": 0.0, "sfb": 0.011549831862549988, "redirect": 0.03651429866327643, "dsfb-alt": 0.03834144206676281, "oneh-in": 0.007912426977571068, "oneh-out": 0.007694260601035382, "dsfb-red": 0.016802706821400303, "alternate": 0.27508897097543095}, "english-5k": {"unknown": 0.05305512921558054, "sft": 0.0, "sfR": 0.10644211224955408, "roll-out": 0.19666486912515038, "sfT": 0.0, "roll-in": 0.25515410461691623, "bad-redirect": 0.0035259468204256023, "dsfb": 0.0, "sfb": 0.011117102916165428, "redirect": 0.0276683121085162, "dsfb-alt": 0.029949807109968057, "oneh-in": 0.011283029825361928, "oneh-out": 0.00394076409341685, "dsfb-red": 0.010743767370473306, "alternate": 0.2904550545484714}, "mt-quotes": {"unknown": 0.05246022638983517, "sft": 0.0, "sfR": 0.0964592223377679, "roll-out": 0.2874233513823645, "sfT": 4.482375300319145e-06, "roll-in": 0.20937175027790728, "bad-redirect": 0.003883231135176486, "dsfb": 0.0, "sfb": 0.006926763964093185, "redirect": 0.036730077335915184, "dsfb-alt": 0.025449432830112, "oneh-in": 0.006732527701079356, "oneh-out": 0.010663570839459246, "dsfb-red": 0.010272110063231374, "alternate": 0.253623253367758}, "wordle": {"unknown": 0.05351733423089869, "sft": 0.0, "sfR": 0.13138112868843263, "roll-out": 0.21667227645012901, "sfT": 2.2439133849433412e-05, "roll-in": 0.19091215079097948, "bad-redirect": 0.004555144171434982, "dsfb": 0.0, "sfb": 0.023404016604959048, "redirect": 0.03513968360821272, "dsfb-alt": 0.03704700998541456, "oneh-in": 0.008100527319645461, "oneh-out": 0.013732749915853248, "dsfb-red": 0.01992595085829687, "alternate": 0.2655895882418939}, "english-1k": {"unknown": 0.04022582921665491, "sft": 0.0, "sfR": 0.10832745236414962, "roll-out": 0.2268877911079746, "sfT": 0.0, "roll-in": 0.24417784050811575, "bad-redirect": 0.0017642907551164433, "dsfb": 0.0, "sfb": 0.0077628793225123505, "redirect": 0.028228652081863093, "dsfb-alt": 0.02081863091037403, "oneh-in": 0.01058574453069866, "oneh-out": 0.0077628793225123505, "dsfb-red": 0.01587861679604799, "alternate": 0.28757939308398023}, "english-10k": {"unknown": 0.04976746878678528, "sft": 0.0, "sfR": 0.10567144593890508, "roll-out": 0.20439590127554466, "sfT": 0.0, "roll-in": 0.2512880878408367, "bad-redirect": 0.0053646205206383515, "dsfb": 0.0, "sfb": 0.011539723278207676, "redirect": 0.027459910075066093, "dsfb-alt": 0.031068485749020668, "oneh-in": 0.010323999922811215, "oneh-out": 0.0060593195808649, "dsfb-red": 0.010150325157754578, "alternate": 0.28691071187356476}, "reddit": {"unknown": 0.08626472240217388, "sft": 0.0, "sfR": 0.10397777127267367, "roll-out": 0.25527515560277686, "sfT": 1.1874000004120316e-05, "roll-in": 0.2039489477931684, "bad-redirect": 0.004075853509300769, "dsfb": 0.0, "sfb": 0.008659292425717736, "redirect": 0.03517558256110194, "dsfb-alt": 0.027880901157939744, "oneh-in": 0.008377462848332873, "oneh-out": 0.008750913258557098, "dsfb-red": 0.009011953971581435, "alternate": 0.24858956919667147}, "akl": {"unknown": 0.17246864994424854, "sft": 0.0, "sfR": 0.13064861186637447, "roll-out": 0.21811678507743845, "sfT": 8.30916662171942e-05, "roll-in": 0.17388728634008338, "bad-redirect": 0.0037451042195074773, "dsfb": 0.0, "sfb": 0.013988579602693356, "redirect": 0.032327624386531854, "dsfb-alt": 0.024726503521216282, "oneh-in": 0.00816017978042008, "oneh-out": 0.006930778909877366, "dsfb-red": 0.007881156828713041, "alternate": 0.20703564785667852}, "french": {"unknown": 0.2194754070351986, "sft": 0.0, "sfR": 0.10898279115633469, "roll-out": 0.19012147619109473, "sfT": 1.958126271218347e-05, "roll-in": 0.177426900127455, "bad-redirect": 0.0038172076091618316, "dsfb": 0.0, "sfb": 0.026312392933228658, "redirect": 0.023089394996362634, "dsfb-alt": 0.02340485258447873, "oneh-in": 0.006367685804721655, "oneh-out": 0.009075922758016209, "dsfb-red": 0.009731138476038115, "alternate": 0.20217524906519696}, "keymash": {"unknown": 0.05473845812826081, "sft": 0.0, "sfR": 0.099723742164827, "roll-out": 0.27771095959575226, "sfT": 0.0, "roll-in": 0.20971787219893848, "bad-redirect": 0.0039119423019297, "dsfb": 0.0, "sfb": 0.007286146470015968, "redirect": 0.03445218440723607, "dsfb-alt": 0.025725228128219757, "oneh-in": 0.006773037563676815, "oneh-out": 0.010676770123105089, "dsfb-red": 0.011271976454458505, "alternate": 0.25801168246357953}, "movie": {"unknown": 0.06674418656678215, "sft": 0.0, "sfR": 0.11567713207251198, "roll-out": 0.2828842929952181, "sfT": 9.606642216665577e-06, "roll-in": 0.18420052141695603, "bad-redirect": 0.0030480691372932614, "dsfb": 0.0, "sfb": 0.00867400833461751, "redirect": 0.042122494163306864, "dsfb-alt": 0.02810706115838471, "oneh-in": 0.006695961222854491, "oneh-out": 0.010868665488690548, "dsfb-red": 0.010792601937988729, "alternate": 0.2401753988631789}, "dutch": {"unknown": 0.1464145279024496, "sft": 0.0, "sfR": 0.18880787437283908, "roll-out": 0.18418814868458439, "sfT": 1.1009507660196674e-05, "roll-in": 0.1792212110967661, "bad-redirect": 0.0047415833658747365, "dsfb": 0.0,