{"english-450k": {"bad-redirect": 0.0025106691746072766, "sfT": 0.00010232117036708743, "roll-in": 0.2152732179891142, "dsfb-alt": 0.03135646883209447, "sfR": 0.11369548401129392, "sft": 0.0, "sfb": 0.03828595083555468, "unknown": 0.00015377410175167997, "oneh-out": 0.017036182519919008, "redirect": 0.09646664534488374, "roll-out": 0.23240119721616254, "dsfb-red": 0.048940800478980015, "alternate": 0.17332826210123248, "dsfb": 0.0, "oneh-in": 0.030449026224038927}, "shai": {"bad-redirect": 0.00332257953148237, "sfT": 0.00010714839735660367, "roll-in": 0.21208987987179967, "dsfb-alt": 0.031464480639131445, "sfR": 0.09823378925716947, "sft": 0.0, "sfb": 0.02832141066802327, "unknown": 0.024097749651430984, "oneh-out": 0.015262322375328714, "redirect": 0.12451879207327891, "roll-out": 0.21190950333985317, "dsfb-red": 0.052762523636586574, "alternate": 0.17281760032796295, "dsfb": 0.0, "oneh-in": 0.02509222023059586}, "tr-quotes": {"bad-redirect": 0.003569034465222718, "sfT": 8.090427868056679e-05, "roll-in": 0.20300386028986847, "dsfb-alt": 0.040660178914033424, "sfR": 0.09677191928064538, "sft": 0.0, "sfb": 0.02997156792492083, "unknown": 0.013894731975682485, "oneh-out": 0.01571507824599524, "redirect": 0.13126834793462935, "roll-out": 0.2199937588127875, "dsfb-red": 0.05319918633411155, "alternate": 0.16869466725225954, "dsfb": 0.0, "oneh-in": 0.02317676429116294}, "gutenberg": {"bad-redirect": 0.004246225377481196, "sfT": 5.777821727110259e-05, "roll-in": 0.20905977601753123, "dsfb-alt": 0.03373092324286969, "sfR": 0.09863878308844841, "sft": 0.0, "sfb": 0.029647424057637276, "unknown": 0.03298207965968062, "oneh-out": 0.014019837061638559, "redirect": 0.12884788719267198, "roll-out": 0.21790097988067755, "dsfb-red": 0.056800534060164366, "alternate": 0.1531617187674637, "dsfb": 0.0, "oneh-in": 0.020906053376464298}, "english-200": {"bad-redirect": 0.0022271714922048997, "sfT": 0.0, "roll-in": 0.155902004454343, "dsfb-alt": 0.022271714922048998, "sfR": 0.10690423162583519, "sft": 0.0, "sfb": 0.0200445434298441, "unknown": 0.0, "oneh-out": 0.017817371937639197, "redirect": 0.12026726057906459, "roll-out": 0.26280623608017817, "dsfb-red": 0.0779510022271715, "alternate": 0.1915367483296214, "dsfb": 0.0, "oneh-in": 0.022271714922048998}, "monkeyracer": {"bad-redirect": 0.0036109764299232057, "sfT": 8.113455432691556e-05, "roll-in": 0.20320686769789012, "dsfb-alt": 0.041174320033783254, "sfR": 0.09690789370786869, "sft": 0.0, "sfb": 0.03004813331873563, "unknown": 0.013491796612290222, "oneh-out": 0.01578115957896054, "redirect": 0.13099222672318064, "roll-out": 0.2196967327212725, "dsfb-red": 0.053344503182820587, "alternate": 0.16850082894098878, "dsfb": 0.0, "oneh-in": 0.02316342649795893}, "chained-bigrams": {"bad-redirect": 0.0037841477453868524, "sfT": 0.00014349633694757968, "roll-in": 0.222543339464934, "dsfb-alt": 0.03343789303224642, "sfR": 0.11914286586209158, "sft": 0.0, "sfb": 0.027394164958454238, "unknown": 0.023159399756770463, "oneh-out": 0.012459507736140754, "redirect": 0.10699502437814466, "roll-out": 0.21534904347679287, "dsfb-red": 0.05492143737878293, "alternate": 0.15409169091278604, "dsfb": 0.0, "oneh-in": 0.026577988960521624}, "english-5k": {"bad-redirect": 0.003899282366117725, "sfT": 4.148172729912474e-05, "roll-in": 0.22142946032272784, "dsfb-alt": 0.030198697473762807, "sfR": 0.10644211224955408, "sft": 0.0, "sfb": 0.027046086199029328, "unknown": 0.002157049819554486, "oneh-out": 0.01750528892023064, "redirect": 0.10009540797278799, "roll-out": 0.22520429750694818, "dsfb-red": 0.05089807939602605, "alternate": 0.1843033143900112, "dsfb": 0.0, "oneh-in": 0.030779441655950555}, "mt-quotes": {"bad-redirect": 0.0035530294880529757, "sfT": 5.677675380404251e-05, "roll-in": 0.20223431467469907, "dsfb-alt": 0.0423061522095122, "sfR": 0.0964592223377679, "sft": 0.0, "sfb": 0.0297809014953204, "unknown": 0.007995063410669249, "oneh-out": 0.01619183370985286, "redirect": 0.1354648522011451, "roll-out": 0.2202220867548798, "dsfb-red": 0.05446534227417793, "alternate": 0.1685925939207038, "dsfb": 0.0, "oneh-in": 0.02267783076941466}, "wordle": {"bad-redirect": 0.00486929204532705, "sfT": 0.0002019522046449007, "roll-in": 0.19180971614495682, "dsfb-alt": 0.04164703242454841, "sfR": 0.13138112868843263, "sft": 0.0, "sfb": 0.041445080219903514, "unknown": 0.0, "oneh-out": 0.015931785033097723, "redirect": 0.07885111634690901, "roll-out": 0.2418938628968922, "dsfb-red": 0.048356333445529004, "alternate": 0.18303601480982834, "dsfb": 0.0, "oneh-in": 0.020576685739930437}, "english-1k": {"bad-redirect": 0.0077628793225123505, "sfT": 0.0, "roll-in": 0.18560338743824983, "dsfb-alt": 0.03175723359209598, "sfR": 0.10832745236414962, "sft": 0.0, "sfb": 0.02328863796753705, "unknown": 0.0, "oneh-out": 0.025758645024700072, "redirect": 0.10515172900494002, "roll-out": 0.26040931545518703, "dsfb-red": 0.05857445306986592, "alternate": 0.16901905434015527, "dsfb": 0.0, "oneh-in": 0.024347212420606917}, "english-10k": {"bad-redirect": 0.0035892784778371704, "sfT": 5.789158835221242e-05, "roll-in": 0.22768761698925147, "dsfb-alt": 0.027209046525539838, "sfR": 0.10567144593890508, "sft": 0.0, "sfb": 0.029891356785859014, "unknown": 0.0, "oneh-out": 0.016904343798846026, "redirect": 0.10048050018332336, "roll-out": 0.22407904131529688, "dsfb-red": 0.04795353235174929, "alternate": 0.1867775612203547, "dsfb": 0.0, "oneh-in": 0.029698384824684974}, "reddit": {"bad-redirect": 0.0030250232376427526, "sfT": 0.00017324053633771753, "roll-in": 0.19487672484364807, "dsfb-alt": 0.033094411222840334, "sfR": 0.10397777127267367, "sft": 0.0, "sfb": 0.02989476152456916, "unknown": 0.04519937363713543, "oneh-out": 0.015972852365164082, "redirect": 0.1273247522145291, "roll-out": 0.20870248082320905, "dsfb-red": 0.04975996353146245, "alternate": 0.16712516413370274, "dsfb": 0.0, "oneh-in": 0.020873480657085434}, "akl": {"bad-redirect": 0.0023385498411511193, "sfT": 0.00015968523305433425, "roll-in": 0.16332056139724258, "dsfb-alt": 0.028308414028156238, "sfR": 0.13064861186637447, "sft": 0.0, "sfb": 0.02569163187856866, "unknown": 0.13920166722946467, "oneh-out": 0.013934939398305153, "redirect": 0.10480164329273965, "roll-out": 0.18768433261047948, "dsfb-red": 0.04173524158710469, "alternate": 0.14685973911786399, "dsfb": 0.0, "oneh-in": 0.015314982519494978}, "french": {"bad-redirect": 0.0006932246418939872, "sfT": 0.0006940486430027631, "roll-in": 0.17692307588587272, "dsfb-alt": 0.02511254244598257, "sfR": 0.10898279115633469, "sft": 0.0, "sfb": 0.03836081729104302, "unknown": 0.15842537463172957, "oneh-out": 0.008935183368637287, "redirect": 0.06045457923859091, "roll-out": 0.18430276988871624, "dsfb-red": 0.029361451726951263, "alternate": 0.19179986157680282, "dsfb": 0.0, "oneh-in": 0.01595427950444214}, "keymash": {"bad-redirect": 0.0036779646406390463, "sfT": 0.0001149363950199702, "roll-in": 0.2039874719329428, "dsfb-alt": 0.04036319900826311, "sfR": 0.099723742164827, "sft": 0.0, "sfb": 0.02989167244769368, "unknown": 0.012376186820900362, "oneh-out": 0.01526601618140247, "redirect": 0.13056363987143543, "roll-out": 0.2210514217221577, "dsfb-red": 0.053958532590625295, "alternate": 0.1662883343663926, "dsfb": 0.0, "oneh-in": 0.022736881857700533}, "movie": {"bad-redirect": 0.0025972149423029015, "sfT": 0.00018002584318354122, "roll-in": 0.1825655498703827, "dsfb-alt": 0.04982675802539549, "sfR": 0.11567713207251198, "sft": 0.0, "sfb": 0.02946199250445031, "unknown": 0.030282373430185833, "oneh-out": 0.017825585225458022, "redirect": 0.11894970712243033, "roll-out": 0.214451179768043, "dsfb-red": 0.05118616369797296, "alternate": 0.1667689401202199, "dsfb": 0.0, "oneh-in": 0.020227377377463003}, "dutch": {"bad-redirect": 0.0010580065138272065, "sfT": 0.00014350014626148856, "roll-in": 0.20894485559954856, "dsfb-alt": 0.027208868542139285, "sfR": 0.18880787437283908, "sft": 0.0, "sfb": 0.0577725707548244, "unknown": 0.07360268279108878,