{"english-450k": {"sfT": 7.601001227269352e-05, "oneh-in": 0.01905190957615063, "alternate": 0.20659755212678937, "unknown": 0.0001543587941537776, "dsfb-red": 0.031200940653136496, "sfb": 0.040662725450081594, "redirect": 0.07157102755596823, "bad-redirect": 0.009567321775523724, "roll-in": 0.2234948702012102, "dsfb": 0.0, "oneh-out": 0.01590246395225168, "roll-out": 0.2354626466335458, "sfR": 0.11369548401129392, "sft": 0.0, "dsfb-alt": 0.0325626892576219}, "shai": {"sfT": 8.143727166523255e-05, "oneh-in": 0.030356758027924535, "alternate": 0.20180731448433925, "unknown": 0.031793109309943265, "dsfb-red": 0.03580580595380342, "sfb": 0.024027749437784417, "redirect": 0.060936857995939474, "bad-redirect": 0.005033691134565445, "roll-in": 0.19734102915099022, "dsfb": 0.0, "oneh-out": 0.041814197619357986, "roll-out": 0.23810098933841709, "sfR": 0.09823378925716947, "sft": 0.0, "dsfb-alt": 0.0346672710181002}, "tr-quotes": {"sfT": 2.542705901389242e-05, "oneh-in": 0.02826448764476087, "alternate": 0.2003571346016042, "unknown": 0.039616513719054114, "dsfb-red": 0.03626360925544948, "sfb": 0.0228751069092254, "redirect": 0.06082152516123067, "bad-redirect": 0.004598830355285361, "roll-in": 0.18619888583250502, "dsfb": 0.0, "oneh-out": 0.04943367004923603, "roll-out": 0.24057349575830425, "sfR": 0.09677191928064538, "sft": 0.0, "dsfb-alt": 0.034199394373685306}, "gutenberg": {"sfT": 3.6371861364103926e-05, "oneh-in": 0.03598900963589115, "alternate": 0.1970991167320792, "unknown": 0.04011588984327138, "dsfb-red": 0.035955858199751986, "sfb": 0.0221480008926261, "redirect": 0.061344743489342095, "bad-redirect": 0.0038783391547255195, "roll-in": 0.18857768215009227, "dsfb": 0.0, "oneh-out": 0.05789396314242274, "roll-out": 0.22697651703813324, "sfR": 0.09863878308844841, "sft": 0.0, "dsfb-alt": 0.03134572477185182}, "english-200": {"sfT": 0.0, "oneh-in": 0.022271714922048998, "alternate": 0.21158129175946547, "unknown": 0.0, "dsfb-red": 0.051224944320712694, "sfb": 0.0200445434298441, "redirect": 0.04899777282850779, "bad-redirect": 0.0022271714922048997, "roll-in": 0.21380846325167038, "dsfb": 0.0, "oneh-out": 0.024498886414253896, "roll-out": 0.267260579064588, "sfR": 0.10690423162583519, "sft": 0.0, "dsfb-alt": 0.031180400890868598}, "monkeyracer": {"sfT": 2.6393168275020725e-05, "oneh-in": 0.028297386489825924, "alternate": 0.20075914572156967, "unknown": 0.03912933825484461, "dsfb-red": 0.036417684595773964, "sfb": 0.022933708181491156, "redirect": 0.06093596039851729, "bad-redirect": 0.004570905735333219, "roll-in": 0.18558307396343277, "dsfb": 0.0, "oneh-out": 0.04921152853590253, "roll-out": 0.24087480645009932, "sfR": 0.09690789370786869, "sft": 0.0, "dsfb-alt": 0.034352174797065864}, "chained-bigrams": {"sfT": 0.00011882275864890083, "oneh-in": 0.017181900761569474, "alternate": 0.17773806918860938, "unknown": 0.033665798979163164, "dsfb-red": 0.034165763592057447, "sfb": 0.025699479712150242, "redirect": 0.06813478786241753, "bad-redirect": 0.012186150460779074, "roll-in": 0.19754316090614366, "dsfb": 0.0, "oneh-out": 0.03897711136029982, "roll-out": 0.23255756573073724, "sfR": 0.11914286586209158, "sft": 0.0, "dsfb-alt": 0.042888522825332495}, "english-5k": {"sfT": 0.0, "oneh-in": 0.026672750653337206, "alternate": 0.20798938067781142, "unknown": 0.0022400132741527356, "dsfb-red": 0.03335130874849629, "sfb": 0.025801634380055585, "redirect": 0.06915003940764093, "bad-redirect": 0.006595594640560833, "roll-in": 0.22313021114199194, "dsfb": 0.0, "oneh-out": 0.016509727465051645, "roll-out": 0.2464844236113992, "sfR": 0.10644211224955408, "sft": 0.0, "dsfb-alt": 0.03563280374994815}, "mt-quotes": {"sfT": 1.792950120127658e-05, "oneh-in": 0.028862014558754975, "alternate": 0.20157241725535197, "unknown": 0.03468910244916987, "dsfb-red": 0.03711107923644231, "sfb": 0.022483594506400834, "redirect": 0.061023057338544844, "bad-redirect": 0.004225385783100847, "roll-in": 0.18513704115418175, "dsfb": 0.0, "oneh-out": 0.05146364494806421, "roll-out": 0.24229479685875138, "sfR": 0.0964592223377679, "sft": 0.0, "dsfb-alt": 0.03466071407226784}, "wordle": {"sfT": 0.0, "oneh-in": 0.0187366767642769, "alternate": 0.21092785818467408, "unknown": 0.0, "dsfb-red": 0.03504992707281499, "sfb": 0.03864018848872434, "redirect": 0.06457982721866935, "bad-redirect": 0.010209805901492203, "roll-in": 0.21774935487490182, "dsfb": 0.0, "oneh-out": 0.015348367553012453, "roll-out": 0.2131044541680691, "sfR": 0.13138112868843263, "sft": 0.0, "dsfb-alt": 0.04427241108493212}, "english-1k": {"sfT": 0.0, "oneh-in": 0.026817219477769938, "alternate": 0.22653493295695132, "unknown": 0.0, "dsfb-red": 0.031051517290049402, "sfb": 0.017290049400141144, "redirect": 0.06739590684544813, "bad-redirect": 0.004234297812279464, "roll-in": 0.20430486944248413, "dsfb": 0.0, "oneh-out": 0.02364149611856034, "roll-out": 0.25017642907551163, "sfR": 0.10832745236414962, "sft": 0.0, "dsfb-alt": 0.04022582921665491}, "english-10k": {"sfT": 3.859439223480828e-05, "oneh-in": 0.025356515698269043, "alternate": 0.22037397966075528, "unknown": 0.0, "dsfb-red": 0.034020956754983504, "sfb": 0.028154609135292642, "redirect": 0.06603500511375697, "bad-redirect": 0.0068698018177958745, "roll-in": 0.22479303757164085, "dsfb": 0.0, "oneh-out": 0.014376411107466085, "roll-out": 0.2376063757935972, "sfR": 0.10567144593890508, "sft": 0.0, "dsfb-alt": 0.036703267015302674}, "reddit": {"sfT": 9.813842274698809e-05, "oneh-in": 0.025088900488201196, "alternate": 0.2002472938423571, "unknown": 0.06027826737738363, "dsfb-red": 0.03618011546996786, "sfb": 0.024779839371374707, "redirect": 0.05556103058079405, "bad-redirect": 0.005037310392915155, "roll-in": 0.17846453447833155, "dsfb": 0.0, "oneh-out": 0.04200268307451197, "roll-out": 0.23063769185921182, "sfR": 0.10397777127267367, "sft": 0.0, "dsfb-alt": 0.03764642336953031}, "akl": {"sfT": 0.000260689910870537, "oneh-in": 0.01785037782741755, "alternate": 0.17368115081488267, "unknown": 0.15113620503040356, "dsfb-red": 0.032727171021797466, "sfb": 0.029713881272015553, "redirect": 0.04664511158978522, "bad-redirect": 0.004892772341954302, "roll-in": 0.15441833819978384, "dsfb": 0.0, "oneh-out": 0.02988782279154248, "roll-out": 0.19426077979712736, "sfR": 0.13064861186637447, "sft": 0.0, "dsfb-alt": 0.03387708753604499}, "french": {"sfT": 4.8526174387729344e-05, "oneh-in": 0.0314132744151566, "alternate": 0.1839542773470574, "unknown": 0.1845785256052277, "dsfb-red": 0.02257993758356401, "sfb": 0.03873067393417667, "redirect": 0.0465250352586329, "bad-redirect": 0.0064126912470991605, "roll-in": 0.1678679629013127, "dsfb": 0.0, "oneh-out": 0.00819301306088201, "roll-out": 0.17567970315824494, "sfR": 0.10898279115633469, "sft": 0.0, "dsfb-alt": 0.0250335881579235}, "keymash": {"sfT": 2.052435625356611e-05, "oneh-in": 0.028220989848653396, "alternate": 0.20425018369298847, "unknown": 0.03457533054475746, "dsfb-red": 0.036065398808766365, "sfb": 0.023221256665284695, "redirect": 0.06046475352300575, "bad-redirect": 0.004461995049525272, "roll-in": 0.1865910275724202, "dsfb": 0.0, "oneh-out": 0.0489629042785073, "roll-out": 0.23845197095393103, "sfR": 0.099723742164827, "sft": 0.0, "dsfb-alt": 0.0349899225410795}, "movie": {"sfT": 2.2634828236527112e-05, "oneh-in": 0.02077877232113189, "alternate": 0.18488377739488657, "unknown": 0.08496732886260383, "dsfb-red": 0.03290985587536316, "sfb": 0.01912353470741655, "redirect": 0.05828284033931713, "bad-redirect": 0.005549612450945261, "roll-in": 0.1696784367334837, "dsfb": 0.0, "oneh-out": 0.03878846292276957, "roll-out": 0.2363885394600725, "sfR": 0.11567713207251198, "sft": 0.0, "dsfb-alt": 0.03294907203126133}, "dutch": {"sfT": 0.0002813879539274697, "oneh-in": 0.01828802944838888, "alternate": 0.17490103725699874, "unknown": 0.07489956334571263, "dsfb-red": 0.02228849722694888, "sfb": 0.05146514492080309, "redirect": 0.07688383882812362, "bad-redirect": 0.008476262981491582, "roll-in": 0.19630551046658115,