{"english-450k": {"sft": 0.0, "dsfb": 0.0, "bad-redirect": 0.0032774932599583346, "sfT": 0.0017505690518803416, "dsfb-red": 0.007218904742498543, "sfR": 0.11369548401129392, "redirect": 0.01727152121176331, "unknown": 0.00015377410175167997, "oneh-out": 0.005730277886757945, "oneh-in": 0.0031207956961961667, "dsfb-alt": 0.05830055645175908, "roll-in": 0.1845280450634128, "alternate": 0.3710007770562024, "roll-out": 0.18586231312499962, "sfb": 0.04808948834152585}, "shai": {"sft": 0.0, "dsfb": 0.0, "bad-redirect": 0.0031887485358243492, "sfT": 0.000261148093297288, "dsfb-red": 0.007203082362609002, "sfR": 0.09823378925716947, "redirect": 0.012093456129535461, "unknown": 0.024097749651430984, "oneh-out": 0.013068025066625218, "oneh-in": 0.003962021381376769, "dsfb-alt": 0.0542111170216554, "roll-in": 0.1924986329716101, "alternate": 0.3410644800817926, "roll-out": 0.2189210740043838, "sfb": 0.031196675442689618}, "tr-quotes": {"sft": 0.0, "dsfb": 0.0, "bad-redirect": 0.002333510552229491, "sfT": 0.00035829037701393866, "dsfb-red": 0.008197914981160861, "sfR": 0.09677191928064538, "redirect": 0.01323247266591156, "unknown": 0.013894731975682485, "oneh-out": 0.02202676775848917, "oneh-in": 0.0031772266013268304, "dsfb-alt": 0.05324888467672962, "roll-in": 0.17955317722660133, "alternate": 0.32902152053812905, "roll-out": 0.24245278657451283, "sfb": 0.03573079679156746}, "gutenberg": {"sft": 0.0, "dsfb": 0.0, "bad-redirect": 0.002244825818565789, "sfT": 0.00021538961651555296, "dsfb-red": 0.009929518152400372, "sfR": 0.09863878308844841, "redirect": 0.012574434445971306, "unknown": 0.03298207965968062, "oneh-out": 0.01603241339045231, "oneh-in": 0.0033384443376021015, "dsfb-alt": 0.04792598932410094, "roll-in": 0.19018107503855985, "alternate": 0.30292986709494535, "roll-out": 0.2539462522396163, "sfb": 0.0290609277931411}, "english-200": {"sft": 0.0, "dsfb": 0.0, "bad-redirect": 0.0022271714922048997, "sfT": 0.0, "dsfb-red": 0.004454342984409799, "sfR": 0.10690423162583519, "redirect": 0.013363028953229399, "unknown": 0.0, "oneh-out": 0.015590200445434299, "oneh-in": 0.0, "dsfb-alt": 0.062360801781737196, "roll-in": 0.16481069042316257, "alternate": 0.34521158129175944, "roll-out": 0.267260579064588, "sfb": 0.017817371937639197}, "monkeyracer": {"sft": 0.0, "dsfb": 0.0, "bad-redirect": 0.002337261679465724, "sfT": 0.0003274707915604423, "dsfb-red": 0.008203387709776811, "sfR": 0.09690789370786869, "redirect": 0.013332460077889172, "unknown": 0.013491796612290222, "oneh-out": 0.022404867291239815, "oneh-in": 0.0031427420742293193, "dsfb-alt": 0.05325945852948997, "roll-in": 0.1796084426857688, "alternate": 0.3282948449254735, "roll-out": 0.24305664169416769, "sfb": 0.03563273222077983}, "chained-bigrams": {"sft": 0.0, "dsfb": 0.0, "bad-redirect": 0.0036899985650366307, "sfT": 0.00016167686832555358, "dsfb-red": 0.009885014632081236, "sfR": 0.11914286586209158, "redirect": 0.017665632757161993, "unknown": 0.023159399756770463, "oneh-out": 0.0075170004201001355, "oneh-in": 0.003982185676468354, "dsfb-alt": 0.06469671951790425, "roll-in": 0.168597807038333, "alternate": 0.33630931317198975, "roll-out": 0.21551851200142327, "sfb": 0.02967387373231375}, "english-5k": {"sft": 0.0, "dsfb": 0.0, "bad-redirect": 0.0042726179118098475, "sfT": 0.0003733355456921226, "dsfb-red": 0.006968930186252956, "sfR": 0.10644211224955408, "redirect": 0.012403036462438295, "unknown": 0.002157049819554486, "oneh-out": 0.007425229186543328, "oneh-in": 0.0019496411830588626, "dsfb-alt": 0.0555025511262289, "roll-in": 0.2112664371344423, "alternate": 0.38557265524536444, "roll-out": 0.17505288920230638, "sfb": 0.030613514746754056}, "mt-quotes": {"sft": 0.0, "dsfb": 0.0, "bad-redirect": 0.0021933756469561683, "sfT": 0.00026744839291904235, "dsfb-red": 0.008316300307192121, "sfR": 0.0964592223377679, "redirect": 0.01321404238534084, "unknown": 0.007995063410669249, "oneh-out": 0.023846236597697853, "oneh-in": 0.0031242155843224442, "dsfb-alt": 0.05356438483881378, "roll-in": 0.17972830829179665, "alternate": 0.3268891717765745, "roll-out": 0.24922006669774446, "sfb": 0.03518216373220497}, "wordle": {"sft": 0.0, "dsfb": 0.0, "bad-redirect": 0.0009648827555256368, "sfT": 0.0006507348816335689, "dsfb-red": 0.01546056322225962, "sfR": 0.13138112868843263, "redirect": 0.024166947155839783, "unknown": 0.0, "oneh-out": 0.006103444407045888, "oneh-in": 0.007965892516548861, "dsfb-alt": 0.05971053517334231, "roll-in": 0.17029058678335016, "alternate": 0.33966116907887356, "roll-out": 0.19636486031639178, "sfb": 0.0472792550207562}, "english-1k": {"sft": 0.0, "dsfb": 0.0, "bad-redirect": 0.0035285815102328866, "sfT": 0.0, "dsfb-red": 0.009527170077628794, "sfR": 0.10832745236414962, "redirect": 0.010232886379675371, "unknown": 0.0, "oneh-out": 0.011997177134791814, "oneh-in": 0.0007057163020465773, "dsfb-alt": 0.058927311220889206, "roll-in": 0.1774876499647142, "alternate": 0.3560338743824982, "roll-out": 0.23253352152434723, "sfb": 0.030698659139026113}, "english-10k": {"sft": 0.0, "dsfb": 0.0, "bad-redirect": 0.0034734953011327455, "sfT": 0.00036664672623067866, "dsfb-red": 0.006715424248856641, "sfR": 0.10567144593890508, "redirect": 0.011925667200555759, "unknown": 0.0, "oneh-out": 0.0067540186410914495, "oneh-in": 0.005673375658516818, "dsfb-alt": 0.05667586499681596, "roll-in": 0.2212423534860385, "alternate": 0.3759093803670327, "roll-out": 0.17130120993419656, "sfb": 0.03429111750062716}, "reddit": {"sft": 0.0, "dsfb": 0.0, "bad-redirect": 0.0025503628967840377, "sfT": 0.00026205206318241555, "dsfb-red": 0.009071249056775513, "sfR": 0.10397777127267367, "redirect": 0.014013904566377064, "unknown": 0.04519937363713543, "oneh-out": 0.0168365454001641, "oneh-in": 0.0030507564805538905, "dsfb-alt": 0.05347184335609433, "roll-in": 0.16932743528904107, "alternate": 0.3186511885143585, "roll-out": 0.22840684069755443, "sfb": 0.0351806767693056}, "akl": {"sft": 0.0, "dsfb": 0.0, "bad-redirect": 0.001831129814656169, "sfT": 0.0007026842067252463, "dsfb-red": 0.0079489050739606, "sfR": 0.13064861186637447, "redirect": 0.016943757072087864, "unknown": 0.13920166722946467, "oneh-out": 0.015370796992877267, "oneh-in": 0.003079333170477291, "dsfb-alt": 0.04439232183588949, "roll-in": 0.14665543195522646, "alternate": 0.26783453407750324, "roll-out": 0.19101074180301206, "sfb": 0.034380084901745156}, "french": {"sft": 0.0, "dsfb": 0.0, "bad-redirect": 0.005442737069201546, "sfT": 0.0006454475594233268, "dsfb-red": 0.009263315591990187, "sfR": 0.10898279115633469, "redirect": 0.009513332510231134, "unknown": 0.15842537463172957, "oneh-out": 0.007521362266199611, "oneh-in": 0.01115570155656656, "dsfb-alt": 0.03323193475325504, "roll-in": 0.20580818006275983, "alternate": 0.26844723118623065, "roll-out": 0.1494372005008788, "sfb": 0.032125391155199065}, "keymash": {"sft": 0.0, "dsfb": 0.0, "bad-redirect": 0.0023849301966643818, "sfT": 0.0002996556013020652, "dsfb-red": 0.008431405548964956, "sfR": 0.099723742164827, "redirect": 0.013307992594812263, "unknown": 0.012376186820900362, "oneh-out": 0.021209869752435214, "oneh-in": 0.00342756749434554, "dsfb-alt": 0.053018517074211964, "roll-in": 0.17869325528604796, "alternate": 0.326739541814271, "roll-out": 0.2448719895900465, "sfb": 0.035515346061170794}, "movie": {"sft": 0.0, "dsfb": 0.0, "bad-redirect": 0.002219134352049748, "sfT": 0.0002201631839518015, "dsfb-red": 0.009657307384520593, "sfR": 0.11567713207251198, "redirect": 0.015078611942846007, "unknown": 0.030282373430185833, "oneh-out": 0.03315489105080743, "oneh-in": 0.00226256163878262, "dsfb-alt": 0.049374851047696455, "roll-in": 0.14352389270617663, "alternate": 0.3174446489621076, "roll-out": 0.24446838355348116, "sfb": 0.03663604867488215}, "dutch": {"sft": 0.0, "dsfb": 0.0, "bad-redirect": 0.0018838271731073661, "sfT": 0.00024185055263962988, "dsfb-red": 0.007589531414195645, "sfR": 0.18880787437283908, "redirect": 0.014525897786798482, "unknown": 0.07360268279108878,