{"english-450k": {"oneh-out": 0.007184700236975831, "roll-out": 0.20868344227127272, "sfT": 0.00024323203927261927, "alternate": 0.2603398466117952, "dsfb-alt": 0.04345843217071147, "sfb": 0.026986477818816686, "roll-in": 0.26157471696502543, "redirect": 0.04898026721612161, "sfR": 0.11369548401129392, "oneh-in": 0.006691219849605421, "unknown": 0.00015377410175167997, "bad-redirect": 0.0026039276127418506, "dsfb-red": 0.01940447909461551, "sft": 0.0, "dsfb": 0.0}, "shai": {"oneh-out": 0.009847256638757407, "roll-out": 0.22395296926926372, "sfT": 4.311248367848607e-05, "alternate": 0.2481456832711333, "dsfb-alt": 0.0396896992630432, "sfb": 0.017374810853121703, "roll-in": 0.26967460389462206, "redirect": 0.04416621795727255, "sfR": 0.09823378925716947, "oneh-in": 0.008354710891299414, "unknown": 0.024097749651430984, "bad-redirect": 0.0033025849995959294, "dsfb-red": 0.013116811569611779, "sft": 0.0, "dsfb": 0.0}, "tr-quotes": {"oneh-out": 0.011441020780841867, "roll-out": 0.22803564411363583, "sfT": 3.8140588520838634e-05, "alternate": 0.2561914888698828, "dsfb-alt": 0.04289429278102679, "sfb": 0.014530408451029797, "roll-in": 0.26314810106100184, "redirect": 0.047096692170777374, "sfR": 0.09677191928064538, "oneh-in": 0.009442685097431867, "unknown": 0.013894731975682485, "bad-redirect": 0.003554009384896327, "dsfb-red": 0.012960865444626801, "sft": 0.0, "dsfb": 0.0}, "gutenberg": {"oneh-out": 0.009896177279483278, "roll-out": 0.23710191281892154, "sfT": 0.00018015437581907727, "alternate": 0.23728130944762887, "dsfb-alt": 0.0362581992973411, "sfb": 0.014323314779895301, "roll-in": 0.2659555967769984, "redirect": 0.044098040352306946, "sfR": 0.09863878308844841, "oneh-in": 0.008264558311102928, "unknown": 0.03298207965968062, "bad-redirect": 0.0032638062470945134, "dsfb-red": 0.011756067565278966, "sft": 0.0, "dsfb": 0.0}, "english-200": {"oneh-out": 0.011135857461024499, "roll-out": 0.23385300668151449, "sfT": 0.0, "alternate": 0.2561247216035635, "dsfb-alt": 0.0400890868596882, "sfb": 0.011135857461024499, "roll-in": 0.27839643652561247, "redirect": 0.042316258351893093, "sfR": 0.10690423162583519, "oneh-in": 0.008908685968819599, "unknown": 0.0, "bad-redirect": 0.0022271714922048997, "dsfb-red": 0.008908685968819599, "sft": 0.0, "dsfb": 0.0}, "monkeyracer": {"oneh-out": 0.011577803149975757, "roll-out": 0.2280418615199337, "sfT": 3.616841578428766e-05, "alternate": 0.2556070819713155, "dsfb-alt": 0.04300717894177081, "sfb": 0.014422400175172436, "roll-in": 0.2637224924535089, "redirect": 0.0471489513114472, "sfR": 0.09690789370786869, "oneh-in": 0.009541619093795455, "unknown": 0.013491796612290222, "bad-redirect": 0.0035894708854028183, "dsfb-red": 0.012905281761734206, "sft": 0.0, "dsfb": 0.0}, "chained-bigrams": {"oneh-out": 0.00766634049927635, "roll-out": 0.20017803934656572, "sfT": 5.454159413392169e-05, "alternate": 0.2608243961953342, "dsfb-alt": 0.05395721991105824, "sfb": 0.017913667149532922, "roll-in": 0.22770855829035477, "redirect": 0.04778622811762025, "sfR": 0.11914286586209158, "oneh-in": 0.008990272766408092, "unknown": 0.023159399756770463, "bad-redirect": 0.007689715468190888, "dsfb-red": 0.024928755042662565, "sft": 0.0, "dsfb": 0.0}, "english-5k": {"oneh-out": 0.008462272369021445, "roll-out": 0.20761604513211931, "sfT": 0.0, "alternate": 0.2523748288878749, "dsfb-alt": 0.040154312025552745, "sfb": 0.018376405193512257, "roll-in": 0.2977143568258182, "redirect": 0.04235284357240635, "sfR": 0.10644211224955408, "oneh-in": 0.006554112913261708, "unknown": 0.002157049819554486, "bad-redirect": 0.002074086364956237, "dsfb-red": 0.015721574646368273, "sft": 0.0, "dsfb": 0.0}, "mt-quotes": {"oneh-out": 0.011812553041441054, "roll-out": 0.22974713426805798, "sfT": 1.792950120127658e-05, "alternate": 0.25832526505779274, "dsfb-alt": 0.04378832430881773, "sfb": 0.013545738157564456, "roll-in": 0.2649517098767646, "redirect": 0.047399624675774854, "sfR": 0.0964592223377679, "oneh-in": 0.009607224393684034, "unknown": 0.007995063410669249, "bad-redirect": 0.003668077120761167, "dsfb-red": 0.012682133849702968, "sft": 0.0, "dsfb": 0.0}, "wordle": {"oneh-out": 0.012027375743296308, "roll-out": 0.2235835296757545, "sfT": 0.000381465275440368, "alternate": 0.23805677100863906, "dsfb-alt": 0.047167059351509034, "sfb": 0.03742847526085493, "roll-in": 0.22340401660495904, "redirect": 0.05044317289352631, "sfR": 0.13138112868843263, "oneh-in": 0.008639066532031864, "unknown": 0.0, "bad-redirect": 0.0027375743296308764, "dsfb-red": 0.024750364635925053, "sft": 0.0, "dsfb": 0.0}, "english-1k": {"oneh-out": 0.015172900494001412, "roll-out": 0.23853211009174313, "sfT": 0.0, "alternate": 0.2272406492589979, "dsfb-alt": 0.035638673253352154, "sfb": 0.014820042342978124, "roll-in": 0.29075511644318985, "redirect": 0.048341566690190546, "sfR": 0.10832745236414962, "oneh-in": 0.00529287226534933, "unknown": 0.0, "bad-redirect": 0.0014114326040931546, "dsfb-red": 0.014467184191954835, "sft": 0.0, "dsfb": 0.0}, "english-10k": {"oneh-out": 0.008355685918835993, "roll-out": 0.21232704887979775, "sfT": 7.718878446961657e-05, "alternate": 0.25146176260589337, "dsfb-alt": 0.041585457633005925, "sfb": 0.019181412940699718, "roll-in": 0.29283495108160784, "redirect": 0.04268539781169796, "sfR": 0.10567144593890508, "oneh-in": 0.005596186874047201, "unknown": 0.0, "bad-redirect": 0.004843596225468439, "dsfb-red": 0.015379865305571101, "sft": 0.0, "dsfb": 0.0}, "reddit": {"oneh-out": 0.010396080306446589, "roll-out": 0.21468648987891328, "sfT": 6.907147005551376e-05, "alternate": 0.2530268867439526, "dsfb-alt": 0.042927993554328324, "sfb": 0.015170552030500823, "roll-in": 0.24612498377625788, "redirect": 0.043964664923773225, "sfR": 0.10397777127267367, "oneh-in": 0.00830213599026257, "unknown": 0.04519937363713543, "bad-redirect": 0.0027621845687818307, "dsfb-red": 0.013391811846918294, "sft": 0.0, "dsfb": 0.0}, "akl": {"oneh-out": 0.008245989282879883, "roll-out": 0.18034699010631014, "sfT": 0.00018706125629806044, "alternate": 0.2109898772212536, "dsfb-alt": 0.03918660300439995, "sfb": 0.020747690092446706, "roll-in": 0.21225562297464062, "redirect": 0.036041547612055955, "sfR": 0.13064861186637447, "oneh-in": 0.006317684468749368, "unknown": 0.13920166722946467, "bad-redirect": 0.0022690226485447607, "dsfb-red": 0.013561632236581814, "sft": 0.0, "dsfb": 0.0}, "french": {"oneh-out": 0.014736181138096249, "roll-out": 0.17284043504681668, "sfT": 5.348516287872608e-05, "alternate": 0.17851182493278436, "dsfb-alt": 0.031229312422162796, "sfb": 0.04719932285686338, "roll-in": 0.216580870922129, "redirect": 0.04102914262699614, "sfR": 0.10898279115633469, "oneh-in": 0.01305610280465557, "unknown": 0.15842537463172957, "bad-redirect": 0.0037515721753882464, "dsfb-red": 0.013603584123164614, "sft": 0.0, "dsfb": 0.0}, "keymash": {"oneh-out": 0.011497744373247734, "roll-out": 0.2285387068834586, "sfT": 4.104871250713222e-05, "alternate": 0.2524536867901138, "dsfb-alt": 0.04209134980481337, "sfb": 0.014871948541334001, "roll-in": 0.26606954472872957, "redirect": 0.04653692536933579, "sfR": 0.099723742164827, "oneh-in": 0.00964644743917607, "unknown": 0.012376186820900362, "bad-redirect": 0.0036246013143797747, "dsfb-red": 0.012528067057176752, "sft": 0.0, "dsfb": 0.0}, "movie": {"oneh-out": 0.011654830976394111, "roll-out": 0.2087801025120843, "sfT": 2.2108436882189272e-05, "alternate": 0.25877833252115534, "dsfb-alt": 0.0454713959596042, "sfb": 0.014592884320630764, "roll-in": 0.24001998181581066, "redirect": 0.04553219416103022, "sfR": 0.11567713207251198, "oneh-in": 0.010193173783236515, "unknown": 0.030282373430185833, "bad-redirect": 0.003683949893333372, "dsfb-red": 0.0153115401171405, "sft": 0.0, "dsfb": 0.0}, "dutch": {"oneh-out": 0.004744864701219714, "roll-out": 0.13357604336870996, "sfT": 0.00016908738963461667, "alternate": 0.19910925910711316, "dsfb-alt": 0.03340686273894532, "sfb": 0.03856852875215407, "roll-in": 0.25941986206270334,