{"english-450k": {"sft": 0.0, "unknown": 0.00015377410175167997, "dsfb": 0.0, "sfT": 0.00020902753374990718, "roll-out": 0.1915639410840548, "redirect": 0.037131183341411834, "sfR": 0.11369548401129392, "dsfb-red": 0.017039398328130544, "roll-in": 0.22764589390990242, "oneh-in": 0.012690456241328281, "dsfb-alt": 0.04553292081335391, "oneh-out": 0.004564401236975246, "sfb": 0.029552108079221144, "alternate": 0.31863981837115224, "bad-redirect": 0.001581592947674123}, "shai": {"sft": 0.0, "unknown": 0.03923439211204493, "dsfb": 0.0, "sfT": 5.0206943017983776e-05, "roll-out": 0.2425355295787478, "redirect": 0.02675473885113262, "sfR": 0.09823378925716947, "dsfb-red": 0.015961685894341555, "roll-in": 0.220427665465395, "oneh-in": 0.012714459351883017, "dsfb-alt": 0.03686473045079735, "oneh-out": 0.00759132306983487, "sfb": 0.01664963557778856, "alternate": 0.28145155347372286, "bad-redirect": 0.0015302899741239948}, "tr-quotes": {"sft": 0.0, "unknown": 0.03759737407826911, "dsfb": 0.0, "sfT": 2.7738609833337187e-05, "roll-out": 0.2670003005016065, "redirect": 0.02859850673817064, "sfR": 0.09677191928064538, "dsfb-red": 0.02185108989621137, "roll-in": 0.21422181641663393, "oneh-in": 0.009938512748202769, "dsfb-alt": 0.03405145512124084, "oneh-out": 0.008833591456508172, "sfb": 0.013719054113404683, "alternate": 0.26587919835417584, "bad-redirect": 0.0015094426850974319}, "gutenberg": {"sft": 0.0, "unknown": 0.06777839534167386, "dsfb": 0.0, "sfT": 0.00016878816914279478, "roll-out": 0.27374542652258865, "redirect": 0.026566992611586786, "sfR": 0.09863878308844841, "dsfb-red": 0.01671912171047771, "roll-in": 0.20248101559329895, "oneh-in": 0.008648925533539213, "dsfb-alt": 0.02992362287987094, "oneh-out": 0.010281302249031316, "sfb": 0.014142213220186535, "alternate": 0.24894531073882994, "bad-redirect": 0.0019601023413249132}, "english-200": {"sft": 0.0, "unknown": 0.0, "dsfb": 0.0, "sfT": 0.0, "roll-out": 0.27616926503340755, "redirect": 0.022271714922048998, "sfR": 0.10690423162583519, "dsfb-red": 0.024498886414253896, "roll-in": 0.22271714922049, "oneh-in": 0.004454342984409799, "dsfb-alt": 0.028953229398663696, "oneh-out": 0.008908685968819599, "sfb": 0.008908685968819599, "alternate": 0.29398663697104677, "bad-redirect": 0.0022271714922048997}, "monkeyracer": {"sft": 0.0, "unknown": 0.03718601905000234, "dsfb": 0.0, "sfT": 2.4438118773167336e-05, "roll-out": 0.26768733284326757, "redirect": 0.028458678073728826, "sfR": 0.09690789370786869, "dsfb-red": 0.022047093232400644, "roll-in": 0.21436335768021647, "oneh-in": 0.009797730578538248, "dsfb-alt": 0.03395041212443499, "oneh-out": 0.008916980777953297, "sfb": 0.01364038037443108, "alternate": 0.26549181225268625, "bad-redirect": 0.0015278711856984218}, "chained-bigrams": {"sft": 0.0, "unknown": 0.037479165435693185, "dsfb": 0.0, "sfT": 5.584020351806268e-05, "roll-out": 0.20881768757925576, "redirect": 0.03852584459931083, "sfR": 0.11914286586209158, "dsfb-red": 0.028249299237911082, "roll-in": 0.20830278895844384, "oneh-in": 0.00907987681391382, "dsfb-alt": 0.05213721885918464, "oneh-out": 0.0079403470793301, "sfb": 0.01741500114602278, "alternate": 0.2691413399960652, "bad-redirect": 0.003712724229259098}, "english-5k": {"sft": 0.0, "unknown": 0.002157049819554486, "dsfb": 0.0, "sfT": 0.0, "roll-out": 0.1807773675695856, "redirect": 0.030779441655950555, "sfR": 0.10644211224955408, "dsfb-red": 0.014933421827684906, "roll-in": 0.2518770481602854, "oneh-in": 0.022897913469116855, "dsfb-alt": 0.04322395984568798, "oneh-out": 0.003484465093126478, "sfb": 0.020326046376571122, "alternate": 0.3214833865682167, "bad-redirect": 0.0016177873646658647}, "mt-quotes": {"sft": 0.0, "unknown": 0.03120181446552157, "dsfb": 0.0, "sfT": 7.470625500531909e-06, "roll-out": 0.2758438818565401, "redirect": 0.02823298789161019, "sfR": 0.0964592223377679, "dsfb-red": 0.023151468426148385, "roll-in": 0.21448016399517097, "oneh-in": 0.009444364757772439, "dsfb-alt": 0.033807568640107095, "oneh-out": 0.009223234242956695, "sfb": 0.012891311363717862, "alternate": 0.26373549204527796, "bad-redirect": 0.0015210193519082965}, "wordle": {"sft": 0.0, "unknown": 0.0, "dsfb": 0.0, "sfT": 0.0007404914170313026, "roll-out": 0.22138449455851003, "redirect": 0.03630651856838326, "sfR": 0.13138112868843263, "dsfb-red": 0.020172781330640637, "roll-in": 0.18725457197352183, "oneh-in": 0.005923931336250421, "dsfb-alt": 0.05282172108156625, "oneh-out": 0.012610793223381577, "sfb": 0.034960170537417255, "alternate": 0.2947604622461573, "bad-redirect": 0.001682935038707506}, "english-1k": {"sft": 0.0, "unknown": 0.0, "dsfb": 0.0, "sfT": 0.0, "roll-out": 0.21594918842625266, "redirect": 0.03211009174311927, "sfR": 0.10832745236414962, "dsfb-red": 0.016584333098094567, "roll-in": 0.24805928016937193, "oneh-in": 0.01305575158786168, "dsfb-alt": 0.037755822159491886, "oneh-out": 0.0077628793225123505, "sfb": 0.014467184191954835, "alternate": 0.305575158786168, "bad-redirect": 0.00035285815102328866}, "english-10k": {"sft": 0.0, "unknown": 0.0, "dsfb": 0.0, "sfT": 7.718878446961657e-05, "roll-out": 0.18947916867679127, "redirect": 0.03176318480924722, "sfR": 0.10567144593890508, "dsfb-red": 0.014125547557939832, "roll-in": 0.25543698500607864, "oneh-in": 0.02041643349221358, "dsfb-alt": 0.04314853051851566, "oneh-out": 0.0052295401478165224, "sfb": 0.019856814804808862, "alternate": 0.31388819204569574, "bad-redirect": 0.0009069682175179947}, "reddit": {"sft": 0.0, "unknown": 0.05651982798806682, "dsfb": 0.0, "sfT": 5.3339356485385894e-05, "roll-out": 0.2520560655070226, "redirect": 0.02665851593354081, "sfR": 0.10397777127267367, "dsfb-red": 0.02089104818390541, "roll-in": 0.21005548004765331, "oneh-in": 0.010500286830142055, "dsfb-alt": 0.03485172576603688, "oneh-out": 0.008516542223775457, "sfb": 0.015092078749716494, "alternate": 0.2593439296609711, "bad-redirect": 0.0014833884800100087}, "akl": {"sft": 0.0, "unknown": 0.14410375433745046, "dsfb": 0.0, "sfT": 0.00015348362490074649, "roll-out": 0.2090411392200991, "redirect": 0.021775971081036415, "sfR": 0.13064861186637447, "dsfb-red": 0.01928156568517282, "roll-in": 0.18358531669698, "oneh-in": 0.008642694543891856, "dsfb-alt": 0.032586461227236976, "oneh-out": 0.006354498796035606, "sfb": 0.021328837603922953, "alternate": 0.22095660275213533, "bad-redirect": 0.001541062564763258}, "french": {"sft": 0.0, "unknown": 0.17172807849548424, "dsfb": 0.0, "sfT": 6.761303643464728e-05, "roll-out": 0.1742781371995705, "redirect": 0.025859701705905524, "sfR": 0.10898279115633469, "dsfb-red": 0.0138611818516063, "roll-in": 0.1817293994441708, "oneh-in": 0.01452860776787643, "dsfb-alt": 0.028471275838221496, "oneh-out": 0.00817997886152501, "sfb": 0.04739189940690348, "alternate": 0.22135290105246366, "bad-redirect": 0.0035684341835032192}, "keymash": {"sft": 0.0, "unknown": 0.03709572149269538, "dsfb": 0.0, "sfT": 3.283897000570577e-05, "roll-out": 0.26602028627372104, "redirect": 0.02776534913982423, "sfR": 0.099723742164827, "dsfb-red": 0.021443847413725868, "roll-in": 0.2139499944584238, "oneh-in": 0.009917368941723143, "dsfb-alt": 0.03370920271085697, "oneh-out": 0.008965038811557675, "sfb": 0.014005820707433511, "alternate": 0.2658027280974332, "bad-redirect": 0.0015680608177724505}, "movie": {"sft": 0.0, "unknown": 0.05091625653103623, "dsfb": 0.0, "sfT": 2.947791584291903e-05, "roll-out": 0.27678841791630876, "redirect": 0.028131669954200005, "sfR": 0.11567713207251198, "dsfb-red": 0.025615124486949376, "roll-in": 0.18940100480213673, "oneh-in": 0.008431078724590596, "dsfb-alt": 0.034739065831687156, "oneh-out": 0.010377410757254759, "sfb": 0.0132147917549743, "alternate": 0.24521362211338496, "bad-redirect": 0.0014649471391222082}, "dutch": {"sft": 0.0, "unknown": 0.08172906218467578, "dsfb": 0.0, "sfT": 0.00012485212025724666, "roll-out": 0.1484932269473013, "redirect": 0.028305641433102234, "sfR": 0.18880787437283908, "dsfb-red": 0.011496759062734434, "roll-in": 0.22691845064023514,