{"english-450k": {"dsfb": 0.0, "roll-in": 0.20269619207379286, "alternate": 0.34475773562665285, "bad-redirect": 0.0016134586835884444, "dsfb-red": 0.01666402580598386, "sfR": 0.11369548401129392, "dsfb-alt": 0.04404750976582485, "oneh-in": 0.017098452260742407, "roll-out": 0.18308736298464423, "redirect": 0.03749837016992915, "sft": 0.0, "sfT": 2.4849427089149805e-05, "sfb": 0.02526397400223703, "oneh-out": 0.013398811086469575, "unknown": 0.00015377410175167997}, "shai": {"dsfb": 0.0, "roll-in": 0.205894574553827, "alternate": 0.36456935664207046, "bad-redirect": 0.002108316177101237, "dsfb-red": 0.020376378678320414, "sfR": 0.09823378925716947, "dsfb-alt": 0.04224153719633159, "oneh-in": 0.018987323791898335, "roll-out": 0.16474491838546362, "redirect": 0.029329079341213073, "sft": 0.0, "sfT": 5.6581506319758316e-05, "sfb": 0.016996281001587486, "oneh-out": 0.01320110133256627, "unknown": 0.023260762136131256}, "tr-quotes": {"dsfb": 0.0, "roll-in": 0.21672638172950232, "alternate": 0.3682127089064053, "bad-redirect": 0.002636323709576755, "dsfb-red": 0.025292989066364624, "sfR": 0.09677191928064538, "dsfb-alt": 0.037907121888074706, "oneh-in": 0.01741406809828714, "roll-out": 0.16799311157855806, "redirect": 0.02762996694482328, "sft": 0.0, "sfT": 2.195973278472527e-05, "sfb": 0.01545387300339798, "oneh-out": 0.01010378863179307, "unknown": 0.013835787429786644}, "gutenberg": {"dsfb": 0.0, "roll-in": 0.20254542409779788, "alternate": 0.378545072503138, "bad-redirect": 0.0026727634999278247, "dsfb-red": 0.016439134152685286, "sfR": 0.09863878308844841, "dsfb-alt": 0.035285820316185136, "oneh-in": 0.016158009974225233, "roll-out": 0.16333655754729384, "redirect": 0.028752714155435906, "sft": 0.0, "sfT": 1.458663190122918e-05, "sfb": 0.01539988398891719, "oneh-out": 0.009235421798035388, "unknown": 0.032975828246008664}, "english-200": {"dsfb": 0.0, "roll-in": 0.23162583518930957, "alternate": 0.4142538975501114, "bad-redirect": 0.0022271714922048997, "dsfb-red": 0.004454342984409799, "sfR": 0.10690423162583519, "dsfb-alt": 0.0378619153674833, "oneh-in": 0.026726057906458798, "roll-out": 0.1447661469933185, "redirect": 0.0200445434298441, "sft": 0.0, "sfT": 0.0, "sfb": 0.008908685968819599, "oneh-out": 0.0022271714922048997, "unknown": 0.0}, "monkeyracer": {"dsfb": 0.0, "roll-in": 0.21724021302219373, "alternate": 0.3680165631793797, "bad-redirect": 0.0026129236592270515, "dsfb-red": 0.025731384018643354, "sfR": 0.09690789370786869, "dsfb-alt": 0.03766989380171106, "oneh-in": 0.01744295165553592, "roll-out": 0.1678273143876003, "redirect": 0.027655152728467084, "sft": 0.0, "sfT": 2.4438118773167336e-05, "sfb": 0.01543511581713249, "oneh-out": 0.010000078201980074, "unknown": 0.013436077701487402}, "chained-bigrams": {"dsfb": 0.0, "roll-in": 0.176905660573375, "alternate": 0.3696770812974926, "bad-redirect": 0.003248471374428693, "dsfb-red": 0.014714542931701588, "sfR": 0.11914286586209158, "dsfb-alt": 0.042969685911841304, "oneh-in": 0.014323012202383079, "roll-out": 0.1748545070511243, "redirect": 0.032713268995895745, "sft": 0.0, "sfT": 4.415271906079375e-05, "sfb": 0.017846788766249663, "oneh-out": 0.010643402512419575, "unknown": 0.022916559801936097}, "english-5k": {"dsfb": 0.0, "roll-in": 0.2054589953125648, "alternate": 0.3493176255859294, "bad-redirect": 0.000622225909486871, "dsfb-red": 0.017380843738333263, "sfR": 0.10644211224955408, "dsfb-alt": 0.04874102957647156, "oneh-in": 0.020491973285767618, "roll-out": 0.1777492014767495, "redirect": 0.03318538183929979, "sft": 0.0, "sfT": 0.0, "sfb": 0.018708259011905256, "oneh-out": 0.019745302194383373, "unknown": 0.002157049819554486}, "mt-quotes": {"dsfb": 0.0, "roll-in": 0.2202415103811812, "alternate": 0.3726587059681333, "bad-redirect": 0.0026475896773885082, "dsfb-red": 0.02665070941059753, "sfR": 0.0964592223377679, "dsfb-alt": 0.036634453329508376, "oneh-in": 0.017572405302351154, "roll-out": 0.16753176509962825, "redirect": 0.0272289358243387, "sft": 0.0, "sfT": 1.942362630138296e-05, "sfb": 0.01497711000346637, "oneh-out": 0.009401035129869353, "unknown": 0.007977133909467972}, "wordle": {"dsfb": 0.0, "roll-in": 0.1975990126781106, "alternate": 0.3267811062492988, "bad-redirect": 0.0019522046449007068, "dsfb-red": 0.019095702905867835, "sfR": 0.13138112868843263, "dsfb-alt": 0.04514753730506003, "oneh-in": 0.02598451699764389, "roll-out": 0.18310333221137665, "redirect": 0.035723101088297994, "sft": 0.0, "sfT": 4.4878267698866824e-05, "sfb": 0.025558173454504656, "oneh-out": 0.00762930550880736, "unknown": 0.0}, "english-1k": {"dsfb": 0.0, "roll-in": 0.2050105857445307, "alternate": 0.3697953422724065, "bad-redirect": 0.0007057163020465773, "dsfb-red": 0.010938602681721948, "sfR": 0.10832745236414962, "dsfb-alt": 0.0497529992942837, "oneh-in": 0.021524347212420608, "roll-out": 0.1774876499647142, "redirect": 0.03387438249823571, "sft": 0.0, "sfT": 0.0, "sfb": 0.014820042342978124, "oneh-out": 0.0077628793225123505, "unknown": 0.0}, "english-10k": {"dsfb": 0.0, "roll-in": 0.21686188996738773, "alternate": 0.3367746666409371, "bad-redirect": 0.0005789158835221242, "dsfb-red": 0.018525308272707975, "sfR": 0.10567144593890508, "dsfb-alt": 0.047702668802223035, "oneh-in": 0.01831303911541653, "roll-out": 0.17990775940255882, "redirect": 0.03537176048320179, "sft": 0.0, "sfT": 1.929719611740414e-05, "sfb": 0.021265510121379363, "oneh-out": 0.01900773817564308, "unknown": 0.0}, "reddit": {"dsfb": 0.0, "roll-in": 0.20702094262704196, "alternate": 0.35121306769284993, "bad-redirect": 0.0024111711491016682, "dsfb-red": 0.0218183064492114, "sfR": 0.10397777127267367, "dsfb-alt": 0.03571624286412867, "oneh-in": 0.01934847699094111, "roll-out": 0.1619885166808162, "redirect": 0.027694700356613304, "sft": 0.0, "sfT": 0.00011990117985233164, "sfb": 0.019000460164321928, "oneh-out": 0.010405032628216257, "unknown": 0.039285409944231534}, "akl": {"dsfb": 0.0, "roll-in": 0.18106736495621453, "alternate": 0.2905406228435668, "bad-redirect": 0.00437922483011238, "dsfb-red": 0.019901084102874254, "sfR": 0.13064861186637447, "dsfb-alt": 0.032716719706064525, "oneh-in": 0.019136729721044007, "roll-out": 0.1386486122616961, "redirect": 0.02153129169639506, "sft": 0.0, "sfT": 0.00013851081796419586, "sfb": 0.02116981947612817, "oneh-out": 0.007351327007017676, "unknown": 0.13277008071454782}, "french": {"dsfb": 0.0, "roll-in": 0.19007804384174307, "alternate": 0.2708066160337462, "bad-redirect": 0.0038024954439105966, "dsfb-red": 0.013164031968066871, "sfR": 0.10898279115633469, "dsfb-alt": 0.03726206424892456, "oneh-in": 0.01795934387518403, "roll-out": 0.1304415778494599, "redirect": 0.04085067896867362, "sft": 0.0, "sfT": 1.655493136722474e-05, "sfb": 0.017299738478528098, "oneh-out": 0.011256529328604046, "unknown": 0.15807953387545715}, "keymash": {"dsfb": 0.0, "roll-in": 0.21532102145616203, "alternate": 0.3635602369331686, "bad-redirect": 0.002651746827960741, "dsfb-red": 0.02531884587439915, "sfR": 0.099723742164827, "dsfb-alt": 0.039061954821787016, "oneh-in": 0.01766326099181899, "roll-out": 0.17059434430839077, "redirect": 0.027880285534844198, "sft": 0.0, "sfT": 8.209742501426442e-06, "sfb": 0.015733971503983778, "oneh-out": 0.010159556345515222, "unknown": 0.01232282349464109}, "movie": {"dsfb": 0.0, "roll-in": 0.20930294072478037, "alternate": 0.331071736745367, "bad-redirect": 0.004216921139600435, "dsfb-red": 0.035465222704996205, "sfR": 0.11567713207251198, "dsfb-alt": 0.03407673391009157, "oneh-in": 0.017424869806968342, "roll-out": 0.17013429164634028, "redirect": 0.028803082126657917, "sft": 0.0, "sfT": 2.0134469303422374e-05, "sfb": 0.014985309075289624, "oneh-out": 0.008585179793572999, "unknown": 0.030236445784519856}, "dutch": {"dsfb": 0.0, "roll-in": 0.2095652072876916, "alternate": 0.2566905441490402, "bad-redirect": 0.0014507446999530824, "dsfb-red": 0.01253945267828508, "sfR": 0.18880787437283908, "dsfb-alt": 0.036592609019856524, "oneh-in": 0.012430720342044961,