{"english-450k": {"redirect": 0.03458163212206506, "dsfb-alt": 0.03192537453933547, "sfR": 0.11369548401129392, "unknown": 0.031180768765264127, "dsfb": 0.0, "roll-out": 0.20849546366399832, "sft": 0.0, "sfT": 2.163361887761277e-05, "sfb": 0.01984065962658035, "roll-in": 0.22684983520444646, "alternate": 0.29831415639703185, "oneh-in": 0.009745068265761407, "bad-redirect": 0.003832658695750046, "dsfb-red": 0.015403136640860293, "oneh-out": 0.006114128448735047}, "shai": {"redirect": 0.02711975710552871, "dsfb-alt": 0.027664981593883888, "sfR": 0.09823378925716947, "unknown": 0.07302654821770771, "dsfb": 0.0, "roll-out": 0.2504203960635775, "sft": 0.0, "sfT": 1.0175304748248485e-05, "sfb": 0.009050432355626786, "roll-in": 0.21737687765142355, "alternate": 0.266318580160656, "oneh-in": 0.0077373303715933045, "bad-redirect": 0.004519081579857526, "dsfb-red": 0.010315293564315202, "oneh-out": 0.008206756773912083}, "tr-quotes": {"redirect": 0.029479207600379094, "dsfb-alt": 0.024785603661496496, "sfR": 0.09677191928064538, "unknown": 0.07875569219389288, "dsfb": 0.0, "roll-out": 0.2787360440119276, "sft": 0.0, "sfT": 3.4673262291671484e-06, "sfb": 0.006364855181341162, "roll-in": 0.20097316289498623, "alternate": 0.2528628556898823, "oneh-in": 0.006397216892813388, "bad-redirect": 0.0038764707242088716, "dsfb-red": 0.010621576015348697, "oneh-out": 0.010371928526848663}, "gutenberg": {"redirect": 0.02733648480357111, "dsfb-alt": 0.021979212723483302, "sfR": 0.09863878308844841, "unknown": 0.08033199174207198, "dsfb": 0.0, "roll-out": 0.2796079264894372, "sft": 0.0, "sfT": 1.7049310014423717e-06, "sfb": 0.007530490796593017, "roll-in": 0.20031556378468918, "alternate": 0.24406977638503857, "oneh-in": 0.005209890266852012, "bad-redirect": 0.0039834765664811325, "dsfb-red": 0.01815903065958476, "oneh-out": 0.012835667762747863}, "english-200": {"redirect": 0.035634743875278395, "dsfb-alt": 0.022271714922048998, "sfR": 0.10690423162583519, "unknown": 0.0467706013363029, "dsfb": 0.0, "roll-out": 0.2873051224944321, "sft": 0.0, "sfT": 0.0, "sfb": 0.0, "roll-in": 0.20489977728285078, "alternate": 0.2650334075723831, "oneh-in": 0.004454342984409799, "bad-redirect": 0.004454342984409799, "dsfb-red": 0.015590200445434299, "oneh-out": 0.0066815144766146995}, "monkeyracer": {"redirect": 0.02953004520074448, "dsfb-alt": 0.02467663481239345, "sfR": 0.09690789370786869, "unknown": 0.07867607957833492, "dsfb": 0.0, "roll-out": 0.2791312151023664, "sft": 0.0, "sfT": 2.9325742527800804e-06, "sfb": 0.006283529098956786, "roll-in": 0.2011188748299107, "alternate": 0.25230109326368144, "oneh-in": 0.00645361840561803, "bad-redirect": 0.0038602452414095126, "dsfb-red": 0.010587570577287016, "oneh-out": 0.010470267607175813}, "chained-bigrams": {"redirect": 0.03545073757766496, "dsfb-alt": 0.03794861272806015, "sfR": 0.11914286586209158, "unknown": 0.0713618321820079, "dsfb": 0.0, "roll-out": 0.2233348418845679, "sft": 0.0, "sfT": 1.2986093841409926e-05, "sfb": 0.010384329940283448, "roll-in": 0.18926907121508932, "alternate": 0.27344882732326087, "oneh-in": 0.007713090437105425, "bad-redirect": 0.007214424433595284, "dsfb-red": 0.01699295309617696, "oneh-out": 0.007725427226254765}, "english-5k": {"redirect": 0.027792757290413573, "dsfb-alt": 0.02924461774588294, "sfR": 0.10644211224955408, "unknown": 0.04878251130377069, "dsfb": 0.0, "roll-out": 0.19940266312689262, "sft": 0.0, "sfT": 0.0, "sfb": 0.01103413946156718, "roll-in": 0.2540340979798399, "alternate": 0.29310988509561536, "oneh-in": 0.011283029825361928, "bad-redirect": 0.0035259468204256023, "dsfb-red": 0.011075621188866304, "oneh-out": 0.0042726179118098475}, "mt-quotes": {"redirect": 0.029946749381432207, "dsfb-alt": 0.02448721626564349, "sfR": 0.0964592223377679, "unknown": 0.0747346433822211, "dsfb": 0.0, "roll-out": 0.2864954996951985, "sft": 0.0, "sfT": 0.0, "sfb": 0.0055611336225959524, "roll-in": 0.2003606817991657, "alternate": 0.25069476817154945, "oneh-in": 0.006191654414840846, "bad-redirect": 0.0038847252602765923, "dsfb-red": 0.01052162895494914, "oneh-out": 0.010662076714359139}, "wordle": {"redirect": 0.03635139683608213, "dsfb-alt": 0.0378099405362953, "sfR": 0.13138112868843263, "unknown": 0.036149444631437225, "dsfb": 0.0, "roll-out": 0.22468304723437676, "sft": 0.0, "sfT": 2.2439133849433412e-05, "sfb": 0.023628407943453382, "roll-in": 0.19082239425558173, "alternate": 0.2702120498148771, "oneh-in": 0.008122966453494895, "bad-redirect": 0.004577583305284416, "dsfb-red": 0.02196791203859531, "oneh-out": 0.01427128912823965}, "english-1k": {"redirect": 0.028228652081863093, "dsfb-alt": 0.019760056457304165, "sfR": 0.10832745236414962, "unknown": 0.03952011291460833, "dsfb": 0.0, "roll-out": 0.22900494001411434, "sft": 0.0, "sfT": 0.0, "sfb": 0.0077628793225123505, "roll-in": 0.2424135497529993, "alternate": 0.28757939308398023, "oneh-in": 0.01058574453069866, "bad-redirect": 0.0017642907551164433, "dsfb-red": 0.016937191249117856, "oneh-out": 0.008115737473535639}, "english-10k": {"redirect": 0.02776866521294456, "dsfb-alt": 0.03056675864996816, "sfR": 0.10567144593890508, "unknown": 0.04436425387391212, "dsfb": 0.0, "roll-out": 0.20740626386985972, "sft": 0.0, "sfT": 0.0, "sfb": 0.01155902047432508, "roll-in": 0.2504969028000232, "alternate": 0.2897281025067058, "oneh-in": 0.010323999922811215, "bad-redirect": 0.0053646205206383515, "dsfb-red": 0.010420485903398237, "oneh-out": 0.006329480326508558}, "reddit": {"redirect": 0.0284451221739084, "dsfb-alt": 0.027324134167210266, "sfR": 0.10397777127267367, "unknown": 0.10294439615559585, "dsfb": 0.0, "roll-out": 0.2567208619250451, "sft": 0.0, "sfT": 8.802492116619161e-06, "sfb": 0.007737015996375621, "roll-in": 0.19726838068044014, "alternate": 0.24591627106956085, "oneh-in": 0.007454662015205088, "bad-redirect": 0.004084468714351077, "dsfb-red": 0.00931131361837301, "oneh-out": 0.008806799719144316}, "akl": {"redirect": 0.02629232310338948, "dsfb-alt": 0.024485085540066058, "sfR": 0.13064861186637447, "unknown": 0.18649046127190833, "dsfb": 0.0, "roll-out": 0.22064919076549414, "sft": 0.0, "sfT": 8.165862528927352e-05, "sfb": 0.013408049781272245, "roll-in": 0.1676941528940521, "alternate": 0.20390153793211158, "oneh-in": 0.007483191479988584, "bad-redirect": 0.0037573591902014198, "dsfb-red": 0.008096977733978336, "oneh-out": 0.007011399815874007}, "french": {"redirect": 0.024079484764991062, "dsfb-alt": 0.02164779756564004, "sfR": 0.10898279115633469, "unknown": 0.24206073808056552, "dsfb": 0.0, "roll-out": 0.18934697507619874, "sft": 0.0, "sfT": 1.661485872059026e-05, "sfb": 0.025236607049287537, "roll-in": 0.16937372754565141, "alternate": 0.18803079061423186, "oneh-in": 0.0063629365619674375, "bad-redirect": 0.0038249682014226665, "dsfb-red": 0.01041065473584974, "oneh-out": 0.010625913789138686}, "keymash": {"redirect": 0.029148690751314585, "dsfb-alt": 0.024854995423068557, "sfR": 0.099723742164827, "unknown": 0.07293945725392323, "dsfb": 0.0, "roll-out": 0.2768981950881111, "sft": 0.0, "sfT": 0.0, "sfb": 0.006378969923608346, "roll-in": 0.20204586783135547, "alternate": 0.25544203306063307, "oneh-in": 0.006378969923608346, "bad-redirect": 0.0039119423019297, "dsfb-red": 0.011571632055760572, "oneh-out": 0.010705504221860082}, "movie": {"redirect": 0.028232605496394284, "dsfb-alt": 0.026528018693209775, "sfR": 0.11567713207251198, "unknown": 0.11613719811620327, "dsfb": 0.0, "roll-out": 0.27787752162843377, "sft": 0.0, "sfT": 2.895152448858119e-06, "sfb": 0.005958750131104347, "roll-in": 0.16616122130163685, "alternate": 0.2326160242213718, "oneh-in": 0.005672130038667393, "bad-redirect": 0.0030516222789350417, "dsfb-red": 0.011260037460640731, "oneh-out": 0.010824843408441922}, "dutch": {"redirect": 0.022382598035093362, "dsfb-alt": 0.022105854156872717, "sfR": 0.18880787437283908, "unknown": 0.1243625557822526, "dsfb": 0.0, "roll-out": 0.17445565425899934, "sft": 0.0, "sfT": 1.1977770548878467e-05, "sfb": 0.01862371184725947,