{"english-450k": {"dsfb": 0.0, "unknown": 0.00015377410175167997, "oneh-out": 0.0073130402192362635, "dsfb-red": 0.01901302753141114, "dsfb-alt": 0.038973256754220455, "redirect": 0.04136844917941345, "bad-redirect": 0.0024159490054674587, "sfR": 0.11369548401129392, "sfb": 0.03526426050151406, "sfT": 0.0004817865393284574, "roll-in": 0.21956895306732557, "alternate": 0.3137810245097208, "roll-out": 0.19714716883168518, "sft": 0.0, "oneh-in": 0.010823825747631558}, "shai": {"dsfb": 0.0, "unknown": 0.023260762136131256, "oneh-out": 0.007805631475774492, "dsfb-red": 0.014388051212010776, "dsfb-alt": 0.03947124564927346, "redirect": 0.03184167907003675, "bad-redirect": 0.002437610558227514, "sfR": 0.09823378925716947, "sfb": 0.020769066485263186, "sfT": 8.763766657078373e-05, "roll-in": 0.22836304852594708, "alternate": 0.29523962552401467, "roll-out": 0.22655247902780284, "sft": 0.0, "oneh-in": 0.011549373411777747}, "tr-quotes": {"dsfb": 0.0, "unknown": 0.013835787429786644, "oneh-out": 0.009955849379348606, "dsfb-red": 0.01557522942141883, "dsfb-alt": 0.03673054252097732, "redirect": 0.034869744111324284, "bad-redirect": 0.0022780333325628163, "sfR": 0.09677191928064538, "sfb": 0.01944014239153048, "sfT": 5.894454589584152e-05, "roll-in": 0.22531610457455908, "alternate": 0.28644391021936616, "roll-out": 0.249288042347611, "sft": 0.0, "oneh-in": 0.009435750444973533}, "gutenberg": {"dsfb": 0.0, "unknown": 0.032975828246008664, "oneh-out": 0.008698936842914857, "dsfb-red": 0.012118270684696501, "dsfb-alt": 0.04091607079328166, "redirect": 0.035036332079640735, "bad-redirect": 0.0032119005699394903, "sfR": 0.09863878308844841, "sfb": 0.018609321880743487, "sfT": 2.652114891132578e-05, "roll-in": 0.2149944513967742, "alternate": 0.2722932041829156, "roll-out": 0.2546519042374355, "sft": 0.0, "oneh-in": 0.007828474848289557}, "english-200": {"dsfb": 0.0, "unknown": 0.0, "oneh-out": 0.004454342984409799, "dsfb-red": 0.013363028953229399, "dsfb-alt": 0.031180400890868598, "redirect": 0.031180400890868598, "bad-redirect": 0.0022271714922048997, "sfR": 0.10690423162583519, "sfb": 0.013363028953229399, "sfT": 0.0, "roll-in": 0.22271714922049, "alternate": 0.30957683741648107, "roll-out": 0.2583518930957684, "sft": 0.0, "oneh-in": 0.0066815144766146995}, "monkeyracer": {"dsfb": 0.0, "unknown": 0.013436077701487402, "oneh-out": 0.010066549885043088, "dsfb-red": 0.015592497302031688, "dsfb-alt": 0.03659950419944633, "redirect": 0.03474611727168932, "bad-redirect": 0.0022844753429156826, "sfR": 0.09690789370786869, "sfb": 0.019314911553560535, "sfT": 5.767396030467491e-05, "roll-in": 0.22568602687020034, "alternate": 0.28582823717096517, "roll-out": 0.2501075277226019, "sft": 0.0, "oneh-in": 0.009372507311885136}, "chained-bigrams": {"dsfb": 0.0, "unknown": 0.022916559801936097, "oneh-out": 0.011140120601853504, "dsfb-red": 0.023320427320403944, "dsfb-alt": 0.04975556924867006, "redirect": 0.040508171824202056, "bad-redirect": 0.004710705540971451, "sfR": 0.11914286586209158, "sfb": 0.02230816130546604, "sfT": 0.00016557269647797656, "roll-in": 0.21830337982571363, "alternate": 0.2760979904669085, "roll-out": 0.20337456634562878, "sft": 0.0, "oneh-in": 0.008255909159676361}, "english-5k": {"dsfb": 0.0, "unknown": 0.002157049819554486, "oneh-out": 0.008462272369021445, "dsfb-red": 0.015140830464180528, "dsfb-alt": 0.037872817024100884, "redirect": 0.03364168083959016, "bad-redirect": 0.002779275729041357, "sfR": 0.10644211224955408, "sfb": 0.024142365288090595, "sfT": 0.00016592690919649896, "roll-in": 0.2362799186958145, "alternate": 0.3229352470236861, "roll-out": 0.19118928112166592, "sft": 0.0, "oneh-in": 0.018791222466503506}, "mt-quotes": {"dsfb": 0.0, "unknown": 0.007977133909467972, "oneh-out": 0.010296016064833076, "dsfb-red": 0.015586713044309773, "dsfb-alt": 0.03642228756529327, "redirect": 0.034548654689759865, "bad-redirect": 0.0021948697720562747, "sfR": 0.0964592223377679, "sfb": 0.01852416299111892, "sfT": 3.436487730244678e-05, "roll-in": 0.22753881737010076, "alternate": 0.28572004876824325, "roll-out": 0.25559101612459806, "sft": 0.0, "oneh-in": 0.009106692485148397}, "wordle": {"dsfb": 0.0, "unknown": 0.0, "oneh-out": 0.007606866374957927, "dsfb-red": 0.02540109951755862, "dsfb-alt": 0.05187927745989005, "redirect": 0.03926848423650847, "bad-redirect": 0.0012790306294177044, "sfR": 0.13138112868843263, "sfb": 0.04169191069224728, "sfT": 0.0005609783462358353, "roll-in": 0.1964994951194884, "alternate": 0.29137215303489283, "roll-out": 0.20370245708515652, "sft": 0.0, "oneh-in": 0.009357118815213733}, "english-1k": {"dsfb": 0.0, "unknown": 0.0, "oneh-out": 0.011291460832745237, "dsfb-red": 0.011644318983768526, "dsfb-alt": 0.035285815102328866, "redirect": 0.04022582921665491, "bad-redirect": 0.0017642907551164433, "sfR": 0.10832745236414962, "sfb": 0.017290049400141144, "sfT": 0.0, "roll-in": 0.23747353563867327, "alternate": 0.2911079745942131, "roll-out": 0.2364149611856034, "sft": 0.0, "oneh-in": 0.009174311926605505}, "english-10k": {"dsfb": 0.0, "unknown": 0.0, "oneh-out": 0.007159259759556937, "dsfb-red": 0.014916732598753401, "dsfb-alt": 0.04181702398641477, "redirect": 0.03456127824627082, "bad-redirect": 0.0017367476505663728, "sfR": 0.10567144593890508, "sfb": 0.025645973640030104, "sfT": 9.64859805870207e-05, "roll-in": 0.254356342023504, "alternate": 0.3126724686902993, "roll-out": 0.1826093668589954, "sft": 0.0, "oneh-in": 0.018756874626116825}, "reddit": {"dsfb": 0.0, "unknown": 0.039285409944231534, "oneh-out": 0.008377762507638971, "dsfb-red": 0.016140474289512468, "dsfb-alt": 0.037788724082513436, "redirect": 0.03184412022556105, "bad-redirect": 0.0020506060890396424, "sfR": 0.10397777127267367, "sfb": 0.019339374839518395, "sfT": 0.00018807367198955238, "roll-in": 0.21594194999922275, "alternate": 0.28205420949219545, "roll-out": 0.233124789184996, "sft": 0.0, "oneh-in": 0.00988673440090707}, "akl": {"dsfb": 0.0, "unknown": 0.13277008071454782, "oneh-out": 0.006104013124875953, "dsfb-red": 0.014616473897542465, "dsfb-alt": 0.031379000707452774, "redirect": 0.023678110544431273, "bad-redirect": 0.0014850010153589126, "sfR": 0.13064861186637447, "sfb": 0.02426098758806191, "sfT": 0.00025708260094852977, "roll-in": 0.18788740439300672, "alternate": 0.24266386199143816, "roll-out": 0.1966516109245454, "sft": 0.0, "oneh-in": 0.007597760631415622}, "french": {"dsfb": 0.0, "unknown": 0.15807953387545715, "oneh-out": 0.017489528406636697, "dsfb-red": 0.015823098527925017, "dsfb-alt": 0.02914470947166652, "redirect": 0.03126994316774462, "bad-redirect": 0.0018011166054006861, "sfR": 0.10898279115633469, "sfb": 0.05074829563236115, "sfT": 8.412302228684788e-05, "roll-in": 0.1727894668327793, "alternate": 0.22046612604103738, "roll-out": 0.17995587938499494, "sft": 0.0, "oneh-in": 0.013365387875375017}, "keymash": {"dsfb": 0.0, "unknown": 0.01232282349464109, "oneh-out": 0.009650552310426783, "dsfb-red": 0.016045941719037983, "dsfb-alt": 0.03704235816643611, "redirect": 0.0349899225410795, "bad-redirect": 0.002614802986704322, "sfR": 0.099723742164827, "sfb": 0.01935446794711284, "sfT": 3.283897000570577e-05, "roll-in": 0.22265232150993583, "alternate": 0.28397499312434066, "roll-out": 0.2525686231851338, "sft": 0.0, "oneh-in": 0.009026611880318374}, "movie": {"dsfb": 0.0, "unknown": 0.030236445784519856, "oneh-out": 0.011853938506172399, "dsfb-red": 0.019991817246396818, "dsfb-alt": 0.03924405463994897, "redirect": 0.03361706265991605, "bad-redirect": 0.001713535456208253, "sfR": 0.11567713207251198, "sfb": 0.01649776303414082, "sfT": 7.711633341049353e-05, "roll-in": 0.20119138155227284, "alternate": 0.27034565093489077, "roll-out": 0.2527940524093656, "sft": 0.0, "oneh-in": 0.006760049370245123}, "dutch": {"dsfb": 0.0, "unknown": 0.07290361491625476, "oneh-out": 0.004994353772203389, "dsfb-red": 0.013196006639988274, "dsfb-alt": 0.028990920527169655, "redirect": 0.03374530648012807, "bad-redirect": 0.0006546532975143006,