{"english-450k": {"alternate": 0.33272447364528235, "dsfb-alt": 0.04597465592313867, "sfT": 0.00014149556130762947, "roll-in": 0.20661363116784706, "roll-out": 0.19941899116003559, "dsfb-red": 0.014317362850164972, "bad-redirect": 0.002447522395180731, "dsfb": 0.0, "sfR": 0.11369548401129392, "redirect": 0.034261220685715556, "sfb": 0.03400454072119469, "oneh-out": 0.006320232520474466, "unknown": 0.00015377410175167997, "sft": 0.0, "oneh-in": 0.009926615256612726}, "shai": {"alternate": 0.3012050440406077, "dsfb-alt": 0.04433572251088591, "sfT": 7.909567433822976e-05, "roll-in": 0.2211000096605404, "roll-out": 0.2232591675277036, "dsfb-red": 0.012037010087523876, "bad-redirect": 0.002448134199768209, "dsfb": 0.0, "sfR": 0.09823378925716947, "redirect": 0.030580730844650152, "sfb": 0.020967641679410634, "oneh-out": 0.01146530426212514, "unknown": 0.023260762136131256, "sft": 0.0, "oneh-in": 0.011027588119145426}, "tr-quotes": {"alternate": 0.2916483668893461, "dsfb-alt": 0.04016781858949169, "sfT": 3.35174868819491e-05, "roll-in": 0.21983426180624582, "roll-out": 0.23916807286008182, "dsfb-red": 0.01315965881509905, "bad-redirect": 0.002291902637479485, "dsfb": 0.0, "sfR": 0.09677191928064538, "redirect": 0.03435889138022699, "sfb": 0.019301449342363792, "oneh-out": 0.020501144217655625, "unknown": 0.013835787429786644, "sft": 0.0, "oneh-in": 0.008927209264695684}, "gutenberg": {"alternate": 0.2763662843453614, "dsfb-alt": 0.04339504046937887, "sfT": 3.25831258053431e-05, "roll-in": 0.2117367071265737, "roll-out": 0.25304548036052094, "dsfb-red": 0.010057198540730613, "bad-redirect": 0.0032143632480526848, "dsfb": 0.0, "sfR": 0.09863878308844841, "redirect": 0.03307225156597912, "sfb": 0.01839033296544711, "oneh-out": 0.011855143000140561, "unknown": 0.032975828246008664, "sft": 0.0, "oneh-in": 0.007220003917552568}, "english-200": {"alternate": 0.3051224944320713, "dsfb-alt": 0.042316258351893093, "sfT": 0.0, "roll-in": 0.22048997772828507, "roll-out": 0.2561247216035635, "dsfb-red": 0.0066815144766146995, "bad-redirect": 0.0022271714922048997, "dsfb": 0.0, "sfR": 0.10690423162583519, "redirect": 0.0334075723830735, "sfb": 0.015590200445434299, "oneh-out": 0.004454342984409799, "unknown": 0.0, "sft": 0.0, "oneh-in": 0.0066815144766146995}, "monkeyracer": {"alternate": 0.2910599496379248, "dsfb-alt": 0.04017040211458154, "sfT": 3.03032672787275e-05, "roll-in": 0.2201727872749738, "roll-out": 0.23945055288799913, "dsfb-red": 0.013229819979041869, "bad-redirect": 0.002299138214179583, "dsfb": 0.0, "sfR": 0.09690789370786869, "redirect": 0.03422705162894724, "sfb": 0.019212271454713232, "oneh-out": 0.020929782442091434, "unknown": 0.013436077701487402, "sft": 0.0, "oneh-in": 0.008873969688912523}, "chained-bigrams": {"alternate": 0.2865959487283043, "dsfb-alt": 0.053081957186147215, "sfT": 9.479848504229246e-05, "roll-in": 0.2105376957085505, "roll-out": 0.20441670037640192, "dsfb-red": 0.020077150383511818, "bad-redirect": 0.004715250673815944, "dsfb": 0.0, "sfR": 0.11914286586209158, "redirect": 0.03767071031985399, "sfb": 0.022063373436555466, "oneh-out": 0.010656388606260985, "unknown": 0.022916559801936097, "sft": 0.0, "oneh-in": 0.008030600431527899}, "english-5k": {"alternate": 0.33782718712407184, "dsfb-alt": 0.04372174057327747, "sfT": 8.296345459824948e-05, "roll-in": 0.22113908823163397, "roll-out": 0.194881154851288, "dsfb-red": 0.011988219189447048, "bad-redirect": 0.002779275729041357, "dsfb": 0.0, "sfR": 0.10644211224955408, "redirect": 0.02874683701829344, "sfb": 0.024432737379184468, "oneh-out": 0.008088936823329323, "unknown": 0.002157049819554486, "sft": 0.0, "oneh-in": 0.017712697556726262}, "mt-quotes": {"alternate": 0.29029804807496923, "dsfb-alt": 0.03981992804293518, "sfT": 2.540012670180849e-05, "roll-in": 0.2227008402959563, "roll-out": 0.24338550818182905, "dsfb-red": 0.013272313264244988, "bad-redirect": 0.002208316897957232, "dsfb": 0.0, "sfR": 0.0964592223377679, "redirect": 0.0342752297964404, "sfb": 0.018651163624627962, "oneh-out": 0.022262463991585088, "unknown": 0.007977133909467972, "sft": 0.0, "oneh-in": 0.008664431455516907}, "wordle": {"alternate": 0.304633681139908, "dsfb-alt": 0.060563222259620776, "sfT": 0.00011219566924716706, "roll-in": 0.19412094693144843, "roll-out": 0.20071805228318187, "dsfb-red": 0.018041063614944463, "bad-redirect": 0.001413665432514305, "dsfb": 0.0, "sfR": 0.13138112868843263, "redirect": 0.03296308762481768, "sfb": 0.04202849769998878, "oneh-out": 0.006529787950185123, "unknown": 0.0, "sft": 0.0, "oneh-in": 0.00749467070571076}, "english-1k": {"alternate": 0.2978122794636556, "dsfb-alt": 0.04163726182074806, "sfT": 0.0, "roll-in": 0.2300635144671842, "roll-out": 0.23747353563867327, "dsfb-red": 0.008821453775582216, "bad-redirect": 0.0017642907551164433, "dsfb": 0.0, "sfR": 0.10832745236414962, "redirect": 0.03705010585744531, "sfb": 0.016937191249117856, "oneh-out": 0.011644318983768526, "unknown": 0.0, "sft": 0.0, "oneh-in": 0.008468595624558928}, "english-10k": {"alternate": 0.32448235271415066, "dsfb-alt": 0.04664132301576581, "sfT": 0.00011578317670442484, "roll-in": 0.24497790471044556, "roll-out": 0.18372860423380483, "dsfb-red": 0.01281333822195635, "bad-redirect": 0.0017367476505663728, "dsfb": 0.0, "sfR": 0.10567144593890508, "redirect": 0.03014222033538527, "sfb": 0.025047760560390576, "oneh-out": 0.006580343876034812, "unknown": 0.0, "sft": 0.0, "oneh-in": 0.018062175565890275}, "reddit": {"alternate": 0.28672844517836005, "dsfb-alt": 0.042800638349236815, "sfT": 0.00014469798743191412, "roll-in": 0.20902281662142747, "roll-out": 0.22648482590824395, "dsfb-red": 0.013686863891184717, "bad-redirect": 0.0020558501268963516, "dsfb": 0.0, "sfR": 0.10397777127267367, "redirect": 0.03150546775225742, "sfb": 0.020592025653833196, "oneh-out": 0.014207709222595736, "unknown": 0.039285409944231534, "sft": 0.0, "oneh-in": 0.0095074780916272}, "akl": {"alternate": 0.24412709560925402, "dsfb-alt": 0.034619328613901296, "sfT": 0.00020559195795220725, "roll-in": 0.1869060431410053, "roll-out": 0.18764751828319326, "dsfb-red": 0.01378375358040952, "bad-redirect": 0.001499677331068997, "dsfb": 0.0, "sfR": 0.13064861186637447, "redirect": 0.023951598993244276, "sfb": 0.024490175306120396, "oneh-out": 0.012544370838575772, "unknown": 0.13277008071454782, "sft": 0.0, "oneh-in": 0.006806153764352677}, "french": {"alternate": 0.21994537232212935, "dsfb-alt": 0.030820218344413078, "sfT": 4.404660472365677e-05, "roll-in": 0.17141371458156707, "roll-out": 0.18349589302116456, "dsfb-red": 0.014872905394799681, "bad-redirect": 0.0018094165438418104, "dsfb": 0.0, "sfR": 0.10898279115633469, "redirect": 0.03036304754742587, "sfb": 0.050175839589337023, "oneh-out": 0.016752586760462564, "unknown": 0.15807953387545715, "sft": 0.0, "oneh-in": 0.013244634258343494}, "keymash": {"alternate": 0.2880593400188003, "dsfb-alt": 0.040527393858291634, "sfT": 1.6419485002852885e-05, "roll-in": 0.21759101525780644, "roll-out": 0.24302890239847627, "dsfb-red": 0.01358301896861005, "bad-redirect": 0.0026476419567100277, "dsfb": 0.0, "sfR": 0.099723742164827, "redirect": 0.0344316600509825, "sfb": 0.02008103015848908, "oneh-out": 0.019592550479654205, "unknown": 0.01232282349464109, "sft": 0.0, "oneh-in": 0.008394461707708538}, "movie": {"alternate": 0.271505291088497, "dsfb-alt": 0.04131566781494554, "sfT": 2.3819208783787253e-05, "roll-in": 0.19916148489210753, "roll-out": 0.23313109816159136, "dsfb-red": 0.016576326943775744, "bad-redirect": 0.0017313011644171552, "dsfb": 0.0, "sfR": 0.11567713207251198, "redirect": 0.03580474512854411, "sfb": 0.01702757593228186, "oneh-out": 0.03155492452929756, "unknown": 0.030236445784519856, "sft": 0.0, "oneh-in": 0.006254187278726459}, "dutch": {"alternate": 0.2271336560326418, "dsfb-alt": 0.03168681544037905, "sfT": 0.00022099703894450163, "roll-in": 0.25181209503077084, "roll-out": 0.1393505301364831, "dsfb-red": 0.008074164920775116, "bad-redirect": 0.0007416535111417831,