{"english-450k": {"redirect": 0.0544874849514793, "sfb": 0.022194046545023362, "sfT": 0.00014120321510658064, "dsfb": 0.0, "roll-out": 0.19262895829447566, "dsfb-red": 0.015380625983379534, "bad-redirect": 0.02082995917092956, "alternate": 0.25698517395476, "dsfb-alt": 0.03446381660304239, "oneh-out": 0.011680400116704603, "sfR": 0.11369548401129392, "roll-in": 0.2665291080341998, "unknown": 0.00015377410175167997, "oneh-in": 0.010829965017853582, "sft": 0.0}, "shai": {"redirect": 0.040278636148441634, "sfb": 0.014279002443930936, "sfT": 3.182637160321312e-05, "dsfb": 0.0, "roll-out": 0.16345869252017178, "dsfb-red": 0.011897106420450868, "bad-redirect": 0.021583721741758273, "alternate": 0.2398364574241098, "dsfb-alt": 0.029057736591123512, "oneh-out": 0.008501201994158469, "sfR": 0.09823378925716947, "roll-in": 0.3333490136495385, "unknown": 0.023260762136131256, "oneh-in": 0.016232053301412266, "sft": 0.0}, "tr-quotes": {"redirect": 0.03871616467488038, "sfb": 0.01640392039018978, "sfT": 2.3115508194447656e-05, "dsfb": 0.0, "roll-out": 0.1523959224243545, "dsfb-red": 0.010720972700584822, "bad-redirect": 0.021636115670003005, "alternate": 0.23546843577356047, "dsfb-alt": 0.028465592566052564, "oneh-out": 0.008805852846674834, "sfR": 0.09677191928064538, "roll-in": 0.35646540764198703, "unknown": 0.013835787429786644, "oneh-in": 0.02029079309308615, "sft": 0.0}, "gutenberg": {"redirect": 0.036337573307297144, "sfb": 0.01244732236797488, "sfT": 0.00015704308891063623, "dsfb": 0.0, "roll-out": 0.14629690880854496, "dsfb-red": 0.009007529354175925, "bad-redirect": 0.020233931688340128, "alternate": 0.21929618175019125, "dsfb-alt": 0.0330377740723944, "oneh-out": 0.010029919644707534, "sfR": 0.09863878308844841, "roll-in": 0.3630983976300701, "unknown": 0.032975828246008664, "oneh-in": 0.018442806952935948, "sft": 0.0}, "english-200": {"redirect": 0.028953229398663696, "sfb": 0.0, "sfT": 0.0, "dsfb": 0.0, "roll-out": 0.15812917594654788, "dsfb-red": 0.008908685968819599, "bad-redirect": 0.0200445434298441, "alternate": 0.24498886414253898, "dsfb-alt": 0.026726057906458798, "oneh-out": 0.004454342984409799, "sfR": 0.10690423162583519, "roll-in": 0.3830734966592428, "unknown": 0.0, "oneh-in": 0.017817371937639197, "sft": 0.0}, "monkeyracer": {"redirect": 0.038337543206593994, "sfb": 0.01635789918200729, "sfT": 2.1505544520387257e-05, "dsfb": 0.0, "roll-out": 0.15222797441231212, "dsfb-red": 0.010685323052379686, "bad-redirect": 0.021804667094170824, "alternate": 0.23515139903342352, "dsfb-alt": 0.028435217479706586, "oneh-out": 0.008722453352518885, "sfR": 0.09690789370786869, "roll-in": 0.3574788463643899, "unknown": 0.013436077701487402, "oneh-in": 0.020433199868620674, "sft": 0.0}, "chained-bigrams": {"redirect": 0.04784076971175417, "sfb": 0.013837981597406417, "sfT": 4.0906195600441264e-05, "dsfb": 0.0, "roll-out": 0.13387364141109492, "dsfb-red": 0.016270926278594566, "bad-redirect": 0.029457005965162205, "alternate": 0.24395091516249823, "dsfb-alt": 0.0410133308746329, "oneh-out": 0.005417149045944151, "sfR": 0.11914286586209158, "roll-in": 0.30958977578859675, "unknown": 0.022916559801936097, "oneh-in": 0.016648172304687524, "sft": 0.0}, "english-5k": {"redirect": 0.05371883685236653, "sfb": 0.014560086281992781, "sfT": 0.0, "dsfb": 0.0, "roll-out": 0.17567511511179326, "dsfb-red": 0.012237109553241797, "bad-redirect": 0.01953789355788775, "alternate": 0.25818227070975236, "dsfb-alt": 0.029286099473182062, "oneh-out": 0.00866968100551707, "sfR": 0.10644211224955408, "roll-in": 0.3053884763761563, "unknown": 0.002157049819554486, "oneh-in": 0.014145269009001534, "sft": 0.0}, "mt-quotes": {"redirect": 0.03749656351226976, "sfb": 0.015907949940832646, "sfT": 8.96475060063829e-06, "dsfb": 0.0, "roll-out": 0.15045092695521212, "dsfb-red": 0.010236251060828821, "bad-redirect": 0.021974097847264555, "alternate": 0.23614198969651332, "dsfb-alt": 0.028250917392811464, "oneh-out": 0.008453759816401908, "sfR": 0.0964592223377679, "roll-in": 0.3654047286071168, "unknown": 0.007977133909467972, "oneh-in": 0.02123749417291211, "sft": 0.0}, "wordle": {"redirect": 0.04994951194883877, "sfb": 0.02663525187927746, "sfT": 0.00026926960619320093, "dsfb": 0.0, "roll-out": 0.19795803881970156, "dsfb-red": 0.016762032985526757, "bad-redirect": 0.017794233142600695, "alternate": 0.23785481880399417, "dsfb-alt": 0.041781667227645015, "oneh-out": 0.01427128912823965, "sfR": 0.13138112868843263, "roll-in": 0.25275440368001795, "unknown": 0.0, "oneh-in": 0.012588354089532143, "sft": 0.0}, "english-1k": {"redirect": 0.04693013408609739, "sfb": 0.014467184191954835, "sfT": 0.0, "dsfb": 0.0, "roll-out": 0.1739590684544813, "dsfb-red": 0.008468595624558928, "bad-redirect": 0.02364149611856034, "alternate": 0.22230063514467185, "dsfb-alt": 0.029640084685956247, "oneh-out": 0.010232886379675371, "sfR": 0.10832745236414962, "roll-in": 0.34086097388849684, "unknown": 0.0, "oneh-in": 0.02117148906139732, "sft": 0.0}, "english-10k": {"redirect": 0.05374269118697053, "sfb": 0.014665869049227146, "sfT": 7.718878446961657e-05, "dsfb": 0.0, "roll-out": 0.19258601725169333, "dsfb-red": 0.011192373748094403, "bad-redirect": 0.01929719611740414, "alternate": 0.24918469346403968, "dsfb-alt": 0.030528164257733352, "oneh-out": 0.011597614866559889, "sfR": 0.10567144593890508, "roll-in": 0.29947318654599486, "unknown": 0.0, "oneh-in": 0.011983558788907972, "sft": 0.0}, "reddit": {"redirect": 0.036845171842438386, "sfb": 0.018287795419595135, "sfT": 7.963446059545676e-05, "dsfb": 0.0, "roll-out": 0.15360479844446853, "dsfb-red": 0.011278576962904237, "bad-redirect": 0.020435079092264538, "alternate": 0.23462398469340265, "dsfb-alt": 0.02785962534720681, "oneh-out": 0.0075771477565725115, "sfR": 0.10397777127267367, "roll-in": 0.3295413321017336, "unknown": 0.039285409944231534, "oneh-in": 0.016603672661912948, "sft": 0.0}, "akl": {"redirect": 0.031529420589680036, "sfb": 0.023155989494624035, "sfT": 0.00012847953146875106, "dsfb": 0.0, "roll-out": 0.13462184137704558, "dsfb-red": 0.008886731530875868, "bad-redirect": 0.014632607961782677, "alternate": 0.20151490709706849, "dsfb-alt": 0.024095397238080452, "oneh-out": 0.006754440752936504, "sfR": 0.13064861186637447, "roll-in": 0.27894312144431355, "unknown": 0.13277008071454782, "oneh-in": 0.012318370401201798, "sft": 0.0}, "french": {"redirect": 0.05107678741983424, "sfb": 0.01592651815799556, "sfT": 0.00018875618126304477, "dsfb": 0.0, "roll-out": 0.13816883551998507, "dsfb-red": 0.01948603814768566, "bad-redirect": 0.022651820443925955, "alternate": 0.1855181715241607, "dsfb-alt": 0.021654689211277077, "oneh-out": 0.014495138341021788, "sfR": 0.10898279115633469, "roll-in": 0.23967682796368517, "unknown": 0.15807953387545715, "oneh-in": 0.02409409205737391, "sft": 0.0}, "keymash": {"redirect": 0.03764987911154167, "sfb": 0.015988473521527997, "sfT": 4.104871250713222e-05, "dsfb": 0.0, "roll-out": 0.15331283634288811, "dsfb-red": 0.010434582719313008, "bad-redirect": 0.021887173508802895, "alternate": 0.2313669631752, "dsfb-alt": 0.02972747759766515, "oneh-out": 0.009252379799107601, "sfR": 0.099723742164827, "roll-in": 0.3575630200358766, "unknown": 0.01232282349464109, "oneh-in": 0.020729599816101767, "sft": 0.0}, "movie": {"redirect": 0.03634587544080341, "sfb": 0.02562696829242198, "sfT": 2.2898023913696032e-05, "dsfb": 0.0, "roll-out": 0.1405628097401877, "dsfb-red": 0.013161889423863347, "bad-redirect": 0.0197091450891174, "alternate": 0.22563607486285203, "dsfb-alt": 0.03124303765185239, "oneh-out": 0.00814024750131894, "sfR": 0.11567713207251198, "roll-in": 0.3325086535448707, "unknown": 0.030236445784519856, "oneh-in": 0.021128822571766553, "sft": 0.0}, "dutch": {"redirect": 0.04450953880598626, "sfb": 0.028045806293845052, "sfT": 9.462080117729291e-05, "dsfb": 0.0, "roll-out": 0.13874916715943478, "dsfb-red": 0.011149834055878594, "bad-redirect": 0.015036548875812718, "alternate": 0.18595045886516218,