{"english-450k": {"sfb": 0.02455795792670413, "bad-redirect": 0.002110154879170392, "oneh-out": 0.005402557795382216, "redirect": 0.03299506928897311, "oneh-in": 0.003057648916769621, "dsfb-red": 0.012227672205067997, "alternate": 0.36321238191406074, "sfT": 0.00013740271449294597, "dsfb-alt": 0.05074516123185334, "unknown": 0.00015377410175167997, "sft": 0.0, "roll-out": 0.1807512244920631, "roll-in": 0.21095351052241681, "dsfb": 0.0, "sfR": 0.11369548401129392}, "shai": {"sfb": 0.015922188372486906, "bad-redirect": 0.0011008139314900485, "oneh-out": 0.012017390985291518, "redirect": 0.033272189905168795, "oneh-in": 0.002376620656278902, "dsfb-red": 0.008835554999592833, "alternate": 0.33330173273557706, "sfT": 4.471870333254584e-05, "dsfb-alt": 0.04441551098840023, "unknown": 0.02357661071706909, "sft": 0.0, "roll-out": 0.20809987930517182, "roll-in": 0.21880299944297077, "dsfb": 0.0, "sfR": 0.09823378925716947}, "tr-quotes": {"sfb": 0.014079656041238066, "bad-redirect": 0.0010147708097362521, "oneh-out": 0.021067474168419593, "redirect": 0.03127181526085851, "oneh-in": 0.0024479323177920066, "dsfb-red": 0.010088763551466678, "alternate": 0.3353251196227549, "sfT": 2.542705901389242e-05, "dsfb-alt": 0.04337162802524214, "unknown": 0.01476503085920344, "sft": 0.0, "roll-out": 0.21518920043457154, "roll-in": 0.21458126256905757, "dsfb": 0.0, "sfR": 0.09677191928064538}, "gutenberg": {"sfb": 0.01353715215145243, "bad-redirect": 0.0012307707462634542, "oneh-out": 0.0122925525203995, "redirect": 0.028243886969894327, "oneh-in": 0.002292374449828238, "dsfb-red": 0.007269257479816459, "alternate": 0.31595421388851946, "sfT": 0.0001629156290267155, "dsfb-alt": 0.03893172054438068, "unknown": 0.03800726906804304, "sft": 0.0, "roll-out": 0.2270420621632998, "roll-in": 0.21639704130062745, "dsfb": 0.0, "sfR": 0.09863878308844841}, "english-200": {"sfb": 0.008908685968819599, "bad-redirect": 0.0, "oneh-out": 0.0200445434298441, "redirect": 0.028953229398663696, "oneh-in": 0.004454342984409799, "dsfb-red": 0.0022271714922048997, "alternate": 0.33407572383073497, "sfT": 0.0, "dsfb-alt": 0.042316258351893093, "unknown": 0.0, "sft": 0.0, "roll-out": 0.20044543429844097, "roll-in": 0.2516703786191537, "dsfb": 0.0, "sfR": 0.10690423162583519}, "monkeyracer": {"sfb": 0.014043120571812878, "bad-redirect": 0.0010342211864804416, "oneh-out": 0.021575926302453977, "redirect": 0.03129154480191439, "oneh-in": 0.0024848679168556547, "dsfb-red": 0.010089032954314403, "alternate": 0.3351600012512317, "sfT": 2.541564352409403e-05, "dsfb-alt": 0.04339036864413407, "unknown": 0.014345175719849227, "sft": 0.0, "roll-out": 0.21580618421258427, "roll-in": 0.21384624708697625, "dsfb": 0.0, "sfR": 0.09690789370786869}, "chained-bigrams": {"sfb": 0.016931918455122333, "bad-redirect": 0.0020037542797295515, "oneh-out": 0.006861851985801005, "redirect": 0.03696751333834164, "oneh-in": 0.004630191759154709, "dsfb-red": 0.018190270948354955, "alternate": 0.33389325041279544, "sfT": 6.298255513083814e-05, "dsfb-alt": 0.059844465554061435, "unknown": 0.02361326373652774, "sft": 0.0, "roll-out": 0.195768611182715, "roll-in": 0.18208905993017377, "dsfb": 0.0, "sfR": 0.11914286586209158}, "english-5k": {"sfb": 0.018708259011905256, "bad-redirect": 0.0013274152735719916, "oneh-out": 0.005765960094578338, "redirect": 0.03405649811258141, "oneh-in": 0.0021155680922553613, "dsfb-red": 0.009665242460696064, "alternate": 0.3570332268635666, "sfT": 0.0, "dsfb-alt": 0.046376571120421456, "unknown": 0.002157049819554486, "sft": 0.0, "roll-out": 0.17314472974654666, "roll-in": 0.24320736715476832, "dsfb": 0.0, "sfR": 0.10644211224955408}, "mt-quotes": {"sfb": 0.01309003000203201, "bad-redirect": 0.000993593191570744, "oneh-out": 0.0231783626779503, "redirect": 0.031062860831211677, "oneh-in": 0.0025026595426781892, "dsfb-red": 0.010085344425718077, "alternate": 0.3374212596072244, "sfT": 1.3447125900957435e-05, "dsfb-alt": 0.0435477701677006, "unknown": 0.008864644218931163, "sft": 0.0, "roll-out": 0.21900586892339322, "roll-in": 0.21377493694792077, "dsfb": 0.0, "sfR": 0.0964592223377679}, "wordle": {"sfb": 0.0290138000673174, "bad-redirect": 0.00282733086502861, "oneh-out": 0.008661505665881296, "redirect": 0.03471334006507349, "oneh-in": 0.0030741613373723776, "dsfb-red": 0.014316167395938518, "alternate": 0.32972063278357455, "sfT": 0.0002019522046449007, "dsfb-alt": 0.05071244249971951, "unknown": 0.0, "sft": 0.0, "roll-out": 0.19903511724447437, "roll-in": 0.19634242118254236, "dsfb": 0.0, "sfR": 0.13138112868843263}, "english-1k": {"sfb": 0.016584333098094567, "bad-redirect": 0.0007057163020465773, "oneh-out": 0.008468595624558928, "redirect": 0.03387438249823571, "oneh-in": 0.003175723359209598, "dsfb-red": 0.008821453775582216, "alternate": 0.3285109386026817, "sfT": 0.0, "dsfb-alt": 0.034227240649259, "unknown": 0.0, "sft": 0.0, "roll-out": 0.19407198306280876, "roll-in": 0.26323218066337334, "dsfb": 0.0, "sfR": 0.10832745236414962}, "english-10k": {"sfb": 0.018949846587290868, "bad-redirect": 0.001235020551513865, "oneh-out": 0.005345323324520947, "redirect": 0.03618224272013276, "oneh-in": 0.002180583161266668, "dsfb-red": 0.00912757376353216, "alternate": 0.3572875861137377, "sfT": 7.718878446961657e-05, "dsfb-alt": 0.048165801509040734, "unknown": 0.0, "sft": 0.0, "roll-out": 0.183593523860983, "roll-in": 0.23218386368460664, "dsfb": 0.0, "sfR": 0.10567144593890508}, "reddit": {"sfb": 0.014644500118646356, "bad-redirect": 0.0008703979119739551, "oneh-out": 0.016810137923814243, "redirect": 0.03052479521563952, "oneh-in": 0.002938271868527476, "dsfb-red": 0.010019033984549192, "alternate": 0.3266417911985192, "sfT": 0.00010229619561909332, "dsfb-alt": 0.04360155275960937, "unknown": 0.040159553597531705, "sft": 0.0, "roll-out": 0.20280645923125776, "roll-in": 0.2069034387216384, "dsfb": 0.0, "sfR": 0.10397777127267367}, "akl": {"sfb": 0.020036901792198046, "bad-redirect": 0.0014075673900467846, "oneh-out": 0.014977328427754217, "redirect": 0.02554578290274942, "oneh-in": 0.0024108195776022918, "dsfb-red": 0.010958612221422711, "alternate": 0.28035861997466827, "sfT": 0.00020161403399711708, "dsfb-alt": 0.03746534789675177, "unknown": 0.13242029519012413, "sft": 0.0, "roll-out": 0.16903940771133655, "roll-in": 0.1745290910149742, "dsfb": 0.0, "sfR": 0.13064861186637447}, "french": {"sfb": 0.017320488324630907, "bad-redirect": 0.003767812488150302, "oneh-out": 0.012353334731738124, "redirect": 0.02451632520734902, "oneh-in": 0.0007979027463852083, "dsfb-red": 0.008868948661330046, "alternate": 0.25378185421613575, "sfT": 0.0001894153821500655, "dsfb-alt": 0.03560060834054222, "unknown": 0.1582127523819887, "sft": 0.0, "roll-out": 0.20945946381229086, "roll-in": 0.1661483025509741, "dsfb": 0.0, "sfR": 0.10898279115633469}, "keymash": {"sfb": 0.013923723282419247, "bad-redirect": 0.00109600062394043, "oneh-out": 0.020676236489842497, "redirect": 0.03163213785799608, "oneh-in": 0.002315147385402257, "dsfb-red": 0.010418163234310156, "alternate": 0.33292968766034653, "sfT": 4.5153583757845434e-05, "dsfb-alt": 0.04248131257363113, "unknown": 0.013394194891077241, "sft": 0.0, "roll-out": 0.21567404038372337, "roll-in": 0.21569045986872623, "dsfb": 0.0, "sfR": 0.099723742164827}, "movie": {"sfb": 0.015843195385021717, "bad-redirect": 0.0010722591887861797, "oneh-out": 0.03123329941179714, "redirect": 0.02697281938762525, "oneh-in": 0.001781045147402081, "dsfb-red": 0.012168062546873505, "alternate": 0.3225102445627392, "sfT": 3.158348126027039e-05, "dsfb-alt": 0.044158181128369875, "unknown": 0.030313825313607518, "sft": 0.0, "roll-out": 0.19484876052601763, "roll-in": 0.20338959184798766, "dsfb": 0.0, "sfR": 0.11567713207251198}, "dutch": {"sfb": 0.033567719894026134, "bad-redirect": 0.001626771306956585, "oneh-out": 0.003851211847349124, "redirect": 0.023644692848901607, "oneh-in": 0.0020297121150020894, "dsfb-red": 0.008006063764271164, "alternate": 0.2652802194040672,