{"english-450k": {"sfb": 0.024785403271120113, "oneh-in": 0.002422088275689484, "dsfb-alt": 0.05003271353989736, "sfT": 0.00020434999453312604, "oneh-out": 0.004699465181859801, "alternate": 0.3552395163190573, "unknown": 0.00015377410175167997, "sft": 0.0, "redirect": 0.03674967154904312, "roll-in": 0.22022322386527285, "bad-redirect": 0.0021487445777088362, "roll-out": 0.17660049312957193, "sfR": 0.11369548401129392, "dsfb-red": 0.013045072183200501, "dsfb": 0.0}, "shai": {"sfb": 0.01445660776317309, "oneh-in": 0.0021327152342077256, "dsfb-alt": 0.0464669282856597, "sfT": 3.80383777351792e-05, "oneh-out": 0.013038904110776673, "alternate": 0.33076521388033875, "unknown": 0.02357661071706909, "sft": 0.0, "redirect": 0.03364669840195465, "roll-in": 0.21822434623376713, "bad-redirect": 0.001084004746050093, "roll-out": 0.20976263789105448, "sfR": 0.09823378925716947, "dsfb-red": 0.008573505101043988, "dsfb": 0.0}, "tr-quotes": {"sfb": 0.011495342225098818, "oneh-in": 0.002228334989944754, "dsfb-alt": 0.04730704329534685, "sfT": 2.4271283604170037e-05, "oneh-out": 0.02332123621737824, "alternate": 0.3312718152608585, "unknown": 0.01476503085920344, "sft": 0.0, "redirect": 0.03185317029194887, "roll-in": 0.209113289105661, "bad-redirect": 0.0009500473867917987, "roll-out": 0.22149048796837797, "sfR": 0.09677191928064538, "dsfb-red": 0.009408011835140196, "dsfb": 0.0}, "gutenberg": {"sfb": 0.011012717648650092, "oneh-in": 0.0017452810351431744, "dsfb-alt": 0.04176171656999708, "sfT": 0.00015268604301806128, "oneh-out": 0.014214388632580928, "alternate": 0.3139374699505911, "unknown": 0.03800726906804304, "sft": 0.0, "redirect": 0.028051608640287218, "roll-in": 0.21142508362686563, "bad-redirect": 0.0012423263897176748, "roll-out": 0.23322300535386223, "sfR": 0.09863878308844841, "dsfb-red": 0.006587663952795386, "dsfb": 0.0}, "english-200": {"sfb": 0.008908685968819599, "oneh-in": 0.004454342984409799, "dsfb-alt": 0.0467706013363029, "sfT": 0.0, "oneh-out": 0.0200445434298441, "alternate": 0.33184855233853006, "unknown": 0.0, "sft": 0.0, "redirect": 0.028953229398663696, "roll-in": 0.24944320712694878, "bad-redirect": 0.0, "roll-out": 0.20044543429844097, "sfR": 0.10690423162583519, "dsfb-red": 0.0022271714922048997, "dsfb": 0.0}, "monkeyracer": {"sfb": 0.011431174437336754, "oneh-in": 0.0022561271251388083, "dsfb-alt": 0.04736009665764737, "sfT": 2.1505544520387257e-05, "oneh-out": 0.023909277882915997, "alternate": 0.33106612759435067, "unknown": 0.014345175719849227, "sft": 0.0, "redirect": 0.031814520543660164, "roll-in": 0.2084796362043887, "bad-redirect": 0.0009687270281683532, "roll-out": 0.2220584325195114, "sfR": 0.09690789370786869, "dsfb-red": 0.009381305034643477, "dsfb": 0.0}, "chained-bigrams": {"sfb": 0.015713173548106012, "oneh-in": 0.004325018553881576, "dsfb-alt": 0.06208976117924121, "sfT": 3.2465234603524814e-05, "oneh-out": 0.007042358690196603, "alternate": 0.3320394855169342, "unknown": 0.02361326373652774, "sft": 0.0, "redirect": 0.03718308249610904, "roll-in": 0.178793838617916, "bad-redirect": 0.002827072629274941, "roll-out": 0.1992677141682829, "sfR": 0.11914286586209158, "dsfb-red": 0.017929899766834685, "dsfb": 0.0}, "english-5k": {"sfb": 0.01717343510183764, "oneh-in": 0.0015348239100676153, "dsfb-alt": 0.048533620939975944, "sfT": 0.0, "oneh-out": 0.005351142821587091, "alternate": 0.35193097440577426, "unknown": 0.002157049819554486, "sft": 0.0, "redirect": 0.03592317584104202, "roll-in": 0.24727257643008255, "bad-redirect": 0.0018666777284606132, "roll-out": 0.17210768656406852, "sfR": 0.10644211224955408, "dsfb-red": 0.009706724187995189, "dsfb": 0.0}, "mt-quotes": {"sfb": 0.01051714657964882, "oneh-in": 0.0023158939051648917, "dsfb-alt": 0.04815565197642868, "sfT": 8.96475060063829e-06, "oneh-out": 0.025645163218225936, "alternate": 0.3328985429292024, "unknown": 0.008864644218931163, "sft": 0.0, "redirect": 0.03146029810783997, "roll-in": 0.20774464804389142, "bad-redirect": 0.0008785455588625525, "roll-out": 0.22571449062287088, "sfR": 0.0964592223377679, "dsfb-red": 0.00933678775056478, "dsfb": 0.0}, "wordle": {"sfb": 0.030270391562885673, "oneh-in": 0.00197464377875014, "dsfb-alt": 0.054482216986424324, "sfT": 0.00029170874004263433, "oneh-out": 0.007584427241108493, "alternate": 0.32182205766857397, "unknown": 0.0, "sft": 0.0, "redirect": 0.03776506226859643, "roll-in": 0.19766633007965892, "bad-redirect": 0.002019522046449007, "roll-out": 0.19820486929204534, "sfR": 0.13138112868843263, "dsfb-red": 0.016537641647032423, "dsfb": 0.0}, "english-1k": {"sfb": 0.011644318983768526, "oneh-in": 0.0024700070571630206, "dsfb-alt": 0.03987297106563162, "sfT": 0.0, "oneh-out": 0.008468595624558928, "alternate": 0.32357092448835567, "unknown": 0.0, "sft": 0.0, "redirect": 0.03493295695130558, "roll-in": 0.26852505292872264, "bad-redirect": 0.0, "roll-out": 0.1930134086097389, "sfR": 0.10832745236414962, "dsfb-red": 0.009174311926605505, "dsfb": 0.0}, "english-10k": {"sfb": 0.017676231643542192, "oneh-in": 0.0018525308272707975, "dsfb-alt": 0.0498639547673723, "sfT": 7.718878446961657e-05, "oneh-out": 0.00470851585264661, "alternate": 0.3521545319465082, "unknown": 0.0, "sft": 0.0, "redirect": 0.0377453156056425, "roll-in": 0.2428552131375311, "bad-redirect": 0.0012543177476312692, "roll-out": 0.17649215568977827, "sfR": 0.10567144593890508, "dsfb-red": 0.00964859805870207, "dsfb": 0.0}, "reddit": {"sfb": 0.013239510004594151, "oneh-in": 0.002599282278504483, "dsfb-alt": 0.049081871979176676, "sfT": 6.341540065292017e-05, "oneh-out": 0.017815794555078035, "alternate": 0.3220533329887251, "unknown": 0.040159553597531705, "sft": 0.0, "redirect": 0.03149426798569202, "roll-in": 0.20185256874512233, "bad-redirect": 0.0011000493126845597, "roll-out": 0.20752257230544946, "sfR": 0.10397777127267367, "dsfb-red": 0.00904000957411483, "dsfb": 0.0}, "akl": {"sfb": 0.02255184362845737, "oneh-in": 0.0025783501359462166, "dsfb-alt": 0.04976617845476429, "sfT": 0.00020835215193760066, "oneh-out": 0.017649031884260535, "alternate": 0.3007778604247509, "unknown": 0.06604428663457189, "sft": 0.0, "redirect": 0.028413273525175916, "roll-in": 0.19249384577430487, "bad-redirect": 0.0013722866980130403, "roll-out": 0.18833429920013342, "sfR": 0.11790358951788564, "dsfb-red": 0.011906801969798294, "dsfb": 0.0}, "french": {"sfb": 0.04571492231399946, "oneh-in": 0.00028523922018153106, "dsfb-alt": 0.03784009353581168, "sfT": 5.3065671405167446e-05, "oneh-out": 0.010797141219542316, "alternate": 0.25291614366941745, "unknown": 0.1582127523819887, "sft": 0.0, "redirect": 0.023376342146115083, "roll-in": 0.15928070276447728, "bad-redirect": 0.0018521147831147432, "roll-out": 0.19320873867258784, "sfR": 0.10898279115633469, "dsfb-red": 0.007479952465024037, "dsfb": 0.0}, "keymash": {"sfb": 0.011891812013316202, "oneh-in": 0.0021550574066244413, "dsfb-alt": 0.04603202620549807, "sfT": 2.873409875499255e-05, "oneh-out": 0.022704042887694828, "alternate": 0.3294077081272346, "unknown": 0.013394194891077241, "sft": 0.0, "redirect": 0.03187432526178816, "roll-in": 0.21055937080533468, "bad-redirect": 0.0009769593576697466, "roll-out": 0.2215275867872404, "sfR": 0.099723742164827, "dsfb-red": 0.00972443999293962, "dsfb": 0.0}, "movie": {"sfb": 0.011059613952476599, "oneh-in": 0.0013980954371213025, "dsfb-alt": 0.050941654913883035, "sfT": 1.7502512531733173e-05, "oneh-out": 0.03473774985330131, "alternate": 0.3178494439135934, "unknown": 0.030313825313607518, "sft": 0.0, "redirect": 0.028071003350612567, "roll-in": 0.19466268118225918, "bad-redirect": 0.0007661626162387259, "roll-out": 0.20427445571462957, "sfR": 0.11567713207251198, "dsfb-red": 0.010230679167233086, "dsfb": 0.0}, "dutch": {"sfb": 0.028484321797652493, "oneh-in": 0.0010808682764766376, "dsfb-alt": 0.039684702762479124, "sfT": 4.8090390137862346e-05, "oneh-out": 0.0035770858650867677, "alternate": 0.2640753596854566, "unknown": 0.07324141314884507, "sft": 0.0, "redirect": 0.026870460662545,