{"english-450k": {"sfT": 0.00014091086890553184, "oneh-in": 0.002325906375544422, "alternate": 0.36312613978475133, "unknown": 0.00015377410175167997, "dsfb-red": 0.013592051925362846, "sfb": 0.02500963280732456, "redirect": 0.03335465511626316, "bad-redirect": 0.002332045645766447, "roll-in": 0.216463651719785, "dsfb": 0.0, "oneh-out": 0.005450210226153174, "roll-out": 0.17327008520722376, "sfR": 0.11369548401129392, "sft": 0.0, "dsfb-alt": 0.05108545220987417}, "shai": {"sfT": 4.538441364699952e-05, "oneh-in": 0.0021517073302136807, "alternate": 0.3333068029711116, "unknown": 0.02357661071706909, "dsfb-red": 0.009282455622666724, "sfb": 0.014804983259707838, "redirect": 0.03267551994297804, "bad-redirect": 0.0012274072626827879, "roll-in": 0.21806197097317248, "dsfb": 0.0, "oneh-out": 0.01369075062089098, "roll-out": 0.207597194479992, "sfR": 0.09823378925716947, "sft": 0.0, "dsfb-alt": 0.04534542314869832}, "tr-quotes": {"sfT": 2.3115508194447656e-05, "oneh-in": 0.002237581193222533, "alternate": 0.33585908786204666, "unknown": 0.01476503085920344, "dsfb-red": 0.008893691777813736, "sfb": 0.012541318970897575, "redirect": 0.03141744296248353, "bad-redirect": 0.0010078361572779177, "roll-in": 0.208892536002404, "dsfb": 0.0, "oneh-out": 0.02381012921569081, "roll-out": 0.21943436351448187, "sfR": 0.09677191928064538, "sft": 0.0, "dsfb-alt": 0.04434594669563811}, "gutenberg": {"sfT": 0.0001587480199120786, "oneh-in": 0.0017350514491345202, "alternate": 0.3154927458974624, "unknown": 0.03800726906804304, "dsfb-red": 0.007187799665303101, "sfb": 0.011331729182697753, "redirect": 0.02752308002984008, "bad-redirect": 0.001297452492097645, "roll-in": 0.21125951588294778, "dsfb": 0.0, "oneh-out": 0.014895413849268187, "roll-out": 0.23149666799651286, "sfR": 0.09863878308844841, "sft": 0.0, "dsfb-alt": 0.040975743378332145}, "english-200": {"sfT": 0.0, "oneh-in": 0.004454342984409799, "alternate": 0.33184855233853006, "unknown": 0.0, "dsfb-red": 0.0022271714922048997, "sfb": 0.008908685968819599, "redirect": 0.028953229398663696, "bad-redirect": 0.0, "roll-in": 0.24944320712694878, "dsfb": 0.0, "oneh-out": 0.0200445434298441, "roll-out": 0.20044543429844097, "sfR": 0.10690423162583519, "sft": 0.0, "dsfb-alt": 0.0467706013363029}, "monkeyracer": {"sfT": 2.248306927131395e-05, "oneh-in": 0.002264924847897149, "alternate": 0.3357386959037803, "unknown": 0.014345175719849227, "dsfb-red": 0.008814340679105996, "sfb": 0.012456597901058854, "redirect": 0.03139613995026354, "bad-redirect": 0.0010224908894693214, "roll-in": 0.2082596931354302, "dsfb": 0.0, "oneh-out": 0.024385332436617294, "roll-out": 0.22001345074057274, "sfR": 0.09690789370786869, "sft": 0.0, "dsfb-alt": 0.044372781018815394}, "chained-bigrams": {"sfT": 5.778811759427417e-05, "oneh-in": 0.004250348514293469, "alternate": 0.3324920508873073, "unknown": 0.02361326373652774, "dsfb-red": 0.01822598270641883, "sfb": 0.016492988483282678, "redirect": 0.03677337123541256, "bad-redirect": 0.0027582463319154684, "roll-in": 0.1787172206642517, "dsfb": 0.0, "oneh-out": 0.007118976643860921, "roll-out": 0.1993183599342644, "sfR": 0.11914286586209158, "sft": 0.0, "dsfb-alt": 0.061038536882779076}, "english-5k": {"sfT": 0.0, "oneh-in": 0.0015348239100676153, "alternate": 0.35450284149832, "unknown": 0.002157049819554486, "dsfb-red": 0.0115734019164558, "sfb": 0.017214916829136766, "redirect": 0.034097979839880534, "bad-redirect": 0.002032604637657112, "roll-in": 0.24602812461110882, "dsfb": 0.0, "oneh-out": 0.006139295640270461, "roll-out": 0.16999211847181317, "sfR": 0.10644211224955408, "sft": 0.0, "dsfb-alt": 0.04828473057618119}, "mt-quotes": {"sfT": 1.0458875700744673e-05, "oneh-in": 0.0023233645306654236, "alternate": 0.3377918026320508, "unknown": 0.008864644218931163, "dsfb-red": 0.008594207575811908, "sfb": 0.011561540024623182, "redirect": 0.031210779216122208, "bad-redirect": 0.0009188869365654248, "roll-in": 0.20755489415617792, "dsfb": 0.0, "oneh-out": 0.026096388998458064, "roll-out": 0.22376615149233214, "sfR": 0.0964592223377679, "sft": 0.0, "dsfb-alt": 0.04484765900479315}, "wordle": {"sfT": 0.0002019522046449007, "oneh-in": 0.001750252440255806, "alternate": 0.3289577022326938, "unknown": 0.0, "dsfb-red": 0.01586446763154942, "sfb": 0.030405026365982274, "redirect": 0.034623583529675754, "bad-redirect": 0.0021092785818467405, "roll-in": 0.1943004600022439, "dsfb": 0.0, "oneh-out": 0.008078088185796028, "roll-out": 0.1952429036239201, "sfR": 0.13138112868843263, "sft": 0.0, "dsfb-alt": 0.0570851565129586}, "english-1k": {"sfT": 0.0, "oneh-in": 0.0024700070571630206, "alternate": 0.3228652081863091, "unknown": 0.0, "dsfb-red": 0.011997177134791814, "sfb": 0.011644318983768526, "redirect": 0.03458009880028229, "bad-redirect": 0.00035285815102328866, "roll-in": 0.2681721947776994, "dsfb": 0.0, "oneh-out": 0.010232886379675371, "roll-out": 0.1901905434015526, "sfR": 0.10832745236414962, "sft": 0.0, "dsfb-alt": 0.03916725476358504}, "english-10k": {"sfT": 7.718878446961657e-05, "oneh-in": 0.0018525308272707975, "alternate": 0.3547982478145925, "unknown": 0.0, "dsfb-red": 0.011211670944211806, "sfb": 0.01775342042801181, "redirect": 0.036240134308484974, "bad-redirect": 0.001505181297157523, "roll-in": 0.24173597576272168, "dsfb": 0.0, "oneh-out": 0.005499700893460181, "roll-out": 0.1737712510372243, "sfR": 0.10567144593890508, "sft": 0.0, "dsfb-alt": 0.04988325196348971}, "reddit": {"sfT": 6.738588645871434e-05, "oneh-in": 0.0026071483352895467, "alternate": 0.32660017601238495, "unknown": 0.040159553597531705, "dsfb-red": 0.00890827185167164, "sfb": 0.013953935247744268, "redirect": 0.03087850556907456, "bad-redirect": 0.0011576213568685752, "roll-in": 0.20161336570402988, "dsfb": 0.0, "oneh-out": 0.018238314176675756, "roll-out": 0.20554467105555177, "sfR": 0.10397777127267367, "sft": 0.0, "dsfb-alt": 0.04629327993404499}, "akl": {"sfT": 0.0001354717828929158, "oneh-in": 0.0030806426733941844, "alternate": 0.27946420477482814, "unknown": 0.13242029519012413, "dsfb-red": 0.010387199505215442, "sfb": 0.020580518455924096, "redirect": 0.025595544013591355, "bad-redirect": 0.0014824808399339488, "roll-in": 0.17418570475952178, "dsfb": 0.0, "oneh-out": 0.015545603278481385, "roll-out": 0.16564757278816372, "sfR": 0.13064861186637447, "sft": 0.0, "dsfb-alt": 0.04082615007155445}, "french": {"sfT": 4.4915551347456805e-05, "oneh-in": 0.00025325299532268504, "alternate": 0.24906939187504643, "unknown": 0.1582127523819887, "dsfb-red": 0.009680604735312641, "sfb": 0.0368679070640012, "redirect": 0.0249934368311686, "bad-redirect": 0.004352119165302458, "roll-in": 0.1564106919207725, "dsfb": 0.0, "oneh-out": 0.013920539895114846, "roll-out": 0.1997426479737071, "sfR": 0.10898279115633469, "sft": 0.0, "dsfb-alt": 0.037468948454580674}, "keymash": {"sfT": 2.873409875499255e-05, "oneh-in": 0.0021550574066244413, "alternate": 0.33323755300415003, "unknown": 0.013394194891077241, "dsfb-red": 0.009182596987845477, "sfb": 0.012532171928427465, "redirect": 0.03194410807305029, "bad-redirect": 0.0010303226839290186, "roll-in": 0.20995595473147985, "dsfb": 0.0, "oneh-out": 0.023208942051532552, "roll-out": 0.22008267210698937, "sfR": 0.099723742164827, "sft": 0.0, "dsfb-alt": 0.043523949871312285}, "movie": {"sfT": 2.460879581529401e-05, "oneh-in": 0.0014094128512395661, "alternate": 0.3263422420244801, "unknown": 0.030313825313607518, "dsfb-red": 0.008617947655380528, "sfb": 0.012877769690359498, "redirect": 0.028315248939025327, "bad-redirect": 0.0007831387374161212, "roll-in": 0.19452831978906446, "dsfb": 0.0, "oneh-out": 0.035073324341691685, "roll-out": 0.20210059101905287, "sfR": 0.11567713207251198, "sft": 0.0, "dsfb-alt": 0.04393643877035506}, "dutch": {"sfT": 0.00028594237566312113, "oneh-in": 0.0008729427865293402, "alternate": 0.2778971331134468, "unknown": 0.07324141314884507, "dsfb-red": 0.008442355849593486, "sfb": 0.0377121898810862, "redirect": 0.022898126300139477,