{"english-450k": {"oneh-in": 0.0032438734468377205, "dsfb-alt": 0.04267348262089539, "bad-redirect": 0.0019750909342858363, "sfR": 0.11369548401129392, "dsfb-red": 0.0113342622146628, "unknown": 0.00015377410175167997, "dsfb": 0.0, "redirect": 0.03047562972833437, "sfb": 0.02269600497222419, "alternate": 0.372501390106186, "oneh-out": 0.007917612163005225, "sft": 0.0, "roll-out": 0.1934688689300889, "roll-in": 0.19972770874834314, "sfT": 0.00013681802209084833}, "shai": {"oneh-in": 0.003442949245316728, "dsfb-alt": 0.039480422388550034, "bad-redirect": 0.0013766192629317325, "sfR": 0.09823378925716947, "dsfb-red": 0.00825396415010622, "unknown": 0.023260762136131256, "dsfb": 0.0, "redirect": 0.028074838534285475, "sfb": 0.011871453350891572, "alternate": 0.34051166185136206, "oneh-out": 0.01668596710524075, "sft": 0.0, "roll-out": 0.24156175020505427, "roll-in": 0.18721399614135723, "sfT": 3.182637160321312e-05}, "tr-quotes": {"oneh-in": 0.004410438963500613, "dsfb-alt": 0.03856129076997758, "bad-redirect": 0.00123205658676406, "sfR": 0.09677191928064538, "dsfb-red": 0.009226555095813781, "unknown": 0.013835787429786644, "dsfb": 0.0, "redirect": 0.027078662074385706, "sfb": 0.00835741198770255, "alternate": 0.34259841427613785, "oneh-out": 0.025900926931878596, "sft": 0.0, "roll-out": 0.25027045144587506, "roll-in": 0.18173296964933774, "sfT": 2.3115508194447656e-05}, "gutenberg": {"oneh-in": 0.002890047484222758, "dsfb-alt": 0.042078265425931544, "bad-redirect": 0.0016121069802527315, "sfR": 0.09863878308844841, "dsfb-red": 0.006152906547427581, "unknown": 0.032975828246008664, "dsfb": 0.0, "redirect": 0.02475711363516674, "sfb": 0.009403073346510556, "alternate": 0.31730811854044266, "oneh-out": 0.016458646140812903, "sft": 0.0, "roll-out": 0.27442038976238187, "roll-in": 0.17313706925391842, "sfT": 0.00016765154847516654}, "english-200": {"oneh-in": 0.008908685968819599, "dsfb-alt": 0.0400890868596882, "bad-redirect": 0.0, "sfR": 0.10690423162583519, "dsfb-red": 0.0022271714922048997, "unknown": 0.0, "dsfb": 0.0, "redirect": 0.026726057906458798, "sfb": 0.0, "alternate": 0.33853006681514475, "oneh-out": 0.0200445434298441, "sft": 0.0, "roll-out": 0.22048997772828507, "roll-in": 0.23608017817371937, "sfT": 0.0}, "monkeyracer": {"oneh-in": 0.004485861082002596, "dsfb-alt": 0.03855846380030342, "bad-redirect": 0.001240478908925974, "sfR": 0.09690789370786869, "dsfb-red": 0.009174069787447019, "unknown": 0.013436077701487402, "dsfb": 0.0, "redirect": 0.02705299748189624, "sfb": 0.008323623254140796, "alternate": 0.34246895381391057, "oneh-out": 0.026452797284827252, "sft": 0.0, "roll-out": 0.2505620767317828, "roll-in": 0.18131617842563774, "sfT": 2.052801976946056e-05}, "chained-bigrams": {"oneh-in": 0.004603570266779819, "dsfb-alt": 0.04653696589007661, "bad-redirect": 0.003021214732204019, "sfR": 0.11914286586209158, "dsfb-red": 0.014702855447244319, "unknown": 0.022916559801936097, "dsfb": 0.0, "redirect": 0.035406584858604165, "sfb": 0.013454891829084825, "alternate": 0.34957330942160586, "oneh-out": 0.01111999215639932, "sft": 0.0, "roll-out": 0.23189917077297775, "roll-in": 0.1475876058123159, "sfT": 3.4413148679736306e-05}, "english-5k": {"oneh-in": 0.0022400132741527356, "dsfb-alt": 0.04040320238934749, "bad-redirect": 0.0018251960011614883, "sfR": 0.10644211224955408, "dsfb-red": 0.009955614551789936, "unknown": 0.002157049819554486, "dsfb": 0.0, "redirect": 0.03073795992865143, "sfb": 0.014601568009291906, "alternate": 0.3640851205044178, "oneh-out": 0.008005973368731075, "sft": 0.0, "roll-out": 0.20641307504044468, "roll-in": 0.2131331148629029, "sfT": 0.0}, "mt-quotes": {"oneh-in": 0.004699023439834571, "dsfb-alt": 0.038917476482470924, "bad-redirect": 0.001174382328683616, "sfR": 0.0964592223377679, "dsfb-red": 0.009147033862851268, "unknown": 0.007977133909467972, "dsfb": 0.0, "redirect": 0.02670898028950168, "sfb": 0.007340636616822653, "alternate": 0.3445616834606328, "oneh-out": 0.02815828163660487, "sft": 0.0, "roll-out": 0.2545436344294235, "roll-in": 0.18030504058043773, "sfT": 7.470625500531909e-06}, "wordle": {"oneh-in": 0.002131717715696174, "dsfb-alt": 0.05086951643666555, "bad-redirect": 0.002939526534275777, "sfR": 0.13138112868843263, "dsfb-red": 0.01460787613598115, "unknown": 0.0, "dsfb": 0.0, "redirect": 0.030562100302928306, "sfb": 0.02735330416245933, "alternate": 0.3360484685291148, "oneh-out": 0.010277123303040503, "sft": 0.0, "roll-out": 0.2051610007853697, "roll-in": 0.18846628520139122, "sfT": 0.0002019522046449007}, "english-1k": {"oneh-in": 0.003175723359209598, "dsfb-alt": 0.038108680310515175, "bad-redirect": 0.0, "sfR": 0.10832745236414962, "dsfb-red": 0.008821453775582216, "unknown": 0.0, "dsfb": 0.0, "redirect": 0.032462949894142556, "sfb": 0.009880028228652082, "alternate": 0.3260409315455187, "oneh-out": 0.010232886379675371, "sft": 0.0, "roll-out": 0.22582921665490474, "roll-in": 0.23712067748764998, "sfT": 0.0}, "english-10k": {"oneh-in": 0.0024121495146755176, "dsfb-alt": 0.041064433337836014, "bad-redirect": 0.0015823700816271396, "sfR": 0.10567144593890508, "dsfb-red": 0.008953898998475521, "unknown": 0.0, "dsfb": 0.0, "redirect": 0.030856216591729223, "sfb": 0.01505181297157523, "alternate": 0.36558538044422145, "oneh-out": 0.009783678431523899, "sft": 0.0, "roll-out": 0.20258196484050867, "roll-in": 0.21637946006445263, "sfT": 7.718878446961657e-05}, "reddit": {"oneh-in": 0.003910291742681805, "dsfb-alt": 0.04152079345289365, "bad-redirect": 0.001344870965766359, "sfR": 0.10397777127267367, "dsfb-red": 0.008777470564560005, "unknown": 0.039285409944231534, "dsfb": 0.0, "redirect": 0.0266000449114385, "sfb": 0.01179099437633126, "alternate": 0.33269914186939087, "oneh-out": 0.020748897300575327, "sft": 0.0, "roll-out": 0.2339944379487047, "roll-in": 0.17528840803558904, "sfT": 6.146761516328529e-05}, "akl": {"oneh-in": 0.004090047053898868, "dsfb-alt": 0.03419144235890594, "bad-redirect": 0.001184161250904391, "sfR": 0.13064861186637447, "dsfb-red": 0.010218199506129623, "unknown": 0.13277008071454782, "dsfb": 0.0, "redirect": 0.02265499344470252, "sfb": 0.018926245657855105, "alternate": 0.2867814352908022, "oneh-out": 0.017080538357897673, "sft": 0.0, "roll-out": 0.187002896941651, "roll-in": 0.15431345442842137, "sfT": 0.00013789312790905763}, "french": {"oneh-in": 0.00042209831343003603, "dsfb-alt": 0.03279675729495298, "bad-redirect": 0.0018576580633010535, "sfR": 0.10898279115633469, "dsfb-red": 0.007592885562441358, "unknown": 0.15807953387545715, "dsfb": 0.0, "redirect": 0.01882535405866915, "sfb": 0.044838589643897135, "alternate": 0.25938131629622646, "oneh-out": 0.014446327511705572, "sft": 0.0, "roll-out": 0.22636004117188957, "roll-in": 0.1263676564403185, "sfT": 4.899061137631212e-05}, "keymash": {"oneh-in": 0.003891417945676134, "dsfb-alt": 0.039000381753026316, "bad-redirect": 0.0012848247014732384, "sfR": 0.099723742164827, "dsfb-red": 0.009432994134138983, "unknown": 0.01232282349464109, "dsfb": 0.0, "redirect": 0.027301498688493634, "sfb": 0.009207226215349756, "alternate": 0.3388283876476214, "oneh-out": 0.025400943299413413, "sft": 0.0, "roll-out": 0.25095130391235276, "roll-in": 0.1826257219442312, "sfT": 2.873409875499255e-05}, "movie": {"oneh-in": 0.003000957111080025, "dsfb-alt": 0.04401447628863565, "bad-redirect": 0.0010150141290019396, "sfR": 0.11567713207251198, "dsfb-red": 0.009893920298295453, "unknown": 0.030236445784519856, "dsfb": 0.0, "redirect": 0.02411754108385822, "sfb": 0.007946667080761199, "alternate": 0.3265513509899908, "oneh-out": 0.03689911275421248, "sft": 0.0, "roll-out": 0.22313532113623152, "roll-in": 0.17749784870433374, "sfT": 1.4212566567121674e-05}, "dutch": {"oneh-in": 0.003017896116078798, "dsfb-alt": 0.0273494997613232, "bad-redirect": 0.0007566795167105858, "sfR": 0.18880787437283908, "dsfb-red": 0.006840060076767468, "unknown": 0.07290361491625476, "dsfb": 0.0, "redirect": 0.020955844737826506, "sfb": 0.021572233720443642,