{"english-450k": {"alternate": 0.3246332078388541, "redirect": 0.0415663675575235, "dsfb": 0.0, "dsfb-alt": 0.03902529437800715, "sfT": 0.00015231237074643587, "roll-out": 0.1674901084662875, "sft": 0.0, "bad-redirect": 0.026490366315636837, "roll-in": 0.22352673593712452, "unknown": 0.0, "sfR": 0.11369548401129392, "oneh-out": 0.010254920040390551, "dsfb-red": 0.015043258467369194, "oneh-in": 0.009354493741160182, "sfb": 0.02876745087560611}, "shai": {"alternate": 0.3108769131043682, "redirect": 0.03161351073016656, "dsfb": 0.0, "dsfb-alt": 0.038817758085825854, "sfT": 6.806500924408439e-05, "roll-out": 0.17453060069054285, "sft": 0.0, "bad-redirect": 0.024502106740920716, "roll-in": 0.24707760138690682, "unknown": 0.012767534267825478, "sfR": 0.09823378925716947, "oneh-out": 0.020004455614616275, "dsfb-red": 0.01634480992112726, "oneh-in": 0.007522692980905261, "sfb": 0.01764016221038118}, "tr-quotes": {"alternate": 0.3069242504796468, "redirect": 0.031158549270705715, "dsfb": 0.0, "dsfb-alt": 0.03886872702896373, "sfT": 3.8140588520838634e-05, "roll-out": 0.18189015510506, "sft": 0.0, "bad-redirect": 0.022214003374864195, "roll-in": 0.2423060030974781, "unknown": 0.009174545202376275, "sfR": 0.09677191928064538, "oneh-out": 0.03026744642980976, "dsfb-red": 0.015470053859134093, "oneh-in": 0.006951989089480132, "sfb": 0.017964217193314994}, "gutenberg": {"alternate": 0.2897323750863358, "redirect": 0.031446315700936915, "dsfb": 0.0, "dsfb-alt": 0.03804079937773807, "sfT": 0.00016064238769145903, "roll-out": 0.1752494787647055, "sft": 0.0, "bad-redirect": 0.02238763841671772, "roll-in": 0.2653200363870163, "unknown": 0.024878163736269148, "sfR": 0.09863878308844841, "oneh-out": 0.01958378466645677, "dsfb-red": 0.013691921999027811, "oneh-in": 0.006317148233899863, "sfb": 0.014552912154756207}, "english-200": {"alternate": 0.31403118040089084, "redirect": 0.028953229398663696, "dsfb": 0.0, "dsfb-alt": 0.042316258351893093, "sfT": 0.0, "roll-out": 0.1870824053452116, "sft": 0.0, "bad-redirect": 0.024498886414253896, "roll-in": 0.24498886414253898, "unknown": 0.0, "sfR": 0.10690423162583519, "oneh-out": 0.015590200445434299, "dsfb-red": 0.017817371937639197, "oneh-in": 0.0022271714922048997, "sfb": 0.015590200445434299}, "monkeyracer": {"alternate": 0.306912468523703, "redirect": 0.031102882524985533, "dsfb": 0.0, "dsfb-alt": 0.03887224924535089, "sfT": 4.105603953892112e-05, "roll-out": 0.18230054584982092, "sft": 0.0, "bad-redirect": 0.022287564321128613, "roll-in": 0.24169201714187402, "unknown": 0.008839756322630088, "sfR": 0.09690789370786869, "oneh-out": 0.030747063515648217, "dsfb-red": 0.015350071163801868, "oneh-in": 0.006991257018627712, "sfb": 0.017955174625021504}, "chained-bigrams": {"alternate": 0.30608677697487646, "redirect": 0.0363454794433381, "dsfb": 0.0, "dsfb-alt": 0.044983179761951916, "sfT": 0.00012921163372202877, "roll-out": 0.16523570734279197, "sft": 0.0, "bad-redirect": 0.0288960067112133, "roll-in": 0.22371663304350536, "unknown": 0.014013293864265452, "sfR": 0.11914286586209158, "oneh-out": 0.012046549951983917, "dsfb-red": 0.0186668605923347, "oneh-in": 0.010430430573420453, "sfb": 0.02030700424450477}, "english-5k": {"alternate": 0.3261708217530178, "redirect": 0.03463724229476915, "dsfb": 0.0, "dsfb-alt": 0.03666984693242627, "sfT": 4.148172729912474e-05, "roll-out": 0.17820550047703987, "sft": 0.0, "bad-redirect": 0.02679719583523458, "roll-in": 0.24042809142572696, "unknown": 0.0, "sfR": 0.10644211224955408, "oneh-out": 0.013274152735719915, "dsfb-red": 0.015887501555564773, "oneh-in": 0.0042726179118098475, "sfb": 0.01717343510183764}, "mt-quotes": {"alternate": 0.30806468964033423, "redirect": 0.030357633783961464, "dsfb": 0.0, "dsfb-alt": 0.039116195120785076, "sfT": 2.689425180191487e-05, "roll-out": 0.18305721901483368, "sft": 0.0, "bad-redirect": 0.02186950909025711, "roll-in": 0.2444508193782049, "unknown": 0.005080025340361698, "sfR": 0.0964592223377679, "oneh-out": 0.032305972914500186, "dsfb-red": 0.015113075387576051, "oneh-in": 0.006893893211890845, "sfb": 0.017204850527724986}, "wordle": {"alternate": 0.3056210030292831, "redirect": 0.05145293391675081, "dsfb": 0.0, "dsfb-alt": 0.03709188825311343, "sfT": 0.0003590261415909346, "roll-out": 0.17082912599573657, "sft": 0.0, "bad-redirect": 0.016133737237742623, "roll-in": 0.209940536295299, "unknown": 0.0, "sfR": 0.13138112868843263, "oneh-out": 0.01321664983731628, "dsfb-red": 0.020958151015370807, "oneh-in": 0.014899584876023785, "sfb": 0.028116234713340064}, "english-1k": {"alternate": 0.2949894142554693, "redirect": 0.03458009880028229, "dsfb": 0.0, "dsfb-alt": 0.03493295695130558, "sfT": 0.0, "roll-out": 0.2057163020465773, "sft": 0.0, "bad-redirect": 0.024700070571630206, "roll-in": 0.2392378263937897, "unknown": 0.0, "sfR": 0.10832745236414962, "oneh-out": 0.01799576570218772, "dsfb-red": 0.017642907551164433, "oneh-in": 0.0056457304163726185, "sfb": 0.016231474947071278}, "english-10k": {"alternate": 0.3392447077439648, "redirect": 0.03321047451805253, "dsfb": 0.0, "dsfb-alt": 0.03797688195905135, "sfT": 9.64859805870207e-05, "roll-out": 0.1714941818953706, "sft": 0.0, "bad-redirect": 0.022770691418536885, "roll-in": 0.23552227861291755, "unknown": 0.0, "sfR": 0.10567144593890508, "oneh-out": 0.011944964396673164, "dsfb-red": 0.01495532699098821, "oneh-in": 0.008934601802358118, "sfb": 0.018177958742594702}, "reddit": {"alternate": 0.3003971047666993, "redirect": 0.03305923871178712, "dsfb": 0.0, "dsfb-alt": 0.03937422147107623, "sfT": 6.319065617334691e-05, "roll-out": 0.17045711341561604, "sft": 0.0, "bad-redirect": 0.023515614216361884, "roll-in": 0.2314885370014629, "unknown": 0.029873186054530126, "sfR": 0.10397777127267367, "oneh-out": 0.025138831220079722, "dsfb-red": 0.015383459967483219, "oneh-in": 0.007302697289600305, "sfb": 0.01996903395645613}, "akl": {"alternate": 0.2582037083986057, "redirect": 0.030249591503035834, "dsfb": 0.0, "dsfb-alt": 0.035371502147844215, "sfT": 9.361710475674958e-05, "roll-out": 0.14343921866853054, "sft": 0.0, "bad-redirect": 0.0179516048736536, "roll-in": 0.19899762246156258, "unknown": 0.12169924656390758, "sfR": 0.13064861186637447, "oneh-out": 0.022161039061409583, "dsfb-red": 0.012521417476126836, "oneh-in": 0.007185316627798726, "sfb": 0.021477503246393623}, "french": {"alternate": 0.22235159039630004, "redirect": 0.023731606478704224, "dsfb": 0.0, "dsfb-alt": 0.03185258686084088, "sfT": 0.00020920639059902828, "roll-out": 0.1553635513117401, "sft": 0.0, "bad-redirect": 0.02765427124795103, "roll-in": 0.21936556019647963, "unknown": 0.14643870541155837, "sfR": 0.10898279115633469, "oneh-out": 0.01444316634381554, "dsfb-red": 0.013119311180617852, "oneh-in": 0.00992097334966174, "sfb": 0.026566679675396897}, "keymash": {"alternate": 0.30612898326443994, "redirect": 0.0318866398755403, "dsfb": 0.0, "dsfb-alt": 0.03852011181669287, "sfT": 6.157306876069832e-05, "roll-out": 0.1820633545828835, "sft": 0.0, "bad-redirect": 0.02159572765000226, "roll-in": 0.2414280026106981, "unknown": 0.008279525312688567, "sfR": 0.099723742164827, "oneh-out": 0.029505814550126637, "dsfb-red": 0.01579964944399519, "oneh-in": 0.007154790589993145, "sfb": 0.0178520850693518}, "movie": {"alternate": 0.29310720788997474, "redirect": 0.03201314820324865, "dsfb": 0.0, "dsfb-alt": 0.03963792697083226, "sfT": 3.5531416417804186e-05, "roll-out": 0.18117113917274177, "sft": 0.0, "bad-redirect": 0.02074811002474171, "roll-in": 0.21210018438173164, "unknown": 0.024480224726996992, "sfR": 0.11567713207251198, "oneh-out": 0.044266749345202056, "dsfb-red": 0.013981217566890195, "oneh-in": 0.005321684994516976, "sfb": 0.017459743234193224}, "dutch": {"alternate": 0.2702116719500947, "redirect": 0.026279640992506757, "dsfb": 0.0, "dsfb-alt": 0.03562789642843323, "sfT": 7.473555037084648e-05, "roll-out": 0.15320692792814083, "sft": 0.0, "bad-redirect": 0.007786662566013564, "roll-in": 0.18143876621217245, "unknown": 0.06461325840939008,