{"english-450k": {"redirect": 0.03649123750731596, "sfb": 0.039172052170933655, "sfT": 0.00025521823351562094, "dsfb": 0.0, "roll-out": 0.19579185184362285, "dsfb-red": 0.01491521083130981, "bad-redirect": 0.0018666304936967235, "alternate": 0.3395340937063125, "dsfb-alt": 0.0466765791518569, "oneh-out": 0.004507978420172824, "sfR": 0.11369548401129392, "roll-in": 0.20209980582365325, "unknown": 0.00015377410175167997, "oneh-in": 0.004840083704564284, "sft": 0.0}, "shai": {"redirect": 0.03600445855612697, "sfb": 0.019995240171251656, "sfT": 7.760169653951394e-05, "dsfb": 0.0, "roll-out": 0.20868742671380927, "dsfb-red": 0.0137162643557333, "bad-redirect": 0.001987396865216574, "alternate": 0.3035194943202525, "dsfb-alt": 0.036689602193190375, "oneh-out": 0.013484287533599018, "sfR": 0.09823378925716947, "roll-in": 0.24016632849614802, "unknown": 0.023621906111313578, "oneh-in": 0.0038162037296497774, "sft": 0.0}, "tr-quotes": {"redirect": 0.04185640646309609, "sfb": 0.016639698573773145, "sfT": 3.0050160652781953e-05, "dsfb": 0.0, "roll-out": 0.20799334273364, "dsfb-red": 0.014106238875661682, "bad-redirect": 0.0020145165391461132, "alternate": 0.2954300640299577, "dsfb-alt": 0.03566491759321329, "oneh-out": 0.022350384873211438, "sfR": 0.09677191928064538, "roll-in": 0.24885231501814567, "unknown": 0.01476965396084233, "oneh-in": 0.003520491898014378, "sft": 0.0}, "gutenberg": {"redirect": 0.0318814519798606, "sfb": 0.020257611285582382, "sfT": 0.00011764023909952365, "dsfb": 0.0, "roll-out": 0.20417571700873266, "dsfb-red": 0.012653997892705281, "bad-redirect": 0.002251077232237745, "alternate": 0.2846819905865076, "dsfb-alt": 0.03405088196080704, "oneh-out": 0.013839114375485668, "sfR": 0.09863878308844841, "roll-in": 0.2567896982764663, "unknown": 0.03802431837805746, "oneh-in": 0.002637717696009287, "sft": 0.0}, "english-200": {"redirect": 0.0378619153674833, "sfb": 0.0066815144766146995, "sfT": 0.0, "dsfb": 0.0, "roll-out": 0.21603563474387527, "dsfb-red": 0.013363028953229399, "bad-redirect": 0.004454342984409799, "alternate": 0.29175946547884185, "dsfb-alt": 0.035634743875278395, "oneh-out": 0.015590200445434299, "sfR": 0.10690423162583519, "roll-in": 0.26948775055679286, "unknown": 0.0, "oneh-in": 0.0022271714922048997, "sft": 0.0}, "monkeyracer": {"redirect": 0.041872272705944916, "sfb": 0.01648693244912961, "sfT": 3.128079202965419e-05, "dsfb": 0.0, "roll-out": 0.2079781660071633, "dsfb-red": 0.014121322551887014, "bad-redirect": 0.0020322739571765956, "alternate": 0.2957657537888859, "dsfb-alt": 0.0356131817257613, "oneh-out": 0.022822270359885512, "sfR": 0.09690789370786869, "roll-in": 0.2484212975272534, "unknown": 0.014352018393105714, "oneh-in": 0.0035953360339083785, "sft": 0.0}, "chained-bigrams": {"redirect": 0.041133452242665944, "sfb": 0.021931564584065154, "sfT": 9.739570381057445e-05, "dsfb": 0.0, "roll-out": 0.1836421967536064, "dsfb-red": 0.019883657585274807, "bad-redirect": 0.0036529881975886124, "alternate": 0.31251813994983474, "dsfb-alt": 0.054770798690222576, "oneh-out": 0.007586476022151679, "sfR": 0.11914286586209158, "roll-in": 0.20389725662274552, "unknown": 0.02365222201805197, "oneh-in": 0.008090985767890455, "sft": 0.0}, "english-5k": {"redirect": 0.03380760774878666, "sfb": 0.024266810469987972, "sfT": 4.148172729912474e-05, "dsfb": 0.0, "roll-out": 0.2130086696810055, "dsfb-red": 0.014726013191189281, "bad-redirect": 0.0026963122744431078, "alternate": 0.32758120048118805, "dsfb-alt": 0.04202098975401336, "oneh-out": 0.004480026548305471, "sfR": 0.10644211224955408, "roll-in": 0.22400132741527357, "unknown": 0.002157049819554486, "oneh-in": 0.004770398639399345, "sft": 0.0}, "mt-quotes": {"redirect": 0.04260348310443337, "sfb": 0.015199734643382222, "sfT": 1.6435376101170198e-05, "dsfb": 0.0, "roll-out": 0.20840505133813844, "dsfb-red": 0.0143988835897252, "bad-redirect": 0.0020125865098432963, "alternate": 0.29650016136551083, "dsfb-alt": 0.03522848161030827, "oneh-out": 0.024467792639342106, "sfR": 0.0964592223377679, "roll-in": 0.252190387396756, "unknown": 0.008869126594231481, "oneh-in": 0.0036486534944597843, "sft": 0.0}, "wordle": {"redirect": 0.03525187927745989, "sfb": 0.03549870974980366, "sfT": 0.00022439133849433412, "dsfb": 0.0, "roll-out": 0.21629081117468865, "dsfb-red": 0.017480085268708628, "bad-redirect": 0.0008975653539773365, "alternate": 0.306653203186357, "dsfb-alt": 0.05517783013575676, "oneh-out": 0.009940536295299002, "sfR": 0.13138112868843263, "roll-in": 0.1887804330752833, "unknown": 0.0, "oneh-in": 0.0024234264557388085, "sft": 0.0}, "english-1k": {"redirect": 0.032815808045165845, "sfb": 0.019054340155257588, "sfT": 0.0, "dsfb": 0.0, "roll-out": 0.22018348623853212, "dsfb-red": 0.015172900494001412, "bad-redirect": 0.0014114326040931546, "alternate": 0.3009880028228652, "dsfb-alt": 0.03705010585744531, "oneh-out": 0.0077628793225123505, "sfR": 0.10832745236414962, "roll-in": 0.25052928722653495, "unknown": 0.0, "oneh-in": 0.0067043048694424845, "sft": 0.0}, "english-10k": {"redirect": 0.033982362362748694, "sfb": 0.02493197738368615, "sfT": 5.789158835221242e-05, "dsfb": 0.0, "roll-out": 0.2143146600798904, "dsfb-red": 0.013681712047239536, "bad-redirect": 0.001756044846683777, "alternate": 0.3313328573358291, "dsfb-alt": 0.04179772679029737, "oneh-out": 0.007043476582852512, "sfR": 0.10567144593890508, "roll-in": 0.22058624881804673, "unknown": 0.0, "oneh-in": 0.004843596225468439, "sft": 0.0}, "reddit": {"redirect": 0.041373997850319054, "sfb": 0.019282252284293526, "sfT": 0.00017357765305707742, "dsfb": 0.0, "roll-out": 0.19751106726096598, "dsfb-red": 0.01596165259859868, "bad-redirect": 0.0021753018177895368, "alternate": 0.28422898690619935, "dsfb-alt": 0.037829590120382506, "oneh-out": 0.01727648271892875, "sfR": 0.10397777127267367, "roll-in": 0.23572118724267926, "unknown": 0.041217688064775854, "oneh-in": 0.003270444209336747, "sft": 0.0}, "akl": {"redirect": 0.0362915391311715, "sfb": 0.02573267120583204, "sfT": 0.00021428903392855348, "dsfb": 0.0, "roll-out": 0.1669911969037026, "dsfb-red": 0.014907208252694926, "bad-redirect": 0.0021361451638834254, "alternate": 0.2389952030931546, "dsfb-alt": 0.032405922777921176, "oneh-out": 0.015175952841884466, "sfR": 0.13064861186637447, "roll-in": 0.19951949643534775, "unknown": 0.13295000147380848, "oneh-in": 0.004031761820296026, "sft": 0.0}, "french": {"redirect": 0.020730144985392183, "sfb": 0.04476472918087413, "sfT": 0.0002825125256033999, "dsfb": 0.0, "roll-out": 0.22552110317028734, "dsfb-red": 0.012713018706637972, "bad-redirect": 0.001983250814116841, "alternate": 0.2369172482503947, "dsfb-alt": 0.03699300541415172, "oneh-out": 0.010018864681384316, "sfR": 0.10898279115633469, "roll-in": 0.1410282542039825, "unknown": 0.15822382396052298, "oneh-in": 0.0018412529503172427, "sft": 0.0}, "keymash": {"redirect": 0.04059717666955376, "sfb": 0.016583679852881415, "sfT": 8.209742501426442e-06, "dsfb": 0.0, "roll-out": 0.20905698792757366, "dsfb-red": 0.0142192740124706, "bad-redirect": 0.002044225882855184, "alternate": 0.2955712544076055, "dsfb-alt": 0.03546608760616223, "oneh-out": 0.021755817628780073, "sfR": 0.099723742164827, "roll-in": 0.24786033586056574, "unknown": 0.013394194891077241, "oneh-in": 0.0037190133531461787, "sft": 0.0}, "movie": {"redirect": 0.04473734321598009, "sfb": 0.016809123520231655, "sfT": 2.974111152008795e-05, "dsfb": 0.0, "roll-out": 0.19853481598476835, "dsfb-red": 0.01675122047125449, "bad-redirect": 0.0014104656339482418, "alternate": 0.27172005876106686, "dsfb-alt": 0.040213272721123516, "oneh-out": 0.032169618033325575, "sfR": 0.11567713207251198, "roll-in": 0.22860913323215215, "unknown": 0.030451476652766863, "oneh-in": 0.0028865985893501292, "sft": 0.0}, "dutch": {"redirect": 0.025208778099213163, "sfb": 0.021190899519451127, "sfT": 0.00011185229443698185, "dsfb": 0.0, "roll-out": 0.19627456191573178, "dsfb-red": 0.011853653591184848, "bad-redirect": 0.002972495345076163,