{"english-450k": {"alternate": 0.3150012775528986, "redirect": 0.05133131536495623, "dsfb": 0.0, "dsfb-alt": 0.040039151003244455, "sfT": 0.0017365364342299982, "roll-out": 0.1610622925438271, "sft": 0.0, "bad-redirect": 0.0033958934713831075, "roll-in": 0.24521063836131768, "unknown": 0.00015377410175167997, "sfR": 0.11369548401129392, "oneh-out": 0.004782783849158715, "dsfb-red": 0.017719980284172203, "oneh-in": 0.006755243667635112, "sfb": 0.03911562935413123}, "shai": {"alternate": 0.2966271825622292, "redirect": 0.04902901506146364, "dsfb": 0.0, "dsfb-alt": 0.032796021250711765, "sfT": 0.00020020850666314097, "roll-out": 0.16587370376138713, "sft": 0.0, "bad-redirect": 0.002324455286405607, "roll-in": 0.27954393347479417, "unknown": 0.023260762136131256, "sfR": 0.09823378925716947, "oneh-out": 0.006522381954853694, "dsfb-red": 0.018442184452536866, "oneh-in": 0.006868222333621188, "sfb": 0.02027813996203284}, "tr-quotes": {"alternate": 0.29227248561059616, "redirect": 0.04979542775247914, "dsfb": 0.0, "dsfb-alt": 0.030934328841219574, "sfT": 0.00018492406555558125, "roll-out": 0.17833498994475394, "sft": 0.0, "bad-redirect": 0.0021705462194586346, "roll-in": 0.2848385381752618, "unknown": 0.013810360370772752, "sfR": 0.09677191928064538, "oneh-out": 0.0074038972746815835, "dsfb-red": 0.01692979820161346, "oneh-in": 0.006908069623910682, "sfb": 0.01964471463905134}, "gutenberg": {"alternate": 0.28678170783317286, "redirect": 0.041871211027645266, "dsfb": 0.0, "dsfb-alt": 0.030059449049652517, "sfT": 7.918457317810126e-05, "roll-out": 0.16335947939742435, "sft": 0.0, "bad-redirect": 0.0023408702649803763, "roll-in": 0.28966815601861484, "unknown": 0.03293907751108868, "sfR": 0.09863878308844841, "oneh-out": 0.009006771607064173, "dsfb-red": 0.016881279592392672, "oneh-in": 0.006830711338889893, "sfb": 0.02154331869744787}, "english-200": {"alternate": 0.3051224944320713, "redirect": 0.0467706013363029, "dsfb": 0.0, "dsfb-alt": 0.0200445434298441, "sfT": 0.0, "roll-out": 0.18262806236080179, "sft": 0.0, "bad-redirect": 0.0, "roll-in": 0.29398663697104677, "unknown": 0.0, "sfR": 0.10690423162583519, "oneh-out": 0.013363028953229399, "dsfb-red": 0.008908685968819599, "oneh-in": 0.011135857461024499, "sfb": 0.011135857461024499}, "monkeyracer": {"alternate": 0.29190648607222736, "redirect": 0.050098143484993043, "dsfb": 0.0, "dsfb-alt": 0.03079887232744733, "sfT": 0.00017497693041587813, "roll-out": 0.1792125451616435, "sft": 0.0, "bad-redirect": 0.0021837902935702334, "roll-in": 0.28433555687630013, "unknown": 0.01340968453321238, "sfR": 0.09690789370786869, "oneh-out": 0.007531828205890173, "dsfb-red": 0.016903357993024382, "oneh-in": 0.006972684048360105, "sfb": 0.019564180365046844}, "chained-bigrams": {"alternate": 0.30063521478025257, "redirect": 0.04849332092728502, "dsfb": 0.0, "dsfb-alt": 0.04409687885727569, "sfT": 0.00011168040703612536, "roll-out": 0.14444302318861846, "sft": 0.0, "bad-redirect": 0.0031523742800022595, "roll-in": 0.2521126751418244, "unknown": 0.022783452340061645, "sfR": 0.11914286586209158, "oneh-out": 0.005996978135963104, "dsfb-red": 0.025531309796903986, "oneh-in": 0.011811501653454399, "sfb": 0.02168872462923079}, "english-5k": {"alternate": 0.3099099846517609, "redirect": 0.05135437839631642, "dsfb": 0.0, "dsfb-alt": 0.03351723565769279, "sfT": 0.0003733355456921226, "roll-out": 0.17065582610859917, "sft": 0.0, "bad-redirect": 0.003194093002032605, "roll-in": 0.2698386360808064, "unknown": 0.002157049819554486, "sfR": 0.10644211224955408, "oneh-out": 0.004770398639399345, "dsfb-red": 0.01866677728460613, "oneh-in": 0.0070933753681503295, "sfb": 0.022026797195835234}, "mt-quotes": {"alternate": 0.2930009203810617, "redirect": 0.05057613463860102, "dsfb": 0.0, "dsfb-alt": 0.03039199866126391, "sfT": 0.00014044775940999987, "roll-out": 0.18193811931485399, "sft": 0.0, "bad-redirect": 0.002046951387145743, "roll-in": 0.2877027527760844, "unknown": 0.007963686783567014, "sfR": 0.0964592223377679, "oneh-out": 0.00774255626875127, "dsfb-red": 0.01640549359916807, "oneh-in": 0.007112035476506377, "sfb": 0.0185196806158186}, "wordle": {"alternate": 0.3143273869628632, "redirect": 0.038842140693369234, "dsfb": 0.0, "dsfb-alt": 0.04402558061258836, "sfT": 0.0005385392123864019, "roll-out": 0.16302030741613374, "sft": 0.0, "bad-redirect": 0.001750252440255806, "roll-in": 0.22432402109278582, "unknown": 0.0, "sfR": 0.13138112868843263, "oneh-out": 0.00762930550880736, "dsfb-red": 0.02203522944014361, "oneh-in": 0.009110288342869964, "sfb": 0.04301581958936385}, "english-1k": {"alternate": 0.2964008468595625, "redirect": 0.04693013408609739, "dsfb": 0.0, "dsfb-alt": 0.02328863796753705, "sfT": 0.0, "roll-out": 0.1926605504587156, "sft": 0.0, "bad-redirect": 0.0024700070571630206, "roll-in": 0.273817925194072, "unknown": 0.0, "sfR": 0.10832745236414962, "oneh-out": 0.007057163020465773, "dsfb-red": 0.019760056457304165, "oneh-in": 0.009174311926605505, "sfb": 0.020112914608327453}, "english-10k": {"alternate": 0.32812952278034, "redirect": 0.0475482912332838, "dsfb": 0.0, "dsfb-alt": 0.03660678103471566, "sfT": 0.00036664672623067866, "roll-out": 0.16717160996507208, "sft": 0.0, "bad-redirect": 0.0025472298874973467, "roll-in": 0.2576754597556975, "unknown": 0.0, "sfR": 0.10567144593890508, "oneh-out": 0.0049786765982902685, "dsfb-red": 0.018698983037764613, "oneh-in": 0.005538295285694989, "sfb": 0.025067057756507978}, "reddit": {"alternate": 0.2868920966169026, "redirect": 0.049535631083435075, "dsfb": 0.0, "dsfb-alt": 0.031715116894286, "sfT": 0.0002454958865205191, "roll-out": 0.1635514272491819, "sft": 0.0, "bad-redirect": 0.0020558501268963516, "roll-in": 0.27131363335597636, "unknown": 0.03867751358439914, "sfR": 0.10397777127267367, "oneh-out": 0.008024351813510027, "dsfb-red": 0.016899586226684398, "oneh-in": 0.007815077245614064, "sfb": 0.019296448643919904}, "akl": {"alternate": 0.25181150580160444, "redirect": 0.03992051762031299, "dsfb": 0.0, "dsfb-alt": 0.027108761110668983, "sfT": 0.000288288302534113, "roll-out": 0.14395622524468124, "sft": 0.0, "bad-redirect": 0.0016181996988489198, "roll-in": 0.22244367920607952, "unknown": 0.13242938758773576, "sfR": 0.13064861186637447, "oneh-out": 0.0073239015685695385, "dsfb-red": 0.012503331511312388, "oneh-in": 0.008106934897667164, "sfb": 0.02184065558361049}, "french": {"alternate": 0.21943411708872979, "redirect": 0.042546802850977915, "dsfb": 0.0, "dsfb-alt": 0.02985492351823963, "sfT": 0.00019560288138505537, "roll-out": 0.1734246967784538, "sft": 0.0, "bad-redirect": 0.007701623745123093, "roll-in": 0.2098616063170502, "unknown": 0.15797094551115884, "sfR": 0.10898279115633469, "oneh-out": 0.01262462586042383, "dsfb-red": 0.015401584506190294, "oneh-in": 0.0022091170089514837, "sfb": 0.01979156277698142}, "keymash": {"alternate": 0.2951402429262806, "redirect": 0.04864272432095167, "dsfb": 0.0, "dsfb-alt": 0.030207747533998595, "sfT": 0.00018061433503138174, "roll-out": 0.1776547228596175, "sft": 0.0, "bad-redirect": 0.002261784059142985, "roll-in": 0.28204980850775613, "unknown": 0.012306404009638238, "sfR": 0.099723742164827, "oneh-out": 0.0075734874575658934, "dsfb-red": 0.017388234618021206, "oneh-in": 0.006929022671203918, "sfb": 0.01994146453596483}, "movie": {"alternate": 0.274347278010567, "redirect": 0.04762881092535784, "dsfb": 0.0, "dsfb-alt": 0.03436953910094199, "sfT": 0.0001692348204196155, "roll-out": 0.18821543987432932, "sft": 0.0, "bad-redirect": 0.0021417548229620857, "roll-in": 0.25647168560644695, "unknown": 0.030157750277046348, "sfR": 0.11567713207251198, "oneh-out": 0.00843739542084265, "dsfb-red": 0.01578858228200917, "oneh-in": 0.007044958690780479, "sfb": 0.01955043809578454}, "dutch": {"alternate": 0.25239068589914093, "redirect": 0.02784899789632336, "dsfb": 0.0, "dsfb-alt": 0.027621958179721712, "sfT": 0.00021357369013127458, "roll-out": 0.19655191544095643, "sft": 0.0, "bad-redirect": 0.0019713115181791896,