{"english-450k": {"unknown": 0.00015377410175167997, "sft": 0.0, "sfR": 0.11369548401129392, "roll-out": 0.20988615454238757, "sfT": 3.654327513110265e-05, "roll-in": 0.21146423933564912, "bad-redirect": 0.0030442009915213754, "dsfb": 0.0, "sfb": 0.023827969462685224, "redirect": 0.027736053478305864, "dsfb-alt": 0.04448310560538759, "oneh-in": 0.009288423499723149, "oneh-out": 0.005881420872700186, "dsfb-red": 0.008959241677342175, "alternate": 0.3415433891461211}, "shai": {"unknown": 0.023621906111313578, "sft": 0.0, "sfR": 0.09823378925716947, "roll-out": 0.24988420510937312, "sfT": 2.1546565817230627e-05, "roll-in": 0.20642738277073586, "bad-redirect": 0.0018821333569479877, "dsfb": 0.0, "sfb": 0.013859094051862858, "redirect": 0.023371061046255102, "dsfb-alt": 0.041494641186785, "oneh-in": 0.00878750000387041, "oneh-out": 0.007153579833993522, "dsfb-red": 0.007025511877046092, "alternate": 0.31823764882882977}, "tr-quotes": {"unknown": 0.0147164882919951, "sft": 0.0, "sfR": 0.09677191928064538, "roll-out": 0.27890363144633734, "sfT": 0.0, "roll-in": 0.19180208501883914, "bad-redirect": 0.0020792399620905666, "dsfb": 0.0, "sfb": 0.011259564041515452, "redirect": 0.024020480340260282, "dsfb-alt": 0.04243776149418645, "oneh-in": 0.00836319086475116, "oneh-out": 0.00837706016966783, "dsfb-red": 0.008559672684403967, "alternate": 0.3127089064053073}, "gutenberg": {"unknown": 0.03781669566943737, "sft": 0.0, "sfR": 0.09863878308844841, "roll-out": 0.28875450243861966, "sfT": 3.978172336698867e-06, "roll-in": 0.18437824765676178, "bad-redirect": 0.0019186156869564822, "dsfb": 0.0, "sfb": 0.012007450169602748, "redirect": 0.02475010447438303, "dsfb-alt": 0.03757857363956925, "oneh-in": 0.00621106363825456, "oneh-out": 0.011375110204845565, "dsfb-red": 0.009869656130571952, "alternate": 0.2866972190302125}, "english-200": {"unknown": 0.0, "sft": 0.0, "sfR": 0.10690423162583519, "roll-out": 0.28507795100222716, "sfT": 0.0, "roll-in": 0.17817371937639198, "bad-redirect": 0.0, "dsfb": 0.0, "sfb": 0.0, "redirect": 0.028953229398663696, "dsfb-alt": 0.0400890868596882, "oneh-in": 0.004454342984409799, "oneh-out": 0.008908685968819599, "dsfb-red": 0.011135857461024499, "alternate": 0.3363028953229399}, "monkeyracer": {"unknown": 0.014307052254563085, "sft": 0.0, "sfR": 0.09690789370786869, "roll-out": 0.27968351658664, "sfT": 9.775247509266934e-07, "roll-in": 0.19203180474529616, "bad-redirect": 0.0020684423729608833, "dsfb": 0.0, "sfb": 0.011083175626006851, "redirect": 0.024097940159844847, "dsfb-alt": 0.04233757448738602, "oneh-in": 0.00839889265996215, "oneh-out": 0.008422353253984391, "dsfb-red": 0.00855236404585764, "alternate": 0.3121080125748784}, "chained-bigrams": {"unknown": 0.023334712023629495, "sft": 0.0, "sfR": 0.11914286586209158, "roll-out": 0.2313719353630165, "sfT": 4.0906195600441264e-05, "roll-in": 0.18105276964162925, "bad-redirect": 0.006479411522171482, "dsfb": 0.0, "sfb": 0.015015820308822298, "redirect": 0.02831293109773399, "dsfb-alt": 0.04828749133989867, "oneh-in": 0.007146896745619953, "oneh-out": 0.006889772087560036, "dsfb-red": 0.011559571432931046, "alternate": 0.3213649163792952}, "english-5k": {"unknown": 0.002157049819554486, "sft": 0.0, "sfR": 0.10644211224955408, "roll-out": 0.20404861658439458, "sfT": 0.0, "roll-in": 0.236445845605011, "bad-redirect": 0.002530385365246609, "dsfb": 0.0, "sfb": 0.016094910192060396, "redirect": 0.02555274401626084, "dsfb-alt": 0.04368025884597835, "oneh-in": 0.008379308914423197, "oneh-out": 0.0048118803666984695, "dsfb-red": 0.006637076367859957, "alternate": 0.34321981167295806}, "mt-quotes": {"unknown": 0.008869126594231481, "sft": 0.0, "sfR": 0.0964592223377679, "roll-out": 0.2869258077240291, "sfT": 1.4941251001063816e-06, "roll-in": 0.19122410681201515, "bad-redirect": 0.00202752776084436, "dsfb": 0.0, "sfb": 0.010213839184327226, "redirect": 0.02403748461051147, "dsfb-alt": 0.042498894347425924, "oneh-in": 0.008491112943904568, "oneh-out": 0.00840744193829861, "dsfb-red": 0.008582254575011057, "alternate": 0.312261687046533}, "wordle": {"unknown": 0.0, "sft": 0.0, "sfR": 0.13138112868843263, "roll-out": 0.2146303152698306, "sfT": 0.00013463480309660046, "roll-in": 0.17825647929989902, "bad-redirect": 0.003590261415909346, "dsfb": 0.0, "sfb": 0.03262650061707618, "redirect": 0.035723101088297994, "dsfb-alt": 0.05221586446763155, "oneh-in": 0.00756198810725906, "oneh-out": 0.009940536295299002, "dsfb-red": 0.015168854482216986, "alternate": 0.31877033546505107}, "english-1k": {"unknown": 0.0, "sft": 0.0, "sfR": 0.10832745236414962, "roll-out": 0.24417784050811575, "sfT": 0.0, "roll-in": 0.21312632321806635, "bad-redirect": 0.0014114326040931546, "dsfb": 0.0, "sfb": 0.013761467889908258, "redirect": 0.026817219477769938, "dsfb-alt": 0.04199011997177135, "oneh-in": 0.00529287226534933, "oneh-out": 0.009880028228652082, "dsfb-red": 0.009527170077628794, "alternate": 0.3256880733944954}, "english-10k": {"unknown": 0.0, "sft": 0.0, "sfR": 0.10567144593890508, "roll-out": 0.20055575924818123, "sfT": 0.0, "roll-in": 0.24405163929681017, "bad-redirect": 0.0018911252195056058, "dsfb": 0.0, "sfb": 0.016981532583315643, "redirect": 0.025568784855560488, "dsfb-alt": 0.041971401555354004, "oneh-in": 0.01142394010150325, "oneh-out": 0.004245383145828911, "dsfb-red": 0.0061172111692171125, "alternate": 0.3415217768858185}, "reddit": {"unknown": 0.03963713505476368, "sft": 0.0, "sfR": 0.10397777127267367, "roll-out": 0.2578754117740262, "sfT": 5.686035333203356e-05, "roll-in": 0.18448896008294569, "bad-redirect": 0.0021885991994976214, "dsfb": 0.0, "sfb": 0.01322625008029933, "redirect": 0.024000088399495297, "dsfb-alt": 0.04430432874723494, "oneh-in": 0.009070462451097007, "oneh-out": 0.006982361491381892, "dsfb-red": 0.008084096387663251, "alternate": 0.3061076747055894}, "akl": {"unknown": 0.1306992130356914, "sft": 0.0, "sfR": 0.13064861186637447, "roll-out": 0.2171151635916285, "sfT": 0.0011386992628462174, "roll-in": 0.1567602235672327, "bad-redirect": 0.0021864004267694716, "dsfb": 0.0, "sfb": 0.01749374829718294, "redirect": 0.022155381020504517, "dsfb-alt": 0.03838560724849891, "oneh-in": 0.008767171443803312, "oneh-out": 0.006453304497255516, "dsfb-red": 0.00808010244167196, "alternate": 0.2601163733005401}, "french": {"unknown": 0.15819484908517076, "sft": 0.0, "sfR": 0.10898279115633469, "roll-out": 0.19785420223261452, "sfT": 4.016630859323939e-05, "roll-in": 0.1731665447219935, "bad-redirect": 0.002204832203185849, "dsfb": 0.0, "sfb": 0.04566313009885332, "redirect": 0.024996852690310434, "dsfb-alt": 0.03036336216603104, "oneh-in": 0.007830422609343936, "oneh-out": 0.011927431031369378, "dsfb-red": 0.006772195439938912, "alternate": 0.23200322025626044}, "keymash": {"unknown": 0.013394194891077241, "sft": 0.0, "sfR": 0.099723742164827, "roll-out": 0.27925849605727115, "sfT": 0.0, "roll-in": 0.1909668203256805, "bad-redirect": 0.0020852745953623165, "dsfb": 0.0, "sfb": 0.011374598235726336, "redirect": 0.02395602861916236, "dsfb-alt": 0.04200104263729768, "oneh-in": 0.008316469153944987, "oneh-out": 0.00908408007782836, "dsfb-red": 0.008357517866452118, "alternate": 0.31148173537536994}, "movie": {"unknown": 0.030433447748880793, "sft": 0.0, "sfR": 0.11567713207251198, "roll-out": 0.28157910563213745, "sfT": 4.474326511871638e-06, "roll-in": 0.15906033352945798, "bad-redirect": 0.0018597406548755881, "dsfb": 0.0, "sfb": 0.012138716228869171, "redirect": 0.024850804240450833, "dsfb-alt": 0.048906757535851525, "oneh-in": 0.008608077817486695, "oneh-out": 0.008950100599967706, "dsfb-red": 0.011140020231851703, "alternate": 0.2967912893811467}, "dutch": {"unknown": 0.0732489440824237, "sft": 0.0, "sfR": 0.18880787437283908, "roll-out": 0.18649521432481111, "sfT": 0.0002963601671135678, "roll-in": 0.1860144359389921, "bad-redirect": 0.0016582219200445085, "dsfb": 0.0, "sfb": 0.029087944054774415, "redirect": 0.02304603742178274, "dsfb-alt": 0.028368757828808898,