{"english-450k": {"sft": 0.0, "bad-redirect": 0.003568085383800863, "oneh-out": 0.0052695402739050025, "dsfb-alt": 0.03532740728094061, "redirect": 0.043975592600366833, "roll-out": 0.15631956012421205, "dsfb-red": 0.01716978473379832, "alternate": 0.3106891710874285, "roll-in": 0.2751457199639128, "sfR": 0.11369548401129392, "sfT": 1.4909656253489883e-05, "oneh-in": 0.01622726058161692, "unknown": 0.00015377410175167997, "sfb": 0.022443710200719055, "dsfb": 0.0}, "shai": {"sft": 0.0, "bad-redirect": 0.003335491215255727, "oneh-out": 0.00739939723801435, "dsfb-alt": 0.033283212829445324, "redirect": 0.03791191986829463, "roll-out": 0.17016127296816697, "dsfb-red": 0.012649889321789813, "alternate": 0.2920622676013033, "roll-in": 0.29439454111349495, "sfR": 0.09823378925716947, "sfT": 1.4889462672693771e-05, "oneh-in": 0.015037498068666007, "unknown": 0.023621906111313578, "sfb": 0.011893924944413188, "dsfb": 0.0}, "tr-quotes": {"sft": 0.0, "bad-redirect": 0.00350199949145882, "oneh-out": 0.010482882966182012, "dsfb-alt": 0.03227271676567809, "redirect": 0.04086821848778346, "roll-out": 0.18863526039619982, "dsfb-red": 0.014982316636231247, "alternate": 0.27877302882503874, "roll-in": 0.29670141698065233, "sfR": 0.09677191928064538, "sfT": 1.1557754097223828e-06, "oneh-in": 0.013556089780633827, "unknown": 0.0147164882919951, "sfb": 0.00873650632209149, "dsfb": 0.0}, "gutenberg": {"sft": 0.0, "bad-redirect": 0.0024740443198708194, "oneh-out": 0.008324609769709286, "dsfb-alt": 0.03760016943225419, "redirect": 0.040875341886024985, "roll-out": 0.17712035638362159, "dsfb-red": 0.01142114334188451, "alternate": 0.2665026901916835, "roll-in": 0.2987717298192053, "sfR": 0.09863878308844841, "sfT": 4.925356226389073e-06, "oneh-in": 0.010599177162411348, "unknown": 0.03781669566943737, "sfb": 0.009850333579222272, "dsfb": 0.0}, "english-200": {"sft": 0.0, "bad-redirect": 0.004454342984409799, "oneh-out": 0.008908685968819599, "dsfb-alt": 0.0334075723830735, "redirect": 0.0378619153674833, "roll-out": 0.18262806236080179, "dsfb-red": 0.013363028953229399, "alternate": 0.289532293986637, "roll-in": 0.30734966592427615, "sfR": 0.10690423162583519, "sfT": 0.0, "oneh-in": 0.013363028953229399, "unknown": 0.0, "sfb": 0.0022271714922048997, "dsfb": 0.0}, "monkeyracer": {"sft": 0.0, "bad-redirect": 0.003473145440042542, "oneh-out": 0.010607121072305551, "dsfb-alt": 0.03229253014686332, "redirect": 0.04085075934122652, "roll-out": 0.18970040821433598, "dsfb-red": 0.015122307896835947, "alternate": 0.2778311071836339, "roll-in": 0.2968625365594257, "sfR": 0.09690789370786869, "sfT": 1.9550495018533868e-06, "oneh-in": 0.013494729186543004, "unknown": 0.014307052254563085, "sfb": 0.008548453946853935, "dsfb": 0.0}, "chained-bigrams": {"sft": 0.0, "bad-redirect": 0.006198911895197028, "oneh-out": 0.005995679526578963, "dsfb-alt": 0.041573680823889736, "redirect": 0.04529224879537747, "roll-out": 0.13915508577639635, "dsfb-red": 0.019332397901706957, "alternate": 0.2838818551154496, "roll-in": 0.2877887214476378, "sfR": 0.11914286586209158, "sfT": 1.233678914933943e-05, "oneh-in": 0.015348913615854462, "unknown": 0.023334712023629495, "sfb": 0.012942590427041203, "dsfb": 0.0}, "english-5k": {"sft": 0.0, "bad-redirect": 0.0026963122744431078, "oneh-out": 0.005351142821587091, "dsfb-alt": 0.03389057120338491, "redirect": 0.04061061102584312, "roll-out": 0.1497490355498403, "dsfb-red": 0.013066744099224292, "alternate": 0.31704484174721037, "roll-in": 0.2889202306384038, "sfR": 0.10644211224955408, "sfT": 0.0, "oneh-in": 0.024557182561081844, "unknown": 0.002157049819554486, "sfb": 0.01551416600987265, "dsfb": 0.0}, "mt-quotes": {"sft": 0.0, "bad-redirect": 0.003378216851340529, "oneh-out": 0.01099676073678297, "dsfb-alt": 0.03226563153679731, "redirect": 0.04100775749751975, "roll-out": 0.19300510393134196, "dsfb-red": 0.015314782276090412, "alternate": 0.277176641445835, "roll-in": 0.3006672762697075, "sfR": 0.0964592223377679, "sfT": 1.4941251001063816e-06, "oneh-in": 0.013227489511241797, "unknown": 0.008869126594231481, "sfb": 0.007630496886243291, "dsfb": 0.0}, "wordle": {"sft": 0.0, "bad-redirect": 0.005609783462358353, "oneh-out": 0.014720071805228318, "dsfb-alt": 0.04595534612363963, "redirect": 0.04086166273981824, "roll-out": 0.19748681700886345, "dsfb-red": 0.019454729047458767, "alternate": 0.293189722876697, "roll-in": 0.22012790306294178, "sfR": 0.13138112868843263, "sfT": 0.0, "oneh-in": 0.005677100863906653, "unknown": 0.0, "sfb": 0.025535734320655222, "dsfb": 0.0}, "english-1k": {"sft": 0.0, "bad-redirect": 0.0024700070571630206, "oneh-out": 0.006351446718419196, "dsfb-alt": 0.03705010585744531, "redirect": 0.04410726887791108, "roll-out": 0.1619618913196895, "dsfb-red": 0.008821453775582216, "alternate": 0.28334509527170076, "roll-in": 0.3211009174311927, "sfR": 0.10832745236414962, "sfT": 0.0, "oneh-in": 0.015525758645024701, "unknown": 0.0, "sfb": 0.010938602681721948, "dsfb": 0.0}, "english-10k": {"sft": 0.0, "bad-redirect": 0.0030682541826672583, "oneh-out": 0.006040022384747496, "dsfb-alt": 0.0349472221686189, "redirect": 0.03944346886397406, "roll-out": 0.15447405491982014, "dsfb-red": 0.012794041025838946, "alternate": 0.3098164836649235, "roll-in": 0.29571023330310103, "sfR": 0.10567144593890508, "sfT": 0.0, "oneh-in": 0.02278998861465429, "unknown": 0.0, "sfb": 0.015244784932749271, "dsfb": 0.0}, "reddit": {"sft": 0.0, "bad-redirect": 0.0034950014018436913, "oneh-out": 0.00855253879792044, "dsfb-alt": 0.03274103798612465, "redirect": 0.037853300662977485, "roll-out": 0.17146662816044583, "dsfb-red": 0.014276705777824724, "alternate": 0.2799299621286823, "roll-in": 0.28364319042019165, "sfR": 0.10397777127267367, "sfT": 4.386263093004697e-05, "oneh-in": 0.013327722212826654, "unknown": 0.03963713505476368, "sfb": 0.01105514349279516, "dsfb": 0.0}, "akl": {"sft": 0.0, "bad-redirect": 0.003506774688632944, "oneh-out": 0.007193223060504495, "dsfb-alt": 0.029857630101647322, "redirect": 0.029518468846172024, "roll-out": 0.14462701193695915, "dsfb-red": 0.012136967185808803, "alternate": 0.24301354868545302, "roll-in": 0.24302958391928442, "sfR": 0.13064861186637447, "sfT": 0.0001161751455703976, "oneh-in": 0.00931787918936235, "unknown": 0.1306992130356914, "sfb": 0.016334912338539218, "dsfb": 0.0}, "french": {"sft": 0.0, "bad-redirect": 0.0021817002447867585, "oneh-out": 0.01346488226380012, "dsfb-alt": 0.021963719590744717, "redirect": 0.031336387620788636, "roll-out": 0.1624205365167103, "dsfb-red": 0.01730009804264829, "alternate": 0.22558279838057713, "roll-in": 0.19729457064321063, "sfR": 0.10898279115633469, "sfT": 3.189633382879771e-05, "oneh-in": 0.01509982031831822, "unknown": 0.15819484908517076, "sfb": 0.04614594980308096, "dsfb": 0.0}, "keymash": {"sft": 0.0, "bad-redirect": 0.0033290505843284225, "oneh-out": 0.010253968384281628, "dsfb-alt": 0.03291285768821861, "redirect": 0.04061770102580733, "roll-out": 0.1891032087778567, "dsfb-red": 0.015068982361368236, "alternate": 0.27698029251312534, "roll-in": 0.29669598913030093, "sfR": 0.099723742164827, "sfT": 0.0, "oneh-in": 0.013045280834766618, "unknown": 0.013394194891077241, "sfb": 0.008874731644041985, "dsfb": 0.0}, "movie": {"sft": 0.0, "bad-redirect": 0.0029087070262323184, "oneh-out": 0.012257549077110939, "dsfb-alt": 0.034071601594386776, "redirect": 0.04038908743347236, "roll-out": 0.1944467291291421, "dsfb-red": 0.018235512492648615, "alternate": 0.265920147221134, "roll-in": 0.2667040755455816, "sfR": 0.11567713207251198, "sfT": 2.763554610273659e-06, "oneh-in": 0.011009343578137334, "unknown": 0.030433447748880793, "sfb": 0.007943903526150925, "dsfb": 0.0}, "dutch": {"sft": 0.0, "bad-redirect": 0.0035348947062521703, "oneh-out": 0.005235809847369852, "dsfb-alt": 0.035874893119018265, "redirect": 0.036638798745805494, "roll-out": 0.1721660711431516, "dsfb-red": 0.022698951037778786, "alternate": 0.21326373842213098, "roll-in": 0.21511215227662453, "sfR": 0.18880787437283908,