{"english-450k": {"dsfb": 0.0, "bad-redirect": 0.0028468673058134213, "oneh-out": 0.006226097043736746, "roll-in": 0.18411028234211405, "sfT": 7.688705087583998e-05, "sft": 0.0, "sfR": 0.11369548401129392, "sfb": 0.03350082821678757, "alternate": 0.3750980090639016, "unknown": 0.00015377410175167997, "redirect": 0.018698170672881556, "oneh-in": 0.002374435844918526, "roll-out": 0.19988089815769272, "dsfb-alt": 0.05645292846113053, "dsfb-red": 0.006885337727101838}, "shai": {"dsfb": 0.0, "bad-redirect": 0.0032118819692516145, "oneh-out": 0.01481467089294666, "roll-in": 0.1973465444835373, "sfT": 4.97192715085584e-05, "sft": 0.0, "sfR": 0.09823378925716947, "sfb": 0.019908999722259464, "alternate": 0.3208197688406082, "unknown": 0.023260762136131256, "redirect": 0.014893646584611935, "oneh-in": 0.0034676811575804433, "roll-out": 0.24128047211556236, "dsfb-alt": 0.05543087248613078, "dsfb-red": 0.007281191082701966}, "tr-quotes": {"dsfb": 0.0, "bad-redirect": 0.0024664247243475646, "oneh-out": 0.024419222856614502, "roll-in": 0.18261829361318507, "sfT": 1.733663114583574e-05, "sft": 0.0, "sfR": 0.09677191928064538, "sfb": 0.024933542913940964, "alternate": 0.3075553038533552, "unknown": 0.013835787429786644, "redirect": 0.015941610226300824, "oneh-in": 0.0027911976144795545, "roll-out": 0.2628880515938143, "dsfb-alt": 0.05609787106169529, "dsfb-red": 0.009663438200688842}, "gutenberg": {"dsfb": 0.0, "bad-redirect": 0.0022033391641973583, "oneh-out": 0.018384270988553095, "roll-in": 0.18737115931140488, "sfT": 6.687118261212857e-05, "sft": 0.0, "sfR": 0.09863878308844841, "sfb": 0.019653876274293845, "alternate": 0.28669911339799187, "unknown": 0.032975828246008664, "redirect": 0.015220676796987803, "oneh-in": 0.0027602832913351995, "roll-out": 0.2765028682622548, "dsfb-alt": 0.04884021121442993, "dsfb-red": 0.010682718781482024}, "english-200": {"dsfb": 0.0, "bad-redirect": 0.0, "oneh-out": 0.015590200445434299, "roll-in": 0.18262806236080179, "sfT": 0.0, "sft": 0.0, "sfR": 0.10690423162583519, "sfb": 0.015590200445434299, "alternate": 0.30734966592427615, "unknown": 0.0, "redirect": 0.017817371937639197, "oneh-in": 0.0, "roll-out": 0.29175946547884185, "dsfb-alt": 0.0556792873051225, "dsfb-red": 0.0066815144766146995}, "monkeyracer": {"dsfb": 0.0, "bad-redirect": 0.0024848679168556547, "oneh-out": 0.024890712732846397, "roll-in": 0.18273749941348516, "sfT": 1.7595445516680483e-05, "sft": 0.0, "sfR": 0.09690789370786869, "sfb": 0.024819353426028746, "alternate": 0.30671598604876676, "unknown": 0.013436077701487402, "redirect": 0.015927788291599545, "oneh-in": 0.0027849680153901497, "roll-out": 0.2635162347310634, "dsfb-alt": 0.05610307802993572, "dsfb-red": 0.009657944539155732}, "chained-bigrams": {"dsfb": 0.0, "bad-redirect": 0.0036523388928965416, "oneh-out": 0.008940276305118663, "roll-in": 0.1735513525341388, "sfT": 0.00011622553988061884, "sft": 0.0, "sfR": 0.11914286586209158, "sfb": 0.02209454006177485, "alternate": 0.31762751857173743, "unknown": 0.022916559801936097, "redirect": 0.02283020227789072, "oneh-in": 0.0051145730594393, "roll-out": 0.2291337820894495, "dsfb-alt": 0.0624949273070932, "dsfb-red": 0.012384837696552646}, "english-5k": {"dsfb": 0.0, "bad-redirect": 0.0041896544572115986, "oneh-out": 0.007674119550338076, "roll-in": 0.21458497531837226, "sfT": 0.0, "sft": 0.0, "sfR": 0.10644211224955408, "sfb": 0.020699381922263244, "alternate": 0.3700999709627909, "unknown": 0.002157049819554486, "redirect": 0.015306757373377028, "oneh-in": 0.0009125980005807441, "roll-out": 0.19844858339901272, "dsfb-alt": 0.05355290994317003, "dsfb-red": 0.0059318870037748375}, "mt-quotes": {"dsfb": 0.0, "bad-redirect": 0.002333823406366168, "oneh-out": 0.026592438531693383, "roll-in": 0.18327984365474953, "sfT": 8.96475060063829e-06, "sft": 0.0, "sfR": 0.0964592223377679, "sfb": 0.024581346146950192, "alternate": 0.30399768111784464, "unknown": 0.007977133909467972, "redirect": 0.015884043939230943, "oneh-in": 0.002856767191403402, "roll-out": 0.2695491328097919, "dsfb-alt": 0.05648988178482208, "dsfb-red": 0.009989720419311269}, "wordle": {"dsfb": 0.0, "bad-redirect": 0.0008302479524290362, "oneh-out": 0.006529787950185123, "roll-in": 0.17758330528441602, "sfT": 0.0002019522046449007, "sft": 0.0, "sfR": 0.13138112868843263, "sfb": 0.0374060361270055, "alternate": 0.33701335128464044, "unknown": 0.0, "redirect": 0.02694939975316953, "oneh-in": 0.00762930550880736, "roll-out": 0.20152586110176146, "dsfb-alt": 0.05773589139459217, "dsfb-red": 0.015213732749915854}, "english-1k": {"dsfb": 0.0, "bad-redirect": 0.0028228652081863093, "oneh-out": 0.013761467889908258, "roll-in": 0.18242766407904024, "sfT": 0.0, "sft": 0.0, "sfR": 0.10832745236414962, "sfb": 0.017642907551164433, "alternate": 0.3542695836273818, "unknown": 0.0, "redirect": 0.011644318983768526, "oneh-in": 0.00035285815102328866, "roll-out": 0.2519407198306281, "dsfb-alt": 0.0529287226534933, "dsfb-red": 0.0038814396612561752}, "english-10k": {"dsfb": 0.0, "bad-redirect": 0.003550684085602362, "oneh-out": 0.006889099013913279, "roll-in": 0.2264332992416202, "sfT": 1.929719611740414e-05, "sft": 0.0, "sfR": 0.10567144593890508, "sfb": 0.021960209181605912, "alternate": 0.3612821057100403, "unknown": 0.0, "redirect": 0.014858841010401188, "oneh-in": 0.005152351363346906, "roll-out": 0.19173694062252755, "dsfb-alt": 0.05628992107446788, "dsfb-red": 0.006155805561451921}, "reddit": {"dsfb": 0.0, "bad-redirect": 0.0029054217170965185, "oneh-out": 0.01899828763435272, "roll-in": 0.17826031666122596, "sfT": 6.824740696374516e-05, "sft": 0.0, "sfR": 0.10397777127267367, "sfb": 0.02352318061384085, "alternate": 0.2975099248098615, "unknown": 0.039285409944231534, "redirect": 0.01782553348252621, "oneh-in": 0.0026557680577038944, "roll-out": 0.25145963111564845, "dsfb-alt": 0.05397530844775168, "dsfb-red": 0.009555198836123255}, "akl": {"dsfb": 0.0, "bad-redirect": 0.0022896040811819663, "oneh-out": 0.01728104054979554, "roll-in": 0.15455549009962674, "sfT": 0.000153928361740446, "sft": 0.0, "sfR": 0.13064861186637447, "sfb": 0.024568893726747212, "alternate": 0.2537436897092812, "unknown": 0.13277008071454782, "redirect": 0.02110090997357695, "oneh-in": 0.0026325950149991206, "roll-out": 0.20894897986387248, "dsfb-alt": 0.043569682220456395, "dsfb-red": 0.007736493817799668}, "french": {"dsfb": 0.0, "bad-redirect": 0.006758007639029624, "oneh-out": 0.004166988588918027, "roll-in": 0.20321250166092406, "sfT": 0.0001928312412919001, "sft": 0.0, "sfR": 0.10898279115633469, "sfb": 0.025218673788792906, "alternate": 0.2672949630175568, "unknown": 0.15807953387545715, "redirect": 0.010490867498329488, "oneh-in": 0.0032342642792987414, "roll-out": 0.16799539841824448, "dsfb-alt": 0.03826635680030062, "dsfb-red": 0.006106822035521549}, "keymash": {"dsfb": 0.0, "bad-redirect": 0.002545020175442197, "oneh-out": 0.02353733175158961, "roll-in": 0.1819073694753564, "sfT": 2.462922750427933e-05, "sft": 0.0, "sfR": 0.099723742164827, "sfb": 0.023467548940327487, "alternate": 0.306843230862064, "unknown": 0.01232282349464109, "redirect": 0.015918690710265873, "oneh-in": 0.0028446757767442623, "roll-out": 0.26500227820354416, "dsfb-alt": 0.05586319285095623, "dsfb-red": 0.009999466366737408}, "movie": {"dsfb": 0.0, "bad-redirect": 0.0023633655831383164, "oneh-out": 0.03473327552678944, "roll-in": 0.14947040423829264, "sfT": 1.8423697401824393e-05, "sft": 0.0, "sfR": 0.11567713207251198, "sfb": 0.028058764751624214, "alternate": 0.29311378778190395, "unknown": 0.030236445784519856, "redirect": 0.01895022035400082, "oneh-in": 0.0018089438891819864, "roll-out": 0.2584678932199346, "dsfb-alt": 0.05452216890608902, "dsfb-red": 0.012579174194611359}, "dutch": {"dsfb": 0.0, "bad-redirect": 0.0020955360606382165, "oneh-out": 0.005874970938665244, "roll-in": 0.18091032777527724, "sfT": 0.00014837732229336723, "sft": 0.0, "sfR": 0.18880787437283908, "sfb": 0.05011755608008309, "alternate": 0.2718746634614057,