{"english-450k": {"alternate": 0.3668050243787497, "dsfb-alt": 0.039320856387267504, "sfT": 0.0010422142067390476, "roll-in": 0.21698432030385295, "roll-out": 0.16897405778281133, "dsfb-red": 0.00747996990003514, "bad-redirect": 0.0026992324742837665, "dsfb": 0.0, "sfR": 0.11369548401129392, "redirect": 0.026342439137906133, "sfb": 0.04377621249125154, "oneh-out": 0.004729869186768878, "unknown": 0.00015377410175167997, "sft": 0.0, "oneh-in": 0.007996545637288407}, "shai": {"alternate": 0.33225844081974637, "dsfb-alt": 0.03476331521259536, "sfT": 0.0010371224841955727, "roll-in": 0.20341405664358767, "roll-out": 0.2191359242675561, "dsfb-red": 0.006451100635892685, "bad-redirect": 0.0036594444322311545, "dsfb": 0.0, "sfR": 0.09823378925716947, "redirect": 0.02065432047542244, "sfb": 0.03606022340618888, "oneh-out": 0.014848560192442918, "unknown": 0.02357661071706909, "sft": 0.0, "oneh-in": 0.005907091455902265}, "tr-quotes": {"alternate": 0.3291752386676221, "dsfb-alt": 0.03335452254917824, "sfT": 0.0006056263146945285, "roll-in": 0.18600933866531055, "roll-out": 0.24538152146274936, "dsfb-red": 0.007677816046785788, "bad-redirect": 0.0032315480455837823, "dsfb": 0.0, "sfR": 0.09677191928064538, "redirect": 0.019346524583342965, "sfb": 0.03309331730658099, "oneh-out": 0.025667460299114677, "unknown": 0.01476503085920344, "sft": 0.0, "oneh-in": 0.004920135919188183}, "gutenberg": {"alternate": 0.3053160127498529, "dsfb-alt": 0.030558614959519254, "sfT": 0.0003652341078645436, "roll-in": 0.1735831928659625, "roll-out": 0.26742524730024175, "dsfb-red": 0.007013896703155979, "bad-redirect": 0.0032816133042206895, "dsfb": 0.0, "sfR": 0.09863878308844841, "redirect": 0.018051430569715955, "sfb": 0.03395767906606153, "oneh-out": 0.01817475391215362, "unknown": 0.03800726906804304, "sft": 0.0, "oneh-in": 0.005626272304759827}, "english-200": {"alternate": 0.3207126948775056, "dsfb-alt": 0.028953229398663696, "sfT": 0.0, "roll-in": 0.19821826280623608, "roll-out": 0.24721603563474387, "dsfb-red": 0.0066815144766146995, "bad-redirect": 0.0022271714922048997, "dsfb": 0.0, "sfR": 0.10690423162583519, "redirect": 0.017817371937639197, "sfb": 0.044543429844097995, "oneh-out": 0.022271714922048998, "unknown": 0.0, "sft": 0.0, "oneh-in": 0.004454342984409799}, "monkeyracer": {"alternate": 0.3292948527456715, "dsfb-alt": 0.03331893113533635, "sfT": 0.0006041102960726966, "roll-in": 0.18538659148849648, "roll-out": 0.24599899119445703, "dsfb-red": 0.007597322364202261, "bad-redirect": 0.003195528410779361, "dsfb": 0.0, "sfR": 0.09690789370786869, "redirect": 0.019240619672490106, "sfb": 0.03288979776967953, "oneh-out": 0.026256314809890987, "unknown": 0.014345175719849227, "sft": 0.0, "oneh-in": 0.004963870685205749}, "chained-bigrams": {"alternate": 0.3371027635056999, "dsfb-alt": 0.046747340610307456, "sfT": 0.0004908743472052952, "roll-in": 0.16805693622983828, "roll-out": 0.2126745574501545, "dsfb-red": 0.011858900895975544, "bad-redirect": 0.005804134642418166, "dsfb": 0.0, "sfR": 0.11914286586209158, "redirect": 0.02551183065614187, "sfb": 0.036324701693191845, "oneh-out": 0.006898213048556953, "unknown": 0.02361326373652774, "sft": 0.0, "oneh-in": 0.005773617321890853}, "english-5k": {"alternate": 0.3612643630480773, "dsfb-alt": 0.03530094993155515, "sfT": 0.0014518604554693657, "roll-in": 0.25129630397809766, "roll-out": 0.16024391255651885, "dsfb-red": 0.00472891691210022, "bad-redirect": 0.0017007508192641142, "dsfb": 0.0, "sfR": 0.10644211224955408, "redirect": 0.02356162110590285, "sfb": 0.037209109387314886, "oneh-out": 0.004853362093997594, "unknown": 0.002157049819554486, "sft": 0.0, "oneh-in": 0.009789687642593437}, "mt-quotes": {"alternate": 0.3299551164819928, "dsfb-alt": 0.033271177729168905, "sfT": 0.0005348967858380847, "roll-in": 0.18304974838933313, "roll-out": 0.25308985070702, "dsfb-red": 0.007730603267950419, "bad-redirect": 0.003264663343732444, "dsfb": 0.0, "sfR": 0.0964592223377679, "redirect": 0.018846894012741897, "sfb": 0.032102771900885715, "oneh-out": 0.028077598881199126, "unknown": 0.008864644218931163, "sft": 0.0, "oneh-in": 0.0047528119434384}, "wordle": {"alternate": 0.34098507797599015, "dsfb-alt": 0.05082463816896668, "sfT": 0.0005161000785369685, "roll-in": 0.1726691349713901, "roll-out": 0.20184000897565355, "dsfb-red": 0.010030292830696735, "bad-redirect": 0.005475148659261753, "dsfb": 0.0, "sfR": 0.13138112868843263, "redirect": 0.02124985975541344, "sfb": 0.05095927297206328, "oneh-out": 0.011556153932458207, "unknown": 0.0, "sft": 0.0, "oneh-in": 0.0025131829911365423}, "english-1k": {"alternate": 0.3302752293577982, "dsfb-alt": 0.0374029640084686, "sfT": 0.001058574453069866, "roll-in": 0.23500352858151025, "roll-out": 0.19689484827099507, "dsfb-red": 0.004940014114326041, "bad-redirect": 0.00035285815102328866, "dsfb": 0.0, "sfR": 0.10832745236414962, "redirect": 0.022582921665490474, "sfb": 0.04481298517995766, "oneh-out": 0.009174311926605505, "unknown": 0.0, "sft": 0.0, "oneh-in": 0.009174311926605505}, "english-10k": {"alternate": 0.3616294552401536, "dsfb-alt": 0.03666467262306787, "sfT": 0.0012736149437486733, "roll-in": 0.24443758321915826, "roll-out": 0.16657339688543255, "dsfb-red": 0.004862893421585844, "bad-redirect": 0.004129599969124486, "dsfb": 0.0, "sfR": 0.10567144593890508, "redirect": 0.022114586750545145, "sfb": 0.03859439223480828, "oneh-out": 0.005769861639103838, "unknown": 0.0, "sft": 0.0, "oneh-in": 0.008278497134366377}, "reddit": {"alternate": 0.31791574966236824, "dsfb-alt": 0.034258887286335894, "sfT": 0.0009687985366137787, "roll-in": 0.1858727493010915, "roll-out": 0.22516377785731234, "dsfb-red": 0.008110428949186585, "bad-redirect": 0.003392480461745025, "dsfb": 0.0, "sfR": 0.10397777127267367, "redirect": 0.020489991660106937, "sfb": 0.035752314353100174, "oneh-out": 0.019083315962457933, "unknown": 0.040159553597531705, "sft": 0.0, "oneh-in": 0.0048541810994762145}, "akl": {"alternate": 0.2743277907675251, "dsfb-alt": 0.028253736104475406, "sfT": 0.0012166517478046615, "roll-in": 0.1576391965156944, "roll-out": 0.18893718099551524, "dsfb-red": 0.007978554196607236, "bad-redirect": 0.0033810871162134174, "dsfb": 0.0, "sfR": 0.13064861186637447, "redirect": 0.018278634696445983, "sfb": 0.03586817436737976, "oneh-out": 0.016082968918849437, "unknown": 0.13242029519012413, "sft": 0.0, "oneh-in": 0.0049671175169907385}, "french": {"alternate": 0.25346461378925705, "dsfb-alt": 0.03017226881798674, "sfT": 0.0008208699045625436, "roll-in": 0.17472673838502645, "roll-out": 0.17598022385353468, "dsfb-red": 0.004774292387924201, "bad-redirect": 0.0034769400967524125, "dsfb": 0.0, "sfR": 0.10898279115633469, "redirect": 0.0143426082448682, "sfb": 0.06286705972118829, "oneh-out": 0.006435448659539716, "unknown": 0.1582127523819887, "sft": 0.0, "oneh-in": 0.005743392601036357}, "keymash": {"alternate": 0.3278642765369664, "dsfb-alt": 0.034074536252170454, "sfT": 0.0005993112026041304, "roll-in": 0.1844852286208043, "roll-out": 0.24426036377369023, "dsfb-red": 0.00758169720006732, "bad-redirect": 0.003222323931809879, "dsfb": 0.0, "sfR": 0.099723742164827, "redirect": 0.019633599192161337, "sfb": 0.034911929987315946, "oneh-out": 0.02478521261180643, "unknown": 0.013394194891077241, "sft": 0.0, "oneh-in": 0.005463583634699298}, "movie": {"alternate": 0.305775079027792, "dsfb-alt": 0.03876517010534012, "sfT": 0.0003824233189264406, "roll-in": 0.16104640810937465, "roll-out": 0.2454614208434395, "dsfb-red": 0.009025374563638017, "bad-redirect": 0.002708546713745355, "dsfb": 0.0, "sfR": 0.11567713207251198, "redirect": 0.020491889033017765, "sfb": 0.030696511828211127, "oneh-out": 0.03561116470798637, "unknown": 0.030313825313607518, "sft": 0.0, "oneh-in": 0.00404505436240913}, "dutch": {"alternate": 0.2679197757617907, "dsfb-alt": 0.03063119372218508, "sfT": 0.00031836125163972633, "roll-in": 0.15888141465646624, "roll-out": 0.19524416882502627, "dsfb-red": 0.006164624988734979,