{"english-450k": {"oneh-out": 0.004963746147607936, "sfb": 0.02169062638681729, "roll-out": 0.1604486578678256, "sfR": 0.11369548401129392, "unknown": 0.0, "dsfb-red": 0.010968537117150724, "redirect": 0.03014820198315969, "bad-redirect": 0.0018581524538663077, "dsfb-alt": 0.04366687501205928, "alternate": 0.37158780822790843, "oneh-in": 0.007110736648110479, "roll-in": 0.23372114031389796, "sft": 0.0, "sfT": 0.00014003383030238538, "dsfb": 0.0}, "shai": {"oneh-out": 0.01395960469811895, "sfb": 0.011927287868311973, "roll-out": 0.2079542706555203, "sfR": 0.09823378925716947, "unknown": 0.015572597567587401, "dsfb-red": 0.00795022994872792, "redirect": 0.02986912522258721, "bad-redirect": 0.0010320522486610708, "dsfb-alt": 0.03686176958806155, "alternate": 0.3461665303766713, "oneh-in": 0.0059475062646436915, "roll-in": 0.22448601358110967, "sft": 0.0, "sfT": 3.922272282949796e-05, "dsfb": 0.0}, "tr-quotes": {"oneh-out": 0.024022791891079726, "sfb": 0.008908716858140125, "roll-out": 0.21858140126210673, "sfR": 0.09677191928064538, "unknown": 0.009743186703959687, "dsfb-red": 0.008030327546751115, "redirect": 0.029577448510205495, "bad-redirect": 0.0008749219851598438, "dsfb-alt": 0.03342040174753242, "alternate": 0.3493284944869513, "oneh-in": 0.005318878435542405, "roll-in": 0.21539724000832158, "sft": 0.0, "sfT": 2.4271283604170037e-05, "dsfb": 0.0}, "gutenberg": {"oneh-out": 0.014913410343172302, "sfb": 0.009109256903928654, "roll-out": 0.23703523107308735, "sfR": 0.09863878308844841, "unknown": 0.025598023492433706, "dsfb-red": 0.005971426114162938, "redirect": 0.02553929809127291, "bad-redirect": 0.001234559481822215, "dsfb-alt": 0.03475388184373512, "alternate": 0.32761878349005435, "oneh-in": 0.005059477465169207, "roll-in": 0.21436798397213308, "sft": 0.0, "sfT": 0.00015988464057970685, "dsfb": 0.0}, "english-200": {"oneh-out": 0.017817371937639197, "sfb": 0.0, "roll-out": 0.19821826280623608, "sfR": 0.10690423162583519, "unknown": 0.0, "dsfb-red": 0.0022271714922048997, "redirect": 0.031180400890868598, "bad-redirect": 0.0, "dsfb-alt": 0.031180400890868598, "alternate": 0.34743875278396436, "oneh-in": 0.0066815144766146995, "roll-in": 0.2583518930957684, "sft": 0.0, "sfT": 0.0, "dsfb": 0.0}, "monkeyracer": {"oneh-out": 0.02462287095109248, "sfb": 0.008798700283091168, "roll-out": 0.2189499038115645, "sfR": 0.09690789370786869, "unknown": 0.009366642163379577, "dsfb-red": 0.007962916621048845, "redirect": 0.02955448331951765, "bad-redirect": 0.0008827048500868042, "dsfb-alt": 0.03330035816506874, "alternate": 0.3493057619218919, "oneh-in": 0.005396914149866275, "roll-in": 0.21492641193675024, "sft": 0.0, "sfT": 2.4438118773167336e-05, "dsfb": 0.0}, "chained-bigrams": {"oneh-out": 0.007519597638868418, "sfb": 0.013491252891840772, "roll-out": 0.20059359434949084, "sfR": 0.11914286586209158, "unknown": 0.016087822355430687, "dsfb-red": 0.014482741156632421, "redirect": 0.03835897329344871, "bad-redirect": 0.0031861381239899253, "dsfb-alt": 0.045798706455192455, "alternate": 0.35287891960893675, "oneh-in": 0.0062196896453432845, "roll-in": 0.18218580632929227, "sft": 0.0, "sfT": 5.3892289441851195e-05, "dsfb": 0.0}, "english-5k": {"oneh-out": 0.005890405276475713, "sfb": 0.013523043099514664, "roll-out": 0.16356245074044884, "sfR": 0.10644211224955408, "unknown": 0.0, "dsfb-red": 0.009333388642303065, "redirect": 0.028332019745302195, "bad-redirect": 0.001410378728170241, "dsfb-alt": 0.03911726884307463, "alternate": 0.3661177251420749, "oneh-in": 0.008088936823329323, "roll-in": 0.25818227070975236, "sft": 0.0, "sfT": 0.0, "dsfb": 0.0}, "mt-quotes": {"oneh-out": 0.02638176689257838, "sfb": 0.007748532769151695, "roll-out": 0.22254545128554523, "sfR": 0.0964592223377679, "unknown": 0.00522794372527223, "dsfb-red": 0.007791862397054781, "redirect": 0.02934760521628955, "bad-redirect": 0.0008232629301586163, "dsfb-alt": 0.03313072996975891, "alternate": 0.35145408254742355, "oneh-in": 0.005335520732479889, "roll-in": 0.21374206619571842, "sft": 0.0, "sfT": 1.1953000800851053e-05, "dsfb": 0.0}, "wordle": {"oneh-out": 0.01032200157073937, "sfb": 0.027084034556266127, "roll-out": 0.193941433860653, "sfR": 0.13138112868843263, "unknown": 0.0, "dsfb-red": 0.014562997868282284, "redirect": 0.031145517783013575, "bad-redirect": 0.002019522046449007, "dsfb-alt": 0.05012902501963424, "alternate": 0.3367889599461461, "oneh-in": 0.0026029395265342757, "roll-in": 0.19984292606305396, "sft": 0.0, "sfT": 0.0001795130707954673, "dsfb": 0.0}, "english-1k": {"oneh-out": 0.008115737473535639, "sfb": 0.009174311926605505, "roll-out": 0.18807339449541285, "sfR": 0.10832745236414962, "unknown": 0.0, "dsfb-red": 0.008468595624558928, "redirect": 0.029640084685956247, "bad-redirect": 0.0, "dsfb-alt": 0.03211009174311927, "alternate": 0.3320395201129146, "oneh-in": 0.008821453775582216, "roll-in": 0.27522935779816515, "sft": 0.0, "sfT": 0.0, "dsfb": 0.0}, "english-10k": {"oneh-out": 0.006329480326508558, "sfb": 0.01379749522394396, "roll-out": 0.1649138380193358, "sfR": 0.10567144593890508, "unknown": 0.0, "dsfb-red": 0.008722332645066671, "redirect": 0.03014222033538527, "bad-redirect": 0.000964859805870207, "dsfb-alt": 0.04091005576889678, "alternate": 0.36573975801316067, "oneh-in": 0.007468014897435402, "roll-in": 0.255263310241022, "sft": 0.0, "sfT": 7.718878446961657e-05, "dsfb": 0.0}, "reddit": {"oneh-out": 0.01844200758999565, "sfb": 0.0116604178336992, "roll-out": 0.20248312683997838, "sfR": 0.10397777127267367, "unknown": 0.0331983180872297, "dsfb-red": 0.008021242848209265, "redirect": 0.0291473737577483, "bad-redirect": 0.0009993263284224791, "dsfb-alt": 0.0352153623339864, "alternate": 0.3413502311216042, "oneh-in": 0.005304119547581871, "roll-in": 0.2101362756880599, "sft": 0.0, "sfT": 6.442675081099982e-05, "dsfb": 0.0}, "akl": {"oneh-out": 0.016178760292600274, "sfb": 0.018291284988775212, "roll-out": 0.1684999172171788, "sfR": 0.13064861186637447, "unknown": 0.12482253455870851, "dsfb-red": 0.00987602392318525, "redirect": 0.02402554884664542, "bad-redirect": 0.0013962266006344467, "dsfb-alt": 0.029427693115668913, "alternate": 0.2946726975288173, "oneh-in": 0.004899986961798316, "roll-in": 0.17705677755100865, "sft": 0.0, "sfT": 0.0002039365486044368, "dsfb": 0.0}, "french": {"oneh-out": 0.010687144562439905, "sfb": 0.03543237727780686, "roll-out": 0.18904025189983567, "sfR": 0.10898279115633469, "unknown": 0.14988019847879508, "dsfb-red": 0.008488889386285921, "redirect": 0.01997974964838749, "bad-redirect": 0.0013150008967379339, "dsfb-alt": 0.031834009381297566, "alternate": 0.26320522078712694, "oneh-in": 0.005493046082351899, "roll-in": 0.17561928140421415, "sft": 0.0, "sfT": 4.203903838591187e-05, "dsfb": 0.0}, "keymash": {"oneh-out": 0.023266410249042538, "sfb": 0.009079975206577646, "roll-out": 0.2198774285444537, "sfR": 0.099723742164827, "unknown": 0.008566866300238493, "dsfb-red": 0.00815637917516717, "redirect": 0.029743897082668003, "bad-redirect": 0.0009318057739119012, "dsfb-alt": 0.03319198893326711, "alternate": 0.34613095360264023, "oneh-in": 0.005414325179690739, "roll-in": 0.21588749368876045, "sft": 0.0, "sfT": 2.873409875499255e-05, "dsfb": 0.0}, "movie": {"oneh-out": 0.0348656629524054, "sfb": 0.009983143632855717, "roll-out": 0.20506956985535688, "sfR": 0.11567713207251198, "unknown": 0.02448311987944585, "dsfb-red": 0.00807181662525502, "redirect": 0.02763936244005554, "bad-redirect": 0.0007258936776318811, "dsfb-alt": 0.03463931467004013, "alternate": 0.3382105246950582, "oneh-in": 0.0033294253161868367, "roll-in": 0.1972775302349324, "sft": 0.0, "sfT": 2.750394826415213e-05, "dsfb": 0.0}, "dutch": {"oneh-out": 0.00323941314805611, "sfb": 0.022906858596931846, "roll-out": 0.17980025023499202, "sfR": 0.18880787437283908, "unknown": 0.06758112760955366, "dsfb-red": 0.007622111667320364, "redirect": 0.02067547883917042, "bad-redirect": 0.0008837729862471884, "dsfb-alt": 0.036762843980322174, "alternate": 0.2796143652773182,