{"english-450k": {"sfb": 0.03605271820574273, "sft": 0.0, "roll-in": 0.2285080228567954, "oneh-out": 0.006709345314070447, "oneh-in": 0.01674851385808697, "redirect": 0.02566419595147287, "dsfb-alt": 0.036825389215114766, "dsfb": 0.0, "roll-out": 0.16770176711584686, "sfR": 0.11369548401129392, "bad-redirect": 0.0038028393832430668, "sfT": 7.191716545801003e-05, "unknown": 0.00015377410175167997, "alternate": 0.351447201399052, "dsfb-red": 0.01261883142207132}, "shai": {"sfb": 0.02308166670949919, "sft": 0.0, "roll-in": 0.22513851031990323, "oneh-out": 0.008174624640013277, "oneh-in": 0.013305873298916627, "redirect": 0.024406476680167686, "dsfb-alt": 0.03932744061012505, "dsfb": 0.0, "roll-out": 0.20172074892100744, "sfR": 0.09823378925716947, "bad-redirect": 0.009504942202411234, "sfT": 6.229035930707917e-05, "unknown": 0.023260762136131256, "alternate": 0.3248306812260093, "dsfb-red": 0.008952193639339207}, "tr-quotes": {"sfb": 0.023343195950162963, "sft": 0.0, "roll-in": 0.21781858949168997, "oneh-out": 0.007665102517278842, "oneh-in": 0.011385543561175193, "redirect": 0.029387901343011027, "dsfb-alt": 0.04131088046970713, "dsfb": 0.0, "roll-out": 0.21006795959409166, "sfR": 0.09677191928064538, "bad-redirect": 0.017169043711425996, "sfT": 2.542705901389242e-05, "unknown": 0.013835787429786644, "alternate": 0.3206583296733779, "dsfb-red": 0.010560319918633411}, "gutenberg": {"sfb": 0.020284511308049584, "sft": 0.0, "roll-in": 0.22213905947670742, "oneh-out": 0.008407772515224086, "oneh-in": 0.010642747621337097, "redirect": 0.03294210849953569, "dsfb-alt": 0.03656811786604774, "dsfb": 0.0, "roll-out": 0.21463868912780656, "sfR": 0.09863878308844841, "bad-redirect": 0.008313811873366819, "sfT": 4.7738068040386404e-05, "unknown": 0.032975828246008664, "alternate": 0.3032380807326505, "dsfb-red": 0.01116275157677702}, "english-200": {"sfb": 0.0200445434298441, "sft": 0.0, "roll-in": 0.23162583518930957, "oneh-out": 0.004454342984409799, "oneh-in": 0.013363028953229399, "redirect": 0.028953229398663696, "dsfb-alt": 0.035634743875278395, "dsfb": 0.0, "roll-out": 0.20044543429844097, "sfR": 0.10690423162583519, "bad-redirect": 0.004454342984409799, "sfT": 0.0, "unknown": 0.0, "alternate": 0.34966592427616927, "dsfb-red": 0.004454342984409799}, "monkeyracer": {"sfb": 0.023309077685847005, "sft": 0.0, "roll-in": 0.21751880757620784, "oneh-out": 0.007707782661056978, "oneh-in": 0.011376433051284858, "redirect": 0.029416652329636986, "dsfb-alt": 0.04125349953860832, "dsfb": 0.0, "roll-out": 0.21053439323083661, "sfR": 0.09690789370786869, "bad-redirect": 0.01761988363545365, "sfT": 2.6393168275020725e-05, "unknown": 0.013436077701487402, "alternate": 0.3202547038491015, "dsfb-red": 0.010638401864335205}, "chained-bigrams": {"sfb": 0.023253548937120685, "sft": 0.0, "roll-in": 0.2198974228447467, "oneh-out": 0.010772614146141604, "oneh-in": 0.013914599551070736, "redirect": 0.02864992023291858, "dsfb-alt": 0.03756617226443063, "dsfb": 0.0, "roll-out": 0.17852957160824331, "sfR": 0.11914286586209158, "bad-redirect": 0.003985432199928706, "sfT": 9.414918035022196e-05, "unknown": 0.022916559801936097, "alternate": 0.32526204314110235, "dsfb-red": 0.01601510022991879}, "english-5k": {"sfb": 0.023520139378603724, "sft": 0.0, "roll-in": 0.22931098850956153, "oneh-out": 0.007383747459244203, "oneh-in": 0.018583813830007883, "redirect": 0.01779566101132451, "dsfb-alt": 0.041481727299124735, "dsfb": 0.0, "roll-out": 0.18841000539262454, "sfR": 0.10644211224955408, "bad-redirect": 0.0019496411830588626, "sfT": 0.0, "unknown": 0.002157049819554486, "alternate": 0.35429543286182436, "dsfb-red": 0.00866968100551707}, "mt-quotes": {"sfb": 0.022985620540036576, "sft": 0.0, "roll-in": 0.2180630759852261, "oneh-out": 0.007617049760342334, "oneh-in": 0.0110744552419885, "redirect": 0.029943761131231997, "dsfb-alt": 0.04159046628656124, "dsfb": 0.0, "roll-out": 0.21396618496073438, "sfR": 0.0964592223377679, "bad-redirect": 0.0190112477737536, "sfT": 1.792950120127658e-05, "unknown": 0.007977133909467972, "alternate": 0.3204240924684142, "dsfb-red": 0.010869760103273927}, "wordle": {"sfb": 0.037720184000897564, "sft": 0.0, "roll-in": 0.1965668125210367, "oneh-out": 0.010299562436889936, "oneh-in": 0.017143498260967126, "redirect": 0.03159430046000224, "dsfb-alt": 0.04211825423538652, "dsfb": 0.0, "roll-out": 0.2031414787389207, "sfR": 0.13138112868843263, "bad-redirect": 0.005071244249971951, "sfT": 6.731740154830023e-05, "unknown": 0.0, "alternate": 0.30790979468192525, "dsfb-red": 0.01698642432402109}, "english-1k": {"sfb": 0.020112914608327453, "sft": 0.0, "roll-in": 0.22829922371206776, "oneh-out": 0.004940014114326041, "oneh-in": 0.019760056457304165, "redirect": 0.027522935779816515, "dsfb-alt": 0.04516584333098095, "dsfb": 0.0, "roll-out": 0.19548341566690192, "sfR": 0.10832745236414962, "bad-redirect": 0.0017642907551164433, "sfT": 0.0, "unknown": 0.0, "alternate": 0.34227240649259, "dsfb-red": 0.006351446718419196}, "english-10k": {"sfb": 0.024777599814746917, "sft": 0.0, "roll-in": 0.23370834217788156, "oneh-out": 0.008027633584840124, "oneh-in": 0.016016672777445437, "redirect": 0.019586654059165202, "dsfb-alt": 0.039231199706682617, "dsfb": 0.0, "roll-out": 0.19501746396248626, "sfR": 0.10567144593890508, "bad-redirect": 0.004187491557476698, "sfT": 3.859439223480828e-05, "unknown": 0.0, "alternate": 0.3433743077130893, "dsfb-red": 0.010362594315046023}, "reddit": {"sfb": 0.025416989970964886, "sft": 0.0, "roll-in": 0.2111088199659999, "oneh-out": 0.007375364671328991, "oneh-in": 0.011155604275164405, "redirect": 0.029662225903037364, "dsfb-alt": 0.03933088324393185, "dsfb": 0.0, "roll-out": 0.20041723812632775, "sfR": 0.10397777127267367, "bad-redirect": 0.012967793928790087, "sfT": 8.989779182930207e-05, "unknown": 0.039285409944231534, "alternate": 0.30946277266889877, "dsfb-red": 0.009749228236821499}, "akl": {"sfb": 0.023253881014562338, "sft": 0.0, "roll-in": 0.17961779464241837, "oneh-out": 0.0071246841719863575, "oneh-in": 0.010418034592767942, "redirect": 0.023008361571445996, "dsfb-alt": 0.03372718651346405, "dsfb": 0.0, "roll-out": 0.1746336041723036, "sfR": 0.13064861186637447, "bad-redirect": 0.012689379755920022, "sfT": 0.0002514492676456692, "unknown": 0.13277008071454782, "alternate": 0.2621644111549586, "dsfb-red": 0.009692520561604787}, "french": {"sfb": 0.022191578370078763, "sft": 0.0, "roll-in": 0.21507110612695313, "oneh-out": 0.006097518313911553, "oneh-in": 0.012080215818774769, "redirect": 0.02145463672390463, "dsfb-alt": 0.023600260701965345, "dsfb": 0.0, "roll-out": 0.1611503013529364, "sfR": 0.10898279115633469, "bad-redirect": 0.006040991837849526, "sfT": 9.564405597136899e-05, "unknown": 0.15807953387545715, "alternate": 0.25974679824256447, "dsfb-red": 0.005408623423298224}, "keymash": {"sfb": 0.023570170721595316, "sft": 0.0, "roll-in": 0.22103500223715483, "oneh-out": 0.00796345022638365, "oneh-in": 0.011998538665834746, "redirect": 0.028192255749898403, "dsfb-alt": 0.04068337896581874, "dsfb": 0.0, "roll-out": 0.20945105556764212, "sfR": 0.099723742164827, "bad-redirect": 0.016333282706587907, "sfT": 1.2314613752139664e-05, "unknown": 0.01232282349464109, "alternate": 0.3175528399551748, "dsfb-red": 0.01116114493068925}, "movie": {"sfb": 0.022986984052579127, "sft": 0.0, "roll-in": 0.19206033392425148, "oneh-out": 0.0068254534960216, "oneh-in": 0.008270002970163217, "redirect": 0.03413542654610024, "dsfb-alt": 0.042404508331393365, "dsfb": 0.0, "roll-out": 0.21002778161970356, "sfR": 0.11567713207251198, "bad-redirect": 0.028098375701038136, "sfT": 1.8686893078993313e-05, "unknown": 0.030236445784519856, "alternate": 0.29764049023353223, "dsfb-red": 0.011618378375106216}, "dutch": {"sfb": 0.04213385201622278, "sft": 0.0, "roll-in": 0.18687376925269722, "oneh-out": 0.006887146342428179, "oneh-in": 0.011268033851474712, "redirect": 0.02585009088581674, "dsfb-alt": 0.03793528482295618, "dsfb": 0.0, "roll-out": 0.13850772901506256,