{"monkeyracer": {"sft": 0.0, "dsfb-red": 0.02055245788823373, "redirect": 0.04867193487339099, "roll-out": 0.2101345856077076, "oneh-out": 0.007441895928804917, "unknown": 0.013436077701487402, "sfR": 0.09690789370786869, "dsfb": 0.0, "sfT": 2.4438118773167336e-05, "alternate": 0.3574680935921298, "dsfb-alt": 0.02431886075355428, "oneh-in": 0.009484922658241707, "roll-in": 0.20307978948026964, "bad-redirect": 0.0008572892065627102, "sfb": 0.007621760482975429}, "english-200": {"sft": 0.0, "dsfb-red": 0.008908685968819599, "redirect": 0.0467706013363029, "roll-out": 0.22939866369710468, "oneh-out": 0.0, "unknown": 0.0, "sfR": 0.10690423162583519, "dsfb": 0.0, "sfT": 0.0, "alternate": 0.37861915367483295, "dsfb-alt": 0.024498886414253896, "oneh-in": 0.011135857461024499, "roll-in": 0.19376391982182628, "bad-redirect": 0.0, "sfb": 0.0}, "english-10k": {"sft": 0.0, "dsfb-red": 0.023696956832172284, "redirect": 0.06308253410779414, "roll-out": 0.19729453310433995, "oneh-out": 0.00461202987205959, "unknown": 0.0, "sfR": 0.10567144593890508, "dsfb": 0.0, "sfT": 7.718878446961657e-05, "alternate": 0.32560159008896006, "dsfb-alt": 0.025935431581791166, "oneh-in": 0.009687192450936879, "roll-in": 0.22957874220875707, "bad-redirect": 0.000964859805870207, "sfb": 0.01379749522394396}, "shai": {"sft": 0.0, "dsfb-red": 0.020639659366869238, "redirect": 0.052161909727823565, "roll-out": 0.19846208919093902, "oneh-out": 0.005931273770115676, "unknown": 0.023260762136131256, "sfR": 0.09823378925716947, "dsfb": 0.0, "sfT": 3.537553647736446e-05, "alternate": 0.3534607957003164, "dsfb-alt": 0.02462041352686203, "oneh-in": 0.00806056369253101, "roll-in": 0.2029494566410487, "bad-redirect": 0.0009462801191342793, "sfb": 0.011237631334581978}}