{"english-450k": {"sft": 0.0, "bad-redirect": 0.0063003529788031466, "oneh-out": 0.013750503566331307, "dsfb-alt": 0.040419201064607925, "redirect": 0.05749368093686433, "roll-out": 0.22118504286672347, "dsfb-red": 0.029906724021093362, "alternate": 0.1998958078139462, "roll-in": 0.24202728057809708, "sfR": 0.11369548401129392, "sfT": 0.0006066183671763041, "oneh-in": 0.021401788340181055, "unknown": 0.00015377410175167997, "sfb": 0.05316374135313024, "dsfb": 0.0}, "shai": {"sft": 0.0, "bad-redirect": 0.005980965948762599, "oneh-out": 0.013933289788654005, "dsfb-alt": 0.040281515732592525, "redirect": 0.06293891984011805, "roll-out": 0.213380858599104, "dsfb-red": 0.03489093807253022, "alternate": 0.2267774039650945, "roll-in": 0.2114271342904906, "sfR": 0.09823378925716947, "sfT": 0.0005440401432608596, "oneh-in": 0.01841246745373236, "unknown": 0.023260762136131256, "sfb": 0.049937914772359586, "dsfb": 0.0}, "tr-quotes": {"sft": 0.0, "bad-redirect": 0.006036614964980005, "oneh-out": 0.012488153302050345, "dsfb-alt": 0.040990730681214026, "redirect": 0.05769515267793163, "roll-out": 0.22343219065671158, "dsfb-red": 0.037437877071727424, "alternate": 0.23370125517209495, "roll-in": 0.21471533251658537, "sfR": 0.09677191928064538, "sfT": 0.0003016573819375419, "oneh-in": 0.016571507824599523, "unknown": 0.013835787429786644, "sfb": 0.04602182103973556, "dsfb": 0.0}, "gutenberg": {"sft": 0.0, "bad-redirect": 0.005129000762672468, "oneh-out": 0.013004077058334782, "dsfb-alt": 0.040504045801266424, "redirect": 0.053437273504652376, "roll-out": 0.20593747904355644, "dsfb-red": 0.03821602839733076, "alternate": 0.25522665542169953, "roll-in": 0.20090319666985298, "sfR": 0.09863878308844841, "sfT": 0.00022675582319183542, "oneh-in": 0.0143178211133351, "unknown": 0.032975828246008664, "sfb": 0.04148305506965022, "dsfb": 0.0}, "english-200": {"sft": 0.0, "bad-redirect": 0.004454342984409799, "oneh-out": 0.011135857461024499, "dsfb-alt": 0.042316258351893093, "redirect": 0.062360801781737196, "roll-out": 0.26948775055679286, "dsfb-red": 0.0334075723830735, "alternate": 0.2182628062360802, "roll-in": 0.1870824053452116, "sfR": 0.10690423162583519, "sfT": 0.0, "oneh-in": 0.026726057906458798, "unknown": 0.0, "sfb": 0.0378619153674833, "dsfb": 0.0}, "monkeyracer": {"sft": 0.0, "bad-redirect": 0.0060195974162065785, "oneh-out": 0.012415541861519934, "dsfb-alt": 0.04097294993509236, "redirect": 0.0575820729780878, "roll-out": 0.2243184697436539, "dsfb-red": 0.037550635782098, "alternate": 0.23357562913492969, "roll-in": 0.2146067613431972, "sfR": 0.09690789370786869, "sfT": 0.00029032485102522794, "oneh-in": 0.016518213241159267, "unknown": 0.013436077701487402, "sfb": 0.04580583230367393, "dsfb": 0.0}, "chained-bigrams": {"sft": 0.0, "bad-redirect": 0.008041638611293096, "oneh-out": 0.016407929568621443, "dsfb-alt": 0.048845893375079295, "redirect": 0.05320207855418026, "roll-out": 0.18714194904386638, "dsfb-red": 0.03595394871401959, "alternate": 0.21355176808914175, "roll-in": 0.22882406375133188, "sfR": 0.11914286586209158, "sfT": 0.0007681274507193971, "oneh-in": 0.01821234730788535, "unknown": 0.022916559801936097, "sfb": 0.04699082986983389, "dsfb": 0.0}, "english-5k": {"sft": 0.0, "bad-redirect": 0.007176338822748579, "oneh-out": 0.010619322188575933, "dsfb-alt": 0.04604471730202846, "redirect": 0.07122412577259717, "roll-out": 0.21159829095283528, "dsfb-red": 0.030613514746754056, "alternate": 0.1926826233044344, "roll-in": 0.2428340316090762, "sfR": 0.10644211224955408, "sfT": 0.0009540797278798689, "oneh-in": 0.01866677728460613, "unknown": 0.002157049819554486, "sfb": 0.05898701621935538, "dsfb": 0.0}, "mt-quotes": {"sft": 0.0, "bad-redirect": 0.005898805895219995, "oneh-out": 0.012189072566667862, "dsfb-alt": 0.04068801472609699, "redirect": 0.05690226031245144, "roll-out": 0.2270069088344629, "dsfb-red": 0.03836763844563178, "alternate": 0.2363018610822247, "roll-in": 0.21648229162931354, "sfR": 0.0964592223377679, "sfT": 0.00023906001601702107, "oneh-in": 0.016347222720263923, "unknown": 0.007977133909467972, "sfb": 0.045140507524414, "dsfb": 0.0}, "wordle": {"sft": 0.0, "bad-redirect": 0.008594188264332997, "oneh-out": 0.020038146527544036, "dsfb-alt": 0.03940311903960507, "redirect": 0.06096712666891058, "roll-out": 0.21936497251206102, "dsfb-red": 0.03531919667900819, "alternate": 0.19710535173342308, "roll-in": 0.21220688881409178, "sfR": 0.13138112868843263, "sfT": 0.0006507348816335689, "oneh-in": 0.020329855267586672, "unknown": 0.0, "sfb": 0.05463929092337036, "dsfb": 0.0}, "english-1k": {"sft": 0.0, "bad-redirect": 0.008468595624558928, "oneh-out": 0.01834862385321101, "dsfb-alt": 0.04128440366972477, "redirect": 0.06386732533521525, "roll-out": 0.23182780522230065, "dsfb-red": 0.03140437544107269, "alternate": 0.2085391672547636, "roll-in": 0.21700776287932252, "sfR": 0.10832745236414962, "sfT": 0.0007057163020465773, "oneh-in": 0.021877205363443897, "unknown": 0.0, "sfb": 0.048341566690190546, "dsfb": 0.0}, "english-10k": {"sft": 0.0, "bad-redirect": 0.005943536404160475, "oneh-out": 0.013874684008413577, "dsfb-alt": 0.042974855753459024, "redirect": 0.06744370043032748, "roll-out": 0.21035873487582255, "dsfb-red": 0.03415603712780533, "alternate": 0.19104224156230099, "roll-in": 0.24966712336697477, "sfR": 0.10567144593890508, "sfT": 0.0007718878446961656, "oneh-in": 0.02035854190386137, "unknown": 0.0, "sfb": 0.05773721078327319, "dsfb": 0.0}, "reddit": {"sft": 0.0, "bad-redirect": 0.006522908860307634, "oneh-out": 0.011721623246969648, "dsfb-alt": 0.03897219105453294, "redirect": 0.057033069464585605, "roll-out": 0.21173102505769847, "dsfb-red": 0.04049416067020302, "alternate": 0.2202610519502483, "roll-in": 0.20396280703607542, "sfR": 0.10397777127267367, "sfT": 0.0003420610979104944, "oneh-in": 0.01769533151402677, "unknown": 0.039285409944231534, "sfb": 0.048000588830536484, "dsfb": 0.0}, "akl": {"sft": 0.0, "bad-redirect": 0.004749418833957822, "oneh-out": 0.010866922309637993, "dsfb-alt": 0.03336556604758393, "redirect": 0.048851080437501464, "roll-out": 0.18512623101613004, "dsfb-red": 0.03866013341660454, "alternate": 0.17834545195924245, "roll-in": 0.17652388398663982, "sfR": 0.13064861186637447, "sfT": 0.0004539774829243908, "oneh-in": 0.01639685429726848, "unknown": 0.13277008071454782, "sfb": 0.04324178763158682, "dsfb": 0.0}, "french": {"sft": 0.0, "bad-redirect": 0.009572106262044367, "oneh-out": 0.014036574233068833, "dsfb-alt": 0.03664117192254276, "redirect": 0.045261332176375846, "roll-out": 0.16565584952469295, "dsfb-red": 0.022994754723560138, "alternate": 0.18903400447324734, "roll-in": 0.17353478332658626, "sfR": 0.10898279115633469, "sfT": 0.00040266686910126636, "oneh-in": 0.010909490025264323, "unknown": 0.15807953387545715, "sfb": 0.0648949414317241, "dsfb": 0.0}, "keymash": {"sft": 0.0, "bad-redirect": 0.005878175631021333, "oneh-out": 0.013312097466062977, "dsfb-alt": 0.042440263861124, "redirect": 0.05925792137529606, "roll-out": 0.2227590481624544, "dsfb-red": 0.03799058342535087, "alternate": 0.23253274661040257, "roll-in": 0.21234909467064567, "sfR": 0.099723742164827, "sfT": 0.0003201799575556313, "oneh-in": 0.015479469486439558, "unknown": 0.01232282349464109, "sfb": 0.04563385369417888, "dsfb": 0.0}, "movie": {"sft": 0.0, "bad-redirect": 0.005946906325631746, "oneh-out": 0.010205675577902038, "dsfb-alt": 0.041016940721358815, "redirect": 0.05463126351427554, "roll-out": 0.2250469113395094, "dsfb-red": 0.040580299092935576, "alternate": 0.21866283699410008, "roll-in": 0.1987527420054642, "sfR": 0.11567713207251198, "sfT": 0.0003049121920001937, "oneh-in": 0.015016497763034141, "unknown": 0.030236445784519856, "sfb": 0.04392143661675643, "dsfb": 0.0}, "dutch": {"sft": 0.0, "bad-redirect": 0.0015749333808236395, "oneh-out": 0.010160538345559326, "dsfb-alt": 0.031010627258988697, "redirect": 0.03908509700326581, "roll-out": 0.19330733822416069, "dsfb-red": 0.029907291697335796,