{"monkeyracer": {"sft": 0.0, "dsfb-red": 0.011664802852808234, "redirect": 0.027886826094436712, "roll-out": 0.26023957176595713, "oneh-out": 0.020768490858188528, "unknown": 0.013491796612290222, "sfR": 0.09690789370786869, "dsfb": 0.0, "sfT": 4.007851478799443e-05, "alternate": 0.3313808905641491, "dsfb-alt": 0.04298371834774856, "oneh-in": 0.0042463675180255565, "roll-in": 0.17142460547101052, "bad-redirect": 0.0013245460375056696, "sfb": 0.01764041165522311}, "english-200": {"sft": 0.0, "dsfb-red": 0.004454342984409799, "redirect": 0.024498886414253896, "roll-out": 0.28507795100222716, "oneh-out": 0.008908685968819599, "unknown": 0.0, "sfR": 0.10690423162583519, "dsfb": 0.0, "sfT": 0.0, "alternate": 0.3518930957683742, "dsfb-alt": 0.044543429844097995, "oneh-in": 0.004454342984409799, "roll-in": 0.15812917594654788, "bad-redirect": 0.0, "sfb": 0.011135857461024499}, "english-10k": {"sft": 0.0, "dsfb-red": 0.007911850408135699, "redirect": 0.02595472877790857, "roll-out": 0.19480519480519481, "oneh-out": 0.0021419887690318595, "unknown": 0.0, "sfR": 0.10567144593890508, "dsfb": 0.0, "sfT": 0.00015437756893923313, "alternate": 0.35340884969413944, "dsfb-alt": 0.04808861272457112, "oneh-in": 0.006136508365334517, "roll-in": 0.23089095154474054, "bad-redirect": 0.002064799984562243, "sfb": 0.022770691418536885}, "shai": {"sft": 0.0, "dsfb-red": 0.00953230212225352, "redirect": 0.026852586656130897, "roll-out": 0.24212889281847194, "oneh-out": 0.010604567918398158, "unknown": 0.024097749651430984, "sfR": 0.09823378925716947, "dsfb": 0.0, "sfT": 0.0001125437472307225, "alternate": 0.3313975109555792, "dsfb-alt": 0.04499824747889311, "oneh-in": 0.004795157839915557, "roll-in": 0.18673297012384998, "bad-redirect": 0.0018549592167283403, "sfb": 0.01865872221394815}}