{"english-450k": {"unknown": 0.00015377410175167997, "dsfb": 0.0, "sft": 0.0, "sfT": 0.001744722127859365, "oneh-out": 0.003894928436573445, "sfb": 0.03980235058039491, "oneh-in": 0.012697764896354501, "bad-redirect": 0.002673798354792519, "dsfb-red": 0.015205218262750241, "dsfb-alt": 0.04100330877430347, "roll-out": 0.15061997858856424, "roll-in": 0.2503699641174273, "sfR": 0.11369548401129392, "redirect": 0.040382365443275774, "alternate": 0.32775634230465867}, "shai": {"unknown": 0.024097749651430984, "dsfb": 0.0, "sft": 0.0, "sfT": 0.0001959587977952913, "oneh-out": 0.00554180227288983, "sfb": 0.019072476656016333, "oneh-in": 0.008438512982744478, "bad-redirect": 0.001989080493046733, "dsfb-red": 0.016110139294464726, "dsfb-alt": 0.035822208746318855, "roll-out": 0.1556662397863782, "roll-in": 0.279418818639765, "sfR": 0.09823378925716947, "redirect": 0.03568118266069241, "alternate": 0.31973204076128775}, "tr-quotes": {"unknown": 0.013894731975682485, "dsfb": 0.0, "sft": 0.0, "sfT": 0.0001814567393264141, "oneh-out": 0.00675203994359816, "sfb": 0.01767642911629412, "oneh-in": 0.009418413813827697, "bad-redirect": 0.0025207461686045166, "dsfb-red": 0.01606065509350223, "dsfb-alt": 0.03463049860151175, "roll-out": 0.1614225283742863, "roll-in": 0.2846189408474145, "sfR": 0.09677191928064538, "redirect": 0.033378793832782416, "alternate": 0.32267284621252396}, "gutenberg": {"unknown": 0.03298207965968062, "dsfb": 0.0, "sft": 0.0, "sfT": 8.619373396180879e-05, "oneh-out": 0.008279523816560034, "sfb": 0.019450042301232512, "oneh-in": 0.009869656130571952, "bad-redirect": 0.0022910483923826714, "dsfb-red": 0.014482631110141194, "dsfb-alt": 0.03268712659643109, "roll-out": 0.1562953819481148, "roll-in": 0.28893389906732697, "sfR": 0.09863878308844841, "redirect": 0.028412864575815062, "alternate": 0.3075907695793329}, "english-200": {"unknown": 0.0, "dsfb": 0.0, "sft": 0.0, "sfT": 0.0, "oneh-out": 0.004454342984409799, "sfb": 0.011135857461024499, "oneh-in": 0.008908685968819599, "bad-redirect": 0.0, "dsfb-red": 0.008908685968819599, "dsfb-alt": 0.0200445434298441, "roll-out": 0.1759465478841871, "roll-in": 0.2873051224944321, "sfR": 0.10690423162583519, "redirect": 0.0334075723830735, "alternate": 0.3429844097995546}, "monkeyracer": {"unknown": 0.013491796612290222, "dsfb": 0.0, "sft": 0.0, "sfT": 0.00016911178191031796, "oneh-out": 0.006870043949512802, "sfb": 0.017545591754383222, "oneh-in": 0.009562147113564916, "bad-redirect": 0.002586530490952031, "dsfb-red": 0.015968844331138463, "dsfb-alt": 0.03461317390556329, "roll-out": 0.1616933465755353, "roll-in": 0.28447338786618076, "sfR": 0.09690789370786869, "redirect": 0.03339224549165585, "alternate": 0.32272588641944416}, "chained-bigrams": {"unknown": 0.023159399756770463, "dsfb": 0.0, "sft": 0.0, "sfT": 8.051378181674155e-05, "oneh-out": 0.005219111114862649, "sfb": 0.021110843453288047, "oneh-in": 0.012893892575135915, "bad-redirect": 0.003418589203751163, "dsfb-red": 0.02111603789082461, "dsfb-alt": 0.0487842094293326, "roll-out": 0.1383726736224514, "roll-in": 0.25126013808113584, "sfR": 0.11914286586209158, "redirect": 0.03956668002069983, "alternate": 0.3158750452078392}, "english-5k": {"unknown": 0.002157049819554486, "dsfb": 0.0, "sft": 0.0, "sfT": 0.0003733355456921226, "oneh-out": 0.0038163189115194758, "sfb": 0.022109760650433484, "oneh-in": 0.008337827187124072, "bad-redirect": 0.0026548305471439833, "dsfb-red": 0.014269714190898909, "dsfb-alt": 0.03696021902352014, "roll-out": 0.16547061019620857, "roll-in": 0.2680964035342432, "sfR": 0.10644211224955408, "redirect": 0.040983946571535236, "alternate": 0.32832787157257226}, "mt-quotes": {"unknown": 0.007995063410669249, "dsfb": 0.0, "sft": 0.0, "sfT": 0.00013148300880936158, "oneh-out": 0.006847575333787548, "sfb": 0.016535482482877326, "oneh-in": 0.009610212643884248, "bad-redirect": 0.002517600793679253, "dsfb-red": 0.015794396433224563, "dsfb-alt": 0.034698067199770505, "roll-out": 0.16302847204790763, "roll-in": 0.2880269779228075, "sfR": 0.0964592223377679, "redirect": 0.03303062358805178, "alternate": 0.3253248227967631}, "wordle": {"unknown": 0.0, "dsfb": 0.0, "sft": 0.0, "sfT": 0.0005385392123864019, "oneh-out": 0.004196118029844048, "sfb": 0.04398070234488949, "oneh-in": 0.007943453382699427, "bad-redirect": 0.000762930550880736, "dsfb-red": 0.020868394479973074, "dsfb-alt": 0.049029507461012006, "roll-out": 0.1529226971838887, "roll-in": 0.22997868282284303, "sfR": 0.13138112868843263, "redirect": 0.03397284864804218, "alternate": 0.32442499719510826}, "english-1k": {"unknown": 0.0, "dsfb": 0.0, "sft": 0.0, "sfT": 0.0, "oneh-out": 0.007057163020465773, "sfb": 0.016937191249117856, "oneh-in": 0.008115737473535639, "bad-redirect": 0.0017642907551164433, "dsfb-red": 0.017642907551164433, "dsfb-alt": 0.02928722653493296, "roll-out": 0.19760056457304165, "roll-in": 0.2642907551164432, "sfR": 0.10832745236414962, "redirect": 0.037755822159491886, "alternate": 0.3112208892025406}, "english-10k": {"unknown": 0.0, "dsfb": 0.0, "sft": 0.0, "sfT": 0.00036664672623067866, "oneh-out": 0.003396306516663129, "sfb": 0.024777599814746917, "oneh-in": 0.008220605546014163, "bad-redirect": 0.0021226915729144554, "dsfb-red": 0.01449219428417051, "dsfb-alt": 0.03938557727562185, "roll-out": 0.15808263059377473, "roll-in": 0.26132262982188686, "sfR": 0.10567144593890508, "redirect": 0.036876941780359315, "alternate": 0.3452847301287123}, "reddit": {"unknown": 0.04519937363713543, "dsfb": 0.0, "sft": 0.0, "sfT": 0.00021335742594154358, "oneh-out": 0.005435707440372012, "sfb": 0.017558799242686017, "oneh-in": 0.009331503164121341, "bad-redirect": 0.0019845312120451053, "dsfb-red": 0.016524637519929684, "dsfb-alt": 0.03690266897179588, "roll-out": 0.15332012210367577, "roll-in": 0.26519548930338016, "sfR": 0.10397777127267367, "redirect": 0.03329428398000748, "alternate": 0.31106175472623593}, "akl": {"unknown": 0.13920166722946467, "dsfb": 0.0, "sft": 0.0, "sfT": 0.0002530799693912341, "oneh-out": 0.003541291208914068, "sfb": 0.021245721230103556, "oneh-in": 0.009138501997350208, "bad-redirect": 0.0012651280633319095, "dsfb-red": 0.012722735018897487, "dsfb-alt": 0.032407034620020425, "roll-out": 0.1319160624443137, "roll-in": 0.22340193885001874, "sfR": 0.13064861186637447, "redirect": 0.027013266228144612, "alternate": 0.2672449612736749}, "french": {"unknown": 0.15842537463172957, "dsfb": 0.0, "sft": 0.0, "sfT": 0.00013949589679658781, "oneh-out": 0.0059593108552123235, "sfb": 0.04872782993180432, "oneh-in": 0.0077414904169495055, "bad-redirect": 0.005297368291775137, "dsfb-red": 0.011030753024799451, "dsfb-alt": 0.03149766711053359, "roll-out": 0.14490117926993593, "roll-in": 0.22064334620677756, "sfR": 0.10898279115633469, "redirect": 0.03326032533691196, "alternate": 0.2233930678704394}, "keymash": {"unknown": 0.012376186820900362, "dsfb": 0.0, "sft": 0.0, "sfT": 0.0001559851075271024, "oneh-out": 0.006863344731192506, "sfb": 0.018344669619437388, "oneh-in": 0.00964644743917607, "bad-redirect": 0.0025696494029464768, "dsfb-red": 0.016210136569066513, "dsfb-alt": 0.03340954710955491, "roll-out": 0.16030343208285272, "roll-in": 0.2839052103130785, "sfR": 0.099723742164827, "redirect": 0.0328800187182129, "alternate": 0.3236116299212275}, "movie": {"unknown": 0.030282373430185833, "dsfb": 0.0, "sft": 0.0, "sfT": 8.90917367216794e-05, "oneh-out": 0.00853240906030063, "sfb": 0.0159636074073265, "oneh-in": 0.007449622044427694, "bad-redirect": 0.003571828534859412, "dsfb-red": 0.016264966457684913, "dsfb-alt": 0.04033250036288104, "roll-out": 0.15701017080215068, "roll-in": 0.2656178669859055, "sfR": 0.11567713207251198, "redirect": 0.02956437562286902, "alternate": 0.30964405548217516}, "dutch": {"unknown": 0.07360268279108878, "dsfb": 0.0, "sft": 0.0, "sfT": 0.00015368483738688223, "oneh-out": 0.001799140031936179, "sfb": 0.03185400216582478, "oneh-in": 0.004523275946065462, "bad-redirect": 0.0017666494327826345, "dsfb-red": 0.012473628732648952,