{"english-450k": {"dsfb": 0.0, "bad-redirect": 0.0037508017594563765, "oneh-out": 0.0038779723569126135, "roll-in": 0.24950081886170913, "sfT": 9.062732232513459e-05, "sft": 0.0, "sfR": 0.11369548401129392, "sfb": 0.02333039622850013, "alternate": 0.3728571754328624, "unknown": 0.00015377410175167997, "redirect": 0.02153042066864254, "oneh-in": 0.009849143513334787, "roll-out": 0.1478064387496704, "dsfb-alt": 0.043621269004695665, "dsfb-red": 0.009935677988845239}, "shai": {"dsfb": 0.0, "bad-redirect": 0.004172807715303875, "oneh-out": 0.012810677714774402, "roll-in": 0.27247765458180545, "sfT": 2.597818389891359e-05, "sft": 0.0, "sfR": 0.09823378925716947, "sfb": 0.01229770147258218, "alternate": 0.3362701659909965, "unknown": 0.023260762136131256, "redirect": 0.019883497598643562, "oneh-in": 0.007720873393354601, "roll-out": 0.1652288704320274, "dsfb-alt": 0.03810316450816548, "dsfb-red": 0.009514057015146923}, "tr-quotes": {"dsfb": 0.0, "bad-redirect": 0.004272901689743649, "oneh-out": 0.023154804558378216, "roll-in": 0.2760211275744897, "sfT": 1.5025080326390976e-05, "sft": 0.0, "sfR": 0.09677191928064538, "sfb": 0.009690021035112456, "alternate": 0.33394396800813664, "unknown": 0.013835787429786644, "redirect": 0.019207831534176278, "oneh-in": 0.007074501282910705, "roll-out": 0.16538337070340492, "dsfb-alt": 0.03885370194863734, "dsfb-red": 0.011775039874251636}, "gutenberg": {"dsfb": 0.0, "bad-redirect": 0.004211558447118534, "oneh-out": 0.012577086560862438, "roll-in": 0.2828656707596377, "sfT": 1.9890861683494334e-05, "sft": 0.0, "sfR": 0.09863878308844841, "sfb": 0.01159997166025802, "alternate": 0.31090174558413397, "unknown": 0.032975828246008664, "redirect": 0.017291599653406473, "oneh-in": 0.006999688944810626, "roll-out": 0.17220807129491025, "dsfb-alt": 0.04028202589752304, "dsfb-red": 0.009428079001198377}, "english-200": {"dsfb": 0.0, "bad-redirect": 0.0022271714922048997, "oneh-out": 0.015590200445434299, "roll-in": 0.29175946547884185, "sfT": 0.0, "sft": 0.0, "sfR": 0.10690423162583519, "sfb": 0.0, "alternate": 0.34743875278396436, "unknown": 0.0, "redirect": 0.0200445434298441, "oneh-in": 0.008908685968819599, "roll-out": 0.16481069042316257, "dsfb-alt": 0.035634743875278395, "dsfb-red": 0.0066815144766146995}, "monkeyracer": {"dsfb": 0.0, "bad-redirect": 0.004288401082315404, "oneh-out": 0.02372745827924363, "roll-in": 0.2758653049095203, "sfT": 1.4662871263900401e-05, "sft": 0.0, "sfR": 0.09690789370786869, "sfb": 0.009584630182836229, "alternate": 0.3334542205608646, "unknown": 0.013436077701487402, "redirect": 0.019148732345903, "oneh-in": 0.007142773355021349, "roll-out": 0.16593482646980623, "dsfb-alt": 0.03877156419600544, "dsfb-red": 0.011723454337863835}, "chained-bigrams": {"dsfb": 0.0, "bad-redirect": 0.0064800608268635535, "oneh-out": 0.005642457774092613, "roll-in": 0.2405582981464299, "sfT": 2.792010175903134e-05, "sft": 0.0, "sfR": 0.11914286586209158, "sfb": 0.013316589929673809, "alternate": 0.34211085059563967, "unknown": 0.022916559801936097, "redirect": 0.02661045419512515, "oneh-in": 0.016293002638124963, "roll-out": 0.14742138381114583, "dsfb-alt": 0.04696745490091935, "dsfb-red": 0.012512101416198464}, "english-5k": {"dsfb": 0.0, "bad-redirect": 0.0017837142738623636, "oneh-out": 0.004894843821296718, "roll-in": 0.2679719583523458, "sfT": 0.0, "sft": 0.0, "sfR": 0.10644211224955408, "sfb": 0.013688970008711162, "alternate": 0.3690629277803128, "unknown": 0.002157049819554486, "redirect": 0.019745302194383373, "oneh-in": 0.010287468370182934, "roll-out": 0.15464387937113702, "dsfb-alt": 0.038578006388186, "dsfb-red": 0.010743767370473306}, "mt-quotes": {"dsfb": 0.0, "bad-redirect": 0.004524210803122124, "oneh-out": 0.02552712733531753, "roll-in": 0.27949104122589974, "sfT": 4.482375300319145e-06, "sft": 0.0, "sfR": 0.0964592223377679, "sfb": 0.008659949080216589, "alternate": 0.33438818565400846, "unknown": 0.007977133909467972, "redirect": 0.018843905762541687, "oneh-in": 0.006946187590394569, "roll-out": 0.1664395596514505, "dsfb-alt": 0.03889058223066901, "dsfb-red": 0.011848412043843607}, "wordle": {"dsfb": 0.0, "bad-redirect": 0.005452709525412319, "oneh-out": 0.009693705822955234, "roll-in": 0.20419611802984405, "sfT": 2.2439133849433412e-05, "sft": 0.0, "sfR": 0.13138112868843263, "sfb": 0.03159430046000224, "alternate": 0.33892067766184225, "unknown": 0.0, "redirect": 0.022484012117132277, "oneh-in": 0.002782452597329743, "roll-out": 0.18842140693369236, "dsfb-alt": 0.05277684281386739, "dsfb-red": 0.012274206215640076}, "english-1k": {"dsfb": 0.0, "bad-redirect": 0.00035285815102328866, "oneh-out": 0.007057163020465773, "roll-in": 0.2882851093860268, "sfT": 0.0, "sft": 0.0, "sfR": 0.10832745236414962, "sfb": 0.01058574453069866, "alternate": 0.32992237120677487, "unknown": 0.0, "redirect": 0.019760056457304165, "oneh-in": 0.01058574453069866, "roll-out": 0.17219477769936486, "dsfb-alt": 0.03916725476358504, "dsfb-red": 0.013761467889908258}, "english-10k": {"dsfb": 0.0, "bad-redirect": 0.004901487813820652, "oneh-out": 0.005769861639103838, "roll-in": 0.27006425966307096, "sfT": 3.859439223480828e-05, "sft": 0.0, "sfR": 0.10567144593890508, "sfb": 0.015090407363810038, "alternate": 0.3629995561644893, "unknown": 0.0, "redirect": 0.01989540919704367, "oneh-in": 0.009011790586827734, "roll-out": 0.1571177707879045, "dsfb-alt": 0.03986800717855696, "dsfb-red": 0.009571409274232454}, "reddit": {"dsfb": 0.0, "bad-redirect": 0.003783760600682062, "oneh-out": 0.017362784599084878, "roll-in": 0.2635587127160614, "sfT": 5.086716721008009e-05, "sft": 0.0, "sfR": 0.10397777127267367, "sfb": 0.012870479569134867, "alternate": 0.32617698215734847, "unknown": 0.039285409944231534, "redirect": 0.019664392814394586, "oneh-in": 0.006975394412515121, "roll-out": 0.15573612525908825, "dsfb-alt": 0.0408156201908193, "dsfb-red": 0.009741699296755795}, "akl": {"dsfb": 0.0, "bad-redirect": 0.003696109044333913, "oneh-out": 0.015465377694120033, "roll-in": 0.21990524486308566, "sfT": 0.00018562821537013976, "sft": 0.0, "sfR": 0.13064861186637447, "sfb": 0.018622020951898424, "alternate": 0.27686340844386753, "unknown": 0.13277008071454782, "redirect": 0.01641326014513295, "oneh-in": 0.00634160142768432, "roll-out": 0.13174436931658748, "dsfb-alt": 0.03631696325384099, "dsfb-red": 0.011027324063156287}, "french": {"dsfb": 0.0, "bad-redirect": 0.0035132261092152344, "oneh-out": 0.010845232920618146, "roll-in": 0.1726796199940603, "sfT": 3.288513515932878e-05, "sft": 0.0, "sfR": 0.10898279115633469, "sfb": 0.04540524771548314, "alternate": 0.26356785618418, "unknown": 0.15807953387545715, "redirect": 0.01324339076576116, "oneh-in": 0.005723646538102418, "roll-out": 0.17973422308673423, "dsfb-alt": 0.03112532348223528, "dsfb-red": 0.007067023036658925}, "keymash": {"dsfb": 0.0, "bad-redirect": 0.004170549190724633, "oneh-out": 0.022014424517575005, "roll-in": 0.2756954678116521, "sfT": 1.2314613752139664e-05, "sft": 0.0, "sfR": 0.099723742164827, "sfb": 0.010697294479358655, "alternate": 0.33063916950244854, "unknown": 0.01232282349464109, "redirect": 0.018841359040773685, "oneh-in": 0.007376453637531659, "roll-out": 0.16788102441166933, "dsfb-alt": 0.038323077996658635, "dsfb-red": 0.012302299138387525}, "movie": {"dsfb": 0.0, "bad-redirect": 0.0029691104341425857, "oneh-out": 0.03284932086961431, "roll-in": 0.24575383124077416, "sfT": 9.869837893834497e-06, "sft": 0.0, "sfR": 0.11567713207251198, "sfb": 0.009683232158721732, "alternate": 0.3183572799726908, "unknown": 0.030236445784519856, "redirect": 0.019225128238803756, "oneh-in": 0.00468593583631545, "roll-out": 0.1604218447674528, "dsfb-alt": 0.0472607317708371, "dsfb-red": 0.0128701370157216}, "dutch": {"dsfb": 0.0, "bad-redirect": 0.003731093456769877, "oneh-out": 0.0036266465803518875, "roll-in": 0.19773497131377746, "sfT": 5.682268693023332e-05, "sft": 0.0, "sfR": 0.18880787437283908, "sfb": 0.02358774464641173, "alternate": 0.28531330960897994,