{"english-450k": {"unknown": 0.00015377410175167997, "sft": 0.0, "sfR": 0.11369548401129392, "roll-out": 0.15286899791323283, "sfT": 0.00019353318509431966, "roll-in": 0.23342557830463762, "bad-redirect": 0.002138512460672127, "dsfb": 0.0, "sfb": 0.030717984729003844, "redirect": 0.027237310859316577, "dsfb-alt": 0.0558892849855084, "oneh-in": 0.008068755148947466, "oneh-out": 0.004343387508982337, "dsfb-red": 0.01319913863115323, "alternate": 0.35806825816040566}, "shai": {"unknown": 0.024097749651430984, "sft": 0.0, "sfR": 0.09823378925716947, "roll-out": 0.1680873995590211, "sfT": 5.001729298654058e-05, "roll-in": 0.2553135913585228, "bad-redirect": 0.0025782728254262945, "dsfb": 0.0, "sfb": 0.0193811765918914, "redirect": 0.025004594175251492, "dsfb-alt": 0.04699922947901511, "oneh-in": 0.006346824081869364, "oneh-out": 0.013533902304069843, "dsfb-red": 0.009836357567562631, "alternate": 0.330537095855783}, "tr-quotes": {"unknown": 0.013894731975682485, "sft": 0.0, "sfR": 0.09677191928064538, "roll-out": 0.1714246087700238, "sfT": 3.8140588520838634e-05, "roll-in": 0.255932595178105, "bad-redirect": 0.0021462749358544648, "dsfb": 0.0, "sfb": 0.016591156006564804, "redirect": 0.02434987633203116, "dsfb-alt": 0.046945285592103744, "oneh-in": 0.005688726566653568, "oneh-out": 0.02378816948290608, "dsfb-red": 0.010329164836688935, "alternate": 0.33209935045421973}, "gutenberg": {"unknown": 0.03298207965968062, "sft": 0.0, "sfR": 0.09863878308844841, "roll-out": 0.17887586700477343, "sfT": 0.0001812909964867055, "roll-in": 0.2641527269613621, "bad-redirect": 0.0023461744947626414, "dsfb": 0.0, "sfb": 0.016749431594947798, "redirect": 0.02137983475808734, "dsfb-alt": 0.049717871806616874, "oneh-in": 0.005336434034514623, "oneh-out": 0.013843281984600305, "dsfb-red": 0.008295436505906828, "alternate": 0.3075007871098123}, "english-200": {"unknown": 0.0, "sft": 0.0, "sfR": 0.10690423162583519, "roll-out": 0.16481069042316257, "sfT": 0.0, "roll-in": 0.2828507795100223, "bad-redirect": 0.0, "dsfb": 0.0, "sfb": 0.015590200445434299, "redirect": 0.026726057906458798, "dsfb-alt": 0.044543429844097995, "oneh-in": 0.0066815144766146995, "oneh-out": 0.017817371937639197, "dsfb-red": 0.0022271714922048997, "alternate": 0.33184855233853006}, "monkeyracer": {"unknown": 0.013491796612290222, "sft": 0.0, "sfR": 0.09690789370786869, "roll-out": 0.17189088477720255, "sfT": 3.714594053521435e-05, "roll-in": 0.2554252623676431, "bad-redirect": 0.0021251388085146315, "dsfb": 0.0, "sfb": 0.01650843799365, "redirect": 0.02426216431800053, "dsfb-alt": 0.04681952547038491, "oneh-in": 0.005755665733456371, "oneh-out": 0.0243745796643571, "dsfb-red": 0.01032657146878959, "alternate": 0.332074933137307}, "chained-bigrams": {"unknown": 0.023159399756770463, "sft": 0.0, "sfR": 0.11914286586209158, "roll-out": 0.15403844792803625, "sfT": 9.285057096608097e-05, "roll-in": 0.22174729191245554, "bad-redirect": 0.00316600967853574, "dsfb": 0.0, "sfb": 0.01954666845009022, "redirect": 0.029649200154015072, "dsfb-alt": 0.06076972474026189, "oneh-in": 0.013130239483049576, "oneh-out": 0.005830106830100986, "dsfb-red": 0.016541686335187964, "alternate": 0.3331855082984386}, "english-5k": {"unknown": 0.002157049819554486, "sft": 0.0, "sfR": 0.10644211224955408, "roll-out": 0.15754760028207573, "sfT": 0.0, "roll-in": 0.257725971709462, "bad-redirect": 0.001244451818973742, "dsfb": 0.0, "sfb": 0.019620857012486, "redirect": 0.02592607956195296, "dsfb-alt": 0.05073215248682955, "oneh-in": 0.009043016551209192, "oneh-out": 0.005268179366988842, "dsfb-red": 0.011614883643754926, "alternate": 0.3526776454971585}, "mt-quotes": {"unknown": 0.007995063410669249, "sft": 0.0, "sfR": 0.0964592223377679, "roll-out": 0.1724324954279772, "sfT": 1.6435376101170198e-05, "roll-in": 0.25802793416287156, "bad-redirect": 0.0021276341425514878, "dsfb": 0.0, "sfb": 0.015594183669810305, "redirect": 0.023985190232007746, "dsfb-alt": 0.047006669774446876, "oneh-in": 0.005671698880003825, "oneh-out": 0.02613822450126104, "dsfb-red": 0.010243721686329353, "alternate": 0.33430152639820226}, "wordle": {"unknown": 0.0, "sft": 0.0, "sfR": 0.13138112868843263, "roll-out": 0.19151800740491418, "sfT": 0.0001795130707954673, "roll-in": 0.19605071244249972, "bad-redirect": 0.0031863570066195447, "dsfb": 0.0, "sfb": 0.039560192976551105, "redirect": 0.028968921799618536, "dsfb-alt": 0.06096712666891058, "oneh-in": 0.0024234264557388085, "oneh-out": 0.009424436216762033, "dsfb-red": 0.016874228654773924, "alternate": 0.3194659486143835}, "english-1k": {"unknown": 0.0, "sft": 0.0, "sfR": 0.10832745236414962, "roll-out": 0.17925194071983064, "sfT": 0.0, "roll-in": 0.27699364855328157, "bad-redirect": 0.0, "dsfb": 0.0, "sfb": 0.017290049400141144, "redirect": 0.027522935779816515, "dsfb-alt": 0.04693013408609739, "oneh-in": 0.009174311926605505, "oneh-out": 0.0077628793225123505, "dsfb-red": 0.010938602681721948, "alternate": 0.3158080451658433}, "english-10k": {"unknown": 0.0, "sft": 0.0, "sfR": 0.10567144593890508, "roll-out": 0.16163331467937708, "sfT": 7.718878446961657e-05, "roll-in": 0.25281256633411164, "bad-redirect": 0.0035699812817197663, "dsfb": 0.0, "sfb": 0.02035854190386137, "redirect": 0.025510893267208276, "dsfb-alt": 0.05165859400629089, "oneh-in": 0.00810482236930974, "oneh-out": 0.006020725188630092, "dsfb-red": 0.010787132629628915, "alternate": 0.3537947936164875}, "reddit": {"unknown": 0.04519937363713543, "sft": 0.0, "sfR": 0.10397777127267367, "roll-out": 0.16120224811902917, "sfT": 0.00010866395587366889, "roll-in": 0.24418925957369345, "bad-redirect": 0.002230251843045198, "dsfb": 0.0, "sfb": 0.016599964377999987, "redirect": 0.024192956620382414, "dsfb-alt": 0.04671849648939758, "oneh-in": 0.005767842323768021, "oneh-out": 0.01829790892117593, "dsfb-red": 0.009763199851968303, "alternate": 0.32175206301385717}, "akl": {"unknown": 0.13920166722946467, "sft": 0.0, "sfR": 0.13064861186637447, "roll-out": 0.13793458726555852, "sfT": 0.0001507163734537272, "roll-in": 0.2021137205441217, "bad-redirect": 0.0021204558364829144, "dsfb": 0.0, "sfb": 0.020862160413464923, "redirect": 0.020318024890092556, "dsfb-alt": 0.04040523136038106, "oneh-in": 0.005383514736960519, "oneh-out": 0.015984855030491282, "dsfb-red": 0.01053050359800751, "alternate": 0.2743459508551462}, "french": {"unknown": 0.15842537463172957, "sft": 0.0, "sfR": 0.10898279115633469, "roll-out": 0.18094820144753623, "sfT": 5.717069511070552e-05, "roll-in": 0.16893407051768528, "bad-redirect": 0.0034211177670924312, "dsfb": 0.0, "sfb": 0.046890157640850666, "redirect": 0.01786296570913393, "dsfb-alt": 0.036634325222420744, "oneh-in": 0.005435246150030856, "oneh-out": 0.011723093738231298, "dsfb-red": 0.008029096767588974, "alternate": 0.2526563885562546}, "keymash": {"unknown": 0.012376186820900362, "sft": 0.0, "sfR": 0.099723742164827, "roll-out": 0.17372636107268496, "sfT": 4.5153583757845434e-05, "roll-in": 0.2547975682742711, "bad-redirect": 0.0022330499603879926, "dsfb": 0.0, "sfb": 0.017527800240545455, "redirect": 0.02427620857671799, "dsfb-alt": 0.04657797408184292, "oneh-in": 0.005677036939736385, "oneh-out": 0.022958544905239048, "dsfb-red": 0.010787601646874347, "alternate": 0.3292927717322146}, "movie": {"unknown": 0.030282373430185833, "sft": 0.0, "sfR": 0.11567713207251198, "roll-out": 0.1689216175637845, "sfT": 2.645116555547645e-05, "roll-in": 0.22790863793736707, "bad-redirect": 0.0015631191267062154, "dsfb": 0.0, "sfb": 0.01613323702126187, "redirect": 0.023314794268493016, "dsfb-alt": 0.05313920722040493, "oneh-in": 0.0035819615684304154, "oneh-out": 0.03497725791952502, "dsfb-red": 0.010920646634931409, "alternate": 0.3135535640708423}, "dutch": {"unknown": 0.07360268279108878, "sft": 0.0, "sfR": 0.18880787437283908, "roll-out": 0.17383705978869132, "sfT": 0.00021585090099910027, "roll-in": 0.18841952923130076, "bad-redirect": 0.0014465668248963626, "dsfb": 0.0, "sfb": 0.03720451530391495, "redirect": 0.01820780707498217,