{"english-450k": {"dsfb": 0.0, "oneh-out": 0.006506164704341517, "dsfb-red": 0.021414359226826156, "sfb": 0.022915556969211853, "oneh-in": 0.007622634846146965, "dsfb-alt": 0.034804984619666364, "alternate": 0.326363312656661, "bad-redirect": 0.002412440851054873, "sfT": 0.00013535629108560424, "sft": 0.0, "unknown": 0.00015377410175167997, "roll-out": 0.2080174776252835, "sfR": 0.11369548401129392, "redirect": 0.061022007237322554, "roll-in": 0.194936446859354}, "shai": {"dsfb": 0.0, "oneh-out": 0.007209360165690653, "dsfb-red": 0.021327837404435737, "sfb": 0.011845386147590144, "oneh-in": 0.007393831590152813, "dsfb-alt": 0.028471919255221877, "alternate": 0.3530097421285948, "bad-redirect": 0.001135875964854211, "sfT": 4.080572003072795e-05, "sft": 0.0, "unknown": 0.023260762136131256, "roll-out": 0.20919463991729093, "sfR": 0.09823378925716947, "redirect": 0.05524346342138565, "roll-in": 0.18363258689145176}, "tr-quotes": {"dsfb": 0.0, "oneh-out": 0.008204849633619195, "dsfb-red": 0.02092069069138485, "sfb": 0.008162085943459466, "oneh-in": 0.00860474792538314, "dsfb-alt": 0.02829916090705254, "alternate": 0.3581643974942789, "bad-redirect": 0.0009188414507292943, "sfT": 2.080395737500289e-05, "sft": 0.0, "unknown": 0.013835787429786644, "roll-out": 0.22030581817341255, "sfR": 0.09677191928064538, "redirect": 0.049511107001687434, "roll-in": 0.1862797901111856}, "gutenberg": {"dsfb": 0.0, "oneh-out": 0.007274372272820785, "dsfb-red": 0.01801884744391061, "sfb": 0.009074968847121868, "oneh-in": 0.00842103308967975, "dsfb-alt": 0.029613514874386366, "alternate": 0.36765056340392127, "bad-redirect": 0.0015975203483515022, "sfT": 0.00016821985880898066, "sft": 0.0, "unknown": 0.032975828246008664, "roll-out": 0.20404216408028633, "sfR": 0.09863878308844841, "redirect": 0.044708216214045374, "roll-in": 0.17781596823221008}, "english-200": {"dsfb": 0.0, "oneh-out": 0.0022271714922048997, "dsfb-red": 0.013363028953229399, "sfb": 0.0, "oneh-in": 0.013363028953229399, "dsfb-alt": 0.028953229398663696, "alternate": 0.36971046770601335, "bad-redirect": 0.0, "sfT": 0.0, "sft": 0.0, "unknown": 0.0, "roll-out": 0.24721603563474387, "sfR": 0.10690423162583519, "redirect": 0.044543429844097995, "roll-in": 0.17371937639198218}, "monkeyracer": {"dsfb": 0.0, "oneh-out": 0.008333398501650062, "dsfb-red": 0.02093075996684236, "sfb": 0.008099770086178583, "oneh-in": 0.00862665592692807, "dsfb-alt": 0.02809406134163317, "alternate": 0.3575511831959585, "bad-redirect": 0.0009423338598933325, "sfT": 1.8572970267607176e-05, "sft": 0.0, "unknown": 0.013436077701487402, "roll-out": 0.22094796440245867, "sfR": 0.09690789370786869, "redirect": 0.04944026932761938, "roll-in": 0.18667105901121417}, "chained-bigrams": {"dsfb": 0.0, "oneh-out": 0.007245591058814668, "dsfb-red": 0.02094527075681007, "sfb": 0.013342562117356628, "oneh-in": 0.007784513953233181, "dsfb-alt": 0.03995431492186592, "alternate": 0.3494187749048931, "bad-redirect": 0.0031958776943709828, "sfT": 3.2465234603524814e-05, "sft": 0.0, "unknown": 0.022916559801936097, "roll-out": 0.1912325686039105, "sfR": 0.11914286586209158, "redirect": 0.04910626455659957, "roll-in": 0.17568237053351418}, "english-5k": {"dsfb": 0.0, "oneh-out": 0.004853362093997594, "dsfb-red": 0.020574936740365868, "sfb": 0.014435641100095408, "oneh-in": 0.008918571369311817, "dsfb-alt": 0.03422242502177791, "alternate": 0.3289915792093583, "bad-redirect": 0.0021155680922553613, "sfT": 0.0, "sft": 0.0, "unknown": 0.002157049819554486, "roll-out": 0.20570788567635956, "sfR": 0.10644211224955408, "redirect": 0.07018708259011905, "roll-in": 0.20139378603725058}, "mt-quotes": {"dsfb": 0.0, "oneh-out": 0.008549383822808716, "dsfb-red": 0.02116278791790679, "sfb": 0.00707767059920393, "oneh-in": 0.008758561336823609, "dsfb-alt": 0.027892327368785934, "alternate": 0.36159470960184553, "bad-redirect": 0.0008740631835622333, "sfT": 5.9765004004255265e-06, "sft": 0.0, "unknown": 0.007977133909467972, "roll-out": 0.22267245191905427, "sfR": 0.0964592223377679, "redirect": 0.04917464529470123, "roll-in": 0.18780106620767142}, "wordle": {"dsfb": 0.0, "oneh-out": 0.011511275664759341, "dsfb-red": 0.023695725345001684, "sfb": 0.02650061707618086, "oneh-in": 0.0061707618085941884, "dsfb-alt": 0.04090654100751711, "alternate": 0.32227084034556264, "bad-redirect": 0.0010770784247728037, "sfT": 0.0002019522046449007, "sft": 0.0, "unknown": 0.0, "roll-out": 0.2095366318860092, "sfR": 0.13138112868843263, "redirect": 0.04920902053180747, "roll-in": 0.17753842701671715}, "english-1k": {"dsfb": 0.0, "oneh-out": 0.0067043048694424845, "dsfb-red": 0.015525758645024701, "sfb": 0.010232886379675371, "oneh-in": 0.011291460832745237, "dsfb-alt": 0.031051517290049402, "alternate": 0.3705010585744531, "bad-redirect": 0.0, "sfT": 0.0, "sft": 0.0, "unknown": 0.0, "roll-out": 0.20995059985885675, "sfR": 0.10832745236414962, "redirect": 0.0497529992942837, "roll-in": 0.1866619618913197}, "english-10k": {"dsfb": 0.0, "oneh-out": 0.005190945755581714, "dsfb-red": 0.0232917157137068, "sfb": 0.015032515775457826, "oneh-in": 0.008722332645066671, "dsfb-alt": 0.031242160514077303, "alternate": 0.3238841396345111, "bad-redirect": 0.001370100924335694, "sfT": 7.718878446961657e-05, "sft": 0.0, "unknown": 0.0, "roll-out": 0.21506725072846916, "sfR": 0.10567144593890508, "redirect": 0.0684857490206673, "roll-in": 0.20196445456475173}, "reddit": {"dsfb": 0.0, "oneh-out": 0.007867292879701584, "dsfb-red": 0.023022037881805756, "sfb": 0.011868194105064673, "oneh-in": 0.0074884111445543385, "dsfb-alt": 0.02811680794666514, "alternate": 0.33711765579521435, "bad-redirect": 0.0010701582969013168, "sfT": 0.00015481148901271062, "sft": 0.0, "unknown": 0.039285409944231534, "roll-out": 0.20413039150301054, "sfR": 0.10397777127267367, "redirect": 0.05031511985342165, "roll-in": 0.18558593788774275}, "akl": {"dsfb": 0.0, "oneh-out": 0.005656385495718383, "dsfb-red": 0.018903811155052484, "sfb": 0.019197238638845347, "oneh-in": 0.006136281253356374, "dsfb-alt": 0.02805938610552671, "alternate": 0.2841522993401118, "bad-redirect": 0.0009369369832358672, "sfT": 0.00023143610985919063, "sft": 0.0, "unknown": 0.13277008071454782, "roll-out": 0.16732467541067061, "sfR": 0.13064861186637447, "redirect": 0.0428520004991924, "roll-in": 0.16313085642750852}, "french": {"dsfb": 0.0, "oneh-out": 0.016883887591686415, "dsfb-red": 0.015244035494192343, "sfb": 0.044712951947566325, "oneh-in": 0.0021216830003911906, "dsfb-alt": 0.030245320261739306, "alternate": 0.2553178522102474, "bad-redirect": 0.0018785277641105958, "sfT": 5.167236043941912e-05, "sft": 0.0, "unknown": 0.15807953387545715, "roll-out": 0.20721169366041864, "sfR": 0.10898279115633469, "redirect": 0.053915740912657335, "roll-in": 0.10535430976475922}, "keymash": {"dsfb": 0.0, "oneh-out": 0.008250791213933574, "dsfb-red": 0.02083632646862031, "sfb": 0.00895682906905625, "oneh-in": 0.008673592952757037, "dsfb-alt": 0.028253828818659104, "alternate": 0.35650396325319256, "bad-redirect": 0.0010508470401825846, "sfT": 2.462922750427933e-05, "sft": 0.0, "unknown": 0.01232282349464109, "roll-out": 0.2217738790622832, "sfR": 0.099723742164827, "redirect": 0.0487740802009745, "roll-in": 0.1848546670333685}, "movie": {"dsfb": 0.0, "oneh-out": 0.010217387785536056, "dsfb-red": 0.025652235077430193, "sfb": 0.007956010527300696, "oneh-in": 0.008072211418770774, "dsfb-alt": 0.029450675090332046, "alternate": 0.3293855736395843, "bad-redirect": 0.0008332775139168004, "sfT": 1.5396947114381815e-05, "sft": 0.0, "unknown": 0.030236445784519856, "roll-out": 0.21565029927322463, "sfR": 0.11567713207251198, "redirect": 0.047647629416275414, "roll-in": 0.17920572545348287}, "dutch": {"dsfb": 0.0, "oneh-out": 0.007828046839107592, "dsfb-red": 0.015607949495694618, "sfb": 0.02319084651602337, "oneh-in": 0.006271797345876665, "dsfb-alt": 0.026602072534437794, "alternate": 0.25098207856563975, "bad-redirect": 0.0008459390104116591, "sfT": 4.382286110996852e-05,