{"english-450k": {"sfT": 3.2158082115370336e-05, "roll-out": 0.16746350496199208, "sft": 0.0, "dsfb-red": 0.006390103262525135, "alternate": 0.37937474163904483, "sfR": 0.11369548401129392, "oneh-in": 0.005066652010377121, "redirect": 0.02632372898103901, "bad-redirect": 0.00433023192993514, "dsfb-alt": 0.04406125003727414, "oneh-out": 0.0063366039077332, "roll-in": 0.21711850721013434, "dsfb": 0.0, "sfb": 0.029653259864784034, "unknown": 0.00015377410175167997}, "shai": {"sfT": 3.847573393014005e-05, "roll-out": 0.1658818703239656, "sft": 0.0, "dsfb-red": 0.005019896997584555, "alternate": 0.3479896670922052, "sfR": 0.09823378925716947, "oneh-in": 0.006332921573441936, "redirect": 0.023661395892350615, "bad-redirect": 0.003898066746283556, "dsfb-alt": 0.03230785045855055, "oneh-out": 0.0135895471714588, "roll-in": 0.2663270679671653, "dsfb": 0.0, "sfb": 0.013458688649762992, "unknown": 0.023260762136131256}, "tr-quotes": {"sfT": 1.271352950694621e-05, "roll-out": 0.17019601950948893, "sft": 0.0, "dsfb-red": 0.005723399828945239, "alternate": 0.3536869235570144, "sfR": 0.09677191928064538, "oneh-in": 0.004858879822472897, "redirect": 0.022520283858440626, "bad-redirect": 0.0034164721111393636, "dsfb-alt": 0.03021890386260142, "oneh-out": 0.023406763597697694, "roll-in": 0.26343011026097407, "dsfb": 0.0, "sfb": 0.011921823351286378, "unknown": 0.013835787429786644}, "gutenberg": {"sfT": 9.092965341025981e-06, "roll-out": 0.1773105509086714, "sft": 0.0, "dsfb-red": 0.004651620082268604, "alternate": 0.3330414112585308, "sfR": 0.09863878308844841, "oneh-in": 0.0049772619035440965, "redirect": 0.018507026020656944, "bad-redirect": 0.004060009024768101, "dsfb-alt": 0.030117795577257432, "oneh-out": 0.014312327446774896, "roll-in": 0.26988584160887896, "dsfb": 0.0, "sfb": 0.011512451868850646, "unknown": 0.032975828246008664}, "english-200": {"sfT": 0.0, "roll-out": 0.17817371937639198, "sft": 0.0, "dsfb-red": 0.0022271714922048997, "alternate": 0.3518930957683742, "sfR": 0.10690423162583519, "oneh-in": 0.0022271714922048997, "redirect": 0.0200445434298441, "bad-redirect": 0.004454342984409799, "dsfb-alt": 0.024498886414253896, "oneh-out": 0.015590200445434299, "roll-in": 0.28507795100222716, "dsfb": 0.0, "sfb": 0.008908685968819599, "unknown": 0.0}, "monkeyracer": {"sfT": 1.4662871263900401e-05, "roll-out": 0.17052039507640335, "sft": 0.0, "dsfb-red": 0.005670621080125749, "alternate": 0.3537808702316343, "sfR": 0.09690789370786869, "oneh-in": 0.004856342962603813, "redirect": 0.02246547382579727, "bad-redirect": 0.003424269202496207, "dsfb-alt": 0.030194762031374636, "oneh-out": 0.023985524813488278, "roll-in": 0.26290723681123607, "dsfb": 0.0, "sfb": 0.011835869684220405, "unknown": 0.013436077701487402}, "chained-bigrams": {"sfT": 5.1295070673569206e-05, "roll-out": 0.15267620668407236, "sft": 0.0, "dsfb-red": 0.012648455401533268, "alternate": 0.3530035861098143, "sfR": 0.11914286586209158, "oneh-in": 0.010020719312723969, "redirect": 0.031170521047536245, "bad-redirect": 0.005567138429812436, "dsfb-alt": 0.04874070601496388, "oneh-out": 0.006430713670266195, "roll-in": 0.2230381096402917, "dsfb": 0.0, "sfb": 0.014593122954284405, "unknown": 0.022916559801936097}, "english-5k": {"sfT": 0.0, "roll-out": 0.17227361347326503, "sft": 0.0, "dsfb-red": 0.005641514912680964, "alternate": 0.36566142614178454, "sfR": 0.10644211224955408, "oneh-in": 0.0029866843655369808, "redirect": 0.02679719583523458, "bad-redirect": 0.005600033185381839, "dsfb-alt": 0.03783133529680176, "oneh-out": 0.007466710913842453, "roll-in": 0.25150371261459326, "dsfb": 0.0, "sfb": 0.015638611191770024, "unknown": 0.002157049819554486}, "mt-quotes": {"sfT": 7.470625500531909e-06, "roll-out": 0.17088159357406676, "sft": 0.0, "dsfb-red": 0.005761346386010208, "alternate": 0.35646836638338053, "sfR": 0.0964592223377679, "oneh-in": 0.004878318451847336, "redirect": 0.022095121980373174, "bad-redirect": 0.0032990282210348908, "dsfb-alt": 0.030027432136837954, "oneh-out": 0.025637692592725404, "roll-in": 0.2655120067893045, "dsfb": 0.0, "sfb": 0.010995266611682862, "unknown": 0.007977133909467972}, "wordle": {"sfT": 8.975653539773365e-05, "roll-out": 0.17599012678110626, "sft": 0.0, "dsfb-red": 0.007943453382699427, "alternate": 0.3565353977336475, "sfR": 0.13138112868843263, "oneh-in": 0.013104454168069112, "redirect": 0.02019522046449007, "bad-redirect": 0.0028048917311791766, "dsfb-alt": 0.05008414675193538, "oneh-out": 0.006125883540895321, "roll-in": 0.2088634578705262, "dsfb": 0.0, "sfb": 0.026882082351621227, "unknown": 0.0}, "english-1k": {"sfT": 0.0, "roll-out": 0.20042342978122796, "sft": 0.0, "dsfb-red": 0.00529287226534933, "alternate": 0.34368383909668315, "sfR": 0.10832745236414962, "oneh-in": 0.003175723359209598, "redirect": 0.025405786873676783, "bad-redirect": 0.003175723359209598, "dsfb-alt": 0.02893436838390967, "oneh-out": 0.011291460832745237, "roll-in": 0.25970359915314045, "dsfb": 0.0, "sfb": 0.01058574453069866, "unknown": 0.0}, "english-10k": {"sfT": 1.929719611740414e-05, "roll-out": 0.164971729607688, "sft": 0.0, "dsfb-red": 0.0056154840701646055, "alternate": 0.3692325505104108, "sfR": 0.10567144593890508, "oneh-in": 0.007815364427548677, "redirect": 0.02543370448273866, "bad-redirect": 0.00414889716524189, "dsfb-alt": 0.03706991374153336, "oneh-out": 0.006908396210030683, "roll-in": 0.2571930298527624, "dsfb": 0.0, "sfb": 0.015920186796858415, "unknown": 0.0}, "reddit": {"sfT": 7.723718614667536e-05, "roll-out": 0.16374624325555864, "sft": 0.0, "dsfb-red": 0.005040344443389394, "alternate": 0.342043043437302, "sfR": 0.10397777127267367, "oneh-in": 0.005188076481295547, "redirect": 0.02273473952208461, "bad-redirect": 0.0035505507457115476, "dsfb-alt": 0.032513559115383256, "oneh-out": 0.017737920592905902, "roll-in": 0.2506331332920178, "dsfb": 0.0, "sfb": 0.013471970711299422, "unknown": 0.039285409944231534}, "akl": {"sfT": 0.00012929488234153354, "roll-out": 0.13713341855644204, "sft": 0.0, "dsfb-red": 0.006809859904683507, "alternate": 0.2942961783788072, "sfR": 0.13064861186637447, "oneh-in": 0.006502102011611437, "redirect": 0.020131358955429782, "bad-redirect": 0.0034080431102196497, "dsfb-alt": 0.02856151870514968, "oneh-out": 0.016111876813429907, "roll-in": 0.2075835142279839, "dsfb": 0.0, "sfb": 0.015914141872979057, "unknown": 0.13277008071454782}, "french": {"sfT": 1.8772243441748957e-05, "roll-out": 0.18974523728482764, "sft": 0.0, "dsfb-red": 0.006128126209642992, "alternate": 0.258830523991444, "sfR": 0.10898279115633469, "oneh-in": 0.00301025583241843, "redirect": 0.020230171076263653, "bad-redirect": 0.005345999339031256, "dsfb-alt": 0.03196225391749978, "oneh-out": 0.008943603161785142, "roll-in": 0.1733982238701046, "dsfb": 0.0, "sfb": 0.03532450804174893, "unknown": 0.15807953387545715}, "keymash": {"sfT": 0.0, "roll-out": 0.174083484871497, "sft": 0.0, "dsfb-red": 0.005611358999724973, "alternate": 0.35140160828855604, "sfR": 0.099723742164827, "oneh-in": 0.005217291359656504, "redirect": 0.023360822287808943, "bad-redirect": 0.003501455176858378, "dsfb-alt": 0.030285740087762147, "oneh-out": 0.022773825698956952, "roll-in": 0.26050744418401317, "dsfb": 0.0, "sfb": 0.011210403385697808, "unknown": 0.01232282349464109}, "movie": {"sfT": 1.3291381697030455e-05, "roll-out": 0.16933246601584517, "sft": 0.0, "dsfb-red": 0.005942300401281289, "alternate": 0.34377053337525165, "sfR": 0.11567713207251198, "oneh-in": 0.0034591807850311144, "redirect": 0.022034347299066222, "bad-redirect": 0.002453115309052918, "dsfb-alt": 0.03059031237247347, "oneh-out": 0.03426465562359018, "roll-in": 0.22983786225101524, "dsfb": 0.0, "sfb": 0.01238835732866389, "unknown": 0.030236445784519856}, "dutch": {"sfT": 5.198137248682436e-05, "roll-out": 0.16651080622624595, "sft": 0.0, "dsfb-red": 0.006140006008250532, "alternate": 0.28712340535619363, "sfR": 0.18880787437283908, "oneh-in": 0.0030546004518775317, "redirect": 0.017989571378349837,