{"english-450k": {"alternate": 0.3562443102120621, "sft": 0.0, "dsfb": 0.0, "sfb": 0.02140617353319679, "dsfb-alt": 0.043344124806101385, "oneh-in": 0.0069689487406018, "roll-out": 0.16670048137725466, "sfR": 0.11369548401129392, "sfT": 3.157338971327269e-05, "unknown": 0.00015377410175167997, "roll-in": 0.2386106305264395, "bad-redirect": 0.0030474167997329125, "dsfb-red": 0.009594802318422312, "redirect": 0.03520842237711374, "oneh-out": 0.0049938578063159645}, "shai": {"alternate": 0.3064459916962701, "sft": 0.0, "dsfb": 0.0, "sfb": 0.012422220264655458, "dsfb-alt": 0.03697725484598405, "oneh-in": 0.005735767810150565, "roll-out": 0.2219947785088894, "sfR": 0.09823378925716947, "sfT": 3.10484194334155e-05, "unknown": 0.023260762136131256, "roll-in": 0.2306413453169447, "bad-redirect": 0.0013071802585618861, "dsfb-red": 0.010076938308470344, "redirect": 0.03846187786661828, "oneh-out": 0.014411045310721063}, "tr-quotes": {"alternate": 0.30977208108920273, "sft": 0.0, "dsfb": 0.0, "sfb": 0.008491481935230347, "dsfb-alt": 0.035459189570282705, "oneh-in": 0.005685259240424401, "roll-out": 0.2313897043526502, "sfR": 0.09677191928064538, "sfT": 8.09042786805668e-06, "unknown": 0.013835787429786644, "roll-in": 0.2229109359469268, "bad-redirect": 0.001099142414645986, "dsfb-red": 0.010683987887473706, "redirect": 0.03876470724208872, "oneh-out": 0.025127713182774323}, "gutenberg": {"alternate": 0.29448572271835716, "sft": 0.0, "dsfb": 0.0, "sfb": 0.010156273975592208, "dsfb-alt": 0.035253994937491547, "oneh-in": 0.005619831454309933, "roll-out": 0.2470348408333248, "sfR": 0.09863878308844841, "sfT": 1.761762034823784e-05, "unknown": 0.032975828246008664, "roll-in": 0.2176107627368765, "bad-redirect": 0.0015719463833298666, "dsfb-red": 0.007897429835459003, "redirect": 0.03264355613750534, "oneh-out": 0.01609341203294836}, "english-200": {"alternate": 0.28507795100222716, "sft": 0.0, "dsfb": 0.0, "sfb": 0.0, "dsfb-alt": 0.035634743875278395, "oneh-in": 0.0066815144766146995, "roll-out": 0.21603563474387527, "sfR": 0.10690423162583519, "sfT": 0.0, "unknown": 0.0, "roll-in": 0.27616926503340755, "bad-redirect": 0.0, "dsfb-red": 0.015590200445434299, "redirect": 0.042316258351893093, "oneh-out": 0.015590200445434299}, "monkeyracer": {"alternate": 0.30929860644071505, "sft": 0.0, "dsfb": 0.0, "sfb": 0.008339263650155622, "dsfb-alt": 0.03537075558753148, "oneh-in": 0.005736115238437837, "roll-out": 0.23191188200885246, "sfR": 0.09690789370786869, "sfT": 6.842673256486854e-06, "unknown": 0.013436077701487402, "roll-in": 0.2226879584591082, "bad-redirect": 0.00109385019628697, "dsfb-red": 0.010659907408855591, "redirect": 0.038777429344511005, "oneh-out": 0.0257734175829332}, "chained-bigrams": {"alternate": 0.3200033244400234, "sft": 0.0, "dsfb": 0.0, "sfb": 0.013799023315882187, "dsfb-alt": 0.043467702610659374, "oneh-in": 0.007564399662621282, "roll-out": 0.20587309080071606, "sfR": 0.11914286586209158, "sfT": 2.9868015835242832e-05, "unknown": 0.022916559801936097, "roll-in": 0.1876698337585197, "bad-redirect": 0.004048414755059545, "dsfb-red": 0.018873339484413117, "redirect": 0.048332942668343606, "oneh-out": 0.008278634823898828}, "english-5k": {"alternate": 0.33131455593810927, "sft": 0.0, "dsfb": 0.0, "sfb": 0.01700750819264114, "dsfb-alt": 0.037043182478118386, "oneh-in": 0.008005973368731075, "roll-out": 0.17816401874974075, "sfR": 0.10644211224955408, "sfT": 0.0, "unknown": 0.002157049819554486, "roll-in": 0.2629941510764508, "bad-redirect": 0.0018251960011614883, "dsfb-red": 0.010909694279669806, "redirect": 0.038329116024391256, "oneh-out": 0.005807441821877463}, "mt-quotes": {"alternate": 0.31012807640358114, "sft": 0.0, "dsfb": 0.0, "sfb": 0.007333165991322122, "dsfb-alt": 0.035452600375324224, "oneh-in": 0.00569859313180574, "roll-out": 0.23610463656901065, "sfR": 0.0964592223377679, "sfT": 0.0, "unknown": 0.007977133909467972, "roll-in": 0.22234523852213098, "bad-redirect": 0.0009771578154695736, "dsfb-red": 0.01070391221716212, "redirect": 0.03917446599968922, "oneh-out": 0.02764579672726838}, "wordle": {"alternate": 0.32711769325704027, "sft": 0.0, "dsfb": 0.0, "sfb": 0.025086951643666554, "dsfb-alt": 0.051408055649051945, "oneh-in": 0.003231235274318411, "roll-out": 0.19699315606417592, "sfR": 0.13138112868843263, "sfT": 0.00013463480309660046, "unknown": 0.0, "roll-in": 0.20329855267586672, "bad-redirect": 0.0029844048019746438, "dsfb-red": 0.01386738471894985, "redirect": 0.03412992258498822, "oneh-out": 0.010366879838438236}, "english-1k": {"alternate": 0.3108680310515173, "sft": 0.0, "dsfb": 0.0, "sfb": 0.010232886379675371, "dsfb-alt": 0.030698659139026113, "oneh-in": 0.009880028228652082, "roll-out": 0.19724770642201836, "sfR": 0.10832745236414962, "sfT": 0.0, "unknown": 0.0, "roll-in": 0.27875793930839804, "bad-redirect": 0.0007057163020465773, "dsfb-red": 0.010938602681721948, "redirect": 0.03458009880028229, "oneh-out": 0.0077628793225123505}, "english-10k": {"alternate": 0.3351344049709577, "sft": 0.0, "dsfb": 0.0, "sfb": 0.015514945678392929, "dsfb-alt": 0.03847860905810386, "oneh-in": 0.007680284054726848, "roll-out": 0.17842187530151868, "sfR": 0.10567144593890508, "sfT": 0.0, "unknown": 0.0, "roll-in": 0.26201732888211343, "bad-redirect": 0.0014279925126879063, "dsfb-red": 0.01057486347233747, "redirect": 0.038787364195982325, "oneh-out": 0.00629088593427375}, "reddit": {"alternate": 0.2996569088232248, "sft": 0.0, "dsfb": 0.0, "sfb": 0.012516469556393727, "dsfb-alt": 0.03773736996893095, "oneh-in": 0.004494852134051841, "roll-out": 0.2160600532232385, "sfR": 0.10397777127267367, "sfT": 0.00012728029026498684, "unknown": 0.039285409944231534, "roll-in": 0.21893543409489874, "bad-redirect": 0.0011415895839923496, "dsfb-red": 0.010299814754362712, "redirect": 0.03702399353335217, "oneh-out": 0.018743052820384024}, "akl": {"alternate": 0.2854313583432739, "sft": 0.0, "dsfb": 0.0, "sfb": 0.018171925777318326, "dsfb-alt": 0.038177139847228245, "oneh-in": 0.004050692952121382, "roll-out": 0.20087235305101772, "sfR": 0.11790358951788564, "sfT": 0.00017564030649512278, "unknown": 0.06665478384099267, "roll-in": 0.20348930068641594, "bad-redirect": 0.001474201443757124, "dsfb-red": 0.01155527353979712, "redirect": 0.033378597110379306, "oneh-out": 0.018665143583317504}, "french": {"alternate": 0.24468838772542179, "sft": 0.0, "dsfb": 0.0, "sfb": 0.045469939293441224, "dsfb-alt": 0.028523922018153104, "oneh-in": 0.005218084403272555, "roll-out": 0.1847802710403327, "sfR": 0.10898279115633469, "sfT": 3.222593427230807e-05, "unknown": 0.15807953387545715, "roll-in": 0.17503212817777714, "bad-redirect": 0.0019087011865301347, "dsfb-red": 0.010260686534052528, "redirect": 0.026391227366580998, "oneh-out": 0.010632101288373675}, "keymash": {"alternate": 0.3087027375386371, "sft": 0.0, "dsfb": 0.0, "sfb": 0.008640753982751331, "dsfb-alt": 0.03533473172613941, "oneh-in": 0.006025950996047009, "roll-out": 0.23339887444430304, "sfR": 0.099723742164827, "sfT": 4.104871250713221e-06, "unknown": 0.01232282349464109, "roll-in": 0.22213100286109527, "bad-redirect": 0.0011206298514447094, "dsfb-red": 0.010418163234310156, "redirect": 0.03794542984159302, "oneh-out": 0.024231054992960147}, "movie": {"alternate": 0.30011939871894766, "sft": 0.0, "dsfb": 0.0, "sfb": 0.008615578894286009, "dsfb-alt": 0.04118854430287295, "oneh-in": 0.004754761505895122, "roll-out": 0.21480557274735096, "sfR": 0.11567713207251198, "sfT": 6.1850984134696174e-06, "unknown": 0.030236445784519856, "roll-in": 0.20076697852283795, "bad-redirect": 0.0008078791310699996, "dsfb-red": 0.011983562377178092, "redirect": 0.03538718518671562, "oneh-out": 0.03565077565740029}, "dutch": {"alternate": 0.25412419922417756, "sft": 0.0, "dsfb": 0.0, "sfb": 0.021707145016266638, "dsfb-alt": 0.03461261899726767, "oneh-in": 0.005272908660641753, "roll-out": 0.19783260448838622, "sfR": 0.18880787437283908, "sfT": 4.922003017465777e-05, "unknown": 0.07290361491625476,