{"english-450k": {"sfb": 0.03638891633694888, "bad-redirect": 0.004236388799398468, "oneh-out": 0.0015003207037825505, "redirect": 0.010620937484103676, "oneh-in": 0.012236150244898412, "dsfb-red": 0.006008591470156423, "alternate": 0.3694644977696908, "sfT": 9.76436311503063e-05, "dsfb-alt": 0.061381008372210506, "unknown": 0.00015377410175167997, "sft": 0.0, "roll-out": 0.1081055323010394, "roll-in": 0.27611075477357494, "dsfb": 0.0, "sfR": 0.11369548401129392}, "shai": {"sfb": 0.0276547753258652, "bad-redirect": 0.006812000775320292, "oneh-out": 0.0016666599579580714, "redirect": 0.008524141907145486, "oneh-in": 0.018026529639745444, "dsfb-red": 0.005973081926026889, "alternate": 0.3144916233516316, "sfT": 6.313797883536613e-05, "dsfb-alt": 0.061242426771091325, "unknown": 0.023621906111313578, "sft": 0.0, "roll-out": 0.10576685880408083, "roll-in": 0.32792306819381645, "dsfb": 0.0, "sfR": 0.09823378925716947}, "tr-quotes": {"sfb": 0.03214558147060863, "bad-redirect": 0.008393241025403944, "oneh-out": 0.0016839647719655117, "redirect": 0.00736806823698019, "oneh-in": 0.026238413351517532, "dsfb-red": 0.0067173666813064884, "alternate": 0.29907306812140266, "sfT": 4.160791475000578e-05, "dsfb-alt": 0.06532442615750907, "unknown": 0.01476965396084233, "sft": 0.0, "roll-out": 0.09711634035274265, "roll-in": 0.34435634867432563, "dsfb": 0.0, "sfR": 0.09677191928064538}, "gutenberg": {"sfb": 0.024079687717260306, "bad-redirect": 0.007668969081265725, "oneh-out": 0.0012101221374682077, "redirect": 0.007727694482426518, "oneh-in": 0.020624929198004245, "dsfb-red": 0.007636954265794197, "alternate": 0.279672713867492, "sfT": 0.00010589515886736508, "dsfb-alt": 0.05484327327050852, "unknown": 0.03802431837805746, "sft": 0.0, "roll-out": 0.1036399140260127, "roll-in": 0.35612674532839433, "dsfb": 0.0, "sfR": 0.09863878308844841}, "english-200": {"sfb": 0.024498886414253896, "bad-redirect": 0.004454342984409799, "oneh-out": 0.0, "redirect": 0.004454342984409799, "oneh-in": 0.0200445434298441, "dsfb-red": 0.004454342984409799, "alternate": 0.2962138084632517, "sfT": 0.0, "dsfb-alt": 0.066815144766147, "unknown": 0.0, "sft": 0.0, "roll-out": 0.10022271714922049, "roll-in": 0.37193763919821826, "dsfb": 0.0, "sfR": 0.10690423162583519}, "monkeyracer": {"sfb": 0.032179137275755824, "bad-redirect": 0.008275724541345387, "oneh-out": 0.001712623363623567, "redirect": 0.0073509861269687345, "oneh-in": 0.026661987581525565, "dsfb-red": 0.006758606127907158, "alternate": 0.29825550932949624, "sfT": 4.789871279540798e-05, "dsfb-alt": 0.06537392276772448, "unknown": 0.014352018393105714, "sft": 0.0, "roll-out": 0.0970809155887827, "roll-in": 0.34504277648310056, "dsfb": 0.0, "sfR": 0.09690789370786869}, "chained-bigrams": {"sfb": 0.026476697428558627, "bad-redirect": 0.0068287374465054096, "oneh-out": 0.0016148207691793243, "redirect": 0.01874867298353558, "oneh-in": 0.015024261269819214, "dsfb-red": 0.010331736260225738, "alternate": 0.3154523478533013, "sfT": 0.00012921163372202877, "dsfb-alt": 0.0643876504844787, "unknown": 0.02365222201805197, "sft": 0.0, "roll-out": 0.09007284549340339, "roll-in": 0.3081379304971272, "dsfb": 0.0, "sfR": 0.11914286586209158}, "english-5k": {"sfb": 0.02654830547143983, "bad-redirect": 0.003484465093126478, "oneh-out": 0.0006637076367859958, "redirect": 0.008960053096610942, "oneh-in": 0.014477122827394533, "dsfb-red": 0.005558551458082714, "alternate": 0.3618865889575642, "sfT": 0.0, "dsfb-alt": 0.059526278674243996, "unknown": 0.002157049819554486, "sft": 0.0, "roll-out": 0.11295474343551666, "roll-in": 0.2973410212801261, "dsfb": 0.0, "sfR": 0.10644211224955408}, "mt-quotes": {"sfb": 0.03237769091930529, "bad-redirect": 0.008621101827613822, "oneh-out": 0.001757091117725105, "redirect": 0.007113529601606483, "oneh-in": 0.02794312762218955, "dsfb-red": 0.006858034209488292, "alternate": 0.29533026141212754, "sfT": 3.884725260276592e-05, "dsfb-alt": 0.06636604869652526, "unknown": 0.008869126594231481, "sft": 0.0, "roll-out": 0.09642186921026524, "roll-in": 0.3518440491985513, "dsfb": 0.0, "sfR": 0.0964592223377679}, "wordle": {"sfb": 0.050196342421182545, "bad-redirect": 0.007584427241108493, "oneh-out": 0.005048805116122518, "redirect": 0.016425445977785256, "oneh-in": 0.007068327162571525, "dsfb-red": 0.008908336138225064, "alternate": 0.3267362279815999, "sfT": 0.00029170874004263433, "dsfb-alt": 0.06772130595759003, "unknown": 0.0, "sft": 0.0, "roll-out": 0.146258274430607, "roll-in": 0.2323796701447324, "dsfb": 0.0, "sfR": 0.13138112868843263}, "english-1k": {"sfb": 0.02117148906139732, "bad-redirect": 0.0035285815102328866, "oneh-out": 0.0, "redirect": 0.008115737473535639, "oneh-in": 0.019054340155257588, "dsfb-red": 0.0024700070571630206, "alternate": 0.33627381792519406, "sfT": 0.0, "dsfb-alt": 0.06422018348623854, "unknown": 0.0, "sft": 0.0, "roll-out": 0.11256175017642908, "roll-in": 0.32427664079040225, "dsfb": 0.0, "sfR": 0.10832745236414962}, "english-10k": {"sfb": 0.028251095115879664, "bad-redirect": 0.005847050423573454, "oneh-out": 0.001929719611740414, "redirect": 0.008876710214005904, "oneh-in": 0.012909824202543371, "dsfb-red": 0.006329480326508558, "alternate": 0.35337025530190463, "sfT": 1.929719611740414e-05, "dsfb-alt": 0.06072827618147083, "unknown": 0.0, "sft": 0.0, "roll-out": 0.11755851874722603, "roll-in": 0.2985083267401247, "dsfb": 0.0, "sfR": 0.10567144593890508}, "reddit": {"sfb": 0.03277467474323412, "bad-redirect": 0.008590295870488747, "oneh-out": 0.0018078820511005268, "redirect": 0.009220479391212153, "oneh-in": 0.020727471660189345, "dsfb-red": 0.0065056784502070175, "alternate": 0.2922679845682949, "sfT": 0.00010106010098144041, "dsfb-alt": 0.06021627535843467, "unknown": 0.041217688064775854, "sft": 0.0, "roll-out": 0.09783441838095201, "roll-in": 0.3247583200874556, "dsfb": 0.0, "sfR": 0.10397777127267367}, "akl": {"sfb": 0.02984443624206957, "bad-redirect": 0.006188266048396806, "oneh-out": 0.002594372354387167, "redirect": 0.012377693354097273, "oneh-in": 0.019575067291772295, "dsfb-red": 0.0050680480720003244, "alternate": 0.24728005743430378, "sfT": 0.000113531432134406, "dsfb-alt": 0.0517357918254058, "unknown": 0.13295000147380848, "sft": 0.0, "roll-out": 0.09304507435048717, "roll-in": 0.2685790482547625, "dsfb": 0.0, "sfR": 0.13064861186637447}, "french": {"sfb": 0.029717495115134156, "bad-redirect": 0.0036542201898459603, "oneh-out": 0.0013883519772573297, "redirect": 0.0091242541685055, "oneh-in": 0.01252277932337913, "dsfb-red": 0.0052911208651867814, "alternate": 0.26923199486039046, "sfT": 0.0002037679832811074, "dsfb-alt": 0.033348238764299175, "unknown": 0.15822382396052298, "sft": 0.0, "roll-out": 0.12383500663238492, "roll-in": 0.2444761550034778, "dsfb": 0.0, "sfR": 0.10898279115633469}, "keymash": {"sfb": 0.030942519487876262, "bad-redirect": 0.007795150505104408, "oneh-out": 0.0017117313115474133, "redirect": 0.00744213157754307, "oneh-in": 0.02574164761322261, "dsfb-red": 0.007220468530004557, "alternate": 0.2990398706144582, "sfT": 3.694384125641899e-05, "dsfb-alt": 0.06441363966619187, "unknown": 0.013394194891077241, "sft": 0.0, "roll-out": 0.09875499254965868, "roll-in": 0.3437829672472323, "dsfb": 0.0, "sfR": 0.099723742164827}, "movie": {"sfb": 0.03418385455069932, "bad-redirect": 0.0071789252904594595, "oneh-out": 0.0017514356337205775, "redirect": 0.009874443818184952, "oneh-in": 0.03568722825868819, "dsfb-red": 0.009547028395786816, "alternate": 0.2839736599030203, "sfT": 5.658707059131778e-05, "dsfb-alt": 0.06172057067665898, "unknown": 0.030451476652766863, "sft": 0.0, "roll-out": 0.089133979627865, "roll-in": 0.32076367804904626, "dsfb": 0.0, "sfR": 0.11567713207251198}, "dutch": {"sfb": 0.08341782024730224, "bad-redirect": 0.0038601055212896087, "oneh-out": 0.0013890448369909703, "redirect": 0.008913326090966003, "oneh-in": 0.010797458087575361, "dsfb-red": 0.0073934761100318165, "alternate": 0.25225923524660526, "sfT": 0.0002644074917870687,