{"english-450k": {"sfT": 0.00010144413176394097, "roll-in": 0.2292339184739996, "redirect": 0.06404632868717261, "dsfb-alt": 0.03529495685262419, "sft": 0.0, "oneh-in": 0.013682386901486931, "roll-out": 0.23092484890086598, "sfR": 0.11369548401129392, "unknown": 0.0, "sfb": 0.04346866428774818, "oneh-out": 0.024044890343863447, "dsfb-red": 0.027636363423748218, "alternate": 0.20991275804668302, "bad-redirect": 0.007957955938749962, "dsfb": 0.0}, "shai": {"sfT": 5.939142311216166e-05, "roll-in": 0.23326382982215008, "redirect": 0.050063614039118375, "dsfb-alt": 0.0384606432062095, "sft": 0.0, "oneh-in": 0.013417615871524721, "roll-out": 0.23860520684548367, "sfR": 0.09823378925716947, "unknown": 0.016772683614515952, "sfb": 0.02113928269868434, "oneh-out": 0.028549826714056984, "dsfb-red": 0.027276175806972495, "alternate": 0.22768734868636778, "bad-redirect": 0.00647059201463448, "dsfb": 0.0}, "tr-quotes": {"sfT": 3.5829037701393865e-05, "roll-in": 0.23189708975751833, "redirect": 0.05001964818196528, "dsfb-alt": 0.035236124916206285, "sft": 0.0, "oneh-in": 0.011223735003814059, "roll-out": 0.2504900487737223, "sfR": 0.09677191928064538, "unknown": 0.010735997780911213, "sfb": 0.01828667853262754, "oneh-out": 0.030154180439656966, "dsfb-red": 0.030987494510066802, "alternate": 0.22846559256605256, "bad-redirect": 0.0056956612191119025, "dsfb": 0.0}, "gutenberg": {"sfT": 0.0001045691014217988, "roll-in": 0.21281422351948528, "redirect": 0.044584513998051835, "dsfb-alt": 0.03481166006100622, "sft": 0.0, "oneh-in": 0.010935995753585186, "roll-out": 0.2535239976615924, "sfR": 0.09863878308844841, "unknown": 0.030721151714990094, "sfb": 0.018468380917957584, "oneh-out": 0.03303171209550038, "dsfb-red": 0.02798454802089715, "alternate": 0.22743571178785504, "bad-redirect": 0.006944752279208594, "dsfb": 0.0}, "english-200": {"sfT": 0.0, "roll-in": 0.24721603563474387, "redirect": 0.05790645879732739, "dsfb-alt": 0.0378619153674833, "sft": 0.0, "oneh-in": 0.015590200445434299, "roll-out": 0.24276169265033407, "sfR": 0.10690423162583519, "unknown": 0.0, "sfb": 0.011135857461024499, "oneh-out": 0.031180400890868598, "dsfb-red": 0.026726057906458798, "alternate": 0.22271714922049, "bad-redirect": 0.0, "dsfb": 0.0}, "monkeyracer": {"sfT": 3.323584153150758e-05, "roll-in": 0.23203993775122386, "redirect": 0.049990615762391104, "dsfb-alt": 0.035091183508766444, "sft": 0.0, "oneh-in": 0.011167242754586547, "roll-out": 0.25053861613776063, "sfR": 0.09690789370786869, "unknown": 0.01033830176580071, "sfb": 0.018141881852448503, "oneh-out": 0.030212357476891313, "dsfb-red": 0.03105302876268827, "alternate": 0.2288082409246602, "bad-redirect": 0.005677463753382236, "dsfb": 0.0}, "chained-bigrams": {"sfT": 8.570821935330551e-05, "roll-in": 0.2039420586464984, "redirect": 0.04819464076893259, "dsfb-alt": 0.045740269032906115, "sft": 0.0, "oneh-in": 0.011292707204490071, "roll-out": 0.25392098870924074, "sfR": 0.11914286586209158, "unknown": 0.017076064096761982, "sfb": 0.023091872068795132, "oneh-out": 0.026726679735005768, "dsfb-red": 0.03489038762840812, "alternate": 0.20772036264965663, "bad-redirect": 0.008175395377859619, "dsfb": 0.0}, "english-5k": {"sfT": 0.0, "roll-in": 0.25075704152320905, "redirect": 0.05579292321732277, "dsfb-alt": 0.03878541502468163, "sft": 0.0, "oneh-in": 0.015887501555564773, "roll-out": 0.20587381258555607, "sfR": 0.10644211224955408, "unknown": 0.0, "sfb": 0.025635707470859085, "oneh-out": 0.026589787198738956, "dsfb-red": 0.02829053801800307, "alternate": 0.24071846351682083, "bad-redirect": 0.005226697639689717, "dsfb": 0.0}, "mt-quotes": {"sfT": 1.942362630138296e-05, "roll-in": 0.23380517803994694, "redirect": 0.04978424833554464, "dsfb-alt": 0.03476530282927529, "sft": 0.0, "oneh-in": 0.01077712434706733, "roll-out": 0.25229198790356316, "sfR": 0.0964592223377679, "unknown": 0.006137865911237016, "sfb": 0.016928437384205304, "oneh-out": 0.030631058677280932, "dsfb-red": 0.031533510237745185, "alternate": 0.23133688337457117, "bad-redirect": 0.005529756995493719, "dsfb": 0.0}, "wordle": {"sfT": 0.00029170874004263433, "roll-in": 0.22499719510826882, "redirect": 0.06487153595871199, "dsfb-alt": 0.03592505329294289, "sft": 0.0, "oneh-in": 0.017928867945697296, "roll-out": 0.2274654998317065, "sfR": 0.13138112868843263, "unknown": 0.0, "sfb": 0.03756311006395153, "oneh-out": 0.022282059912487377, "dsfb-red": 0.03332211376640862, "alternate": 0.19425558173454505, "bad-redirect": 0.009716144956804668, "dsfb": 0.0}, "english-1k": {"sfT": 0.0, "roll-in": 0.26570218772053633, "redirect": 0.058927311220889206, "dsfb-alt": 0.034227240649259, "sft": 0.0, "oneh-in": 0.019054340155257588, "roll-out": 0.21065631616090333, "sfR": 0.10832745236414962, "unknown": 0.0, "sfb": 0.012350035285815103, "oneh-out": 0.027875793930839804, "dsfb-red": 0.024347212420606917, "alternate": 0.23253352152434723, "bad-redirect": 0.005998588567395907, "dsfb": 0.0}, "english-10k": {"sfT": 5.789158835221242e-05, "roll-in": 0.25391250651280367, "redirect": 0.05816174909785608, "dsfb-alt": 0.04129599969124486, "sft": 0.0, "oneh-in": 0.015379865305571101, "roll-out": 0.21033943767970514, "sfR": 0.10567144593890508, "unknown": 0.0, "sfb": 0.02776866521294456, "oneh-out": 0.023002257771945735, "dsfb-red": 0.027228343721657243, "alternate": 0.23054360201462729, "bad-redirect": 0.006638235464387025, "dsfb": 0.0}, "reddit": {"sfT": 5.978203156648588e-05, "roll-in": 0.22568173896790217, "redirect": 0.048905035531165784, "dsfb-alt": 0.035499252069100685, "sft": 0.0, "oneh-in": 0.012795489827783923, "roll-out": 0.2314238105913458, "sfR": 0.10397777127267367, "unknown": 0.041052351042636465, "sfb": 0.020021998738808895, "oneh-out": 0.027830708224168384, "dsfb-red": 0.031212775525026513, "alternate": 0.21596498630837901, "bad-redirect": 0.005574299869442186, "dsfb": 0.0}, "akl": {"sfT": 0.0002059872795874957, "roll-in": 0.2046019490394339, "redirect": 0.0427447942132226, "dsfb-alt": 0.02912060232785639, "sft": 0.0, "oneh-in": 0.010499421434432955, "roll-out": 0.19002144941070268, "sfR": 0.13064861186637447, "unknown": 0.13144916288543582, "sfb": 0.02278680850246902, "oneh-out": 0.01921334799548335, "dsfb-red": 0.028990541509846486, "alternate": 0.1857267245801332, "bad-redirect": 0.003990598955021614, "dsfb": 0.0}, "french": {"sfT": 0.00011022138467753158, "roll-in": 0.17827040758975135, "redirect": 0.04193164856868086, "dsfb-alt": 0.025580035729586986, "sft": 0.0, "oneh-in": 0.01280410828375356, "roll-out": 0.17894126434700167, "sfR": 0.10898279115633469, "unknown": 0.15037208219521925, "sfb": 0.04964650127705939, "oneh-out": 0.014208415918844461, "dsfb-red": 0.020940504977543496, "alternate": 0.20985138870330136, "bad-redirect": 0.00836062986824537, "dsfb": 0.0}, "keymash": {"sfT": 2.462922750427933e-05, "roll-in": 0.23073891787384088, "redirect": 0.04931181833481793, "dsfb-alt": 0.035827316276225, "sft": 0.0, "oneh-in": 0.011132410831934256, "roll-out": 0.25131253258241554, "sfR": 0.099723742164827, "unknown": 0.009691601022933916, "sfb": 0.01797112633562248, "oneh-out": 0.029735687340166576, "dsfb-red": 0.030589500560314925, "alternate": 0.2286290140509743, "bad-redirect": 0.0053117033984229085, "dsfb": 0.0}, "movie": {"sfT": 2.671436123264537e-05, "roll-in": 0.22504585855680073, "redirect": 0.04642798064827464, "dsfb-alt": 0.03453877392136161, "sft": 0.0, "oneh-in": 0.00979206357123108, "roll-out": 0.23646591898916017, "sfR": 0.11567713207251198, "unknown": 0.024744473186874588, "sfb": 0.017848878042887473, "oneh-out": 0.02798875470149728, "dsfb-red": 0.033709839136118094, "alternate": 0.2227427647837341, "bad-redirect": 0.004990848028315644, "dsfb": 0.0}, "dutch": {"sfT": 0.00032750595669949877, "roll-in": 0.18303051867798836, "redirect": 0.04000794119015073, "dsfb-alt": 0.027494775056213935, "sft": 0.0, "oneh-in": 0.012921611695812395, "roll-out": 0.1960576889594613, "sfR": 0.18880787437283908, "unknown": 0.06864641402584021, "sfb": 0.07615265690081499,