{"english-450k": {"oneh-in": 0.005865926524044598, "unknown": 0.00015377410175167997, "oneh-out": 0.0018677998785009188, "sfb": 0.036951682773967855, "dsfb-red": 0.008394428816915853, "dsfb": 0.0, "roll-out": 0.14261758602725486, "alternate": 0.37978402632051317, "sfT": 0.00020698111034256542, "sft": 0.0, "redirect": 0.012513586789693745, "sfR": 0.11369548401129392, "dsfb-alt": 0.06581531554971902, "bad-redirect": 0.002397531194801383, "roll-in": 0.22973587690120043}, "shai": {"oneh-in": 0.010103775723123959, "unknown": 0.024097749651430984, "oneh-out": 0.003297983083526828, "sfb": 0.02880711213936692, "dsfb-red": 0.005867671342223714, "dsfb": 0.0, "roll-out": 0.15240475078747337, "alternate": 0.34104955578544066, "sfT": 0.00021480381826665754, "sft": 0.0, "redirect": 0.01473507593587259, "sfR": 0.09823378925716947, "dsfb-alt": 0.056431466052025106, "bad-redirect": 0.0027503705529389874, "roll-in": 0.26200589587114076}, "tr-quotes": {"oneh-in": 0.017764268047433023, "unknown": 0.013894731975682485, "oneh-out": 0.0026166755276114746, "sfb": 0.028633180000462312, "dsfb-red": 0.005873650632209149, "dsfb": 0.0, "roll-out": 0.14618478537250643, "alternate": 0.33418205774253945, "sfT": 0.0001606527819514112, "sft": 0.0, "redirect": 0.018501652758835904, "sfR": 0.09677191928064538, "dsfb-alt": 0.051738286216222465, "bad-redirect": 0.002476826703035066, "roll-in": 0.2812013129608654}, "gutenberg": {"oneh-in": 0.011647899165076345, "unknown": 0.03298207965968062, "oneh-out": 0.002453206274297635, "sfb": 0.030564676936413272, "dsfb-red": 0.005303661471931342, "dsfb": 0.0, "roll-out": 0.13896665268623246, "alternate": 0.30326858005389856, "sfT": 0.00028642840824231845, "sft": 0.0, "redirect": 0.017843428987539985, "sfR": 0.09863878308844841, "dsfb-alt": 0.052679905266456085, "bad-redirect": 0.002595473294529104, "roll-in": 0.30276922470725387}, "english-200": {"oneh-in": 0.008908685968819599, "unknown": 0.0, "oneh-out": 0.0, "sfb": 0.022271714922048998, "dsfb-red": 0.0022271714922048997, "dsfb": 0.0, "roll-out": 0.14699331848552338, "alternate": 0.35412026726057905, "sfT": 0.0, "sft": 0.0, "redirect": 0.013363028953229399, "sfR": 0.10690423162583519, "dsfb-alt": 0.051224944320712694, "bad-redirect": 0.004454342984409799, "roll-in": 0.289532293986637}, "monkeyracer": {"oneh-in": 0.018166319971221673, "unknown": 0.013491796612290222, "oneh-out": 0.0025875080157029577, "sfb": 0.028762688271267028, "dsfb-red": 0.005869058604563868, "dsfb": 0.0, "roll-out": 0.14651238719364373, "alternate": 0.33364581541204624, "sfT": 0.00016911178191031796, "sft": 0.0, "redirect": 0.018412656208455197, "sfR": 0.09690789370786869, "dsfb-alt": 0.051699329027010965, "bad-redirect": 0.0025122386098816022, "roll-in": 0.2812631965841375}, "chained-bigrams": {"oneh-in": 0.007047553127733167, "unknown": 0.023159399756770463, "oneh-out": 0.0037432415497864113, "sfb": 0.030432910917344163, "dsfb-red": 0.009486990855842021, "dsfb": 0.0, "roll-out": 0.12141413367495417, "alternate": 0.3357483139180409, "sfT": 0.00023634690791366067, "sft": 0.0, "redirect": 0.013778894870428002, "sfR": 0.11914286586209158, "dsfb-alt": 0.0723344906107295, "bad-redirect": 0.004623698712234004, "roll-in": 0.258851159236132}, "english-5k": {"oneh-in": 0.006097813912971336, "unknown": 0.002157049819554486, "oneh-out": 0.0008711162732816195, "sfb": 0.029949807109968057, "dsfb-red": 0.006720039822458207, "dsfb": 0.0, "roll-out": 0.16729580619737006, "alternate": 0.3775252001493342, "sfT": 8.296345459824948e-05, "sft": 0.0, "redirect": 0.011448956734558428, "sfR": 0.10644211224955408, "dsfb-alt": 0.06686854440618907, "bad-redirect": 0.0026963122744431078, "roll-in": 0.2218442775957191}, "mt-quotes": {"oneh-in": 0.019434085177083706, "unknown": 0.007995063410669249, "oneh-out": 0.002543000920381062, "sfb": 0.02840929465342274, "dsfb-red": 0.0057060637573062714, "dsfb": 0.0, "roll-out": 0.14637794193232212, "alternate": 0.33329149783053036, "sfT": 0.00014493013471031903, "sft": 0.0, "redirect": 0.018993318272552323, "sfR": 0.0964592223377679, "dsfb-alt": 0.05060452301550304, "bad-redirect": 0.0025444950454811682, "roll-in": 0.28749656351226976}, "wordle": {"oneh-in": 0.004263435431392348, "unknown": 0.0, "oneh-out": 0.007741501178054527, "sfb": 0.05199147312913722, "dsfb-red": 0.007315157634915292, "dsfb": 0.0, "roll-out": 0.16582519914731292, "alternate": 0.3414338606529788, "sfT": 0.0005834174800852687, "sft": 0.0, "redirect": 0.018646920228879166, "sfR": 0.13138112868843263, "dsfb-alt": 0.06992034107483451, "bad-redirect": 0.0044878267698866825, "roll-in": 0.19640973858409067}, "english-1k": {"oneh-in": 0.008468595624558928, "unknown": 0.0, "oneh-out": 0.0007057163020465773, "sfb": 0.02399435426958363, "dsfb-red": 0.0067043048694424845, "dsfb": 0.0, "roll-out": 0.1743119266055046, "alternate": 0.3659139026111503, "sfT": 0.0, "sft": 0.0, "redirect": 0.011291460832745237, "sfR": 0.10832745236414962, "dsfb-alt": 0.058927311220889206, "bad-redirect": 0.002117148906139732, "roll-in": 0.2392378263937897}, "english-10k": {"oneh-in": 0.005133054167229502, "unknown": 0.0, "oneh-out": 0.004013816792420062, "sfb": 0.03286312498793925, "dsfb-red": 0.0061172111692171125, "dsfb": 0.0, "roll-out": 0.16838733332046854, "alternate": 0.37150961965226453, "sfT": 0.00011578317670442484, "sft": 0.0, "redirect": 0.01294841859477818, "sfR": 0.10567144593890508, "dsfb-alt": 0.06472279577777348, "bad-redirect": 0.0023928523185581135, "roll-in": 0.22612454410374172}, "reddit": {"oneh-in": 0.013244679127624337, "unknown": 0.04519937363713543, "oneh-out": 0.0030305294773922973, "sfb": 0.02834825730321233, "dsfb-red": 0.005343225087027618, "dsfb": 0.0, "roll-out": 0.14521576125543764, "alternate": 0.3196640369689686, "sfT": 0.0003386150158903711, "sft": 0.0, "redirect": 0.01794659584218967, "sfR": 0.10397777127267367, "dsfb-alt": 0.05253181211286593, "bad-redirect": 0.0027662674268274113, "roll-in": 0.2623930754727547}, "akl": {"oneh-in": 0.012744971860882462, "unknown": 0.13920166722946467, "oneh-out": 0.0033640388706916028, "sfb": 0.03355322028633492, "dsfb-red": 0.007289805077525908, "dsfb": 0.0, "roll-out": 0.11867644438727655, "alternate": 0.2689984103869969, "sfT": 0.00019392996971119754, "sft": 0.0, "redirect": 0.018080702095177488, "sfR": 0.13064861186637447, "dsfb-alt": 0.044788582360061766, "bad-redirect": 0.0027801735229727458, "roll-in": 0.21967944208652934}, "french": {"oneh-in": 0.0025028808951492597, "unknown": 0.15842537463172957, "oneh-out": 0.0032659358855524185, "sfb": 0.06599493796642489, "dsfb-red": 0.00903771907024569, "dsfb": 0.0, "roll-out": 0.15662048260306685, "alternate": 0.25825730387466445, "sfT": 0.002297000472662018, "sft": 0.0, "redirect": 0.008768660235472849, "sfR": 0.10898279115633469, "dsfb-alt": 0.04812843654344239, "bad-redirect": 0.0017587479665712637, "roll-in": 0.17595972869868368}, "keymash": {"oneh-in": 0.017437493073029765, "unknown": 0.012376186820900362, "oneh-out": 0.0029596121717642325, "sfb": 0.029111746910058165, "dsfb-red": 0.006227089687331957, "dsfb": 0.0, "roll-out": 0.14510309384146167, "alternate": 0.3327121294840587, "sfT": 0.0001888240775328082, "sft": 0.0, "redirect": 0.017503171013041177, "sfR": 0.099723742164827, "dsfb-alt": 0.052062082072795786, "bad-redirect": 0.002820046549239983, "roll-in": 0.28177478213395835}, "movie": {"oneh-in": 0.02691412675161658, "unknown": 0.030282373430185833, "oneh-out": 0.004005575010833792, "sfb": 0.025652893066623116, "dsfb-red": 0.007706237829667391, "dsfb": 0.0, "roll-out": 0.13318635609401297, "alternate": 0.3206128669260285, "sfT": 0.00015278509059655801, "sft": 0.0, "redirect": 0.020343446671094494, "sfR": 0.11567713207251198, "dsfb-alt": 0.049829916373521514, "bad-redirect": 0.0028360650193336966, "roll-in": 0.2628002256639736}, "dutch": {"oneh-in": 0.0052425518260021545, "unknown": 0.07360268279108878, "oneh-out": 0.0018451863115312686, "sfb": 0.038386298090345314, "dsfb-red": 0.006879669201232248, "dsfb": 0.0, "roll-out": 0.1133582839139725,