{"english-450k": {"alternate": 0.30045237651150297, "oneh-in": 0.027465048549933608, "unknown": 0.00015377410175167997, "roll-in": 0.2755769306104598, "sfT": 0.0004469973414036477, "redirect": 0.05996692979773736, "sfb": 0.023644960740828662, "dsfb-red": 0.016956956699434776, "sfR": 0.11369548401129392, "oneh-out": 0.008279244413702617, "bad-redirect": 0.011739746395517513, "dsfb": 0.0, "sft": 0.0, "roll-out": 0.12847621559012126, "dsfb-alt": 0.033145335236312204}, "shai": {"alternate": 0.29404556957400424, "oneh-in": 0.023164698589592067, "unknown": 0.023260762136131256, "roll-in": 0.31789117757342705, "sfT": 5.256015157140146e-05, "redirect": 0.04122481950735579, "sfb": 0.01628860771487039, "dsfb-red": 0.012904086160873388, "sfR": 0.09823378925716947, "oneh-out": 0.009378151480369442, "bad-redirect": 0.011852012287464242, "dsfb": 0.0, "sft": 0.0, "roll-out": 0.12471626033050814, "dsfb-alt": 0.026987505236663115}, "tr-quotes": {"alternate": 0.28265065532465733, "oneh-in": 0.02110445898153071, "unknown": 0.013835787429786644, "roll-in": 0.33626707658167865, "sfT": 1.733663114583574e-05, "redirect": 0.04252444464991563, "sfb": 0.019793809666905526, "dsfb-red": 0.012152978433230854, "sfR": 0.09677191928064538, "oneh-out": 0.010091075102286124, "bad-redirect": 0.011149765377591827, "dsfb": 0.0, "sft": 0.0, "roll-out": 0.12787499133168442, "dsfb-alt": 0.025765701208941078}, "gutenberg": {"alternate": 0.273921602726071, "oneh-in": 0.017675966875842757, "unknown": 0.032975828246008664, "roll-in": 0.3332295219790233, "sfT": 2.841551669070619e-06, "redirect": 0.04055424654742, "sfb": 0.013930233465673866, "dsfb-red": 0.011638048452623567, "sfR": 0.09863878308844841, "oneh-out": 0.012626529559904266, "bad-redirect": 0.011623461820722337, "dsfb": 0.0, "sft": 0.0, "roll-out": 0.12678700448548402, "dsfb-alt": 0.026395931201108735}, "english-200": {"alternate": 0.32962138084632514, "oneh-in": 0.015590200445434299, "unknown": 0.0, "roll-in": 0.32516703786191536, "sfT": 0.0, "redirect": 0.0400890868596882, "sfb": 0.008908685968819599, "dsfb-red": 0.015590200445434299, "sfR": 0.10690423162583519, "oneh-out": 0.004454342984409799, "bad-redirect": 0.0066815144766146995, "dsfb": 0.0, "sft": 0.0, "roll-out": 0.1291759465478842, "dsfb-alt": 0.017817371937639197}, "monkeyracer": {"alternate": 0.2823247884636439, "oneh-in": 0.020997231649905374, "unknown": 0.013436077701487402, "roll-in": 0.3367230633279635, "sfT": 1.7595445516680483e-05, "redirect": 0.04227501290332671, "sfb": 0.019681483335158047, "dsfb-red": 0.012166273050033627, "sfR": 0.09690789370786869, "oneh-out": 0.010073392558299575, "bad-redirect": 0.011323646714734818, "dsfb": 0.0, "sft": 0.0, "roll-out": 0.12835290989567855, "dsfb-alt": 0.025720631246383158}, "chained-bigrams": {"alternate": 0.2648624220753206, "oneh-in": 0.019501866426337357, "unknown": 0.022916559801936097, "roll-in": 0.3155088373615114, "sfT": 5.1944375365639704e-05, "redirect": 0.0480160819786132, "sfb": 0.01580342690030381, "dsfb-red": 0.01915254050200343, "sfR": 0.11914286586209158, "oneh-out": 0.007152740487848587, "bad-redirect": 0.015613180625527153, "dsfb": 0.0, "sft": 0.0, "roll-out": 0.10903189319716981, "dsfb-alt": 0.043245640405971265}, "english-5k": {"alternate": 0.3075455261957108, "oneh-in": 0.031609076201933047, "unknown": 0.002157049819554486, "roll-in": 0.28904467582030113, "sfT": 4.148172729912474e-05, "redirect": 0.04600323557472933, "sfb": 0.016592690919649895, "dsfb-red": 0.014311195918198034, "sfR": 0.10644211224955408, "oneh-out": 0.010287468370182934, "bad-redirect": 0.013025262371925167, "dsfb": 0.0, "sft": 0.0, "roll-out": 0.1318289293566184, "dsfb-alt": 0.03111129547434355}, "mt-quotes": {"alternate": 0.2828020224477355, "oneh-in": 0.02052778475036158, "unknown": 0.007977133909467972, "roll-in": 0.3433484538793464, "sfT": 4.482375300319145e-06, "redirect": 0.041901244307383366, "sfb": 0.01952373268309009, "dsfb-red": 0.011912659423148182, "sfR": 0.0964592223377679, "oneh-out": 0.00998075566871063, "bad-redirect": 0.011304550507404884, "dsfb": 0.0, "sft": 0.0, "roll-out": 0.12864118286895926, "dsfb-alt": 0.025616774841323915}, "wordle": {"alternate": 0.2963536407494671, "oneh-in": 0.01756984180410636, "unknown": 0.0, "roll-in": 0.2538539212386402, "sfT": 0.0004039044092898014, "redirect": 0.05201391226298665, "sfb": 0.03177381353079771, "dsfb-red": 0.01774935487490183, "sfR": 0.13138112868843263, "oneh-out": 0.012094693144844609, "bad-redirect": 0.009200044878267699, "dsfb": 0.0, "sft": 0.0, "roll-out": 0.13793335577246718, "dsfb-alt": 0.03967238864579827}, "english-1k": {"alternate": 0.2854622441778405, "oneh-in": 0.019054340155257588, "unknown": 0.0, "roll-in": 0.3045165843330981, "sfT": 0.0, "redirect": 0.05010585744530699, "sfb": 0.013408609738884969, "dsfb-red": 0.010938602681721948, "sfR": 0.10832745236414962, "oneh-out": 0.01587861679604799, "bad-redirect": 0.013761467889908258, "dsfb": 0.0, "sft": 0.0, "roll-out": 0.15666901905434016, "dsfb-alt": 0.021877205363443897}, "english-10k": {"alternate": 0.3137338144767565, "oneh-in": 0.03514019412979294, "unknown": 0.0, "roll-in": 0.29339456976901257, "sfT": 3.859439223480828e-05, "redirect": 0.04573435479824781, "sfb": 0.01565002605121476, "dsfb-red": 0.012890527006425966, "sfR": 0.10567144593890508, "oneh-out": 0.008780224233418885, "bad-redirect": 0.011578317670442484, "dsfb": 0.0, "sft": 0.0, "roll-out": 0.1262422570000579, "dsfb-alt": 0.031145674533490285}, "reddit": {"alternate": 0.27768828577459215, "oneh-in": 0.020196100795651643, "unknown": 0.039285409944231534, "roll-in": 0.31403340114998, "sfT": 4.667193692471266e-05, "redirect": 0.043231473516578744, "sfb": 0.020783770152322443, "dsfb-red": 0.013990830799807544, "sfR": 0.10397777127267367, "oneh-out": 0.009808748066495149, "bad-redirect": 0.010394432180263051, "dsfb": 0.0, "sft": 0.0, "roll-out": 0.12050828960648553, "dsfb-alt": 0.026054814803993784}, "akl": {"alternate": 0.2388347766320341, "oneh-in": 0.014841115416795135, "unknown": 0.13277008071454782, "roll-in": 0.27278415861213245, "sfT": 0.00011839882976889522, "redirect": 0.032917839588017535, "sfb": 0.022269134821058773, "dsfb-red": 0.012130864408064037, "sfR": 0.13064861186637447, "oneh-out": 0.00665289250787178, "bad-redirect": 0.007248395136229441, "dsfb": 0.0, "sft": 0.0, "roll-out": 0.10291010339069095, "dsfb-alt": 0.025873628076414586}, "french": {"alternate": 0.18790635146496834, "oneh-in": 0.028992344175734687, "unknown": 0.15807953387545715, "roll-in": 0.22911948604863497, "sfT": 4.334245832161192e-05, "redirect": 0.05131242177326747, "sfb": 0.03596964098256709, "dsfb-red": 0.020394671661252004, "sfR": 0.10898279115633469, "oneh-out": 0.013811277348091164, "bad-redirect": 0.017974280768010383, "dsfb": 0.0, "sft": 0.0, "roll-out": 0.12415803004886342, "dsfb-alt": 0.023255828238497023}, "keymash": {"alternate": 0.2813314560388813, "oneh-in": 0.020700865717346775, "unknown": 0.01232282349464109, "roll-in": 0.3362094797896664, "sfT": 1.2314613752139664e-05, "redirect": 0.04212008390356836, "sfb": 0.019145119513326463, "dsfb-red": 0.01260195473968959, "sfR": 0.099723742164827, "oneh-out": 0.009946103040478136, "bad-redirect": 0.010877908814390037, "dsfb": 0.0, "sft": 0.0, "roll-out": 0.12910641057743225, "dsfb-alt": 0.025901737592000425}, "movie": {"alternate": 0.26627717215721364, "oneh-in": 0.01765279726339663, "unknown": 0.030236445784519856, "roll-in": 0.32103884912952635, "sfT": 2.092405633492913e-05, "redirect": 0.040849416672840796, "sfb": 0.02888664675415905, "dsfb-red": 0.012356247456049282, "sfR": 0.11567713207251198, "oneh-out": 0.009802722996156421, "bad-redirect": 0.01121016187981722, "dsfb": 0.0, "sft": 0.0, "roll-out": 0.1206470560444927, "dsfb-alt": 0.025344427732981144}, "dutch": {"alternate": 0.2493622285452578, "oneh-in": 0.012014887292944601, "unknown": 0.07290361491625476, "roll-in": 0.26695472248527696, "sfT": 4.7713843458930536e-05, "redirect": 0.040454579343746556, "sfb": 0.020131870950352536,