{"english-450k": {"dsfb-red": 0.04078843431653259, "alternate": 0.18133884035617123, "unknown": 0.0001543587941537776, "bad-redirect": 0.005692272880621598, "dsfb": 0.0, "sfb": 0.15715070037379386, "oneh-in": 0.010361334057572322, "redirect": 0.04043615714426876, "oneh-out": 0.016093658367737608, "sfR": 0.11369548401129392, "roll-out": 0.18957920272513434, "roll-in": 0.15581847873561439, "dsfb-alt": 0.08628832000916797, "sfT": 0.0026027582279376555, "sft": 0.0}, "shai": {"dsfb-red": 0.03665505879460607, "alternate": 0.14492193075807686, "unknown": 0.06420686576462403, "bad-redirect": 0.006882031952237298, "dsfb": 0.0, "sfb": 0.19517124701165736, "oneh-in": 0.00810682281856793, "redirect": 0.04249362853302527, "oneh-out": 0.01388272289761716, "sfR": 0.09823378925716947, "roll-out": 0.17498706509377382, "roll-in": 0.13277996679498877, "dsfb-alt": 0.08005290771428208, "sfT": 0.0016259626093738824, "sft": 0.0}, "tr-quotes": {"dsfb-red": 0.035203763204734055, "alternate": 0.13397632971960888, "unknown": 0.08913224382238044, "bad-redirect": 0.005850535124014702, "dsfb": 0.0, "sfb": 0.199267238390236, "oneh-in": 0.006835255773098172, "redirect": 0.048936686623055406, "oneh-out": 0.013772219782251913, "sfR": 0.09677191928064538, "roll-out": 0.1682439148424678, "roll-in": 0.1172360786851899, "dsfb-alt": 0.08296849356233096, "sfT": 0.0018053211899863619, "sft": 0.0}, "gutenberg": {"dsfb-red": 0.032055544378785654, "alternate": 0.12559980419814631, "unknown": 0.08934008940658171, "bad-redirect": 0.00556982014493429, "dsfb": 0.0, "sfb": 0.22623259881117055, "oneh-in": 0.0071881785388589765, "redirect": 0.040087853200136546, "oneh-out": 0.014447585306222657, "sfR": 0.09863878308844841, "roll-out": 0.1688450001761762, "roll-in": 0.11296740209812597, "dsfb-alt": 0.07622822282160019, "sfT": 0.002799117830812498, "sft": 0.0}, "english-200": {"dsfb-red": 0.035634743875278395, "alternate": 0.1358574610244989, "unknown": 0.0, "bad-redirect": 0.0066815144766146995, "dsfb": 0.0, "sfb": 0.2182628062360802, "oneh-in": 0.0022271714922048997, "redirect": 0.044543429844097995, "oneh-out": 0.013363028953229399, "sfR": 0.10690423162583519, "roll-out": 0.22048997772828507, "roll-in": 0.13140311804008908, "dsfb-alt": 0.08240534521158129, "sfT": 0.0022271714922048997, "sft": 0.0}, "monkeyracer": {"dsfb-red": 0.03538346340929353, "alternate": 0.13328549978885465, "unknown": 0.08910724619547367, "bad-redirect": 0.0058221374165193865, "dsfb": 0.0, "sfb": 0.1994639254265918, "oneh-in": 0.006823122761468321, "redirect": 0.049798043386458546, "oneh-out": 0.013905289581932214, "sfR": 0.09690789370786869, "roll-out": 0.16776573032829192, "roll-in": 0.1169764768443937, "dsfb-alt": 0.08291462689835306, "sfT": 0.001846544254500524, "sft": 0.0}, "chained-bigrams": {"dsfb-red": 0.04717718031645812, "alternate": 0.1509893130940732, "unknown": 0.05915815049454292, "bad-redirect": 0.006211897989038438, "dsfb": 0.0, "sfb": 0.1866796441031122, "oneh-in": 0.008181888424780324, "redirect": 0.03801289389257514, "oneh-out": 0.013393207883338127, "sfR": 0.11914286586209158, "roll-out": 0.1594030032939227, "roll-in": 0.12112779030575109, "dsfb-alt": 0.08427325598382972, "sfT": 0.006248908356486457, "sft": 0.0}, "english-5k": {"dsfb-red": 0.0390757871157755, "alternate": 0.16858173974364293, "unknown": 0.0022400132741527356, "bad-redirect": 0.007176338822748579, "dsfb": 0.0, "sfb": 0.1607831750114075, "oneh-in": 0.012320073007840047, "redirect": 0.045256564483345085, "oneh-out": 0.014269714190898909, "sfR": 0.10644211224955408, "roll-out": 0.19131372630356328, "roll-in": 0.16733728792466918, "dsfb-alt": 0.08371012568963372, "sfT": 0.0014933421827684904, "sft": 0.0}, "mt-quotes": {"dsfb-red": 0.0352359522358088, "alternate": 0.1323002952391198, "unknown": 0.08484389380954088, "bad-redirect": 0.005845017391616165, "dsfb": 0.0, "sfb": 0.2034311088798843, "oneh-in": 0.006657821446074037, "redirect": 0.05152191582696836, "oneh-out": 0.01389088105568903, "sfR": 0.0964592223377679, "roll-out": 0.16792621412605635, "roll-in": 0.11528818684930851, "dsfb-alt": 0.08474378742783376, "sfT": 0.001855703374332126, "sft": 0.0}, "wordle": {"dsfb-red": 0.03857287108717603, "alternate": 0.188039941658252, "unknown": 0.0, "bad-redirect": 0.009446875350611466, "dsfb": 0.0, "sfb": 0.15276562324694268, "oneh-in": 0.013149332435767979, "redirect": 0.048378772579378435, "oneh-out": 0.01604398070234489, "sfR": 0.13138112868843263, "roll-out": 0.1847413889823853, "roll-in": 0.14017726915741052, "dsfb-alt": 0.07519353752945136, "sfT": 0.0021092785818467405, "sft": 0.0}, "english-1k": {"dsfb-red": 0.03669724770642202, "alternate": 0.1492589978828511, "unknown": 0.0, "bad-redirect": 0.006351446718419196, "dsfb": 0.0, "sfb": 0.2117148906139732, "oneh-in": 0.011291460832745237, "redirect": 0.046224417784050814, "oneh-out": 0.0077628793225123505, "sfR": 0.10832745236414962, "roll-out": 0.20077628793225125, "roll-in": 0.15314043754410728, "dsfb-alt": 0.06669019054340156, "sfT": 0.0017642907551164433, "sft": 0.0}, "english-10k": {"dsfb-red": 0.03568051562108026, "alternate": 0.17442735570521603, "unknown": 0.0, "bad-redirect": 0.007390826112965786, "dsfb": 0.0, "sfb": 0.1631191987804172, "oneh-in": 0.010150325157754578, "redirect": 0.043592366029215956, "oneh-out": 0.01561143165897995, "sfR": 0.10567144593890508, "roll-out": 0.1863916172980066, "roll-in": 0.1677698230447116, "dsfb-alt": 0.08834256382547616, "sfT": 0.0018525308272707975, "sft": 0.0}, "reddit": {"dsfb-red": 0.03577621218276146, "alternate": 0.13513338678506207, "unknown": 0.1020565430890417, "bad-redirect": 0.006887594235828503, "dsfb": 0.0, "sfb": 0.17835909185999843, "oneh-in": 0.006606663636361934, "redirect": 0.041615673080686824, "oneh-out": 0.013461707380065576, "sfR": 0.10397777127267367, "roll-out": 0.16849636766099244, "roll-in": 0.12189088018740693, "dsfb-alt": 0.08434896300087819, "sfT": 0.0013891456282422903, "sft": 0.0}, "akl": {"dsfb-red": 0.02883992396680158, "alternate": 0.12312119377843798, "unknown": 0.1709107615023833, "bad-redirect": 0.006178333592310184, "dsfb": 0.0, "sfb": 0.1514558472801365, "oneh-in": 0.005410791929795424, "redirect": 0.038242994968568596, "oneh-out": 0.01134783107896641, "sfR": 0.13064861186637447, "roll-out": 0.1502314126376371, "roll-in": 0.10886540145789184, "dsfb-alt": 0.07251896203461965, "sfT": 0.0022279339060769657, "sft": 0.0}, "french": {"dsfb-red": 0.03167957659167463, "alternate": 0.11372451302770473, "unknown": 0.21009079847999662, "bad-redirect": 0.009507609447984728, "dsfb": 0.0, "sfb": 0.13233216599343528, "oneh-in": 0.012914674250712944, "redirect": 0.05112793541593171, "oneh-out": 0.015284516421390752, "sfR": 0.10898279115633469, "roll-out": 0.1438472668699732, "roll-in": 0.1195325372793458, "dsfb-alt": 0.04913998030457568, "sfT": 0.0018356347609392253, "sft": 0.0}, "keymash": {"dsfb-red": 0.03436598211097109, "alternate": 0.13576040687483837, "unknown": 0.08387072939457253, "bad-redirect": 0.005607254128474261, "dsfb": 0.0, "sfb": 0.19785068941312656, "oneh-in": 0.007048063937474601, "redirect": 0.048691982775960235, "oneh-out": 0.01354607512735363, "sfR": 0.099723742164827, "roll-out": 0.17208030770114896, "roll-in": 0.11858562556185426, "dsfb-alt": 0.08130107999162606, "sfT": 0.0015680608177724505, "sft": 0.0}, "movie": {"dsfb-red": 0.03183904426280141, "alternate": 0.12098618367452485, "unknown": 0.1542891222937398, "bad-redirect": 0.005119419116612661, "dsfb": 0.0, "sfb": 0.16764854007331842, "oneh-in": 0.005887424102591569, "redirect": 0.05036275602194999, "oneh-out": 0.00993010970390618, "sfR": 0.11567713207251198, "roll-out": 0.1608012413360918, "roll-in": 0.09823081181785438, "dsfb-alt": 0.07819806764365779, "sfT": 0.0010301478804391525, "sft": 0.0}, "dutch": {"dsfb-red": 0.02165753050861881, "alternate": 0.13118832501601488, "unknown": 0.10056950354185186, "bad-redirect": 0.002426879207303973, "dsfb": 0.0, "sfb": 0.15447013445119165, "oneh-in": 0.006641530322999231, "redirect": 0.027709550109558945,