{"english-450k": {"sfb": 0.11635027986301827, "sft": 0.0, "roll-in": 0.194164068196183, "oneh-out": 0.010567145783110693, "oneh-in": 0.00860842623608359, "redirect": 0.04939393709060569, "dsfb-alt": 0.06240948230750026, "dsfb": 0.0, "roll-out": 0.1979622300402093, "sfR": 0.11369548401129392, "bad-redirect": 0.025053192391280833, "sfT": 0.003922408979472034, "unknown": 0.00015377410175167997, "alternate": 0.16912870892316614, "dsfb-red": 0.04859086207632458}, "shai": {"sfb": 0.12421176028359879, "sft": 0.0, "roll-in": 0.17860916008103708, "oneh-out": 0.012841087516755, "oneh-in": 0.00836829215579603, "redirect": 0.04572082958032693, "dsfb-alt": 0.05456360676274982, "dsfb": 0.0, "roll-out": 0.21594466383641733, "sfR": 0.09823378925716947, "bad-redirect": 0.025556398358575108, "sfT": 0.006407086346962643, "unknown": 0.023260762136131256, "alternate": 0.1638922750665478, "dsfb-red": 0.04239028861793275}, "tr-quotes": {"sfb": 0.14262384133515174, "sft": 0.0, "roll-in": 0.16312036245116848, "oneh-out": 0.013816139247821364, "oneh-in": 0.008172487922146969, "redirect": 0.04937934860497908, "dsfb-alt": 0.054618478537250645, "dsfb": 0.0, "roll-out": 0.22420309285499643, "sfR": 0.09677191928064538, "bad-redirect": 0.025482536233559096, "sfT": 0.006303599084625876, "unknown": 0.013835787429786644, "alternate": 0.16230438501190447, "dsfb-red": 0.0393680220059638}, "gutenberg": {"sfb": 0.1308917205898455, "sft": 0.0, "roll-in": 0.16425797803518447, "oneh-out": 0.011775768990184524, "oneh-in": 0.009826464545202078, "redirect": 0.04863808217237004, "dsfb-alt": 0.05202578007223603, "dsfb": 0.0, "roll-out": 0.22639892430220016, "sfR": 0.09863878308844841, "bad-redirect": 0.025278254211274293, "sfT": 0.006596756918136412, "unknown": 0.032975828246008664, "alternate": 0.15646417011725758, "dsfb-red": 0.03623148871165184}, "english-200": {"sfb": 0.16926503340757237, "sft": 0.0, "roll-in": 0.17371937639198218, "oneh-out": 0.013363028953229399, "oneh-in": 0.004454342984409799, "redirect": 0.0556792873051225, "dsfb-alt": 0.051224944320712694, "dsfb": 0.0, "roll-out": 0.2182628062360802, "sfR": 0.10690423162583519, "bad-redirect": 0.026726057906458798, "sfT": 0.013363028953229399, "unknown": 0.0, "alternate": 0.1403118040089087, "dsfb-red": 0.026726057906458798}, "monkeyracer": {"sfb": 0.14350845363404602, "sft": 0.0, "roll-in": 0.16263274786117585, "oneh-out": 0.01385934591863866, "oneh-in": 0.008157444046483256, "redirect": 0.04928777546647481, "dsfb-alt": 0.05466611664607348, "dsfb": 0.0, "roll-out": 0.22332334954721053, "sfR": 0.09690789370786869, "bad-redirect": 0.025855529662011042, "sfT": 0.006363686128532774, "unknown": 0.013436077701487402, "alternate": 0.1625799615246258, "dsfb-red": 0.03942161815537169}, "chained-bigrams": {"sfb": 0.1130088844361016, "sft": 0.0, "roll-in": 0.17913667149532922, "oneh-out": 0.012527684728808155, "oneh-in": 0.008812363280780776, "redirect": 0.044552690751109174, "dsfb-alt": 0.06048403067575087, "dsfb": 0.0, "roll-out": 0.2168560796670885, "sfR": 0.11914286586209158, "bad-redirect": 0.021331607048592015, "sfT": 0.0060300926752587, "unknown": 0.022916559801936097, "alternate": 0.1401796885804836, "dsfb-red": 0.05502078099666972}, "english-5k": {"sfb": 0.11025843116107355, "sft": 0.0, "roll-in": 0.20919235076948603, "oneh-out": 0.007508192641141577, "oneh-in": 0.009955614551789936, "redirect": 0.05127141494171817, "dsfb-alt": 0.06043887667482474, "dsfb": 0.0, "roll-out": 0.1920603973949475, "sfR": 0.10644211224955408, "bad-redirect": 0.02986684365536981, "sfT": 0.006139295640270461, "unknown": 0.002157049819554486, "alternate": 0.16928692910772805, "dsfb-red": 0.045422491392541585}, "mt-quotes": {"sfb": 0.1463286358040186, "sft": 0.0, "roll-in": 0.16061695413633592, "oneh-out": 0.014162811823908392, "oneh-in": 0.007839674400258186, "redirect": 0.04961989457453294, "dsfb-alt": 0.05473577891729719, "dsfb": 0.0, "roll-out": 0.2263509879155162, "sfR": 0.0964592223377679, "bad-redirect": 0.02614270687656136, "sfT": 0.0065741504404680795, "unknown": 0.007977133909467972, "alternate": 0.16431790200929944, "dsfb-red": 0.03887414685456784}, "wordle": {"sfb": 0.12606305396611692, "sft": 0.0, "roll-in": 0.1765062268596432, "oneh-out": 0.014540558734432852, "oneh-in": 0.01079322338157747, "redirect": 0.05845394367777404, "dsfb-alt": 0.048289016043980705, "dsfb": 0.0, "roll-out": 0.197980477953551, "sfR": 0.13138112868843263, "bad-redirect": 0.0280713564456412, "sfT": 0.004083922360596881, "unknown": 0.0, "alternate": 0.15965443733871873, "dsfb-red": 0.044182654549534385}, "english-1k": {"sfb": 0.15490472829922372, "sft": 0.0, "roll-in": 0.19054340155257588, "oneh-out": 0.008821453775582216, "oneh-in": 0.009527170077628794, "redirect": 0.06069160197600565, "dsfb-alt": 0.04693013408609739, "dsfb": 0.0, "roll-out": 0.20112914608327453, "sfR": 0.10832745236414962, "bad-redirect": 0.030345800988002825, "sfT": 0.0067043048694424845, "unknown": 0.0, "alternate": 0.1429075511644319, "dsfb-red": 0.03916725476358504}, "english-10k": {"sfb": 0.11009050384979062, "sft": 0.0, "roll-in": 0.20375909380367033, "oneh-out": 0.012620366260782308, "oneh-in": 0.008915304606240713, "redirect": 0.04899558094208911, "dsfb-alt": 0.06215626869415874, "dsfb": 0.0, "roll-out": 0.19077208081665734, "sfR": 0.10567144593890508, "bad-redirect": 0.029486115667393526, "sfT": 0.005480403697342776, "unknown": 0.0, "alternate": 0.1790393855772756, "dsfb-red": 0.043013450145693834}, "reddit": {"sfb": 0.12465254035240309, "sft": 0.0, "roll-in": 0.1616392263021461, "oneh-out": 0.012292998628871387, "oneh-in": 0.007866805933329175, "redirect": 0.04983974782171095, "dsfb-alt": 0.054665948233480297, "dsfb": 0.0, "roll-out": 0.21208035289378183, "sfR": 0.10397777127267367, "bad-redirect": 0.021630719723594257, "sfT": 0.007372480450507801, "unknown": 0.039285409944231534, "alternate": 0.1655754011173921, "dsfb-red": 0.03912059732587781}, "akl": {"sfb": 0.1142692505514675, "sft": 0.0, "roll-in": 0.13789414092074806, "oneh-out": 0.010543870410800701, "oneh-in": 0.005954606254339118, "redirect": 0.04559918937322076, "dsfb-alt": 0.04531957343906079, "dsfb": 0.0, "roll-out": 0.18021060414213563, "sfR": 0.13064861186637447, "bad-redirect": 0.015477509126802947, "sfT": 0.006039056838677616, "unknown": 0.13277008071454782, "alternate": 0.14686932566751973, "dsfb-red": 0.02840418069430487}, "french": {"sfb": 0.11377741389888814, "sft": 0.0, "roll-in": 0.17617178163856756, "oneh-out": 0.006194076262021745, "oneh-in": 0.010416033215814295, "redirect": 0.04021771128058866, "dsfb-alt": 0.03578072000108229, "dsfb": 0.0, "roll-out": 0.14798228421587073, "sfR": 0.10898279115633469, "bad-redirect": 0.029001812697566437, "sfT": 0.006375805961102683, "unknown": 0.15807953387545715, "alternate": 0.12999992823699436, "dsfb-red": 0.03702010755971128}, "keymash": {"sfb": 0.14025113602311864, "sft": 0.0, "roll-in": 0.16248311871698143, "oneh-out": 0.013230000041048712, "oneh-in": 0.008480664003973515, "redirect": 0.04925024526605723, "dsfb-alt": 0.053991371560631, "dsfb": 0.0, "roll-out": 0.22494694453908454, "sfR": 0.099723742164827, "bad-redirect": 0.025503565080681245, "sfT": 0.006580108614893294, "unknown": 0.01232282349464109, "alternate": 0.16449861050108164, "dsfb-red": 0.03873766999298067}, "movie": {"sfb": 0.14939842022058694, "sft": 0.0, "roll-in": 0.14110288726973833, "oneh-out": 0.01384330303205368, "oneh-in": 0.007154184896805581, "redirect": 0.05101469171429741, "dsfb-alt": 0.04973832427786673, "dsfb": 0.0, "roll-out": 0.22100751568415938, "sfR": 0.11567713207251198, "bad-redirect": 0.019375807763982962, "sfT": 0.006753337880477316, "unknown": 0.030236445784519856, "alternate": 0.15746852607394035, "dsfb-red": 0.03722942332905947}, "dutch": {"sfb": 0.08987127446957215, "sft": 0.0, "roll-in": 0.17193090877676157, "oneh-out": 0.01113446736521933, "oneh-in": 0.010488044302258824, "redirect": 0.04113641572532089, "dsfb-alt": 0.044159135225048864, "dsfb": 0.0, "roll-out": 0.15240981447043067,