{"english-450k": {"sfb": 0.03578346735457677, "bad-redirect": 0.004251298455651959, "oneh-out": 0.005725892693742213, "redirect": 0.038194446474626394, "oneh-in": 0.006793541019972508, "dsfb-red": 0.017207789739934667, "alternate": 0.3410814821484639, "sfT": 5.4961085797178394e-05, "dsfb-alt": 0.05020461310611407, "unknown": 0.00015377410175167997, "sft": 0.0, "roll-out": 0.155450999560896, "roll-in": 0.23140225024717873, "dsfb": 0.0, "sfR": 0.11369548401129392}, "shai": {"sfb": 0.01772267545569419, "bad-redirect": 0.0020333928034547578, "oneh-out": 0.011078038897918122, "redirect": 0.029707980751992564, "oneh-in": 0.0045870227360198515, "dsfb-red": 0.01635898722857984, "alternate": 0.3161153295126722, "sfT": 3.573935490503101e-05, "dsfb-alt": 0.044032963652526465, "unknown": 0.023621906111313578, "sft": 0.0, "roll-out": 0.21257535298902383, "roll-in": 0.22389682124873012, "dsfb": 0.0, "sfR": 0.09823378925716947}, "tr-quotes": {"sfb": 0.015112919257529877, "bad-redirect": 0.0011488407572640485, "oneh-out": 0.013412773629828251, "redirect": 0.030615334828136196, "oneh-in": 0.003956219227479716, "dsfb-red": 0.016562261621321746, "alternate": 0.31204433554471694, "sfT": 8.09042786805668e-06, "dsfb-alt": 0.044520468782506185, "unknown": 0.01476965396084233, "sft": 0.0, "roll-out": 0.2379637548831511, "roll-in": 0.21311342779871015, "dsfb": 0.0, "sfR": 0.09677191928064538}, "gutenberg": {"sfb": 0.015717758902297225, "bad-redirect": 0.0017831683907307827, "oneh-out": 0.014773984874609902, "redirect": 0.029094268666058194, "oneh-in": 0.003836473626801212, "dsfb-red": 0.016146075457215137, "alternate": 0.2929836785060864, "sfT": 4.925356226389073e-06, "dsfb-alt": 0.03969306695491367, "unknown": 0.03802431837805746, "sft": 0.0, "roll-out": 0.23749613075381062, "roll-in": 0.2118073670447446, "dsfb": 0.0, "sfR": 0.09863878308844841}, "english-200": {"sfb": 0.008908685968819599, "bad-redirect": 0.0022271714922048997, "oneh-out": 0.013363028953229399, "redirect": 0.0200445434298441, "oneh-in": 0.0022271714922048997, "dsfb-red": 0.017817371937639197, "alternate": 0.311804008908686, "sfT": 0.0, "dsfb-alt": 0.0400890868596882, "unknown": 0.0, "sft": 0.0, "roll-out": 0.2383073496659243, "roll-in": 0.2383073496659243, "dsfb": 0.0, "sfR": 0.10690423162583519}, "monkeyracer": {"sfb": 0.015017712748486792, "bad-redirect": 0.0011417489090823779, "oneh-out": 0.013623762453665327, "redirect": 0.03074510846614636, "oneh-in": 0.003962885340256815, "dsfb-red": 0.016545583934185214, "alternate": 0.31169549712998734, "sfT": 8.797722758340242e-06, "dsfb-alt": 0.04467483616685174, "unknown": 0.014352018393105714, "sft": 0.0, "roll-out": 0.23880734160188935, "roll-in": 0.21251681342571593, "dsfb": 0.0, "sfR": 0.09690789370786869}, "chained-bigrams": {"sfb": 0.01998754633600609, "bad-redirect": 0.003134843053316356, "oneh-out": 0.007942294993406311, "redirect": 0.04069452227082629, "oneh-in": 0.006430713670266195, "dsfb-red": 0.024524238219502646, "alternate": 0.2980866938638759, "sfT": 5.32429847497807e-05, "dsfb-alt": 0.059467219527968476, "unknown": 0.02365222201805197, "sft": 0.0, "roll-out": 0.20165910334917853, "roll-in": 0.1952244938507599, "dsfb": 0.0, "sfR": 0.11914286586209158}, "english-5k": {"sfb": 0.021570498195544862, "bad-redirect": 0.0022814950014518605, "oneh-out": 0.008918571369311817, "redirect": 0.034886132658563905, "oneh-in": 0.003277056456630854, "dsfb-red": 0.013564524826813789, "alternate": 0.33479902103123577, "sfT": 0.0, "dsfb-alt": 0.04633508939312233, "unknown": 0.002157049819554486, "sft": 0.0, "roll-out": 0.17484548056581076, "roll-in": 0.2509229684324055, "dsfb": 0.0, "sfR": 0.10644211224955408}, "mt-quotes": {"sfb": 0.014156835323507967, "bad-redirect": 0.001021981568472765, "oneh-out": 0.014150858823107541, "redirect": 0.030335221907459867, "oneh-in": 0.0037831247534693586, "dsfb-red": 0.016551917858978495, "alternate": 0.3125067235629505, "sfT": 1.4941251001063816e-06, "dsfb-alt": 0.04526451990772283, "unknown": 0.008869126594231481, "sft": 0.0, "roll-out": 0.2455998015801867, "roll-in": 0.2112991716570445, "dsfb": 0.0, "sfR": 0.0964592223377679}, "wordle": {"sfb": 0.03558846628520139, "bad-redirect": 0.0025356221249859755, "oneh-out": 0.008100527319645461, "redirect": 0.03715920565466173, "oneh-in": 0.004330752832940648, "dsfb-red": 0.02591719959609559, "alternate": 0.31659373948165603, "sfT": 0.0001570739369460339, "dsfb-alt": 0.05342757769550095, "unknown": 0.0, "sft": 0.0, "roll-out": 0.1673510602490744, "roll-in": 0.21745764613485918, "dsfb": 0.0, "sfR": 0.13138112868843263}, "english-1k": {"sfb": 0.011997177134791814, "bad-redirect": 0.0007057163020465773, "oneh-out": 0.011291460832745237, "redirect": 0.03458009880028229, "oneh-in": 0.0038814396612561752, "dsfb-red": 0.02081863091037403, "alternate": 0.3175723359209598, "sfT": 0.0, "dsfb-alt": 0.03599153140437544, "unknown": 0.0, "sft": 0.0, "roll-out": 0.20642201834862386, "roll-in": 0.24841213832039521, "dsfb": 0.0, "sfR": 0.10832745236414962}, "english-10k": {"sfb": 0.02325312132147199, "bad-redirect": 0.002026205592327435, "oneh-out": 0.007043476582852512, "redirect": 0.03184037359371683, "oneh-in": 0.006136508365334517, "dsfb-red": 0.013681712047239536, "alternate": 0.34823720113467516, "sfT": 0.0, "dsfb-alt": 0.04943941645278941, "unknown": 0.0, "sft": 0.0, "roll-out": 0.1575616062986048, "roll-in": 0.25510893267208273, "dsfb": 0.0, "sfR": 0.10567144593890508}, "reddit": {"sfb": 0.0164998407123501, "bad-redirect": 0.0014570184610734134, "oneh-out": 0.013181675758517301, "redirect": 0.028612744098256787, "oneh-in": 0.0039530681086272475, "dsfb-red": 0.018761369495469245, "alternate": 0.30297372531018013, "sfT": 7.570143220292479e-05, "dsfb-alt": 0.04442857498702569, "unknown": 0.041217688064775854, "sft": 0.0, "roll-out": 0.22050197803235083, "roll-in": 0.20435884426649675, "dsfb": 0.0, "sfR": 0.10397777127267367}, "akl": {"sfb": 0.02065570368943552, "bad-redirect": 0.001176081864983183, "oneh-out": 0.00949488445156276, "redirect": 0.023849161274500152, "oneh-in": 0.0041357808255813025, "dsfb-red": 0.016127195526797335, "alternate": 0.2599618025411423, "sfT": 0.0010263537956176768, "dsfb-alt": 0.04150378076964329, "unknown": 0.13295000147380848, "sft": 0.0, "roll-out": 0.1762274915905823, "roll-in": 0.18224315032997127, "dsfb": 0.0, "sfR": 0.13064861186637447}, "french": {"sfb": 0.04753359763393625, "bad-redirect": 0.0026745577807031316, "oneh-out": 0.00991554992418216, "redirect": 0.035225972490977676, "oneh-in": 0.001032563280326241, "dsfb-red": 0.009942097741723084, "alternate": 0.22820289717890935, "sfT": 2.7746364608235488e-05, "dsfb-alt": 0.03492686008849202, "unknown": 0.15822382396052298, "sft": 0.0, "roll-out": 0.17146881778298667, "roll-in": 0.1918427246162975, "dsfb": 0.0, "sfR": 0.10898279115633469}, "keymash": {"sfb": 0.014855529056331147, "bad-redirect": 0.0013546075127353631, "oneh-out": 0.013505026414846499, "redirect": 0.03077011489534631, "oneh-in": 0.003632811056881201, "dsfb-red": 0.017014691334206303, "alternate": 0.31129701616908784, "sfT": 8.209742501426442e-06, "dsfb-alt": 0.04349932064380801, "unknown": 0.013394194891077241, "sft": 0.0, "roll-out": 0.2370193708874321, "roll-in": 0.21392536523091954, "dsfb": 0.0, "sfR": 0.099723742164827}, "movie": {"sfb": 0.013491936803033172, "bad-redirect": 0.0010084342370727166, "oneh-out": 0.015143621275106729, "redirect": 0.028079952003636312, "oneh-in": 0.0044136599082842025, "dsfb-red": 0.01856884981778305, "alternate": 0.2986305007732031, "sfT": 1.1185816279679096e-05, "dsfb-alt": 0.04665143377819105, "unknown": 0.030451476652766863, "sft": 0.0, "roll-out": 0.23304463838164136, "roll-in": 0.19482717848048978, "dsfb": 0.0, "sfR": 0.11567713207251198}, "dutch": {"sfb": 0.04382347075697251, "bad-redirect": 0.0011805814232166273, "oneh-out": 0.003856644878002283, "redirect": 0.019710820040129834, "oneh-in": 0.006433102770813358, "dsfb-red": 0.013391559881913527, "alternate": 0.2866841367590283, "sfT": 0.0003793976752151489,