{"english-450k": {"redirect": 0.012124473996097763, "dsfb-alt": 0.050015465114035484, "unknown": 0.017344315415824468, "roll-in": 0.20570618855979153, "sfT": 0.001733320626018461, "sfb": 0.037535498137462354, "oneh-out": 0.006885045380900789, "sfR": 0.11369548401129392, "bad-redirect": 0.0028775636569235473, "roll-out": 0.16957775268797715, "oneh-in": 0.0064903780094848805, "dsfb-red": 0.0061012652158888995, "dsfb": 0.0, "alternate": 0.36991324918830076, "sft": 0.0}, "shai": {"redirect": 0.012727630353046306, "dsfb-alt": 0.044526258865945446, "unknown": 0.030721741448641378, "roll-in": 0.23746445029512642, "sfT": 0.00020099032924174355, "sfb": 0.018513763792975858, "oneh-out": 0.012879946421156831, "sfR": 0.09823378925716947, "bad-redirect": 0.002051688225875819, "roll-out": 0.19215578828925764, "oneh-in": 0.008396402934946479, "dsfb-red": 0.006024186803887624, "dsfb": 0.0, "alternate": 0.33610336298272897, "sft": 0.0}, "tr-quotes": {"redirect": 0.014938397170661796, "dsfb-alt": 0.03869882804373454, "unknown": 0.01892697810961374, "roll-in": 0.2296849356233097, "sfT": 0.000187235616375026, "sfb": 0.01834099997688449, "oneh-out": 0.02070224913894732, "sfR": 0.09677191928064538, "bad-redirect": 0.0018261251473613647, "roll-out": 0.2116640854349183, "oneh-in": 0.009760523335105522, "dsfb-red": 0.008303090543445598, "dsfb": 0.0, "alternate": 0.3301946325789972, "sft": 0.0}, "gutenberg": {"redirect": 0.01584941746296416, "dsfb-alt": 0.03709721478682869, "unknown": 0.03758539336357502, "roll-in": 0.2439379283875937, "sfT": 0.00012180784821416055, "sfb": 0.01917081249055184, "oneh-out": 0.015541582698814846, "sfR": 0.09863878308844841, "bad-redirect": 0.0019061128596125714, "roll-out": 0.21444148544197306, "oneh-in": 0.008064891947156231, "dsfb-red": 0.00786598333032129, "dsfb": 0.0, "alternate": 0.299778586293946, "sft": 0.0}, "english-200": {"redirect": 0.017817371937639197, "dsfb-alt": 0.026726057906458798, "unknown": 0.0, "roll-in": 0.20489977728285078, "sfT": 0.0, "sfb": 0.011135857461024499, "oneh-out": 0.013363028953229399, "sfR": 0.10690423162583519, "bad-redirect": 0.0, "roll-out": 0.24944320712694878, "oneh-in": 0.011135857461024499, "dsfb-red": 0.0022271714922048997, "dsfb": 0.0, "alternate": 0.35634743875278396, "sft": 0.0}, "monkeyracer": {"redirect": 0.014932668095156169, "dsfb-alt": 0.03855944132505435, "unknown": 0.018463487495503385, "roll-in": 0.2293087335971347, "sfT": 0.0001779095046686582, "sfb": 0.018295353238343994, "oneh-out": 0.021087163926990633, "sfR": 0.09690789370786869, "bad-redirect": 0.0018494768287533041, "roll-out": 0.21282082362325414, "oneh-in": 0.009769382360761374, "dsfb-red": 0.00835490404617045, "dsfb": 0.0, "alternate": 0.32947276225034017, "sft": 0.0}, "chained-bigrams": {"redirect": 0.02077190640402725, "dsfb-alt": 0.05643561592069133, "unknown": 0.029079759939069246, "roll-in": 0.22689043437834594, "sfT": 0.00011103110234405486, "sfb": 0.020733597427195088, "oneh-out": 0.0066144668981221455, "sfR": 0.11914286586209158, "bad-redirect": 0.003365995523693453, "roll-out": 0.17089374842949429, "oneh-in": 0.00800527754853715, "dsfb-red": 0.012223160828227093, "dsfb": 0.0, "alternate": 0.3257321397381614, "sft": 0.0}, "english-5k": {"redirect": 0.010163023188285561, "dsfb-alt": 0.04666694321151533, "unknown": 0.011697847098353175, "roll-in": 0.2263657858713237, "sfT": 0.0003733355456921226, "sfb": 0.020367528103870245, "oneh-out": 0.009291906915003941, "sfR": 0.10644211224955408, "bad-redirect": 0.0029037209109387314, "roll-out": 0.17613141411208363, "oneh-in": 0.005019289003194093, "dsfb-red": 0.004397063093707222, "dsfb": 0.0, "alternate": 0.3801800306964782, "sft": 0.0}, "mt-quotes": {"redirect": 0.015066757509472754, "dsfb-alt": 0.03755035201587358, "unknown": 0.012390779455182223, "roll-in": 0.2317328265260994, "sfT": 0.00014493013471031903, "sfb": 0.01741402804173988, "oneh-out": 0.022458194379699023, "sfR": 0.0964592223377679, "bad-redirect": 0.0016913496133204242, "roll-out": 0.2173399194367746, "oneh-in": 0.0102078626839268, "dsfb-red": 0.008573289824410418, "dsfb": 0.0, "alternate": 0.3289704880410227, "sft": 0.0}, "wordle": {"redirect": 0.017053741725569393, "dsfb-alt": 0.05077975990126781, "unknown": 0.021878155503197577, "roll-in": 0.182138449455851, "sfT": 0.0005385392123864019, "sfb": 0.04059239313362504, "oneh-out": 0.006372714013239089, "sfR": 0.13138112868843263, "bad-redirect": 0.0009424436216762033, "roll-out": 0.18222820599124873, "oneh-in": 0.01498934141142152, "dsfb-red": 0.012678110624929878, "dsfb": 0.0, "alternate": 0.3384270167171547, "sft": 0.0}, "english-1k": {"redirect": 0.011997177134791814, "dsfb-alt": 0.038108680310515175, "unknown": 0.007057163020465773, "roll-in": 0.19760056457304165, "sfT": 0.0, "sfb": 0.016937191249117856, "oneh-out": 0.012350035285815103, "sfR": 0.10832745236414962, "bad-redirect": 0.0017642907551164433, "roll-out": 0.23218066337332394, "oneh-in": 0.005998588567395907, "dsfb-red": 0.004940014114326041, "dsfb": 0.0, "alternate": 0.36273817925194074, "sft": 0.0}, "english-10k": {"redirect": 0.010285405530576407, "dsfb-alt": 0.04949730804114162, "unknown": 0.01034329711892862, "roll-in": 0.24125354585978656, "sfT": 0.00036664672623067866, "sfb": 0.023214526929237183, "oneh-out": 0.00773817564307906, "sfR": 0.10567144593890508, "bad-redirect": 0.0022770691418536886, "roll-out": 0.16580150904073637, "oneh-in": 0.008934601802358118, "dsfb-red": 0.0045927326759421854, "dsfb": 0.0, "alternate": 0.3700237355512244, "sft": 0.0}, "reddit": {"redirect": 0.014785190162859214, "dsfb-alt": 0.03934826348368552, "unknown": 0.050486150402376896, "roll-in": 0.21612481709076886, "sfT": 0.00026688406949324054, "sfb": 0.01777279344465302, "oneh-out": 0.015786913765730475, "sfR": 0.10397777127267367, "bad-redirect": 0.001984306467565532, "roll-out": 0.20231011104812022, "oneh-in": 0.009190700747668697, "dsfb-red": 0.009218269403829683, "dsfb": 0.0, "alternate": 0.31874782864057494, "sft": 0.0}, "akl": {"redirect": 0.0128389842872745, "dsfb-alt": 0.029670667675758083, "unknown": 0.14610783736754532, "roll-in": 0.18148729536329972, "sfT": 0.00027356257161961767, "sfb": 0.02007164068089902, "oneh-out": 0.014622774336104876, "sfR": 0.13064861186637447, "bad-redirect": 0.0013412768933293501, "roll-out": 0.17544258048371703, "oneh-in": 0.008995370857773579, "dsfb-red": 0.008719213987922381, "dsfb": 0.0, "alternate": 0.2697801836283821, "sft": 0.0}, "french": {"redirect": 0.007892072874118713, "dsfb-alt": 0.034785042006752524, "unknown": 0.183591057658309, "roll-in": 0.1801861352584636, "sfT": 0.00029941203925247636, "sfb": 0.015099535663389735, "oneh-out": 0.011636858276738316, "sfR": 0.10898279115633469, "bad-redirect": 0.006065577034567731, "roll-out": 0.18358000106161307, "oneh-in": 0.00434964716197613, "dsfb-red": 0.005231193511821262, "dsfb": 0.0, "alternate": 0.25830067629666276, "sft": 0.0}, "keymash": {"redirect": 0.014810375472573302, "dsfb-alt": 0.03849548258918859, "unknown": 0.017626317150562572, "roll-in": 0.2300903482162282, "sfT": 0.00019703382003423463, "sfb": 0.018689478804497298, "oneh-out": 0.02046278318480541, "sfR": 0.099723742164827, "bad-redirect": 0.0018800310328266553, "roll-out": 0.21322753711829828, "oneh-in": 0.009055345979073367, "dsfb-red": 0.008394461707708538, "dsfb": 0.0, "alternate": 0.32734706275937653, "sft": 0.0}, "movie": {"redirect": 0.016457494095533976, "dsfb-alt": 0.03775726225962174, "unknown": 0.03416477286410457, "roll-in": 0.19063486613670463, "sfT": 0.00016489209174632831, "sfb": 0.018652414445284184, "oneh-out": 0.02959003720139299, "sfR": 0.11567713207251198, "bad-redirect": 0.0019117218011164498, "roll-out": 0.2163635595583524, "oneh-in": 0.008274477296675088, "dsfb-red": 0.012854213677252879, "dsfb": 0.0, "alternate": 0.3174971564997028, "sft": 0.0}, "dutch": {"redirect": 0.013872929983942257, "dsfb-alt": 0.03824105865704304, "unknown": 0.09843156115284822, "roll-in": 0.21117472917059427, "sfT": 0.0002291196887328878,