{"english-450k": {"sft": 0.0, "sfb": 0.03352187714326309, "dsfb": 0.0, "sfT": 0.00018476279906285502, "roll-out": 0.1954848883325216, "roll-in": 0.17860978856938048, "bad-redirect": 0.0035122472594005384, "redirect": 0.03474242253264191, "oneh-out": 0.004056595885753443, "oneh-in": 0.0034236663604827453, "dsfb-red": 0.01338507081502028, "dsfb-alt": 0.050716218957949505, "alternate": 0.3593808926031149, "sfR": 0.11328269117541298, "unknown": 0.009698877565995693}, "shai": {"sft": 0.0, "sfb": 0.018157094010372077, "dsfb": 0.0, "sfT": 5.827287496752727e-05, "roll-out": 0.19610895030487985, "roll-in": 0.18662745890941787, "bad-redirect": 0.0034554429249391496, "redirect": 0.03420919265439758, "oneh-out": 0.009106820341506295, "oneh-in": 0.003577182763490465, "dsfb-red": 0.00967606071649627, "dsfb-alt": 0.04605137410349721, "alternate": 0.32798905092312347, "sfR": 0.09728563198976478, "unknown": 0.06769746748314746}, "tr-quotes": {"sft": 0.0, "sfb": 0.016843115045884285, "dsfb": 0.0, "sfT": 3.929636393056101e-05, "roll-out": 0.19718337532650657, "roll-in": 0.1891773190633596, "bad-redirect": 0.002947227294792076, "redirect": 0.03385381752617831, "oneh-out": 0.017877534037585817, "oneh-in": 0.004298328748757542, "dsfb-red": 0.009983587989181942, "dsfb-alt": 0.050987032199902915, "alternate": 0.3355007974850327, "sfR": 0.09591664547745082, "unknown": 0.04539192344143686}, "gutenberg": {"sft": 0.0, "sfb": 0.01680626262832921, "dsfb": 0.0, "sfT": 0.0001784494448176349, "roll-out": 0.19978760348457586, "roll-in": 0.19090301859928174, "bad-redirect": 0.003926834969877658, "redirect": 0.03383321910295624, "oneh-out": 0.00980695255707446, "oneh-in": 0.004638170071035003, "dsfb-red": 0.008674878372116725, "dsfb-alt": 0.04813039160749609, "alternate": 0.31050676990213316, "sfR": 0.09761014138424484, "unknown": 0.07519730787606137}, "english-200": {"sft": 0.0, "sfb": 0.011135857461024499, "dsfb": 0.0, "sfT": 0.0, "roll-out": 0.23162583518930957, "roll-in": 0.18040089086859687, "bad-redirect": 0.0022271714922048997, "redirect": 0.0334075723830735, "oneh-out": 0.008908685968819599, "oneh-in": 0.0066815144766146995, "dsfb-red": 0.0022271714922048997, "dsfb-alt": 0.0556792873051225, "alternate": 0.36080178173719374, "sfR": 0.10690423162583519, "unknown": 0.0}, "monkeyracer": {"sft": 0.0, "sfb": 0.016669729577552903, "dsfb": 0.0, "sfT": 3.421336628243427e-05, "roll-out": 0.19733487651907347, "roll-in": 0.18877957989896305, "bad-redirect": 0.0029550573220513943, "redirect": 0.03382919905532008, "oneh-out": 0.01836475749565979, "oneh-in": 0.004326524547601546, "dsfb-red": 0.010049931964277335, "dsfb-alt": 0.05095445516680482, "alternate": 0.33535648372616794, "sfR": 0.09605353707555875, "unknown": 0.04529165428468649}, "chained-bigrams": {"sft": 0.0, "sfb": 0.018555829489990645, "dsfb": 0.0, "sfT": 6.428116451497913e-05, "roll-out": 0.17245467690923175, "roll-in": 0.1786600818513495, "bad-redirect": 0.005187944489643266, "redirect": 0.03476961695568301, "oneh-out": 0.005019774574397007, "oneh-in": 0.005150284817503177, "dsfb-red": 0.01690529696274744, "dsfb-alt": 0.0584543042083385, "alternate": 0.3154205319233898, "sfR": 0.11643721321023381, "unknown": 0.07292016344297708}, "english-5k": {"sft": 0.0, "sfb": 0.0236445845605011, "dsfb": 0.0, "sfT": 8.296345459824948e-05, "roll-out": 0.22292280250549634, "roll-in": 0.18326627120753308, "bad-redirect": 0.004438544821006347, "redirect": 0.03368316256688929, "oneh-out": 0.0033600199112291036, "oneh-in": 0.0033185381839299787, "dsfb-red": 0.009914132824490812, "dsfb-alt": 0.051022524577923424, "alternate": 0.3548761770440121, "sfR": 0.10644211224955408, "unknown": 0.0030281660928361057}, "mt-quotes": {"sft": 0.0, "sfb": 0.015812325934425837, "dsfb": 0.0, "sfT": 3.137662710223402e-05, "roll-out": 0.19821810640561313, "roll-in": 0.19162154408864346, "bad-redirect": 0.002825390564301168, "redirect": 0.03396594590071837, "oneh-out": 0.019855428455313708, "oneh-in": 0.004443528047716379, "dsfb-red": 0.009900072913304886, "dsfb-alt": 0.051756493467685065, "alternate": 0.33954441137447555, "sfR": 0.09572710103871578, "unknown": 0.03629827518198444}, "english-1k": {"sft": 0.0, "sfb": 0.02117148906139732, "dsfb": 0.0, "sfT": 0.0, "roll-out": 0.24064925899788286, "roll-in": 0.1743119266055046, "bad-redirect": 0.0028228652081863093, "redirect": 0.037755822159491886, "oneh-out": 0.0056457304163726185, "oneh-in": 0.004940014114326041, "dsfb-red": 0.008468595624558928, "dsfb-alt": 0.04763585038814397, "alternate": 0.3482709950599859, "sfR": 0.10832745236414962, "unknown": 0.0}, "english-10k": {"sft": 0.0, "sfb": 0.025009166168155766, "dsfb": 0.0, "sfT": 0.00015437756893923313, "roll-out": 0.2086991760097258, "roll-in": 0.19602091816059128, "bad-redirect": 0.003048956986549854, "redirect": 0.035912081974489106, "oneh-out": 0.0029717682020802376, "oneh-in": 0.004110302773007082, "dsfb-red": 0.011288859728681423, "dsfb-alt": 0.0479921267439841, "alternate": 0.35159491325910347, "sfR": 0.10543987958549622, "unknown": 0.0077574728391964646}, "reddit": {"sft": 0.0, "sfb": 0.01610286704659721, "dsfb": 0.0, "sfT": 6.88467255759405e-05, "roll-out": 0.19055028123962311, "roll-in": 0.17522503009234938, "bad-redirect": 0.0027226669977901997, "redirect": 0.03262604372740967, "oneh-out": 0.013127325051873836, "oneh-in": 0.004328878335886992, "dsfb-red": 0.010217520817425638, "dsfb-alt": 0.050731121885111745, "alternate": 0.3179440674667945, "sfR": 0.1028716913164539, "unknown": 0.0834836592971079}, "akl": {"sft": 0.0, "sfb": 0.023704812271799255, "dsfb": 0.0, "sfT": 0.00012601495005681824, "roll-out": 0.17182361475557004, "roll-in": 0.16908833449745375, "bad-redirect": 0.0020786890876629133, "redirect": 0.02929624553511189, "oneh-out": 0.014218005367964274, "oneh-in": 0.0036320061121587577, "dsfb-red": 0.014902290089388835, "dsfb-alt": 0.04953025666036096, "alternate": 0.2996197495784323, "sfR": 0.11706348985084018, "unknown": 0.10491649124320006}, "keymash": {"sft": 0.0, "sfb": 0.01770841457557684, "dsfb": 0.0, "sfT": 4.104871250713222e-05, "roll-out": 0.2025138231539368, "roll-in": 0.18822887120145476, "bad-redirect": 0.003316735970576283, "redirect": 0.03440703082347822, "oneh-out": 0.017063949789214862, "oneh-in": 0.004047403053203236, "dsfb-red": 0.010820440616880051, "dsfb-alt": 0.050272358207484824, "alternate": 0.33122616609130057, "sfR": 0.09899307508220005, "unknown": 0.04136068272218642}, "movie": {"sft": 0.0, "sfb": 0.014705137276943309, "dsfb": 0.0, "sfT": 2.763554610273659e-05, "roll-out": 0.1795399839634874, "roll-in": 0.1557982863066264, "bad-redirect": 0.0020906948615913154, "redirect": 0.0308119231326497, "oneh-out": 0.026070979399805946, "oneh-in": 0.0037064531237313144, "dsfb-red": 0.01195224209159499, "dsfb-alt": 0.05274494009600589, "alternate": 0.30511419468242085, "sfR": 0.1138359467128768, "unknown": 0.10360158280616336}}