{"english-450k": {"dsfb-red": 0.010639939987171849, "redirect": 0.045049087850618105, "dsfb": 0.0, "oneh-in": 0.004572294584403564, "unknown": 0.00015377410175167997, "sfT": 6.60702414370336e-05, "roll-out": 0.1907213993326321, "oneh-out": 0.005524466161219575, "dsfb-alt": 0.05321051674529805, "sfb": 0.02590713564454444, "bad-redirect": 0.0014886268557405978, "sfR": 0.11369548401129392, "sft": 0.0, "alternate": 0.3644244492636092, "roll-in": 0.18454675522027994}, "shai": {"dsfb-red": 0.009213105637699393, "redirect": 0.0446345335522643, "dsfb": 0.0, "oneh-in": 0.005273571331479459, "unknown": 0.024097749651430984, "sfT": 4.3894306257088656e-05, "roll-out": 0.1839379969798426, "oneh-out": 0.006120954764829317, "dsfb-alt": 0.050443452088828666, "sfb": 0.018014802301066404, "bad-redirect": 0.0009089848598896531, "sfR": 0.09823378925716947, "sft": 0.0, "alternate": 0.3757937356969043, "roll-in": 0.1832834295723384}, "tr-quotes": {"dsfb-red": 0.011051524467765424, "redirect": 0.04667830147245787, "dsfb": 0.0, "oneh-in": 0.006035459189570283, "unknown": 0.013894731975682485, "sfT": 3.467326229167148e-05, "roll-out": 0.18696054182751207, "oneh-out": 0.005725711379764684, "dsfb-alt": 0.053277779061972674, "sfb": 0.0158526155197522, "bad-redirect": 0.0015186888883752109, "sfR": 0.09677191928064538, "sft": 0.0, "alternate": 0.37413721365664226, "roll-in": 0.1880608400175678}, "gutenberg": {"dsfb-red": 0.00744316044196358, "redirect": 0.0328595140643547, "dsfb": 0.0, "oneh-in": 0.006206138282028171, "unknown": 0.03298207965968062, "sfT": 2.8226079912768152e-05, "roll-out": 0.17489580030029517, "oneh-out": 0.0063019932916648196, "dsfb-alt": 0.05443465814049617, "sfb": 0.014676424933971812, "bad-redirect": 0.0012320968037090206, "sfR": 0.09863878308844841, "sft": 0.0, "alternate": 0.3715362905929864, "roll-in": 0.1987648343204884}, "english-200": {"dsfb-red": 0.004454342984409799, "redirect": 0.028953229398663696, "dsfb": 0.0, "oneh-in": 0.008908685968819599, "unknown": 0.0, "sfT": 0.0, "roll-out": 0.20044543429844097, "oneh-out": 0.0066815144766146995, "dsfb-alt": 0.0645879732739421, "sfb": 0.008908685968819599, "bad-redirect": 0.0, "sfR": 0.10690423162583519, "sft": 0.0, "alternate": 0.37193763919821826, "roll-in": 0.19821826280623608}, "monkeyracer": {"dsfb-red": 0.011009861269687348, "redirect": 0.046822458044637694, "dsfb": 0.0, "oneh-in": 0.006086069099269594, "unknown": 0.013491796612290222, "sfT": 3.421336628243427e-05, "roll-out": 0.1872399784162535, "oneh-out": 0.005750778109701738, "dsfb-alt": 0.053251638331482554, "sfb": 0.015844698687770775, "bad-redirect": 0.0015806575222484633, "sfR": 0.09690789370786869, "sft": 0.0, "alternate": 0.37394427326899915, "roll-in": 0.18803568356350783}, "chained-bigrams": {"dsfb-red": 0.013518523688907734, "redirect": 0.03175359666101555, "dsfb": 0.0, "oneh-in": 0.005983992042121694, "unknown": 0.023159399756770463, "sfT": 4.934715659735772e-05, "roll-out": 0.17090998104679603, "oneh-out": 0.005087302262372338, "dsfb-alt": 0.06689136937710254, "sfb": 0.018716207748932057, "bad-redirect": 0.002245295625179776, "sfR": 0.11914286586209158, "sft": 0.0, "alternate": 0.37220482446372305, "roll-in": 0.17033729430838987}, "english-5k": {"dsfb-red": 0.00937487036960219, "redirect": 0.0555025511262289, "dsfb": 0.0, "oneh-in": 0.005060770730493218, "unknown": 0.002157049819554486, "sfT": 8.296345459824948e-05, "roll-out": 0.1828099722072427, "oneh-out": 0.004936325548595843, "dsfb-alt": 0.0551706973078359, "sfb": 0.02161197992284399, "bad-redirect": 0.0009540797278798689, "sfR": 0.10644211224955408, "sft": 0.0, "alternate": 0.3663666155058697, "roll-in": 0.1895300120297009}, "mt-quotes": {"dsfb-red": 0.011253750254001268, "redirect": 0.047395142300474535, "dsfb": 0.0, "oneh-in": 0.006364972926453186, "unknown": 0.007995063410669249, "sfT": 2.689425180191487e-05, "roll-out": 0.18775773657976835, "oneh-out": 0.0055835454990975485, "dsfb-alt": 0.05374666810102676, "sfb": 0.014830685743655946, "bad-redirect": 0.0016211257336154242, "sfR": 0.0964592223377679, "sft": 0.0, "alternate": 0.3772680819019615, "roll-in": 0.18969711095970643}, "wordle": {"dsfb-red": 0.013463480309660047, "redirect": 0.03715920565466173, "dsfb": 0.0, "oneh-in": 0.0039044092898014135, "unknown": 0.0, "sfT": 0.0001570739369460339, "roll-out": 0.1922136205542466, "oneh-out": 0.007270279367216426, "dsfb-alt": 0.057848087063839336, "sfb": 0.035812857623695724, "bad-redirect": 0.0022439133849433412, "sfR": 0.13138112868843263, "sft": 0.0, "alternate": 0.3439919219118142, "roll-in": 0.1745540222147425}, "english-1k": {"dsfb-red": 0.008468595624558928, "redirect": 0.03599153140437544, "dsfb": 0.0, "oneh-in": 0.00529287226534933, "unknown": 0.0, "sfT": 0.00035285815102328866, "roll-out": 0.19407198306280876, "oneh-out": 0.008821453775582216, "dsfb-alt": 0.05469301340860974, "sfb": 0.014114326040931546, "bad-redirect": 0.0, "sfR": 0.10832745236414962, "sft": 0.0, "alternate": 0.3796753705010586, "roll-in": 0.1901905434015526}, "english-10k": {"dsfb-red": 0.00988016441211092, "redirect": 0.05437949865884487, "dsfb": 0.0, "oneh-in": 0.004245383145828911, "unknown": 0.0, "sfT": 3.859439223480828e-05, "roll-out": 0.19513324713919067, "oneh-out": 0.004882190617703248, "dsfb-alt": 0.0521989154975782, "sfb": 0.02140059049420119, "bad-redirect": 0.0010806429825746318, "sfR": 0.10567144593890508, "sft": 0.0, "alternate": 0.3654503000713996, "roll-in": 0.18563902664942783}, "reddit": {"dsfb-red": 0.011548457625458456, "redirect": 0.043821989636657475, "dsfb": 0.0, "oneh-in": 0.0060011270935650595, "unknown": 0.04519937363713543, "sfT": 5.554934386785624e-05, "roll-out": 0.18281967046091535, "oneh-out": 0.006532048469143613, "dsfb-alt": 0.051148509841092545, "sfb": 0.01672548416984165, "bad-redirect": 0.0008477736343635808, "sfR": 0.10397777127267367, "sft": 0.0, "alternate": 0.35076826091036123, "roll-in": 0.1805539839049241}, "akl": {"dsfb-red": 0.013331900951274804, "redirect": 0.038349657687289866, "dsfb": 0.0, "oneh-in": 0.006625615315036876, "unknown": 0.13920166722946467, "sfT": 0.00011785526252037358, "roll-out": 0.14447748152841128, "oneh-out": 0.005765617805069027, "dsfb-alt": 0.046574101941046525, "sfb": 0.019996949599431706, "bad-redirect": 0.0007354959024541888, "sfR": 0.13064861186637447, "sft": 0.0, "alternate": 0.29230948950066504, "roll-in": 0.16186555541096118}, "french": {"dsfb-red": 0.0079881214397253, "redirect": 0.043029532664175515, "dsfb": 0.0, "oneh-in": 0.00629640221789337, "unknown": 0.15842537463172957, "sfT": 3.5342156647315075e-05, "roll-out": 0.15515041967949564, "oneh-out": 0.009930351980463444, "dsfb-alt": 0.042841225938062714, "sfb": 0.046225533328350374, "bad-redirect": 0.001439754664606604, "sfR": 0.10898279115633469, "sft": 0.0, "alternate": 0.2677057350612007, "roll-in": 0.15194941508131476}, "keymash": {"dsfb-red": 0.010886118556891464, "redirect": 0.04562564395167745, "dsfb": 0.0, "oneh-in": 0.006300977369844795, "unknown": 0.012376186820900362, "sfT": 2.873409875499255e-05, "roll-out": 0.18656639834491592, "oneh-out": 0.005931538957280605, "dsfb-alt": 0.052698337116656335, "sfb": 0.01619782195531437, "bad-redirect": 0.001539326719017458, "sfR": 0.099723742164827, "sft": 0.0, "alternate": 0.37332162076736464, "roll-in": 0.18880355317655462}, "movie": {"dsfb-red": 0.018943903657748763, "redirect": 0.05487077158049925, "dsfb": 0.0, "oneh-in": 0.006725965530051749, "unknown": 0.030282373430185833, "sfT": 3.868976454383123e-05, "roll-out": 0.18059302986784023, "oneh-out": 0.007502129582022893, "dsfb-alt": 0.05298392177087527, "sfb": 0.014137029407774195, "bad-redirect": 0.002463379940462506, "sfR": 0.11567713207251198, "sft": 0.0, "alternate": 0.3407831308415458, "roll-in": 0.17499854255393768}, "dutch": {"dsfb-red": 0.0073250701300258715, "redirect": 0.037675306237345114, "dsfb": 0.0, "oneh-in": 0.0070444532002505, "unknown": 0.07360268279108878, "sfT": 6.64515234343467e-05, "roll-out": 0.17262483051365018, "oneh-out": 0.002855299673957196,