{"monkeyracer": {"sft": 0.0, "dsfb-red": 0.009966842360448567, "redirect": 0.04300717894177081, "roll-out": 0.13244189592880493, "oneh-out": 0.0028553497974568715, "unknown": 0.013436077701487402, "sfR": 0.09690789370786869, "dsfb": 0.0, "sfT": 0.00034799881132990286, "alternate": 0.3432265354958788, "dsfb-alt": 0.030564266387224925, "oneh-in": 0.009736146519229867, "roll-in": 0.2719288127375385, "bad-redirect": 0.00035190891033360966, "sfb": 0.04522909270062718}, "english-200": {"sft": 0.0, "dsfb-red": 0.004454342984409799, "redirect": 0.0378619153674833, "roll-out": 0.111358574610245, "oneh-out": 0.0, "unknown": 0.0, "sfR": 0.10690423162583519, "dsfb": 0.0, "sfT": 0.0, "alternate": 0.35634743875278396, "dsfb-alt": 0.031180400890868598, "oneh-in": 0.013363028953229399, "roll-in": 0.29398663697104677, "bad-redirect": 0.0, "sfb": 0.044543429844097995}, "english-10k": {"sft": 0.0, "dsfb-red": 0.010845024217981128, "redirect": 0.030161517531502674, "roll-out": 0.1789814939889234, "oneh-out": 0.0045927326759421854, "unknown": 0.0, "sfR": 0.10567144593890508, "dsfb": 0.0, "sfT": 0.00036664672623067866, "alternate": 0.37401825514752707, "dsfb-alt": 0.037899693174581736, "oneh-in": 0.006561046679917408, "roll-in": 0.20937457787383493, "bad-redirect": 0.00030875513787846626, "sfb": 0.04121881090677525}, "shai": {"sft": 0.0, "dsfb-red": 0.010539796627047097, "redirect": 0.03625118937662577, "roll-out": 0.1484510662666625, "oneh-out": 0.0033514721332114205, "unknown": 0.023260762136131256, "sfR": 0.09823378925716947, "dsfb": 0.0, "sfT": 0.00040107498282312574, "alternate": 0.34401443600557713, "dsfb-alt": 0.03387875263226503, "oneh-in": 0.008059712202593917, "roll-in": 0.2514818208446594, "bad-redirect": 0.0003311676589878788, "sfb": 0.041744959876246}}