{"english-450k": {"sfb": 0.036825973907516865, "dsfb-red": 0.02210546564610557, "sfR": 0.11369548401129392, "sft": 0.0, "sfT": 0.0005013737347987284, "oneh-out": 0.005557793628139141, "bad-redirect": 0.002081504951467607, "dsfb-alt": 0.03727969521154464, "roll-out": 0.165469119178437, "roll-in": 0.23611984089350355, "dsfb": 0.0, "unknown": 0.00015377410175167997, "redirect": 0.045449017453652894, "alternate": 0.3248153395221075, "oneh-in": 0.009945617759680898}, "shai": {"sfb": 0.02410177100617934, "dsfb-red": 0.019303470394314154, "sfR": 0.09823378925716947, "sft": 0.0, "sfT": 0.0001793740960660236, "oneh-out": 0.0038991582015665558, "bad-redirect": 0.0015318226560107604, "dsfb-alt": 0.03153890860045089, "roll-out": 0.14450706163827284, "roll-in": 0.2799374727716741, "dsfb": 0.0, "unknown": 0.023621906111313578, "redirect": 0.040699403771264415, "alternate": 0.3225573230766468, "oneh-in": 0.009888538419071145}, "tr-quotes": {"sfb": 0.025685952705670236, "dsfb-red": 0.018414969603106724, "sfR": 0.09677191928064538, "sft": 0.0, "sfT": 0.00012482374425001734, "oneh-out": 0.00300732761609764, "bad-redirect": 0.0012239661588960033, "dsfb-alt": 0.030493978410115346, "roll-out": 0.13269226323940733, "roll-in": 0.30174175354245164, "dsfb": 0.0, "unknown": 0.01476965396084233, "redirect": 0.03983379949608192, "alternate": 0.3230623425256004, "oneh-in": 0.012177249716835025}, "gutenberg": {"sfb": 0.02338578079967326, "dsfb-red": 0.016916893706645026, "sfR": 0.09863878308844841, "sft": 0.0, "sfT": 0.00016177900835908726, "oneh-out": 0.0025820232832955026, "bad-redirect": 0.0013931180649563557, "dsfb-alt": 0.028669551409921105, "roll-out": 0.12930935518372905, "roll-in": 0.3071185036919334, "dsfb": 0.0, "unknown": 0.03802431837805746, "redirect": 0.03730218538055765, "alternate": 0.30473103197958024, "oneh-in": 0.011766676024843497}, "english-200": {"sfb": 0.011135857461024499, "dsfb-red": 0.004454342984409799, "sfR": 0.10690423162583519, "sft": 0.0, "sfT": 0.0, "oneh-out": 0.0, "bad-redirect": 0.0, "dsfb-alt": 0.024498886414253896, "roll-out": 0.12249443207126949, "roll-in": 0.32293986636971045, "dsfb": 0.0, "unknown": 0.0, "redirect": 0.0467706013363029, "alternate": 0.3429844097995546, "oneh-in": 0.017817371937639197}, "monkeyracer": {"sfb": 0.025493845504168167, "dsfb-red": 0.01834422947589033, "sfR": 0.09690789370786869, "sft": 0.0, "sfT": 0.00013098831662417692, "oneh-out": 0.0029697201933152947, "bad-redirect": 0.0012297261366657805, "dsfb-alt": 0.030450873516117426, "roll-out": 0.13250836761186793, "roll-in": 0.302258473184541, "dsfb": 0.0, "unknown": 0.014352018393105714, "redirect": 0.04005212161971941, "alternate": 0.3229839529536888, "oneh-in": 0.012317789386427264}, "chained-bigrams": {"sfb": 0.025898166947923816, "dsfb-red": 0.02451709586788987, "sfR": 0.11914286586209158, "sft": 0.0, "sfT": 0.00031166625219383823, "oneh-out": 0.0040107550829194556, "bad-redirect": 0.0025725451899833063, "dsfb-alt": 0.045351984827047956, "roll-out": 0.13213869927388255, "roll-in": 0.255047532349983, "dsfb": 0.0, "unknown": 0.02365222201805197, "redirect": 0.04112306336759281, "alternate": 0.31202012325101663, "oneh-in": 0.014213279709423165}, "english-5k": {"sfb": 0.0270046044717302, "dsfb-red": 0.020823827104160617, "sfR": 0.10644211224955408, "sft": 0.0, "sfT": 8.296345459824948e-05, "oneh-out": 0.006637076367859957, "bad-redirect": 0.0022400132741527356, "dsfb-alt": 0.032646119384411164, "roll-out": 0.17646326793047662, "roll-in": 0.24615256979300618, "dsfb": 0.0, "unknown": 0.002157049819554486, "redirect": 0.03915875057037375, "alternate": 0.3303189944829303, "oneh-in": 0.009872651097191687}, "mt-quotes": {"sfb": 0.024759147033862852, "dsfb-red": 0.017783076941466153, "sfR": 0.0964592223377679, "sft": 0.0, "sfT": 9.861225660702119e-05, "oneh-out": 0.0027536725594960614, "bad-redirect": 0.0011325468258806374, "dsfb-alt": 0.03024706852655359, "roll-out": 0.13051182749429244, "roll-in": 0.3089835765768996, "dsfb": 0.0, "unknown": 0.008869126594231481, "redirect": 0.03987670479673922, "alternate": 0.3257147894478909, "oneh-in": 0.012810628608312117}, "wordle": {"sfb": 0.05017390328733311, "dsfb-red": 0.025625490856052955, "sfR": 0.13138112868843263, "sft": 0.0, "sfT": 0.0005161000785369685, "oneh-out": 0.004285874565241782, "bad-redirect": 0.0008526870862784697, "dsfb-alt": 0.04272411084932121, "roll-out": 0.14677437450914393, "roll-in": 0.23424211825423538, "dsfb": 0.0, "unknown": 0.0, "redirect": 0.038370918882531135, "alternate": 0.3150230001121957, "oneh-in": 0.010030292830696735}, "english-1k": {"sfb": 0.024347212420606917, "dsfb-red": 0.022582921665490474, "sfR": 0.10832745236414962, "sft": 0.0, "sfT": 0.0, "oneh-out": 0.0038814396612561752, "bad-redirect": 0.0014114326040931546, "dsfb-alt": 0.020465772759350742, "roll-out": 0.15808045165843332, "roll-in": 0.29357798165137616, "dsfb": 0.0, "unknown": 0.0, "redirect": 0.04269583627381793, "alternate": 0.3101623147494707, "oneh-in": 0.014467184191954835}, "english-10k": {"sfb": 0.028019528762470814, "dsfb-red": 0.01972173443198703, "sfR": 0.10567144593890508, "sft": 0.0, "sfT": 7.718878446961657e-05, "oneh-out": 0.0061172111692171125, "bad-redirect": 0.0017174504544489686, "dsfb-alt": 0.03363501283263542, "roll-out": 0.17489048841203372, "roll-in": 0.23451882441481253, "dsfb": 0.0, "unknown": 0.0, "redirect": 0.03896103896103896, "alternate": 0.349375735705602, "oneh-in": 0.007294340132378766}, "reddit": {"sfb": 0.024927571409280862, "dsfb-red": 0.01874200401281268, "sfR": 0.10397777127267367, "sft": 0.0, "sfT": 0.00021227116095693952, "oneh-out": 0.003447655231480259, "bad-redirect": 0.0012253069026333873, "dsfb-alt": 0.031137486124369475, "roll-out": 0.1288198274074769, "roll-in": 0.277121704941588, "dsfb": 0.0, "unknown": 0.041217688064775854, "redirect": 0.04041018114966915, "alternate": 0.31714289085452907, "oneh-in": 0.011617641467753756}, "akl": {"sfb": 0.027781944440360827, "dsfb-red": 0.015353032226891493, "sfR": 0.13064861186637447, "sft": 0.0, "sfT": 0.00022259078826961123, "oneh-out": 0.0028008537860187734, "bad-redirect": 0.0008910549659401997, "dsfb-alt": 0.02964195744199526, "roll-out": 0.11503568037188301, "roll-in": 0.2302066842810457, "dsfb": 0.0, "unknown": 0.13295000147380848, "redirect": 0.0320257469027847, "alternate": 0.27302364940031065, "oneh-in": 0.009418192054316798}, "french": {"sfb": 0.020790746521483064, "dsfb-red": 0.019974715750704787, "sfR": 0.10898279115633469, "sft": 0.0, "sfT": 0.00021851011220902516, "oneh-out": 0.00527970470437065, "bad-redirect": 0.005162142218905843, "dsfb-alt": 0.027675110985083885, "roll-out": 0.1584588440585842, "roll-in": 0.22139841587734477, "dsfb": 0.0, "unknown": 0.15822382396052298, "redirect": 0.03699459348901591, "alternate": 0.22599181754913514, "oneh-in": 0.010848783616305053}, "keymash": {"sfb": 0.025310636131897723, "dsfb-red": 0.019194377968335022, "sfR": 0.099723742164827, "sft": 0.0, "sfT": 0.00012725100877210987, "oneh-out": 0.0030868631805363424, "bad-redirect": 0.0013053490577268044, "dsfb-alt": 0.030289844959012862, "roll-out": 0.13327695976815687, "roll-in": 0.30055867297722205, "dsfb": 0.0, "unknown": 0.013394194891077241, "redirect": 0.039086584049291294, "alternate": 0.32212566652846936, "oneh-in": 0.012519857314675325}, "movie": {"sfb": 0.029727951736229503, "dsfb-red": 0.018263411234428522, "sfR": 0.11567713207251198, "sft": 0.0, "sfT": 0.00027846102644471727, "oneh-out": 0.0021647844447143664, "bad-redirect": 0.0009846150282889295, "dsfb-alt": 0.033296885118640054, "roll-out": 0.12126846103828852, "roll-in": 0.28836139503710334, "dsfb": 0.0, "unknown": 0.030451476652766863, "redirect": 0.035578528444017425, "alternate": 0.312819248131541, "oneh-in": 0.011127650035024765}, "dutch": {"sfb": 0.03875242697782667, "dsfb-red": 0.014028443762341093, "sfR": 0.18880787437283908, "sft": 0.0, "sfT": 0.0003386051183308697, "oneh-out": 0.005105883312344143, "bad-redirect": 0.001801614481540588, "dsfb-alt": 0.02631537706541681,