{"english-450k": {"sfb": 0.0452370664578925, "oneh-out": 0.003506400335379562, "dsfb-alt": 0.04909135877252016, "dsfb": 0.0, "sfR": 0.11369548401129392, "bad-redirect": 0.001033443820707583, "roll-in": 0.19715886267972713, "oneh-in": 0.0025828786862663357, "redirect": 0.030048804274803092, "sft": 0.0, "roll-out": 0.2049449190522604, "unknown": 0.0001543587941537776, "sfT": 0.0023788210379342583, "dsfb-red": 0.012441084931833636, "alternate": 0.33772651714522767}, "shai": {"sfb": 0.027142139679647813, "oneh-out": 0.007406476215718628, "dsfb-alt": 0.0497676941931173, "dsfb": 0.0, "sfR": 0.09823378925716947, "bad-redirect": 0.0010519229274657523, "roll-in": 0.20121941099809174, "oneh-in": 0.0011052378087541216, "redirect": 0.03446138849212898, "sft": 0.0, "roll-out": 0.2509662785214295, "unknown": 0.031793109309943265, "sfT": 0.000308692195057457, "dsfb-red": 0.010380869900697696, "alternate": 0.28616299050077826}, "tr-quotes": {"sfb": 0.02113797646841266, "oneh-out": 0.009936201197383324, "dsfb-alt": 0.04822935207230531, "dsfb": 0.0, "sfR": 0.09677191928064538, "bad-redirect": 0.0013106493146251821, "roll-in": 0.19206675758766556, "oneh-in": 0.0008414044982778947, "redirect": 0.04621599130856892, "sft": 0.0, "roll-out": 0.26619125771480084, "unknown": 0.039616513719054114, "sfT": 0.0002461801622708675, "dsfb-red": 0.011793532280807194, "alternate": 0.26564226439518274}, "gutenberg": {"sfb": 0.025115338582247577, "oneh-out": 0.010113650700556148, "dsfb-alt": 0.047992671069935135, "dsfb": 0.0, "sfR": 0.09863878308844841, "bad-redirect": 0.0011250650241740273, "roll-in": 0.18956748931481854, "oneh-in": 0.0011765918277731745, "redirect": 0.03771572586679639, "sft": 0.0, "roll-out": 0.28260102758085826, "unknown": 0.04011588984327138, "sfT": 0.00017087197370011325, "dsfb-red": 0.016055524677360752, "alternate": 0.2496113704500601}, "english-200": {"sfb": 0.013363028953229399, "oneh-out": 0.011135857461024499, "dsfb-alt": 0.0467706013363029, "dsfb": 0.0, "sfR": 0.10690423162583519, "bad-redirect": 0.0, "roll-in": 0.19821826280623608, "oneh-in": 0.0022271714922048997, "redirect": 0.0378619153674833, "sft": 0.0, "roll-out": 0.29175946547884185, "unknown": 0.0, "sfT": 0.0, "dsfb-red": 0.008908685968819599, "alternate": 0.2828507795100223}, "monkeyracer": {"sfb": 0.020985501352894256, "oneh-out": 0.009956089588188373, "dsfb-alt": 0.048258441903749005, "dsfb": 0.0, "sfR": 0.09690789370786869, "bad-redirect": 0.0013548493047843971, "roll-in": 0.19209436632935545, "oneh-in": 0.0008465364343025165, "redirect": 0.04668951467851166, "sft": 0.0, "roll-out": 0.2666374712607723, "unknown": 0.03912933825484461, "sfT": 0.00023265089072055305, "dsfb-red": 0.011815341664450944, "alternate": 0.26509200462955723}, "chained-bigrams": {"sfb": 0.028453180911221218, "oneh-out": 0.008680554428290466, "dsfb-alt": 0.05579929732246224, "dsfb": 0.0, "sfR": 0.11914286586209158, "bad-redirect": 0.0018622058568581834, "roll-in": 0.17640959178863314, "oneh-in": 0.004778233228946782, "redirect": 0.030623157192120817, "sft": 0.0, "roll-out": 0.22973179171084643, "unknown": 0.033665798979163164, "sfT": 0.00024348925952643612, "dsfb-red": 0.02021220575946248, "alternate": 0.290397627700377}, "english-5k": {"sfb": 0.03082092338324968, "oneh-out": 0.005185215912390592, "dsfb-alt": 0.048699547849172437, "dsfb": 0.0, "sfR": 0.10644211224955408, "bad-redirect": 0.001078524909777243, "roll-in": 0.2178620317750031, "oneh-in": 0.0018666777284606132, "redirect": 0.02513792674326959, "sft": 0.0, "roll-out": 0.217488696229311, "unknown": 0.0022400132741527356, "sfT": 0.000622225909486871, "dsfb-red": 0.00937487036960219, "alternate": 0.3331812336665699}, "mt-quotes": {"sfb": 0.019637286190698176, "oneh-out": 0.010385663570839459, "dsfb-alt": 0.04830954686173964, "dsfb": 0.0, "sfR": 0.0964592223377679, "bad-redirect": 0.001401489343899786, "roll-in": 0.19291097405003527, "oneh-in": 0.0007231565484514887, "redirect": 0.048830996521676766, "sft": 0.0, "roll-out": 0.27228338174298655, "unknown": 0.03468910244916987, "sfT": 0.00018975388771351047, "dsfb-red": 0.012142754688564563, "alternate": 0.262036671806457}, "wordle": {"sfb": 0.04905194659486144, "oneh-out": 0.006260518343991922, "dsfb-alt": 0.060944687535061146, "dsfb": 0.0, "sfR": 0.13138112868843263, "bad-redirect": 0.0011668349601705373, "roll-in": 0.17612476158420284, "oneh-in": 0.0025131829911365423, "redirect": 0.03469090093122405, "sft": 0.0, "roll-out": 0.22616403006843935, "unknown": 0.0, "sfT": 0.0013014697632671378, "dsfb-red": 0.016403006843935825, "alternate": 0.29399753169527654}, "english-1k": {"sfb": 0.02646436132674665, "oneh-out": 0.008821453775582216, "dsfb-alt": 0.04904728299223712, "dsfb": 0.0, "sfR": 0.10832745236414962, "bad-redirect": 0.001058574453069866, "roll-in": 0.20606916019760058, "oneh-in": 0.001058574453069866, "redirect": 0.02893436838390967, "sft": 0.0, "roll-out": 0.2537050105857445, "unknown": 0.0, "sfT": 0.0, "dsfb-red": 0.011291460832745237, "alternate": 0.30522230063514466}, "english-10k": {"sfb": 0.03378939040157465, "oneh-out": 0.005075162578877289, "dsfb-alt": 0.052044537928638966, "dsfb": 0.0, "sfR": 0.10567144593890508, "bad-redirect": 0.001215723355396461, "roll-in": 0.2228054263715482, "oneh-in": 0.00135080372821829, "redirect": 0.029756276413037186, "sft": 0.0, "roll-out": 0.21504795353235176, "unknown": 0.0, "sfT": 0.0006175102757569325, "dsfb-red": 0.00843287470330561, "alternate": 0.32419289477238955}, "reddit": {"sfb": 0.025331062664941378, "oneh-out": 0.009099791605681315, "dsfb-alt": 0.050382730484359935, "dsfb": 0.0, "sfR": 0.10397777127267367, "bad-redirect": 0.0009063944861189381, "roll-in": 0.19111247955527563, "oneh-in": 0.0011336860697940235, "redirect": 0.03940800805783874, "sft": 0.0, "roll-out": 0.25041573046544396, "unknown": 0.06027826737738363, "sfT": 0.00033408266888564384, "dsfb-red": 0.012261459486904608, "alternate": 0.2553585358046985}, "akl": {"sfb": 0.02977807162254552, "oneh-out": 0.0066867172152911495, "dsfb-alt": 0.04313848514676551, "dsfb": 0.0, "sfR": 0.13064861186637447, "bad-redirect": 0.000696037861731959, "roll-in": 0.16885847394038545, "oneh-in": 0.0012516624201298963, "redirect": 0.03523748811348142, "sft": 0.0, "roll-out": 0.2113791207863995, "unknown": 0.15113620503040356, "sfT": 0.00041778084569329076, "dsfb-red": 0.01109539350723252, "alternate": 0.20967595164356576}, "french": {"sfb": 0.046948496919352004, "oneh-out": 0.00801406998373257, "dsfb-alt": 0.04508351273710201, "dsfb": 0.0, "sfR": 0.10898279115633469, "bad-redirect": 0.001595550801518613, "roll-in": 0.17631641630591524, "oneh-in": 0.0018406237131069047, "redirect": 0.02175646083913007, "sft": 0.0, "roll-out": 0.1798982292710573, "unknown": 0.1845785256052277, "sfT": 0.00022483244798908748, "dsfb-red": 0.01051479349416067, "alternate": 0.21424569672537316}, "keymash": {"sfb": 0.022716357501446967, "oneh-out": 0.009285218769113307, "dsfb-alt": 0.047485150628250546, "dsfb": 0.0, "sfR": 0.099723742164827, "bad-redirect": 0.0013874464827410688, "roll-in": 0.19387717404243615, "oneh-in": 0.0008825473189033426, "redirect": 0.04512074478783973, "sft": 0.0, "roll-out": 0.2676745493877585, "unknown": 0.03457533054475746, "sfT": 0.0002586068887949329, "dsfb-red": 0.011752246390791954, "alternate": 0.2652608850923391}, "movie": {"sfb": 0.017045999629683683, "oneh-out": 0.009486098596522212, "dsfb-alt": 0.049591329492167886, "dsfb": 0.0, "sfR": 0.11567713207251198, "bad-redirect": 0.0023404675592246203, "roll-in": 0.17004822665990604, "oneh-in": 0.0007520816475101886, "redirect": 0.053098148694766575, "sft": 0.0, "roll-out": 0.24694755523457382, "unknown": 0.08496732886260383, "sfT": 0.00014541561163582825, "dsfb-red": 0.012799995367756082, "alternate": 0.23710022057113725}, "dutch": {"sfb": 0.036342546163457334, "oneh-out": 0.004407299568954465, "dsfb-alt": 0.04143343933182114, "dsfb": 0.0, "sfR": 0.18880787437283908, "bad-redirect": 0.000914129820886786, "roll-in": 0.21516330883257656,