{"english-450k": {"unknown": 0.00015377410175167997, "bad-redirect": 0.003455532096397067, "sfR": 0.11369548401129392, "dsfb-alt": 0.0437855675696851, "oneh-in": 0.002791906220016243, "sfT": 0.00028299112261525894, "sft": 0.0, "dsfb": 0.0, "alternate": 0.32554298921651803, "dsfb-red": 0.019119441548592908, "oneh-out": 0.00799303748287582, "roll-in": 0.17982711815054778, "redirect": 0.03565629675712053, "sfb": 0.04036043947819711, "roll-out": 0.22733542224438857}, "shai": {"unknown": 0.024097749651430984, "bad-redirect": 0.0039830260899613055, "sfR": 0.09823378925716947, "dsfb-alt": 0.04172339782879355, "oneh-in": 0.0027698503204543674, "sfT": 6.01035783322749e-05, "sft": 0.0, "dsfb": 0.0, "alternate": 0.2783010871513884, "dsfb-red": 0.02070685740454101, "oneh-out": 0.017397185686423195, "roll-in": 0.2155382825231226, "redirect": 0.03523252487202106, "sfb": 0.017619412948777773, "roll-out": 0.24433673268758402}, "tr-quotes": {"unknown": 0.013894731975682485, "bad-redirect": 0.0038545109914241466, "sfR": 0.09677191928064538, "dsfb-alt": 0.04571900788238829, "oneh-in": 0.004057927463535286, "sfT": 3.5829037701393865e-05, "sft": 0.0, "dsfb": 0.0, "alternate": 0.2711102378585793, "dsfb-red": 0.024337162802524213, "oneh-out": 0.026774693141628718, "roll-in": 0.21803240794248863, "redirect": 0.034320750791706156, "sfb": 0.02041099373569728, "roll-out": 0.2406798270959987}, "gutenberg": {"unknown": 0.03298207965968062, "bad-redirect": 0.0036943960433476813, "sfR": 0.09863878308844841, "dsfb-alt": 0.042228109917280536, "oneh-in": 0.0028150305201592937, "sfT": 3.7129608475856096e-05, "sft": 0.0, "dsfb": 0.0, "alternate": 0.2609072960817276, "dsfb-red": 0.019114170893948366, "oneh-out": 0.016668920964324128, "roll-in": 0.23024089159556158, "redirect": 0.03240713903863866, "sfb": 0.016119175434747935, "roll-out": 0.24414687715365938}, "english-200": {"unknown": 0.0, "bad-redirect": 0.0022271714922048997, "sfR": 0.10690423162583519, "dsfb-alt": 0.04899777282850779, "oneh-in": 0.0, "sfT": 0.0, "sft": 0.0, "dsfb": 0.0, "alternate": 0.24498886414253898, "dsfb-red": 0.042316258351893093, "oneh-out": 0.013363028953229399, "roll-in": 0.23385300668151449, "redirect": 0.0378619153674833, "sfb": 0.013363028953229399, "roll-out": 0.2561247216035635}, "monkeyracer": {"unknown": 0.013491796612290222, "bad-redirect": 0.003917919201714188, "sfR": 0.09690789370786869, "dsfb-alt": 0.04597103398658054, "oneh-in": 0.004093873656880992, "sfT": 3.421336628243427e-05, "sft": 0.0, "dsfb": 0.0, "alternate": 0.27069126640286534, "dsfb-red": 0.024338411248572812, "oneh-out": 0.027313019065642742, "roll-in": 0.2175060997544458, "redirect": 0.034456769945415015, "sfb": 0.02023671739368441, "roll-out": 0.24104098565775686}, "chained-bigrams": {"unknown": 0.023159399756770463, "bad-redirect": 0.0029887494976004944, "sfR": 0.11914286586209158, "dsfb-alt": 0.06076128377926497, "oneh-in": 0.009253890471388714, "sfT": 7.661795366431856e-05, "sft": 0.0, "dsfb": 0.0, "alternate": 0.28923537230157087, "dsfb-red": 0.027116911854940137, "oneh-out": 0.0102577155253297, "roll-in": 0.17776339207160013, "redirect": 0.04390793119188317, "sfb": 0.01852401356007919, "roll-out": 0.21781185617381627}, "english-5k": {"unknown": 0.002157049819554486, "bad-redirect": 0.003982245820715975, "sfR": 0.10644211224955408, "dsfb-alt": 0.0384120794789895, "oneh-in": 0.002488903637947484, "sfT": 4.148172729912474e-05, "sft": 0.0, "dsfb": 0.0, "alternate": 0.3064255195586344, "dsfb-red": 0.020077156012776372, "oneh-out": 0.008337827187124072, "roll-in": 0.2084456796781018, "redirect": 0.03837059775169038, "sfb": 0.020035674285477246, "roll-out": 0.24478367279213506}, "mt-quotes": {"unknown": 0.007995063410669249, "bad-redirect": 0.003998278767884678, "sfR": 0.0964592223377679, "dsfb-alt": 0.04689759864213911, "oneh-in": 0.004011725893785635, "sfT": 1.3447125900957435e-05, "sft": 0.0, "dsfb": 0.0, "alternate": 0.27004817059322744, "dsfb-red": 0.025386679575907532, "oneh-out": 0.028914308937258697, "roll-in": 0.22030725188558586, "redirect": 0.03456359594076093, "sfb": 0.019629815565197644, "roll-out": 0.24177484132391436}, "wordle": {"unknown": 0.0, "bad-redirect": 0.0055424660608100525, "sfR": 0.13138112868843263, "dsfb-alt": 0.05205879053068552, "oneh-in": 0.003500504880511612, "sfT": 0.0003141478738920678, "sft": 0.0, "dsfb": 0.0, "alternate": 0.29500729271850107, "dsfb-red": 0.019297655110512735, "oneh-out": 0.010366879838438236, "roll-in": 0.18855604173678897, "redirect": 0.0374733535285538, "sfb": 0.027061595422416696, "roll-out": 0.22944014361045664}, "english-1k": {"unknown": 0.0, "bad-redirect": 0.0038814396612561752, "sfR": 0.10832745236414962, "dsfb-alt": 0.04022582921665491, "oneh-in": 0.003175723359209598, "sfT": 0.0, "sft": 0.0, "dsfb": 0.0, "alternate": 0.27522935779816515, "dsfb-red": 0.0187014820042343, "oneh-out": 0.011644318983768526, "roll-in": 0.22582921665490474, "redirect": 0.03599153140437544, "sfb": 0.015172900494001412, "roll-out": 0.2618207480592802}, "english-10k": {"unknown": 0.0, "bad-redirect": 0.004650624264294398, "sfR": 0.10567144593890508, "dsfb-alt": 0.04119951371065784, "oneh-in": 0.002315663534088497, "sfT": 3.859439223480828e-05, "sft": 0.0, "dsfb": 0.0, "alternate": 0.30871654348623145, "dsfb-red": 0.018583199861060187, "oneh-out": 0.010922213002450745, "roll-in": 0.20337314988132224, "redirect": 0.03622083711236757, "sfb": 0.019355087705756353, "roll-out": 0.24895312711063083}, "reddit": {"unknown": 0.04519937363713543, "bad-redirect": 0.0032065418623114183, "sfR": 0.10397777127267367, "dsfb-alt": 0.04523050074755632, "oneh-in": 0.0036079355028292522, "sfT": 6.88092681626783e-05, "sft": 0.0, "dsfb": 0.0, "alternate": 0.2658578112846825, "dsfb-red": 0.022920378462212117, "oneh-out": 0.02137323746482983, "roll-in": 0.2057438695792802, "redirect": 0.03461615609403084, "sfb": 0.020144559395002842, "roll-out": 0.22805305542929286}, "akl": {"unknown": 0.13920166722946467, "bad-redirect": 0.003222884339291415, "sfR": 0.13064861186637447, "dsfb-alt": 0.03849301119528634, "oneh-in": 0.004110381410514018, "sfT": 0.00013433523319146147, "sft": 0.0, "dsfb": 0.0, "alternate": 0.2264587386872846, "dsfb-red": 0.018964542441273675, "oneh-out": 0.018178519492309177, "roll-in": 0.17359492128318538, "redirect": 0.03299253066948485, "sfb": 0.022229849733551982, "roll-out": 0.19177000641878797}, "french": {"unknown": 0.15842537463172957, "bad-redirect": 0.0045483812475745344, "sfR": 0.10898279115633469, "dsfb-alt": 0.02908574095595485, "oneh-in": 0.0019485528765182051, "sfT": 0.0002027192545972108, "sft": 0.0, "dsfb": 0.0, "alternate": 0.21883114304100426, "dsfb-red": 0.013266148178201716, "oneh-out": 0.012819329831508403, "roll-in": 0.1557245237247373, "redirect": 0.033029275426011195, "sfb": 0.026688122456992123, "roll-out": 0.23644789721883594}, "keymash": {"unknown": 0.012376186820900362, "bad-redirect": 0.004076137151958229, "sfR": 0.099723742164827, "dsfb-alt": 0.0455148124279082, "oneh-in": 0.003928361786932553, "sfT": 2.052435625356611e-05, "sft": 0.0, "dsfb": 0.0, "alternate": 0.27095844638832906, "dsfb-red": 0.023951923747911646, "oneh-out": 0.025979730145763977, "roll-in": 0.21963934601191235, "redirect": 0.03421820674594541, "sfb": 0.017995755563126763, "roll-out": 0.24161682668823092}, "movie": {"unknown": 0.030282373430185833, "bad-redirect": 0.0028142197781286763, "sfR": 0.11567713207251198, "dsfb-alt": 0.04880068967795245, "oneh-in": 0.006129958919102729, "sfT": 3.4741829386297425e-05, "sft": 0.0, "dsfb": 0.0, "alternate": 0.26652707645268553, "dsfb-red": 0.024805929377493534, "oneh-out": 0.03898059576710288, "roll-in": 0.20049786094293273, "redirect": 0.030124456023884482, "sfb": 0.022796956773663165, "roll-out": 0.21252800895496973}, "dutch": {"unknown": 0.07360268279108878, "bad-redirect": 0.004589315061232407, "sfR": 0.18880787437283908, "dsfb-alt": 0.03724229548736777, "oneh-in": 0.0018980104313471309, "sfT": 4.213736645189281e-05, "sft": 0.0, "dsfb": 0.0,