{"english-450k": {"sfb": 0.0987934287590313, "oneh-out": 0.005140615599242473, "roll-in": 0.18078864480579734, "unknown": 0.00015377410175167997, "dsfb-red": 0.02115270937688746, "dsfb": 0.0, "roll-out": 0.1761236764756613, "sfR": 0.11369548401129392, "dsfb-alt": 0.06503095069230504, "redirect": 0.019871355977690477, "sfT": 0.0019619353552386394, "bad-redirect": 0.0007682858163563022, "sft": 0.0, "alternate": 0.31102215341042305, "oneh-in": 0.005496985618320986}, "shai": {"sfb": 0.08041563468666564, "oneh-out": 0.004585551980673965, "roll-in": 0.1997958552875822, "unknown": 0.023621906111313578, "dsfb-red": 0.016842409029137365, "dsfb": 0.0, "roll-out": 0.20301805963711667, "sfR": 0.09823378925716947, "dsfb-alt": 0.06439067921958935, "redirect": 0.018706428872878125, "sfT": 0.0015033054839357909, "bad-redirect": 0.0006289027267184847, "sft": 0.0, "alternate": 0.28286611822457847, "oneh-in": 0.0053913594826409065}, "tr-quotes": {"sfb": 0.08237326922632394, "oneh-out": 0.005642495550264672, "roll-in": 0.1956311689512494, "unknown": 0.01476965396084233, "dsfb-red": 0.016556482744273134, "dsfb": 0.0, "roll-out": 0.22076119368484315, "sfR": 0.09677191928064538, "dsfb-alt": 0.05649314625182034, "redirect": 0.0214604378077252, "sfT": 0.002842051732507339, "bad-redirect": 0.0005686415015834123, "sft": 0.0, "alternate": 0.2798663923626361, "oneh-in": 0.006263146945285592}, "gutenberg": {"sfb": 0.0781186124286439, "oneh-out": 0.007958239041177114, "roll-in": 0.19877032798704858, "unknown": 0.03802431837805746, "dsfb-red": 0.01746190331677277, "dsfb": 0.0, "roll-out": 0.22196477764100442, "sfR": 0.09863878308844841, "dsfb-alt": 0.05792995613023096, "redirect": 0.018173238417930115, "sfT": 0.0037927137310975246, "bad-redirect": 0.000688413251026842, "sft": 0.0, "alternate": 0.2528604006284755, "oneh-in": 0.005618315960086428}, "english-200": {"sfb": 0.0957683741648107, "oneh-out": 0.0066815144766146995, "roll-in": 0.2071269487750557, "unknown": 0.0, "dsfb-red": 0.015590200445434299, "dsfb": 0.0, "roll-out": 0.2026726057906459, "sfR": 0.10690423162583519, "dsfb-alt": 0.07126948775055679, "redirect": 0.015590200445434299, "sfT": 0.0, "bad-redirect": 0.0, "sft": 0.0, "alternate": 0.26948775055679286, "oneh-in": 0.008908685968819599}, "monkeyracer": {"sfb": 0.08249526878020551, "oneh-out": 0.005680396327635015, "roll-in": 0.19580016266011854, "unknown": 0.014352018393105714, "dsfb-red": 0.016427303439323082, "dsfb": 0.0, "roll-out": 0.22086585232338082, "sfR": 0.09690789370786869, "dsfb-alt": 0.05632399862364515, "redirect": 0.02140388194629088, "sfT": 0.0028524172232040914, "bad-redirect": 0.0005435037615152416, "sft": 0.0, "alternate": 0.2799591785664013, "oneh-in": 0.006388124247305942}, "chained-bigrams": {"sfb": 0.08372719073779843, "oneh-out": 0.005675572313388208, "roll-in": 0.18036840249618696, "unknown": 0.02365222201805197, "dsfb-red": 0.020297264674123714, "dsfb": 0.0, "roll-out": 0.17936068161409355, "sfR": 0.11914286586209158, "dsfb-alt": 0.07372075612830001, "redirect": 0.02072580577089024, "sfT": 0.0017284490902916613, "bad-redirect": 0.0006064505823938436, "sft": 0.0, "alternate": 0.28564406804972897, "oneh-in": 0.0053502706626608896}, "english-5k": {"sfb": 0.08304641805284772, "oneh-out": 0.0048118803666984695, "roll-in": 0.20935827767868254, "unknown": 0.002157049819554486, "dsfb-red": 0.017546770647529762, "dsfb": 0.0, "roll-out": 0.17866179947733024, "sfR": 0.10644211224955408, "dsfb-alt": 0.0622225909486871, "redirect": 0.019330484921392128, "sfT": 0.00157630563736674, "bad-redirect": 0.00045629900029037207, "sft": 0.0, "alternate": 0.3088729414692828, "oneh-in": 0.00551706973078359}, "mt-quotes": {"sfb": 0.08298520218500854, "oneh-out": 0.005643310503101804, "roll-in": 0.1961039193889626, "unknown": 0.008869126594231481, "dsfb-red": 0.016136551081148923, "dsfb": 0.0, "roll-out": 0.22577724387707535, "sfR": 0.0964592223377679, "dsfb-alt": 0.05566363060446325, "redirect": 0.02163791969974062, "sfT": 0.0027775785610977635, "bad-redirect": 0.0005080025340361698, "sft": 0.0, "alternate": 0.2809478131985035, "oneh-in": 0.006490479434862122}, "wordle": {"sfb": 0.10521709861999327, "oneh-out": 0.005407831257713452, "roll-in": 0.18386626276225737, "unknown": 0.0, "dsfb-red": 0.020756198810725907, "dsfb": 0.0, "roll-out": 0.1725345001682935, "sfR": 0.13138112868843263, "dsfb-alt": 0.06861887131156737, "redirect": 0.02905867833501627, "sfT": 0.00282733086502861, "bad-redirect": 0.002176595983395041, "sft": 0.0, "alternate": 0.272119376192079, "oneh-in": 0.006036127005497588}, "english-1k": {"sfb": 0.09456598447424136, "oneh-out": 0.007057163020465773, "roll-in": 0.22653493295695132, "unknown": 0.0, "dsfb-red": 0.020112914608327453, "dsfb": 0.0, "roll-out": 0.17290049400141144, "sfR": 0.10832745236414962, "dsfb-alt": 0.06104446012702894, "redirect": 0.017642907551164433, "sfT": 0.0014114326040931546, "bad-redirect": 0.0, "sft": 0.0, "alternate": 0.28158080451658435, "oneh-in": 0.008821453775582216}, "english-10k": {"sfb": 0.08469539375928678, "oneh-out": 0.0036857644584241908, "roll-in": 0.20428011809884025, "unknown": 0.0, "dsfb-red": 0.017811312016364024, "dsfb": 0.0, "roll-out": 0.17981127342197178, "sfR": 0.10567144593890508, "dsfb-alt": 0.06541749483800004, "redirect": 0.021284807317496768, "sfT": 0.001235020551513865, "bad-redirect": 0.0006946990602265491, "sft": 0.0, "alternate": 0.3106462630979719, "oneh-in": 0.004766407440998823}, "reddit": {"sfb": 0.08200469079186283, "oneh-out": 0.0050930470238493225, "roll-in": 0.1905019237191016, "unknown": 0.041217688064775854, "dsfb-red": 0.017057169564278513, "dsfb": 0.0, "roll-out": 0.20320811507366843, "sfR": 0.10397777127267367, "dsfb-alt": 0.060143308317399884, "redirect": 0.02096869740159797, "sfT": 0.0025124934519759443, "bad-redirect": 0.00046076364053843533, "sft": 0.0, "alternate": 0.26579862857172826, "oneh-in": 0.007055703106549298}, "akl": {"sfb": 0.08275131899681304, "oneh-out": 0.004201330094232571, "roll-in": 0.1618745983933684, "unknown": 0.13295000147380848, "dsfb-red": 0.013078845689485776, "dsfb": 0.0, "roll-out": 0.16940315303100634, "sfR": 0.13064861186637447, "dsfb-alt": 0.052868734216938135, "redirect": 0.020328797404654167, "sfT": 0.0022778926777365454, "bad-redirect": 0.0007182005809103185, "sft": 0.0, "alternate": 0.2229941398756165, "oneh-in": 0.005904375699055278}, "french": {"sfb": 0.08871762250570557, "oneh-out": 0.0043378714370398055, "roll-in": 0.1810659287332228, "unknown": 0.15822382396052298, "dsfb-red": 0.01762712160996393, "dsfb": 0.0, "roll-out": 0.15912373804417465, "sfR": 0.10898279115633469, "dsfb-alt": 0.046137814664861596, "redirect": 0.017326106514008927, "sfT": 0.001456084868398708, "bad-redirect": 0.00263241386944883, "sft": 0.0, "alternate": 0.2073410168889814, "oneh-in": 0.007027665747336121}, "keymash": {"sfb": 0.0828034628693871, "oneh-out": 0.005952063313534171, "roll-in": 0.19688193979795823, "unknown": 0.013394194891077241, "dsfb-red": 0.016493372685365725, "dsfb": 0.0, "roll-out": 0.21926990759934814, "sfR": 0.099723742164827, "dsfb-alt": 0.056651328131093165, "redirect": 0.021493105868734427, "sfT": 0.002914458588006387, "bad-redirect": 0.0006896183701198212, "sft": 0.0, "alternate": 0.27732510169818525, "oneh-in": 0.006407704022363339}, "movie": {"sfb": 0.0756667832184857, "oneh-out": 0.0050648060136001104, "roll-in": 0.18282400802536258, "unknown": 0.030451476652766863, "dsfb-red": 0.0165555344852794, "dsfb": 0.0, "roll-out": 0.21482070649878818, "sfR": 0.11567713207251198, "dsfb-alt": 0.05642165210821711, "redirect": 0.021287003173745073, "sfT": 0.006052579390015067, "bad-redirect": 0.0005466574214798467, "sft": 0.0, "alternate": 0.2669248967187263, "oneh-in": 0.007706764221021728}, "dutch": {"sfb": 0.09234554476603882, "oneh-out": 0.004858097666812779, "roll-in": 0.16487662950127038, "unknown": 0.07325981014373002, "dsfb-red": 0.011452631378122472, "dsfb": 0.0, "roll-out": 0.16238790698465042, "sfR": 0.18880787437283908,