{"english-450k": {"sft": 0.0, "sfb": 0.03714083076604644, "dsfb": 0.0, "sfT": 0.00023299992223591053, "roll-out": 0.28254734108206686, "roll-in": 0.20455200575805077, "bad-redirect": 0.034490420107337834, "redirect": 0.0460801929017173, "oneh-out": 0.025452537301913523, "oneh-in": 0.02628133878188693, "dsfb-red": 0.027118325955489707, "dsfb-alt": 0.030344658630264497, "alternate": 0.16277778005158156, "sfR": 0.11328269117541298, "unknown": 0.009698877565995693}, "shai": {"sft": 0.0, "sfb": 0.02876109684908471, "dsfb": 0.0, "sfT": 0.00011193609304834326, "roll-out": 0.2737280598136073, "roll-in": 0.20762454665901667, "bad-redirect": 0.023786638450870423, "redirect": 0.036487423648445504, "oneh-out": 0.02501737426512548, "oneh-in": 0.043637276278759844, "dsfb-red": 0.021699334723171333, "dsfb-alt": 0.029665038566301496, "alternate": 0.14512918727917382, "sfR": 0.09728563198976478, "unknown": 0.06706645538363028}, "tr-quotes": {"sft": 0.0, "sfb": 0.033674672337671345, "dsfb": 0.0, "sfT": 0.00011788909179168304, "roll-out": 0.2923383648089503, "roll-in": 0.21517764268047432, "bad-redirect": 0.0198284829291972, "redirect": 0.03657913594230369, "oneh-out": 0.02577148008598969, "oneh-in": 0.04489609579066596, "dsfb-red": 0.020119738332447238, "dsfb-alt": 0.027839162293983033, "alternate": 0.14239615357943644, "sfR": 0.09591664547745082, "unknown": 0.045344536649638244}, "gutenberg": {"sft": 0.0, "sfb": 0.029678491689219114, "dsfb": 0.0, "sfT": 0.00011555643454220519, "roll-out": 0.2729391835956843, "roll-in": 0.20966654201726678, "bad-redirect": 0.01894178342602475, "redirect": 0.03388455646977745, "oneh-out": 0.02588369415356427, "oneh-in": 0.05195057367139463, "dsfb-red": 0.018562909870148667, "dsfb-alt": 0.027584836419447884, "alternate": 0.13799029553273978, "sfR": 0.09761014138424484, "unknown": 0.07519143533594529}, "english-200": {"sft": 0.0, "sfb": 0.011135857461024499, "dsfb": 0.0, "sfT": 0.0, "roll-out": 0.34521158129175944, "roll-in": 0.2583518930957684, "bad-redirect": 0.011135857461024499, "redirect": 0.026726057906458798, "oneh-out": 0.044543429844097995, "oneh-in": 0.042316258351893093, "dsfb-red": 0.017817371937639197, "dsfb-alt": 0.022271714922048998, "alternate": 0.11358574610244988, "sfR": 0.10690423162583519, "unknown": 0.0}, "monkeyracer": {"sft": 0.0, "sfb": 0.033462627273722574, "dsfb": 0.0, "sfT": 0.00012316811861676338, "roll-out": 0.29324276240674413, "roll-in": 0.215236287282794, "bad-redirect": 0.01979194363201276, "redirect": 0.03641181944726841, "oneh-out": 0.02574702441465818, "oneh-in": 0.04447444359291177, "dsfb-red": 0.020051965215759263, "dsfb-alt": 0.02786923064892003, "alternate": 0.14228948026964042, "sfR": 0.09605353707555875, "unknown": 0.04524571062139293}, "chained-bigrams": {"sft": 0.0, "sfb": 0.029021971821474972, "dsfb": 0.0, "sfT": 0.0002441385642185066, "roll-out": 0.23999859750186514, "roll-in": 0.19505177880266916, "bad-redirect": 0.02384831203505726, "redirect": 0.045588981039653684, "oneh-out": 0.024227505975226427, "oneh-in": 0.04011079735265491, "dsfb-red": 0.026932509322392117, "dsfb-alt": 0.03370216004191911, "alternate": 0.15205806861722124, "sfR": 0.11643721321023381, "unknown": 0.07277796571541365}, "english-5k": {"sft": 0.0, "sfb": 0.028373501472601318, "dsfb": 0.0, "sfT": 4.148172729912474e-05, "roll-out": 0.2921972870950346, "roll-in": 0.2173227693201145, "bad-redirect": 0.03434687020367528, "redirect": 0.0394076409341685, "oneh-out": 0.024474219106483595, "oneh-in": 0.027129049653627578, "dsfb-red": 0.023851993196996723, "dsfb-alt": 0.03513502302235865, "alternate": 0.16824988592524992, "sfR": 0.10644211224955408, "unknown": 0.0030281660928361057}, "mt-quotes": {"sft": 0.0, "sfb": 0.03326221297856827, "dsfb": 0.0, "sfT": 0.00011504763270819139, "roll-out": 0.29938830518401643, "roll-in": 0.21897299817119087, "bad-redirect": 0.019332484670276474, "redirect": 0.035537765506030286, "oneh-out": 0.02605305937055498, "oneh-in": 0.04580389906886124, "dsfb-red": 0.019455002928485197, "dsfb-alt": 0.027597984724064977, "alternate": 0.14247379304574415, "sfR": 0.09572710103871578, "unknown": 0.03628034568078316}, "wordle": {"sft": 0.0, "sfb": 0.0570851565129586, "dsfb": 0.0, "sfT": 0.00044878267698866825, "roll-out": 0.26713788847750475, "roll-in": 0.2169864243240211, "bad-redirect": 0.022147425109390776, "redirect": 0.046089980926736225, "oneh-out": 0.03018063502748794, "oneh-in": 0.024750364635925053, "dsfb-red": 0.030629417704476608, "dsfb-alt": 0.03446650959272972, "alternate": 0.1386962863233479, "sfR": 0.13138112868843263, "unknown": 0.0}, "english-1k": {"sft": 0.0, "sfb": 0.026817219477769938, "dsfb": 0.0, "sfT": 0.0, "roll-out": 0.3260409315455187, "roll-in": 0.221242060691602, "bad-redirect": 0.019054340155257588, "redirect": 0.03952011291460833, "oneh-out": 0.03599153140437544, "oneh-in": 0.030345800988002825, "dsfb-red": 0.020112914608327453, "dsfb-alt": 0.03140437544107269, "alternate": 0.14114326040931546, "sfR": 0.10832745236414962, "unknown": 0.0}, "english-10k": {"sft": 0.0, "sfb": 0.03060535304220297, "dsfb": 0.0, "sfT": 5.789158835221242e-05, "roll-out": 0.29518920900793116, "roll-in": 0.21269369560602844, "bad-redirect": 0.03467706142297524, "redirect": 0.042974855753459024, "oneh-out": 0.02763358484012273, "oneh-in": 0.025549487659443083, "dsfb-red": 0.025800351208969338, "dsfb-alt": 0.03037378668879412, "alternate": 0.161247370757029, "sfR": 0.10543987958549622, "unknown": 0.0077574728391964646}, "reddit": {"sft": 0.0, "sfb": 0.03093869963218693, "dsfb": 0.0, "sfT": 0.0001869124921784239, "roll-out": 0.2777903197683184, "roll-in": 0.2038805880139649, "bad-redirect": 0.020000161066877027, "redirect": 0.03247310510906007, "oneh-out": 0.023557603976628823, "oneh-in": 0.040282938316817424, "dsfb-red": 0.019284986675461666, "dsfb-alt": 0.027710694672076267, "alternate": 0.14264914184129782, "sfR": 0.1028716913164539, "unknown": 0.07837315711867839}, "akl": {"sft": 0.0, "sfb": 0.033558698123071135, "dsfb": 0.0, "sfT": 0.00017464903845141133, "roll-out": 0.2640953049704286, "roll-in": 0.20177112339540035, "bad-redirect": 0.018160650103321106, "redirect": 0.030320101515760357, "oneh-out": 0.021457607616705395, "oneh-in": 0.03601735264273919, "dsfb-red": 0.017566384911116093, "dsfb-alt": 0.026796949025651662, "alternate": 0.13430399539258614, "sfR": 0.11706348985084018, "unknown": 0.09871369341392838}, "french": {"sft": 0.0, "sfb": 0.025815700046696893, "dsfb": 0.0, "sfT": 4.6518608049984445e-05, "roll-out": 0.22878179541242027, "roll-in": 0.1492488188655743, "bad-redirect": 0.02406218074170677, "redirect": 0.043061548852711046, "oneh-out": 0.026458465857057113, "oneh-in": 0.020636808132525386, "dsfb-red": 0.023640621774457023, "dsfb-alt": 0.02686929782805443, "alternate": 0.12856296019431923, "sfR": 0.10826692895670688, "unknown": 0.19454835472972068}, "keymash": {"sft": 0.0, "sfb": 0.03340133736705348, "dsfb": 0.0, "sfT": 0.00013135588002282308, "roll-out": 0.29161826339316865, "roll-in": 0.21504189021111353, "bad-redirect": 0.02040121011604471, "redirect": 0.03742000632150173, "oneh-out": 0.026624194932125953, "oneh-in": 0.046151067471768746, "dsfb-red": 0.020290378592275452, "dsfb-alt": 0.028241514204906962, "alternate": 0.14037838703189073, "sfR": 0.09899307508220005, "unknown": 0.04130731939592715}, "movie": {"sft": 0.0, "sfb": 0.037461430318483875, "dsfb": 0.0, "sfT": 0.00041913911589150496, "roll-out": 0.262554664097175, "roll-in": 0.19631068091485238, "bad-redirect": 0.01607046485225708, "redirect": 0.03709098240286862, "oneh-out": 0.025069256652501037, "oneh-in": 0.03143543369186287, "dsfb-red": 0.018174451095545427, "dsfb-alt": 0.025176245695270202, "alternate": 0.13282169848329542, "sfR": 0.1138359467128768, "unknown": 0.10357960596711975}, "dutch": {"sft": 0.0, "sfb": 0.044253504995106864, "dsfb": 0.0, "sfT": 0.0006188992938100137, "roll-out": 0.23756251078313137, "roll-in": 0.17124941308027772, "bad-redirect": 0.017889338238577034, "redirect": 0.033803025706770046,