{"monkeyracer": {"sft": 0.0, "dsfb-red": 0.013547515523093044, "redirect": 0.045162621017564165, "roll-out": 0.13621123136837826, "oneh-out": 0.009136923846911804, "unknown": 0.014352018393105714, "sfR": 0.09690789370786869, "dsfb": 0.0, "sfT": 7.233683156857532e-05, "alternate": 0.2580489387991304, "dsfb-alt": 0.038248588454259665, "oneh-in": 0.04698472715329152, "roll-in": 0.2997345042776483, "bad-redirect": 0.016194652548602532, "sfb": 0.02539804807857735}, "english-200": {"sft": 0.0, "dsfb-red": 0.008908685968819599, "redirect": 0.0378619153674833, "roll-out": 0.1514476614699332, "oneh-out": 0.0066815144766146995, "unknown": 0.0, "sfR": 0.10690423162583519, "dsfb": 0.0, "sfT": 0.0, "alternate": 0.28507795100222716, "dsfb-alt": 0.044543429844097995, "oneh-in": 0.026726057906458798, "roll-in": 0.311804008908686, "bad-redirect": 0.013363028953229399, "sfb": 0.0066815144766146995}, "english-10k": {"sft": 0.0, "dsfb-red": 0.01449219428417051, "redirect": 0.04496246695355165, "roll-out": 0.14505702321452693, "oneh-out": 0.0061172111692171125, "unknown": 0.0, "sfR": 0.10567144593890508, "dsfb": 0.0, "sfT": 0.0, "alternate": 0.28397753806371934, "dsfb-alt": 0.03855579784257347, "oneh-in": 0.03126145771019471, "roll-in": 0.29194728006020726, "bad-redirect": 0.01775342042801181, "sfb": 0.020204164334922135}, "shai": {"sft": 0.0, "dsfb-red": 0.014090896705600915, "redirect": 0.04083042872053883, "roll-out": 0.13917391697446738, "oneh-out": 0.007289535684085468, "unknown": 0.023621906111313578, "sfR": 0.09823378925716947, "dsfb": 0.0, "sfT": 7.258951713708647e-05, "alternate": 0.26399336240371585, "dsfb-alt": 0.04129644529270044, "oneh-in": 0.03937143941741987, "roll-in": 0.29296651508081567, "bad-redirect": 0.01749678678661012, "sfb": 0.021562388048425318}}