{"english-450k": {"unknown": 0.00015377410175167997, "dsfb": 0.0, "sft": 0.0, "sfT": 6.811666484437535e-05, "oneh-out": 0.00887358424043487, "sfb": 0.03967693406014497, "oneh-in": 0.008261118949237591, "bad-redirect": 0.0010609243636061723, "dsfb-red": 0.027794815064716677, "dsfb-alt": 0.03869465082462093, "roll-out": 0.238589581599964, "roll-in": 0.23446837720377875, "sfR": 0.11369548401129392, "redirect": 0.05563815959880746, "alternate": 0.23302447931679862}, "shai": {"unknown": 0.023621906111313578, "dsfb": 0.0, "sft": 0.0, "sfT": 3.2747528898794386e-05, "oneh-out": 0.013052574394675803, "sfb": 0.019669800717295124, "oneh-in": 0.00884058266063048, "bad-redirect": 0.0009147324169650236, "dsfb-red": 0.021266096643178963, "dsfb-alt": 0.037009321182933166, "roll-out": 0.2315289345569605, "roll-in": 0.27428868465859746, "sfR": 0.09823378925716947, "redirect": 0.050122374585595326, "alternate": 0.22141845528578635}, "tr-quotes": {"unknown": 0.01476965396084233, "dsfb": 0.0, "sft": 0.0, "sfT": 1.5025080326390976e-05, "oneh-out": 0.015374124500127135, "sfb": 0.016454774508217564, "oneh-in": 0.011362428052980746, "bad-redirect": 0.0014262268555974202, "dsfb-red": 0.018314417142460876, "dsfb-alt": 0.0396569658583944, "roll-out": 0.22442731328448257, "roll-in": 0.28297658399019904, "sfR": 0.09677191928064538, "redirect": 0.05362566746029911, "alternate": 0.22482490002542707}, "gutenberg": {"unknown": 0.03802431837805746, "dsfb": 0.0, "sft": 0.0, "sfT": 2.917326380245836e-05, "oneh-out": 0.013368363982309636, "sfb": 0.016929207097210998, "oneh-in": 0.008416865480565113, "bad-redirect": 0.0010646346920117921, "dsfb-red": 0.018991794735400393, "dsfb-alt": 0.034126088361648446, "roll-out": 0.22647109971459456, "roll-in": 0.28988449281902007, "sfR": 0.09863878308844841, "redirect": 0.04930546794104576, "alternate": 0.2047497104458849}, "english-200": {"unknown": 0.0, "dsfb": 0.0, "sft": 0.0, "sfT": 0.0, "oneh-out": 0.013363028953229399, "sfb": 0.013363028953229399, "oneh-in": 0.008908685968819599, "bad-redirect": 0.0, "dsfb-red": 0.017817371937639197, "dsfb-alt": 0.0400890868596882, "roll-out": 0.22494432071269488, "roll-in": 0.31625835189309576, "sfR": 0.10690423162583519, "redirect": 0.04899777282850779, "alternate": 0.20935412026726058}, "monkeyracer": {"unknown": 0.014352018393105714, "dsfb": 0.0, "sft": 0.0, "sfT": 1.4662871263900401e-05, "oneh-out": 0.015427295619125076, "sfb": 0.01624450631089979, "oneh-in": 0.01151817414016923, "bad-redirect": 0.0014848600966576473, "dsfb-red": 0.01820542096125874, "dsfb-alt": 0.03980969548148959, "roll-out": 0.22443772776326695, "roll-in": 0.28333848163035485, "sfR": 0.09690789370786869, "redirect": 0.05374235575644775, "alternate": 0.22451690726809204}, "chained-bigrams": {"unknown": 0.02365222201805197, "dsfb": 0.0, "sft": 0.0, "sfT": 6.168394574669716e-05, "oneh-out": 0.008068260103667986, "sfb": 0.021251093266775274, "oneh-in": 0.014153543677752678, "bad-redirect": 0.0023868440480511446, "dsfb-red": 0.03384630568355876, "dsfb-alt": 0.0527521104025754, "roll-out": 0.20180000246735783, "roll-in": 0.2312881750577394, "sfR": 0.11914286586209158, "redirect": 0.05612784549664991, "alternate": 0.23546904796998133}, "english-5k": {"unknown": 0.002157049819554486, "dsfb": 0.0, "sft": 0.0, "sfT": 4.148172729912474e-05, "oneh-out": 0.010080059733687311, "sfb": 0.022814950014518606, "oneh-in": 0.006595594640560833, "bad-redirect": 8.296345459824948e-05, "dsfb-red": 0.02513792674326959, "dsfb-alt": 0.03534243165885428, "roll-out": 0.2571867092545734, "roll-in": 0.26108599162069107, "sfR": 0.10644211224955408, "redirect": 0.048575102667275064, "alternate": 0.22445762641556394}, "mt-quotes": {"unknown": 0.008869126594231481, "dsfb": 0.0, "sft": 0.0, "sfT": 7.470625500531909e-06, "oneh-out": 0.015891514564731476, "sfb": 0.015147440264878497, "oneh-in": 0.011485339644517756, "bad-redirect": 0.0014971133503065945, "dsfb-red": 0.017712853061761156, "dsfb-alt": 0.04046090771088082, "roll-out": 0.22370040998792748, "roll-in": 0.28832132056752846, "sfR": 0.0964592223377679, "redirect": 0.05422777638326102, "alternate": 0.22621950490670684}, "wordle": {"unknown": 0.0, "dsfb": 0.0, "sft": 0.0, "sfT": 2.2439133849433412e-05, "oneh-out": 0.015527880623807921, "sfb": 0.034556266128127455, "oneh-in": 0.007001009761023224, "bad-redirect": 0.00394928755750028, "dsfb-red": 0.03363626164030068, "dsfb-alt": 0.04445192415572759, "roll-out": 0.24151239762145182, "roll-in": 0.22306742959721754, "sfR": 0.13138112868843263, "redirect": 0.05246269493997532, "alternate": 0.2124312801525861}, "english-1k": {"unknown": 0.0, "dsfb": 0.0, "sft": 0.0, "sfT": 0.0, "oneh-out": 0.016937191249117856, "sfb": 0.014820042342978124, "oneh-in": 0.0056457304163726185, "bad-redirect": 0.0, "dsfb-red": 0.025405786873676783, "dsfb-alt": 0.02893436838390967, "roll-out": 0.26323218066337334, "roll-in": 0.28087508821453777, "sfR": 0.10832745236414962, "redirect": 0.05539872971065632, "alternate": 0.20042342978122796}, "english-10k": {"unknown": 0.0, "dsfb": 0.0, "sft": 0.0, "sfT": 1.929719611740414e-05, "oneh-out": 0.012408097103490863, "sfb": 0.022867177399123906, "oneh-in": 0.005962833600277879, "bad-redirect": 0.0012736149437486733, "dsfb-red": 0.023889928793346327, "dsfb-alt": 0.03853650064645607, "roll-out": 0.2613805214102391, "roll-in": 0.257270218637232, "sfR": 0.10567144593890508, "redirect": 0.0484745566469192, "alternate": 0.22224580768414348}, "reddit": {"unknown": 0.041217688064775854, "dsfb": 0.0, "sft": 0.0, "sfT": 4.378771610352255e-05, "oneh-out": 0.013956257607366525, "sfb": 0.017514974069169235, "oneh-in": 0.009794139675322888, "bad-redirect": 0.0009601084167369462, "dsfb-red": 0.01797116790528968, "dsfb-alt": 0.04142362892289148, "roll-out": 0.21277672366373956, "roll-in": 0.2664117315120041, "sfR": 0.10397777127267367, "redirect": 0.050465361538016375, "alternate": 0.2234866596359102}, "akl": {"unknown": 0.13295000147380848, "dsfb": 0.0, "sft": 0.0, "sfT": 0.00013057967765622104, "oneh-out": 0.010602872164867504, "sfb": 0.02152533716426353, "oneh-in": 0.008122475979454443, "bad-redirect": 0.0009570242638289623, "dsfb-red": 0.015821216581084062, "dsfb-alt": 0.03801625330312845, "roll-out": 0.18781372632322985, "roll-in": 0.2267644458493736, "sfR": 0.13064861186637447, "redirect": 0.042553211465720935, "alternate": 0.1840942438872095}, "french": {"unknown": 0.15822382396052298, "dsfb": 0.0, "sft": 0.0, "sfT": 3.105735088168044e-05, "oneh-out": 0.01945958022117478, "sfb": 0.05432708226615826, "oneh-in": 0.013495789796298386, "bad-redirect": 0.0013158998070384167, "dsfb-red": 0.022085447027268428, "dsfb-alt": 0.027914400907072406, "roll-out": 0.21378834614632586, "roll-in": 0.18047962947157123, "sfR": 0.10898279115633469, "redirect": 0.046501543736113614, "alternate": 0.15339460815323927}, "keymash": {"unknown": 0.013394194891077241, "dsfb": 0.0, "sft": 0.0, "sfT": 3.694384125641899e-05, "oneh-out": 0.015364533091419587, "sfb": 0.01661651882288712, "oneh-in": 0.011247347226954226, "bad-redirect": 0.0014613341652539068, "dsfb-red": 0.01903839286080792, "dsfb-alt": 0.038959333040519184, "roll-out": 0.22351844934383633, "roll-in": 0.28530907628082247, "sfR": 0.099723742164827, "redirect": 0.053502891881796126, "alternate": 0.22182724238854248}, "movie": {"unknown": 0.030451476652766863, "dsfb": 0.0, "sft": 0.0, "sfT": 1.3949370889952756e-05, "oneh-out": 0.016144028044025795, "sfb": 0.014965832595179123, "oneh-in": 0.013824616138974687, "bad-redirect": 0.0025460233830935466, "dsfb-red": 0.017691092234424704, "dsfb-alt": 0.04493763512630563, "roll-out": 0.19465386412707403, "roll-in": 0.27187929214575407, "sfR": 0.11567713207251198, "redirect": 0.05023536931420024, "alternate": 0.22697968879479935}, "dutch": {"unknown": 0.07325981014373002, "dsfb": 0.0, "sft": 0.0, "sfT": 2.2754177884022117e-05, "oneh-out": 0.008048792846932806, "sfb": 0.030790777790875228, "oneh-in": 0.005296362139500934, "bad-redirect": 0.000831558513435311, "dsfb-red": 0.020001191321968963,