{"english-450k": {"bad-redirect": 0.004821958240099258, "sfT": 3.508154412585855e-06, "roll-in": 0.23648468895241248, "dsfb-alt": 0.04420508436819016, "sfR": 0.11369548401129392, "sft": 0.0, "sfb": 0.01944686929376759, "unknown": 0.00015377410175167997, "oneh-out": 0.004822250586300306, "redirect": 0.04162045160471753, "roll-out": 0.16878900263754743, "dsfb-red": 0.0172367320138385, "alternate": 0.34239470128357524, "dsfb": 0.0, "oneh-in": 0.006325494752093345}, "shai": {"bad-redirect": 0.007565964151344751, "sfT": 3.4078949527701754e-05, "roll-in": 0.2592941249052137, "dsfb-alt": 0.038362330952154626, "sfR": 0.09823378925716947, "sft": 0.0, "sfb": 0.015521844896927917, "unknown": 0.024097749651430984, "oneh-out": 0.007953035995111518, "redirect": 0.03857696447243387, "roll-out": 0.18090553168115386, "dsfb-red": 0.014378607414526666, "alternate": 0.30339594313038043, "dsfb": 0.0, "oneh-in": 0.011680034542624503}, "tr-quotes": {"bad-redirect": 0.007005154758327362, "sfT": 1.618085573611336e-05, "roll-in": 0.2601269041399875, "dsfb-alt": 0.03575044497353274, "sfR": 0.09677191928064538, "sft": 0.0, "sfb": 0.014802015672314556, "unknown": 0.013894731975682485, "oneh-out": 0.011027253184161253, "redirect": 0.038710385797831766, "roll-out": 0.18299854372298374, "dsfb-red": 0.014477242782182567, "alternate": 0.30415038949631307, "dsfb": 0.0, "oneh-in": 0.020268833360301428}, "gutenberg": {"bad-redirect": 0.00657762380356467, "sfT": 2.159579268493671e-05, "roll-in": 0.27311839078761374, "dsfb-alt": 0.041268991510580236, "sfR": 0.09863878308844841, "sft": 0.0, "sfb": 0.017507747017033778, "unknown": 0.03298207965968062, "oneh-out": 0.009975740726217255, "redirect": 0.032009890115302586, "roll-out": 0.18177349196011372, "dsfb-red": 0.011041890912452551, "alternate": 0.28314395338642867, "dsfb": 0.0, "oneh-in": 0.011939821239878867}, "english-200": {"bad-redirect": 0.0066815144766146995, "sfT": 0.0, "roll-in": 0.2828507795100223, "dsfb-alt": 0.0378619153674833, "sfR": 0.10690423162583519, "sft": 0.0, "sfb": 0.004454342984409799, "unknown": 0.0, "oneh-out": 0.011135857461024499, "redirect": 0.051224944320712694, "roll-out": 0.17817371937639198, "dsfb-red": 0.0200445434298441, "alternate": 0.29398663697104677, "dsfb": 0.0, "oneh-in": 0.0066815144766146995}, "monkeyracer": {"bad-redirect": 0.007012762563148099, "sfT": 1.4662871263900401e-05, "roll-in": 0.2597928429547836, "dsfb-alt": 0.0356757433098206, "sfR": 0.09690789370786869, "sft": 0.0, "sfb": 0.014703927303439323, "unknown": 0.013491796612290222, "oneh-out": 0.011108591269530944, "redirect": 0.03875299122573784, "roll-out": 0.18359478862004786, "dsfb-red": 0.01456902888781144, "alternate": 0.30357813159829206, "dsfb": 0.0, "oneh-in": 0.020796839075965405}, "chained-bigrams": {"bad-redirect": 0.004946403144193041, "sfT": 4.739924252114623e-05, "roll-in": 0.23072003345217773, "dsfb-alt": 0.05098600164014365, "sfR": 0.11914286586209158, "sft": 0.0, "sfb": 0.01734552554397124, "unknown": 0.023159399756770463, "oneh-out": 0.007709843913645073, "redirect": 0.040992553124486644, "roll-out": 0.16053084554404914, "dsfb-red": 0.02047387555036689, "alternate": 0.3079879411132589, "dsfb": 0.0, "oneh-in": 0.01595731211232452}, "english-5k": {"bad-redirect": 0.00551706973078359, "sfT": 0.0, "roll-in": 0.2529970547973618, "dsfb-alt": 0.04177209939021861, "sfR": 0.10644211224955408, "sft": 0.0, "sfb": 0.013357116190318164, "unknown": 0.002157049819554486, "oneh-out": 0.005765960094578338, "redirect": 0.04056912929854399, "roll-out": 0.1829344173891401, "dsfb-red": 0.014850458373086656, "alternate": 0.32695897457170114, "dsfb": 0.0, "oneh-in": 0.006678558095159082}, "mt-quotes": {"bad-redirect": 0.007149388604009037, "sfT": 1.3447125900957435e-05, "roll-in": 0.26233101445117796, "dsfb-alt": 0.03528824661431252, "sfR": 0.0964592223377679, "sft": 0.0, "sfb": 0.014149364698007434, "unknown": 0.007995063410669249, "oneh-out": 0.011606363777626373, "redirect": 0.03895333548487348, "roll-out": 0.1843526254766259, "dsfb-red": 0.01422108270281254, "alternate": 0.3052960758298371, "dsfb": 0.0, "oneh-in": 0.022184769486379555}, "wordle": {"bad-redirect": 0.008661505665881296, "sfT": 0.0, "roll-in": 0.2012117132278694, "dsfb-alt": 0.04858072478402334, "sfR": 0.13138112868843263, "sft": 0.0, "sfb": 0.025939638729945026, "unknown": 0.0, "oneh-out": 0.010501514641534837, "redirect": 0.04039044092898014, "roll-out": 0.20727027936721643, "dsfb-red": 0.02163132503085381, "alternate": 0.29891170200830247, "dsfb": 0.0, "oneh-in": 0.005520026926960619}, "english-1k": {"bad-redirect": 0.004940014114326041, "sfT": 0.0, "roll-in": 0.26040931545518703, "dsfb-alt": 0.04022582921665491, "sfR": 0.10832745236414962, "sft": 0.0, "sfb": 0.011291460832745237, "unknown": 0.0, "oneh-out": 0.009880028228652082, "redirect": 0.038461538461538464, "roll-out": 0.21030345800988004, "dsfb-red": 0.014114326040931546, "alternate": 0.29428369795342274, "dsfb": 0.0, "oneh-in": 0.0077628793225123505}, "english-10k": {"bad-redirect": 0.008953898998475521, "sfT": 0.0, "roll-in": 0.24163948978213465, "dsfb-alt": 0.04222226510488026, "sfR": 0.10567144593890508, "sft": 0.0, "sfb": 0.015553540070627737, "unknown": 0.0, "oneh-out": 0.006329480326508558, "redirect": 0.03909611933386079, "roll-out": 0.19082997240500954, "dsfb-red": 0.014337816715231277, "alternate": 0.33007853958819783, "dsfb": 0.0, "oneh-in": 0.005287431736168735}, "reddit": {"bad-redirect": 0.006865756563896635, "sfT": 5.981948897974809e-05, "roll-in": 0.24593473757429912, "dsfb-alt": 0.03592439370962676, "sfR": 0.10397777127267367, "sft": 0.0, "sfb": 0.015092940270221525, "unknown": 0.04519937363713543, "oneh-out": 0.009792004602766942, "redirect": 0.03659903917989241, "roll-out": 0.17465354233820785, "dsfb-red": 0.013952511866040304, "alternate": 0.29638290615962815, "dsfb": 0.0, "oneh-in": 0.015565203336631458}, "akl": {"bad-redirect": 0.006845562389870496, "sfT": 0.0001358176893237932, "roll-in": 0.19746799951662047, "dsfb-alt": 0.02976337059923323, "sfR": 0.13064861186637447, "sft": 0.0, "sfb": 0.01883215910865645, "unknown": 0.13920166722946467, "oneh-out": 0.006925442067800971, "redirect": 0.029898298814877624, "roll-out": 0.15095391234133118, "dsfb-red": 0.013583498464533708, "alternate": 0.2611264200787021, "dsfb": 0.0, "oneh-in": 0.014617239833210838}, "french": {"bad-redirect": 0.005628601755664704, "sfT": 4.401664104697401e-05, "roll-in": 0.1889951415845898, "dsfb-alt": 0.03281155935123426, "sfR": 0.10898279115633469, "sft": 0.0, "sfb": 0.04834264686804744, "unknown": 0.15842537463172957, "oneh-out": 0.007417388308110434, "redirect": 0.029591243163431345, "roll-out": 0.161086868249399, "dsfb-red": 0.015355455425937185, "alternate": 0.23806587583235161, "dsfb": 0.0, "oneh-in": 0.005253037032122994}, "keymash": {"bad-redirect": 0.006896183701198212, "sfT": 2.052435625356611e-05, "roll-in": 0.2595838481526027, "dsfb-alt": 0.03632811056881201, "sfR": 0.099723742164827, "sft": 0.0, "sfb": 0.015590301010208816, "unknown": 0.012376186820900362, "oneh-out": 0.010586462955589397, "redirect": 0.03774429115030807, "roll-out": 0.18402137816947373, "dsfb-red": 0.014843214442579009, "alternate": 0.30226219454626807, "dsfb": 0.0, "oneh-in": 0.020023561960979094}, "movie": {"bad-redirect": 0.006652928729637373, "sfT": 3.5663014256388646e-05, "roll-in": 0.24059151122878297, "dsfb-alt": 0.03893150977331088, "sfR": 0.11567713207251198, "sft": 0.0, "sfb": 0.0156680386618658, "unknown": 0.030282373430185833, "oneh-out": 0.010820895473284388, "redirect": 0.03447034304529769, "roll-out": 0.17181150609909923, "dsfb-red": 0.015984794659338598, "alternate": 0.2885469479895074, "dsfb": 0.0, "oneh-in": 0.030526355822921424}, "dutch": {"bad-redirect": 0.0059433051954942496, "sfT": 5.730681837457422e-05, "roll-in": 0.19875555626003655, "dsfb-alt": 0.03259384466674884, "sfR": 0.18880787437283908, "sft": 0.0, "sfb": 0.022937018192834863, "unknown": 0.07360268279108878, "oneh-out": 0.0024370818292236015,