{"english-450k": {"sfR": 0.11369548401129392, "dsfb": 0.0, "oneh-in": 0.02064490402566566, "sft": 0.0, "alternate": 0.1893938552336694, "dsfb-red": 0.028702842365174317, "sfb": 0.020128035942211343, "roll-out": 0.25862962133565964, "oneh-out": 0.03601880604642107, "sfT": 6.723962624122889e-06, "dsfb-alt": 0.033311095532306885, "redirect": 0.06916677239854271, "unknown": 0.00015377410175167997, "roll-in": 0.21205799446997925, "bad-redirect": 0.01809009057470001}, "shai": {"sfR": 0.09823378925716947, "dsfb": 0.0, "oneh-in": 0.019111726471707467, "sft": 0.0, "alternate": 0.18195851123022339, "dsfb-red": 0.026282897313719546, "sfb": 0.015753337917961577, "roll-out": 0.28950764684408414, "oneh-out": 0.028873439335057576, "sfT": 3.347129534532252e-05, "dsfb-alt": 0.02901579684131293, "redirect": 0.07626888256343678, "unknown": 0.024097749651430984, "roll-in": 0.19583088852510486, "bad-redirect": 0.01503186275344598}, "tr-quotes": {"sfR": 0.09677191928064538, "dsfb": 0.0, "oneh-in": 0.020497676891426456, "sft": 0.0, "alternate": 0.1828159312082476, "dsfb-red": 0.025714847090913293, "sfb": 0.01803009639166917, "roll-out": 0.3094299715679249, "oneh-out": 0.025859319017128592, "sfT": 6.934652458334297e-06, "dsfb-alt": 0.027936247428399712, "redirect": 0.07057049074223896, "unknown": 0.013894731975682485, "roll-in": 0.19410207808418667, "bad-redirect": 0.014369755669078384}, "gutenberg": {"sfR": 0.09863878308844841, "dsfb": 0.0, "oneh-in": 0.021869907702613052, "sft": 0.0, "alternate": 0.17659410101450973, "dsfb-red": 0.024191076542687873, "sfb": 0.014822480689762042, "roll-out": 0.3049087236772861, "oneh-out": 0.022552258976745877, "sfT": 1.0608459564530312e-05, "dsfb-alt": 0.03166738842079061, "redirect": 0.07671886407645971, "unknown": 0.03298207965968062, "roll-in": 0.1806480480623838, "bad-redirect": 0.014395679629067635}, "english-200": {"sfR": 0.10690423162583519, "dsfb": 0.0, "oneh-in": 0.022271714922048998, "sft": 0.0, "alternate": 0.2071269487750557, "dsfb-red": 0.031180400890868598, "sfb": 0.004454342984409799, "roll-out": 0.33407572383073497, "oneh-out": 0.024498886414253896, "sfT": 0.0, "dsfb-alt": 0.026726057906458798, "redirect": 0.062360801781737196, "unknown": 0.0, "roll-in": 0.1759465478841871, "bad-redirect": 0.004454342984409799}, "monkeyracer": {"sfR": 0.09690789370786869, "dsfb": 0.0, "oneh-in": 0.020545615214977244, "sft": 0.0, "alternate": 0.18290563367064455, "dsfb-red": 0.025588665405008055, "sfb": 0.017899455714218682, "roll-out": 0.30950975178691525, "oneh-out": 0.02573236154339428, "sfT": 8.797722758340242e-06, "dsfb-alt": 0.02786336550041447, "redirect": 0.07024786117584497, "unknown": 0.013491796612290222, "roll-in": 0.19490963761202434, "bad-redirect": 0.014389164333640929}, "chained-bigrams": {"sfR": 0.11914286586209158, "dsfb": 0.0, "oneh-in": 0.02366650672127752, "sft": 0.0, "alternate": 0.17687384464346353, "dsfb-red": 0.03468001290817728, "sfb": 0.016559217561873868, "roll-out": 0.2706373380065956, "oneh-out": 0.030983521296219944, "sfT": 4.999646128942822e-05, "dsfb-alt": 0.03843688985649717, "redirect": 0.05899452571214115, "unknown": 0.023159399756770463, "roll-in": 0.18871521431275318, "bad-redirect": 0.018100666900849226}, "english-5k": {"sfR": 0.10644211224955408, "dsfb": 0.0, "oneh-in": 0.022234205832330857, "sft": 0.0, "alternate": 0.1811092213879786, "dsfb-red": 0.02874683701829344, "sfb": 0.01323267100842079, "roll-out": 0.2641141577135272, "oneh-out": 0.0315261127473348, "sfT": 0.0, "dsfb-alt": 0.02924461774588294, "redirect": 0.09051312896669017, "unknown": 0.002157049819554486, "roll-in": 0.21504127431866263, "bad-redirect": 0.015638611191770024}, "mt-quotes": {"sfR": 0.0964592223377679, "dsfb": 0.0, "oneh-in": 0.02071753863807509, "sft": 0.0, "alternate": 0.1837863520636856, "dsfb-red": 0.02511176055748796, "sfb": 0.01764561743225637, "roll-out": 0.3151483367399386, "oneh-out": 0.02549425658311519, "sfT": 5.9765004004255265e-06, "dsfb-alt": 0.027447078088954233, "redirect": 0.07024180920620121, "unknown": 0.007995063410669249, "roll-in": 0.19541064534251323, "bad-redirect": 0.014536343098934987}, "wordle": {"sfR": 0.13138112868843263, "dsfb": 0.0, "oneh-in": 0.01777179400875126, "sft": 0.0, "alternate": 0.17713452260742735, "dsfb-red": 0.029552339279703802, "sfb": 0.028205991248737797, "roll-out": 0.2661505665881297, "oneh-out": 0.030068439358240773, "sfT": 6.731740154830023e-05, "dsfb-alt": 0.040345562661281274, "redirect": 0.06276225737686525, "unknown": 0.0, "roll-in": 0.20105463929092338, "bad-redirect": 0.015505441489958487}, "english-1k": {"sfR": 0.10832745236414962, "dsfb": 0.0, "oneh-in": 0.019760056457304165, "sft": 0.0, "alternate": 0.18242766407904024, "dsfb-red": 0.02399435426958363, "sfb": 0.011291460832745237, "roll-out": 0.29957657021877204, "oneh-out": 0.027170077628793227, "sfT": 0.0, "dsfb-alt": 0.03175723359209598, "redirect": 0.08115737473535639, "unknown": 0.0, "roll-in": 0.20359915314043756, "bad-redirect": 0.010938602681721948}, "english-10k": {"sfR": 0.10567144593890508, "dsfb": 0.0, "oneh-in": 0.019451573686343374, "sft": 0.0, "alternate": 0.17728334073059185, "dsfb-red": 0.02690029138766137, "sfb": 0.015785106424036587, "roll-out": 0.2678836765018043, "oneh-out": 0.03629802589683719, "sfT": 0.0, "dsfb-alt": 0.03070183902278999, "redirect": 0.08701105729337527, "unknown": 0.0, "roll-in": 0.2138708245691901, "bad-redirect": 0.019142818548464908}, "reddit": {"sfR": 0.10397777127267367, "dsfb": 0.0, "oneh-in": 0.017951090731781135, "sft": 0.0, "alternate": 0.17994822261764765, "dsfb-red": 0.02521801619171603, "sfb": 0.01697285292702528, "roll-out": 0.28916621109087787, "oneh-out": 0.025478719788021006, "sfT": 8.562764671741023e-05, "dsfb-alt": 0.026912739397351424, "redirect": 0.06545428257160874, "unknown": 0.04519937363713543, "roll-in": 0.18964523522038162, "bad-redirect": 0.013989856907062727}, "akl": {"sfR": 0.13064861186637447, "dsfb": 0.0, "oneh-in": 0.015004902111815589, "sft": 0.0, "alternate": 0.15595841246045888, "dsfb-red": 0.022314547393912535, "sfb": 0.020864705296492092, "roll-out": 0.24174861828293875, "oneh-out": 0.02082210939028976, "sfT": 0.000136929531423042, "dsfb-alt": 0.02160677342113295, "redirect": 0.0504197413939283, "unknown": 0.13920166722946467, "roll-in": 0.16885881984681633, "bad-redirect": 0.012414161774952633}, "french": {"sfR": 0.10898279115633469, "dsfb": 0.0, "oneh-in": 0.016448185769042407, "sft": 0.0, "alternate": 0.14175749518524916, "dsfb-red": 0.02543349836876995, "sfb": 0.04856112701657979, "roll-out": 0.2083235258474091, "oneh-out": 0.031943586546926424, "sfT": 0.00043598647757249514, "dsfb-alt": 0.024354206734656946, "redirect": 0.07896775673174074, "unknown": 0.15842537463172957, "roll-in": 0.1477970038211029, "bad-redirect": 0.008569461712885862}, "keymash": {"sfR": 0.099723742164827, "dsfb": 0.0, "oneh-in": 0.020828116726118884, "sft": 0.0, "alternate": 0.1795429636349456, "dsfb-red": 0.02499045617434209, "sfb": 0.018278991679425975, "roll-out": 0.30674881882329763, "oneh-out": 0.026406636755838153, "sfT": 2.873409875499255e-05, "dsfb-alt": 0.029185634592571005, "redirect": 0.07040264682098246, "unknown": 0.012376186820900362, "roll-in": 0.19629494320910626, "bad-redirect": 0.015192128498889632}, "movie": {"sfR": 0.11567713207251198, "dsfb": 0.0, "oneh-in": 0.019811133414020354, "sft": 0.0, "alternate": 0.17387640778432797, "dsfb-red": 0.026061109561912113, "sfb": 0.025760803294262374, "roll-out": 0.28727242292281696, "oneh-out": 0.02047846605348215, "sfT": 2.829353529565889e-05, "dsfb-alt": 0.033117648862488025, "redirect": 0.06319065013148598, "unknown": 0.030282373430185833, "roll-in": 0.19034219254369278, "bad-redirect": 0.014101366393517806}, "dutch": {"sfR": 0.18880787437283908, "dsfb": 0.0, "oneh-in": 0.014750176161087961, "sft": 0.0, "alternate": 0.15842193805419827, "dsfb-red": 0.02516474006857238, "sfb": 0.049726377873055644, "roll-out": 0.2130138907352626, "oneh-out": 0.016331672212601553, "sfT": 8.043754293752815e-05,