{"english-450k": {"roll-out": 0.0810500607787752, "bad-redirect": 1.666373345978281e-05, "sfb": 0.30523808382267215, "dsfb-alt": 0.18003117579887984, "dsfb": 0.0, "sfT": 0.08401328187260605, "unknown": 0.01261853907587027, "roll-in": 0.08921441313546563, "oneh-in": 0.0007261879634052719, "sft": 0.0, "oneh-out": 0.0016210596848157137, "sfR": 0.11369548401129392, "dsfb-red": 0.03285912830548541, "alternate": 0.0933897015788449, "redirect": 0.005526220238425868}, "shai": {"roll-out": 0.09708671232923369, "bad-redirect": 3.587094880439976e-05, "sfb": 0.2971430732222516, "dsfb-alt": 0.18992437763052333, "dsfb": 0.0, "sfT": 0.06984321051339269, "unknown": 0.01982139301895912, "roll-in": 0.08553750534503456, "oneh-in": 0.002430318708038963, "sft": 0.0, "oneh-out": 0.00267311719319192, "sfR": 0.09823378925716947, "dsfb-red": 0.030106911528337738, "alternate": 0.09973419580491034, "redirect": 0.007429524500152184}, "tr-quotes": {"roll-out": 0.11617392108365503, "bad-redirect": 2.195973278472527e-05, "sfb": 0.2986107579575137, "dsfb-alt": 0.17997734680196945, "dsfb": 0.0, "sfT": 0.057496359307459374, "unknown": 0.012599107741383694, "roll-in": 0.08542682785881048, "oneh-in": 0.00325466355377823, "sft": 0.0, "oneh-out": 0.004603453456924251, "sfR": 0.09677191928064538, "dsfb-red": 0.03269688634104621, "alternate": 0.102710293335799, "redirect": 0.009656503548230508}, "gutenberg": {"roll-out": 0.10617268374704432, "bad-redirect": 0.00012086066432447034, "sfb": 0.30152026803030835, "dsfb-alt": 0.19218550558592226, "dsfb": 0.0, "sfT": 0.05407510713596976, "unknown": 0.027523458903395956, "roll-in": 0.08339101683221546, "oneh-in": 0.003234064672958241, "sft": 0.0, "oneh-out": 0.0033327612342639603, "sfR": 0.09863878308844841, "dsfb-red": 0.02697181900604038, "alternate": 0.09563564184779665, "redirect": 0.007198029251311755}, "english-200": {"roll-out": 0.10467706013363029, "bad-redirect": 0.0, "sfb": 0.30066815144766146, "dsfb-alt": 0.1714922048997773, "dsfb": 0.0, "sfT": 0.060133630289532294, "unknown": 0.0, "roll-in": 0.1091314031180401, "oneh-in": 0.0022271714922048997, "sft": 0.0, "oneh-out": 0.0, "sfR": 0.10690423162583519, "dsfb-red": 0.0400890868596882, "alternate": 0.0935412026726058, "redirect": 0.011135857461024499}, "monkeyracer": {"roll-out": 0.11681225268623802, "bad-redirect": 2.3460594022240643e-05, "sfb": 0.2990903154667876, "dsfb-alt": 0.17936503902278805, "dsfb": 0.0, "sfT": 0.05708353535511519, "unknown": 0.012253272752866102, "roll-in": 0.08524797847881509, "oneh-in": 0.003322606628399831, "sft": 0.0, "oneh-out": 0.004697983952953688, "sfR": 0.09690789370786869, "dsfb-red": 0.03258383252263947, "alternate": 0.10288936765878912, "redirect": 0.009722461172716893}, "chained-bigrams": {"roll-out": 0.08374147544102398, "bad-redirect": 8.8954742813658e-05, "sfb": 0.29532390239911593, "dsfb-alt": 0.20602762531742883, "dsfb": 0.0, "sfT": 0.06585442978386595, "unknown": 0.01885256173426686, "roll-in": 0.07550959055495422, "oneh-in": 0.0016609214023163297, "sft": 0.0, "oneh-out": 0.0024322953764960792, "sfR": 0.11914286586209158, "dsfb-red": 0.03481571758882001, "alternate": 0.08749250864711523, "redirect": 0.009057151149691352}, "english-5k": {"roll-out": 0.08960053096610943, "bad-redirect": 0.0, "sfb": 0.289335047911395, "dsfb-alt": 0.18841000539262454, "dsfb": 0.0, "sfT": 0.10345542788401708, "unknown": 0.004355581366408097, "roll-in": 0.08312938150744598, "oneh-in": 0.0010370431824781184, "sft": 0.0, "oneh-out": 0.00157630563736674, "sfR": 0.10644211224955408, "dsfb-red": 0.0276683121085162, "alternate": 0.10009540797278799, "redirect": 0.004894843821296718}, "mt-quotes": {"roll-out": 0.11785509377129129, "bad-redirect": 1.1953000800851053e-05, "sfb": 0.30189096472669463, "dsfb-alt": 0.18065765410406281, "dsfb": 0.0, "sfT": 0.056098421008594204, "unknown": 0.007781403521354036, "roll-in": 0.08523684871086887, "oneh-in": 0.003499240984449146, "sft": 0.0, "oneh-out": 0.0048588948255459535, "sfR": 0.0964592223377679, "dsfb-red": 0.033239801102066674, "alternate": 0.10260904124980576, "redirect": 0.009801460656697864}, "wordle": {"roll-out": 0.10072927185010659, "bad-redirect": 4.4878267698866824e-05, "sfb": 0.27263547627061596, "dsfb-alt": 0.15465051049029507, "dsfb": 0.0, "sfT": 0.04279142825086952, "unknown": 0.017547402670256926, "roll-in": 0.11311567373499383, "oneh-in": 0.0015034219679120385, "sft": 0.0, "oneh-out": 0.0029619656681252105, "sfR": 0.13138112868843263, "dsfb-red": 0.03563334455290026, "alternate": 0.1157186132615281, "redirect": 0.011286884326265007}, "english-1k": {"roll-out": 0.08468595624558928, "bad-redirect": 0.0, "sfb": 0.3016937191249118, "dsfb-alt": 0.1901905434015526, "dsfb": 0.0, "sfT": 0.0744530698659139, "unknown": 0.0007057163020465773, "roll-in": 0.09985885673959069, "oneh-in": 0.0007057163020465773, "sft": 0.0, "oneh-out": 0.0017642907551164433, "sfR": 0.10832745236414962, "dsfb-red": 0.027522935779816515, "alternate": 0.10338743824982358, "redirect": 0.0067043048694424845}, "english-10k": {"roll-out": 0.08129908724262365, "bad-redirect": 0.0, "sfb": 0.31307770980876476, "dsfb-alt": 0.1827444472318172, "dsfb": 0.0, "sfT": 0.1001910422415623, "unknown": 0.00540321491287316, "roll-in": 0.08288145732425078, "oneh-in": 0.0010227513942224194, "sft": 0.0, "oneh-out": 0.0012929121398660775, "sfR": 0.10567144593890508, "dsfb-red": 0.026707319426487332, "alternate": 0.09521236564327203, "redirect": 0.004496246695355165}, "reddit": {"roll-out": 0.10588128209983262, "bad-redirect": 3.6820637236751644e-05, "sfb": 0.28602626850934665, "dsfb-alt": 0.17159211049487424, "dsfb": 0.0, "sfT": 0.05751158791901033, "unknown": 0.04227387474653037, "roll-in": 0.08429712194092329, "oneh-in": 0.00391478663227327, "sft": 0.0, "oneh-out": 0.0031000504364069575, "sfR": 0.10397777127267367, "dsfb-red": 0.032712870011351466, "alternate": 0.0987277776872557, "redirect": 0.009947677612284683}, "akl": {"roll-out": 0.0913122560850068, "bad-redirect": 7.399926860555951e-05, "sfb": 0.24706238345887307, "dsfb-alt": 0.14406357977626427, "dsfb": 0.0, "sfT": 0.042988435878571325, "unknown": 0.13494076710631456, "roll-in": 0.08037059327869708, "oneh-in": 0.0037752969094026335, "sft": 0.0, "oneh-out": 0.0028326277624550838, "sfR": 0.13064861186637447, "dsfb-red": 0.029805620599004684, "alternate": 0.0841524871178886, "redirect": 0.00797334089254187}, "french": {"roll-out": 0.08522507133340144, "bad-redirect": 1.6060530701959204e-05, "sfb": 0.2391082671986298, "dsfb-alt": 0.13529969362290412, "dsfb": 0.0, "sfT": 0.08368356002278018, "unknown": 0.1528961324279449, "roll-in": 0.07974276722914031, "oneh-in": 0.002446324455410551, "sft": 0.0, "oneh-out": 0.005544703460952977, "sfR": 0.10898279115633469, "dsfb-red": 0.018842043826581445, "alternate": 0.08141548947995537, "redirect": 0.006797095255262285}, "keymash": {"roll-out": 0.11563011826134073, "bad-redirect": 3.694384125641899e-05, "sfb": 0.2989577731894439, "dsfb-alt": 0.1795470685061963, "dsfb": 0.0, "sfT": 0.05707412986991663, "unknown": 0.011276081325709219, "roll-in": 0.08781551066650795, "oneh-in": 0.003341365198080562, "sft": 0.0, "oneh-out": 0.0048519578183430275, "sfR": 0.099723742164827, "dsfb-red": 0.03138584558295329, "alternate": 0.10119328607258234, "redirect": 0.009166177502842623}, "movie": {"roll-out": 0.1333713826550627, "bad-redirect": 5.645547275273332e-05, "sfb": 0.2840186663638162, "dsfb-alt": 0.15190746461103824, "dsfb": 0.0, "sfT": 0.045467053230930914, "unknown": 0.027032564806342595, "roll-in": 0.0753925333228757, "oneh-in": 0.0029498971497092545, "sft": 0.0, "oneh-out": 0.007399351670088429, "sfR": 0.11567713207251198, "dsfb-red": 0.03480710191423532, "alternate": 0.10734883125985585, "redirect": 0.014571565470780081}, "dutch": {"roll-out": 0.06522737018113939, "bad-redirect": 4.509594750064273e-05, "sfb": 0.29952855638565967, "dsfb-alt": 0.11173708908402295, "dsfb": 0.0, "sfT": 0.055091683916389564, "unknown": 0.09262234243664216, "roll-in": 0.07323248361331611,