{"english-450k": {"sfR": 0.11369548401129392, "dsfb": 0.0, "oneh-in": 0.006432493461677214, "sft": 0.0, "alternate": 0.1164295056835025, "dsfb-red": 0.07395072563250563, "sfb": 0.25167353582790397, "roll-out": 0.14737288933351497, "oneh-out": 0.004884520327123705, "sfT": 0.020097339591101215, "dsfb-alt": 0.0786662698554231, "redirect": 0.013641166087139047, "unknown": 0.01261853907587027, "roll-in": 0.16042965536475742, "bad-redirect": 0.00010787574818701503}, "shai": {"sfR": 0.09823378925716947, "dsfb": 0.0, "oneh-in": 0.01029975774337208, "sft": 0.0, "alternate": 0.11785537242157236, "dsfb-red": 0.10822356208894324, "sfb": 0.23270498149480143, "roll-out": 0.14630896916151154, "oneh-out": 0.006026354232818404, "sfT": 0.017645174389783608, "dsfb-alt": 0.06383060784305833, "redirect": 0.01777294045484425, "unknown": 0.01982139301895912, "roll-in": 0.1609496574378575, "bad-redirect": 0.0003274404553086992}, "tr-quotes": {"sfR": 0.09677191928064538, "dsfb": 0.0, "oneh-in": 0.011594738910334943, "sft": 0.0, "alternate": 0.11612191119021752, "dsfb-red": 0.11318046277247405, "sfb": 0.23285985067381706, "roll-out": 0.14379001872356165, "oneh-out": 0.007521786366473267, "sfT": 0.013333025126557407, "dsfb-alt": 0.054474006611035346, "redirect": 0.025272185108989622, "unknown": 0.012599107741383694, "roll-in": 0.17173204502900996, "bad-redirect": 0.000748942465500104}, "gutenberg": {"sfR": 0.09863878308844841, "dsfb": 0.0, "oneh-in": 0.013097279953080299, "sft": 0.0, "alternate": 0.11908204241641007, "dsfb-red": 0.11950410755765603, "sfb": 0.22213564961470453, "roll-out": 0.14247634787109054, "oneh-out": 0.006444828622230103, "sfT": 0.011195334702582365, "dsfb-alt": 0.05964909489001869, "redirect": 0.020218018998993333, "unknown": 0.027523458903395956, "roll-in": 0.1598285672934372, "bad-redirect": 0.000206486087952465}, "english-200": {"sfR": 0.10690423162583519, "dsfb": 0.0, "oneh-in": 0.011135857461024499, "sft": 0.0, "alternate": 0.10022271714922049, "dsfb-red": 0.08908685968819599, "sfb": 0.2561247216035635, "roll-out": 0.1447661469933185, "oneh-out": 0.0066815144766146995, "sfT": 0.015590200445434299, "dsfb-alt": 0.051224944320712694, "redirect": 0.011135857461024499, "unknown": 0.0, "roll-in": 0.2071269487750557, "bad-redirect": 0.0}, "monkeyracer": {"sfR": 0.09690789370786869, "dsfb": 0.0, "oneh-in": 0.011650139981544332, "sft": 0.0, "alternate": 0.11627168149897556, "dsfb-red": 0.11274281714813018, "sfb": 0.23288940675977915, "roll-out": 0.14361598135664794, "oneh-out": 0.007571906720678168, "sfT": 0.013308021959116005, "dsfb-alt": 0.0543445110030186, "redirect": 0.025292475405477268, "unknown": 0.012253272752866102, "roll-in": 0.17239626507343167, "bad-redirect": 0.0007556266324663341}, "chained-bigrams": {"sfR": 0.11914286586209158, "dsfb": 0.0, "oneh-in": 0.010075260906857892, "sft": 0.0, "alternate": 0.09995526290671634, "dsfb-red": 0.1135568975962091, "sfb": 0.23346659229963593, "roll-out": 0.13208026185159621, "oneh-out": 0.00710339333125123, "sfT": 0.011299200251410776, "dsfb-alt": 0.06411689042788529, "redirect": 0.015546302242243893, "unknown": 0.01885256173426686, "roll-in": 0.1742629904766481, "bad-redirect": 0.0005415201131867939}, "english-5k": {"sfR": 0.10644211224955408, "dsfb": 0.0, "oneh-in": 0.007259302277346829, "sft": 0.0, "alternate": 0.117393288256523, "dsfb-red": 0.08059899614219936, "sfb": 0.25096445015970464, "roll-out": 0.16061724810221098, "oneh-out": 0.004314099639108972, "sfT": 0.028539428381797818, "dsfb-alt": 0.077819720413158, "redirect": 0.013688970008711162, "unknown": 0.004355581366408097, "roll-in": 0.14788235782137968, "bad-redirect": 0.00012444518189737422}, "mt-quotes": {"sfR": 0.0964592223377679, "dsfb": 0.0, "oneh-in": 0.01174382328683616, "sft": 0.0, "alternate": 0.11567367112513596, "dsfb-red": 0.11590824876585266, "sfb": 0.2349212894897264, "roll-out": 0.1432836088500018, "oneh-out": 0.007397413370626696, "sfT": 0.01277178135570935, "dsfb-alt": 0.05266043915324942, "redirect": 0.025467362331313276, "unknown": 0.007781403521354036, "roll-in": 0.17513686185916974, "bad-redirect": 0.000794874553256595}, "wordle": {"sfR": 0.13138112868843263, "dsfb": 0.0, "oneh-in": 0.014540558734432852, "sft": 0.0, "alternate": 0.12170986199932683, "dsfb-red": 0.06684617973746214, "sfb": 0.21382250645125098, "roll-out": 0.15088073600359025, "oneh-out": 0.009334679681364299, "sfT": 0.013912262986648716, "dsfb-alt": 0.07517109839560193, "redirect": 0.014742510939077752, "unknown": 0.017547402670256926, "roll-in": 0.1695725345001683, "bad-redirect": 0.0005385392123864019}, "english-1k": {"sfR": 0.10832745236414962, "dsfb": 0.0, "oneh-in": 0.011291460832745237, "sft": 0.0, "alternate": 0.10479887085391673, "dsfb-red": 0.09527170077628794, "sfb": 0.25299929428369794, "roll-out": 0.1524347212420607, "oneh-out": 0.0035285815102328866, "sfT": 0.017290049400141144, "dsfb-alt": 0.07657021877205364, "redirect": 0.013408609738884969, "unknown": 0.0007057163020465773, "roll-in": 0.16337332392378265, "bad-redirect": 0.0}, "english-10k": {"sfR": 0.10567144593890508, "dsfb": 0.0, "oneh-in": 0.007448717701317998, "sft": 0.0, "alternate": 0.1151270720364331, "dsfb-red": 0.08303583489319002, "sfb": 0.2662627120279423, "roll-out": 0.14853051851565968, "oneh-out": 0.004129599969124486, "sfT": 0.025935431581791166, "dsfb-alt": 0.07448717701317999, "redirect": 0.011983558788907972, "unknown": 0.00540321491287316, "roll-in": 0.1518689334439706, "bad-redirect": 0.00011578317670442484}, "reddit": {"sfR": 0.10397777127267367, "dsfb": 0.0, "oneh-in": 0.011196133196314116, "sft": 0.0, "alternate": 0.11104819514263502, "dsfb-red": 0.10132024271654645, "sfb": 0.2267167996685768, "roll-out": 0.14337581565858468, "oneh-out": 0.006821406986594179, "sfT": 0.014044394900772503, "dsfb-alt": 0.05619926744536883, "redirect": 0.021040653092474673, "unknown": 0.04227387474653037, "roll-in": 0.16150816281314162, "bad-redirect": 0.0004772823597870696}, "akl": {"sfR": 0.13064861186637447, "dsfb": 0.0, "oneh-in": 0.009281163692484933, "sft": 0.0, "alternate": 0.09184245652073525, "dsfb-red": 0.07980735877881984, "sfb": 0.2009965168951943, "roll-out": 0.12644886305868305, "oneh-out": 0.003838449540639966, "sfT": 0.00998451500446973, "dsfb-alt": 0.04804665032489385, "redirect": 0.01763584171746694, "unknown": 0.13494076710631456, "roll-in": 0.14619050900452502, "bad-redirect": 0.0003382964893981038}, "french": {"sfR": 0.10898279115633469, "dsfb": 0.0, "oneh-in": 0.007250310846927366, "sft": 0.0, "alternate": 0.1084997017790169, "dsfb-red": 0.06804695541852866, "sfb": 0.17890075345612658, "roll-out": 0.13377983106868613, "oneh-out": 0.004874475940913008, "sfT": 0.013316711882603872, "dsfb-alt": 0.07156298313151374, "redirect": 0.024689170676293518, "unknown": 0.1528961324279449, "roll-in": 0.12686676140282324, "bad-redirect": 0.00033342081228740863}, "keymash": {"sfR": 0.099723742164827, "dsfb": 0.0, "oneh-in": 0.012343347850894656, "sft": 0.0, "alternate": 0.11226001896450517, "dsfb-red": 0.11417699383858826, "sfb": 0.23728208264747777, "roll-out": 0.14119525641078268, "oneh-out": 0.007532438745058761, "sfT": 0.01341882411858152, "dsfb-alt": 0.053400270100528294, "redirect": 0.024050440657928763, "unknown": 0.011276081325709219, "roll-in": 0.17263036044874452, "bad-redirect": 0.0007101427263733873}, "movie": {"sfR": 0.11567713207251198, "dsfb": 0.0, "oneh-in": 0.011964085897067591, "sft": 0.0, "alternate": 0.10568490818879395, "dsfb-red": 0.10458672422580663, "sfb": 0.22300372329764706, "roll-out": 0.13644498177304137, "oneh-out": 0.0117607672364546, "sfT": 0.010687060471443993, "dsfb-alt": 0.04898387386926202, "redirect": 0.03474933046309674, "unknown": 0.027032564806342595, "roll-in": 0.16775105478957572, "bad-redirect": 0.001673792908955746}, "dutch": {"sfR": 0.18880787437283908, "dsfb": 0.0, "oneh-in": 0.013366187808071217, "sft": 0.0, "alternate": 0.12520340244710157, "dsfb-red": 0.048031397824829694, "sfb": 0.19327337729987987, "roll-out": 0.13748296619374675,