{"english-450k": {"sft": 0.0, "sfb": 0.027810601759573315, "dsfb": 0.0, "sfT": 0.0001885632996764897, "roll-out": 0.15578778238450425, "roll-in": 0.2306848326698049, "bad-redirect": 0.0012986018250588638, "redirect": 0.03515989290773963, "oneh-out": 0.004380807822716586, "oneh-in": 0.003107347770947921, "dsfb-red": 0.013325724536207369, "dsfb-alt": 0.05664295349181226, "alternate": 0.3487845121998993, "sfR": 0.11328269117541298, "unknown": 0.009545688156646111}, "shai": {"sft": 0.0, "sfb": 0.018933896668754623, "dsfb": 0.0, "sfT": 2.0818928961897528e-05, "roll-out": 0.17058561297831673, "roll-in": 0.2231314982228631, "bad-redirect": 0.0007848840719673102, "redirect": 0.030294014830787277, "oneh-out": 0.010590924727360663, "oneh-in": 0.003107392542744021, "dsfb-red": 0.008422814604631549, "dsfb-alt": 0.05411475545363823, "alternate": 0.321616728588047, "sfR": 0.09728563198976478, "unknown": 0.06111102639216282}, "tr-quotes": {"sft": 0.0, "sfb": 0.020279235338988927, "dsfb": 0.0, "sfT": 1.5025080326390976e-05, "roll-out": 0.1830990961836296, "roll-in": 0.2152631700607938, "bad-redirect": 0.0008055754605765008, "redirect": 0.027341023092392686, "oneh-out": 0.01842306003097478, "oneh-in": 0.00414229906844502, "dsfb-red": 0.007771433854973302, "dsfb-alt": 0.05621460437807725, "alternate": 0.32831418598737894, "sfR": 0.09591664547745082, "unknown": 0.042414645985992004}, "gutenberg": {"sft": 0.0, "sfb": 0.01595247107016246, "dsfb": 0.0, "sfT": 0.0001568536521326982, "roll-out": 0.194565020953602, "roll-in": 0.2128123291517059, "bad-redirect": 0.0011968615630125448, "redirect": 0.0252060787988799, "oneh-out": 0.011498812420839107, "oneh-in": 0.0028002544514801266, "dsfb-red": 0.005810783726471478, "dsfb-alt": 0.05226579646988353, "alternate": 0.30681407878978695, "sfR": 0.09761014138424484, "unknown": 0.07331051756779848}, "english-200": {"sft": 0.0, "sfb": 0.008908685968819599, "dsfb": 0.0, "sfT": 0.0, "roll-out": 0.16258351893095768, "roll-in": 0.26948775055679286, "bad-redirect": 0.0, "redirect": 0.024498886414253896, "oneh-out": 0.017817371937639197, "oneh-in": 0.008908685968819599, "dsfb-red": 0.0, "dsfb-alt": 0.060133630289532294, "alternate": 0.34075723830734966, "sfR": 0.10690423162583519, "unknown": 0.0}, "monkeyracer": {"sft": 0.0, "sfb": 0.020203481552152902, "dsfb": 0.0, "sfT": 1.4662871263900401e-05, "roll-out": 0.18327220545224204, "roll-in": 0.2148042213428844, "bad-redirect": 0.0008142781175219356, "redirect": 0.027320839263650157, "oneh-out": 0.018847654722617575, "oneh-in": 0.004221929399252389, "dsfb-red": 0.007764479096610726, "dsfb-alt": 0.0561646620892441, "alternate": 0.328181452054366, "sfR": 0.09605353707555875, "unknown": 0.042336596962635094}, "chained-bigrams": {"sft": 0.0, "sfb": 0.01801495868149592, "dsfb": 0.0, "sfT": 5.454159413392169e-05, "roll-out": 0.16881921993832905, "roll-in": 0.18205854260964646, "bad-redirect": 0.0023628197744445362, "redirect": 0.03270093220674641, "oneh-out": 0.004620452188773652, "oneh-in": 0.00518080213803049, "dsfb-red": 0.015209313107059306, "dsfb-alt": 0.0694450847310158, "alternate": 0.31744766117203393, "sfR": 0.11643721321023381, "unknown": 0.06764845864805673}, "english-5k": {"sft": 0.0, "sfb": 0.02094827228605799, "dsfb": 0.0, "sfT": 0.0, "roll-out": 0.15107645082341228, "roll-in": 0.2596341311652217, "bad-redirect": 0.0011200066370763678, "redirect": 0.03314390011200066, "oneh-out": 0.005185215912390592, "oneh-in": 0.00236445845605011, "dsfb-red": 0.0115734019164558, "dsfb-alt": 0.053304019579375285, "alternate": 0.35429543286182436, "sfR": 0.10644211224955408, "unknown": 0.0009125980005807441}, "mt-quotes": {"sft": 0.0, "sfb": 0.0199002522083169, "dsfb": 0.0, "sfT": 1.0458875700744673e-05, "roll-out": 0.186432447615974, "roll-in": 0.2151181554129164, "bad-redirect": 0.0007455684249530845, "redirect": 0.026791157170007532, "oneh-out": 0.02034998386344892, "oneh-in": 0.004409163170413933, "dsfb-red": 0.0073959192455265894, "dsfb-alt": 0.05695306056585506, "alternate": 0.3316315248443122, "sfR": 0.09572710103871578, "unknown": 0.03453520756385891}, "wordle": {"sft": 0.0, "sfb": 0.03397284864804218, "dsfb": 0.0, "sfT": 0.00026926960619320093, "roll-out": 0.18501065858857849, "roll-in": 0.19762145181196006, "bad-redirect": 0.0021990351172444743, "redirect": 0.03635139683608213, "oneh-out": 0.00650734881633569, "oneh-in": 0.0024683047234376754, "dsfb-red": 0.01579715023000112, "dsfb-alt": 0.05984516997643891, "alternate": 0.32857623695725346, "sfR": 0.13138112868843263, "unknown": 0.0}, "english-1k": {"sft": 0.0, "sfb": 0.014820042342978124, "dsfb": 0.0, "sfT": 0.0, "roll-out": 0.17466478475652789, "roll-in": 0.26887791107974596, "bad-redirect": 0.0, "redirect": 0.032462949894142556, "oneh-out": 0.0077628793225123505, "oneh-in": 0.0028228652081863093, "dsfb-red": 0.008821453775582216, "dsfb-alt": 0.04904728299223712, "alternate": 0.3323923782639379, "sfR": 0.10832745236414962, "unknown": 0.0}, "english-10k": {"sft": 0.0, "sfb": 0.021091835356322728, "dsfb": 0.0, "sfT": 3.859439223480828e-05, "roll-out": 0.1518496362478532, "roll-in": 0.2540861812778603, "bad-redirect": 0.000675401864109145, "redirect": 0.03573840720943247, "oneh-out": 0.004496246695355165, "oneh-in": 0.002026205592327435, "dsfb-red": 0.010497674687867853, "dsfb-alt": 0.05509349491518882, "alternate": 0.3512089693367554, "sfR": 0.10543987958549622, "unknown": 0.0077574728391964646}, "reddit": {"sft": 0.0, "sfb": 0.01935484475119569, "dsfb": 0.0, "sfT": 0.00011192275082748108, "roll-out": 0.17099301662715846, "roll-in": 0.20537727387568297, "bad-redirect": 0.0008211788709474123, "redirect": 0.026403393491811904, "oneh-out": 0.013804330339175004, "oneh-in": 0.0036712385312423854, "dsfb-red": 0.008780392242794458, "dsfb-alt": 0.054521961936900364, "alternate": 0.31381375087861046, "sfR": 0.1028716913164539, "unknown": 0.07947500438719952}, "akl": {"sft": 0.0, "sfb": 0.025996438126101935, "dsfb": 0.0, "sfT": 0.00011424364203774476, "roll-out": 0.16016958613691815, "roll-in": 0.19502306618783463, "bad-redirect": 0.0008843350034960785, "redirect": 0.02384303220964427, "oneh-out": 0.014592394917223542, "oneh-in": 0.00295571348933662, "dsfb-red": 0.011538979571328612, "dsfb-alt": 0.05332105152227175, "alternate": 0.2972001881922381, "sfR": 0.11706348985084018, "unknown": 0.09729748115072838}, "french": {"sft": 0.0, "sfb": 0.04414149968771107, "dsfb": 0.0, "sfT": 0.000335997688482126, "roll-out": 0.1635568490275506, "roll-in": 0.17249657189320533, "bad-redirect": 0.0015693026207445155, "redirect": 0.024816141756236712, "oneh-out": 0.010041756930369943, "oneh-in": 0.001524476960427107, "dsfb-red": 0.008257764566193454, "dsfb-alt": 0.03797548440890273, "alternate": 0.23822284055265425, "sfR": 0.10826692895670688, "unknown": 0.1887943849508153}, "keymash": {"sft": 0.0, "sfb": 0.020787068013611753, "dsfb": 0.0, "sfT": 5.3363326259271875e-05, "roll-out": 0.18363141540065595, "roll-in": 0.2169219212439402, "bad-redirect": 0.0008620229626497765, "redirect": 0.02765041274480426, "oneh-out": 0.01797933607812391, "oneh-in": 0.003780586421906877, "dsfb-red": 0.007803360247605834, "dsfb-alt": 0.05537471317212136, "alternate": 0.32727727994811445, "sfR": 0.09899307508220005, "unknown": 0.038885445358006344}, "movie": {"sft": 0.0, "sfb": 0.024976085382783238, "dsfb": 0.0, "sfT": 2.145044768926697e-05, "roll-out": 0.15965528735769832, "roll-in": 0.18573495221485084, "bad-redirect": 0.0005788988919330394, "redirect": 0.02111039887436473, "oneh-out": 0.024576159551325066, "oneh-in": 0.0026759104497764085, "dsfb-red": 0.008986158407739848, "dsfb-alt": 0.057234137163637566, "alternate": 0.30203085732438695, "sfR": 0.1138359467128768, "unknown": 0.0985837572209379}, "dutch": {"sft": 0.0, "sfb": 0.0294701389338902, "dsfb": 0.0, "sfT": 0.00011615568505334536, "roll-out": 0.13251168935372362, "roll-in": 0.2141498782732172, "bad-redirect": 0.00042955010669001875, "redirect": 0.02318179146493477, "oneh-out": 0.003331541568834759,