{"english-450k": {"sfb": 0.07032475570089709, "oneh-in": 0.004209200602700928, "dsfb-alt": 0.05247614308826341, "sfT": 0.00012190836583735845, "oneh-out": 0.0038031317294441153, "alternate": 0.3610270940612208, "unknown": 0.00015377410175167997, "sft": 0.0, "redirect": 0.03052269746670323, "roll-in": 0.1767884717368463, "bad-redirect": 0.009548611618656598, "roll-out": 0.1668498702859906, "sfR": 0.11369548401129392, "dsfb-red": 0.010478857230393948, "dsfb": 0.0}, "shai": {"sfb": 0.06676971888137136, "oneh-in": 0.004321284337879877, "dsfb-alt": 0.03386865473569288, "sfT": 8.48896763192598e-05, "oneh-out": 0.002916225311049274, "alternate": 0.39246715493679935, "unknown": 0.024097749651430984, "sft": 0.0, "redirect": 0.02778760775605154, "roll-in": 0.1681970288884217, "bad-redirect": 0.006005492729359652, "roll-out": 0.16540445926828218, "sfR": 0.09823378925716947, "dsfb-red": 0.009845944570172524, "dsfb": 0.0}, "tr-quotes": {"sfb": 0.06609648413120363, "oneh-in": 0.004878528004438177, "dsfb-alt": 0.03236749034927533, "sfT": 4.276369015972816e-05, "oneh-out": 0.002348535632555882, "alternate": 0.39478051824969373, "unknown": 0.013894731975682485, "sft": 0.0, "redirect": 0.026123991585955016, "roll-in": 0.17395806846813527, "bad-redirect": 0.005711842074848016, "roll-out": 0.17204757171586418, "sfR": 0.09677191928064538, "dsfb-red": 0.010977554841543192, "dsfb": 0.0}, "gutenberg": {"sfb": 0.04835771574102174, "oneh-in": 0.003969837118469593, "dsfb-alt": 0.03532560203955212, "sfT": 8.619373396180879e-05, "oneh-out": 0.0033774683138573383, "alternate": 0.390640610774482, "unknown": 0.03298207965968062, "sft": 0.0, "redirect": 0.023077756598746006, "roll-in": 0.1675263307649495, "bad-redirect": 0.005236032542207461, "roll-out": 0.1826329666216186, "sfR": 0.09863878308844841, "dsfb-red": 0.008148623003004845, "dsfb": 0.0}, "english-200": {"sfb": 0.0556792873051225, "oneh-in": 0.0, "dsfb-alt": 0.028953229398663696, "sfT": 0.0, "oneh-out": 0.0022271714922048997, "alternate": 0.40757238307349664, "unknown": 0.0, "sft": 0.0, "redirect": 0.028953229398663696, "roll-in": 0.1759465478841871, "bad-redirect": 0.0066815144766146995, "roll-out": 0.18262806236080179, "sfR": 0.10690423162583519, "dsfb-red": 0.004454342984409799, "dsfb": 0.0}, "monkeyracer": {"sfb": 0.06644626741949106, "oneh-in": 0.004888601279384394, "dsfb-alt": 0.03214687895897524, "sfT": 5.083128704818806e-05, "oneh-out": 0.002352902075480551, "alternate": 0.3947010338301766, "unknown": 0.013491796612290222, "sft": 0.0, "redirect": 0.026053967186449162, "roll-in": 0.1739837652689366, "bad-redirect": 0.005732205139434131, "roll-out": 0.1723503214101381, "sfR": 0.09690789370786869, "dsfb-red": 0.010893535824327071, "dsfb": 0.0}, "chained-bigrams": {"sfb": 0.06107230072676674, "oneh-in": 0.005985290651505835, "dsfb-alt": 0.0582452280974918, "sfT": 0.0002830968457427364, "oneh-out": 0.0034614433134278156, "alternate": 0.38262291824799416, "unknown": 0.023159399756770463, "sft": 0.0, "redirect": 0.023265236421577955, "roll-in": 0.1573473046388275, "bad-redirect": 0.0069787268303736945, "roll-out": 0.14810250443312778, "sfR": 0.11914286586209158, "dsfb-red": 0.010333684174301949, "dsfb": 0.0}, "english-5k": {"sfb": 0.08296345459824947, "oneh-in": 0.002530385365246609, "dsfb-alt": 0.03625502965943502, "sfT": 4.148172729912474e-05, "oneh-out": 0.00394076409341685, "alternate": 0.3846185755174846, "unknown": 0.002157049819554486, "sft": 0.0, "redirect": 0.036047621022939395, "roll-in": 0.16422615837723484, "bad-redirect": 0.006761521549757332, "roll-out": 0.16389430455884182, "sfR": 0.10644211224955408, "dsfb-red": 0.010121541460986436, "dsfb": 0.0}, "mt-quotes": {"sfb": 0.0667261328456509, "oneh-in": 0.0047035058151348895, "dsfb-alt": 0.03133180334923082, "sfT": 3.735312750265954e-05, "oneh-out": 0.002199352147356594, "alternate": 0.39929298000262964, "unknown": 0.007995063410669249, "sft": 0.0, "redirect": 0.02590812923584466, "roll-in": 0.17365618388496432, "bad-redirect": 0.005703075507106059, "roll-out": 0.17507410860496528, "sfR": 0.0964592223377679, "dsfb-red": 0.010913089731177012, "dsfb": 0.0}, "wordle": {"sfb": 0.06924716705935151, "oneh-in": 0.005295635588466285, "dsfb-alt": 0.04846852911477617, "sfT": 0.0002019522046449007, "oneh-out": 0.004353191966790082, "alternate": 0.3538651408055649, "unknown": 0.0, "sft": 0.0, "redirect": 0.029283069673510603, "roll-in": 0.16784472119376193, "bad-redirect": 0.0095366318860092, "roll-out": 0.17002131717715696, "sfR": 0.13138112868843263, "dsfb-red": 0.010501514641534837, "dsfb": 0.0}, "english-1k": {"sfb": 0.05257586450247001, "oneh-in": 0.002117148906139732, "dsfb-alt": 0.03669724770642202, "sfT": 0.0, "oneh-out": 0.0045871559633027525, "alternate": 0.39943542695836276, "unknown": 0.0, "sft": 0.0, "redirect": 0.027170077628793227, "roll-in": 0.17325335215243473, "bad-redirect": 0.007410021171489062, "roll-out": 0.18207480592801695, "sfR": 0.10832745236414962, "dsfb-red": 0.006351446718419196, "dsfb": 0.0}, "english-10k": {"sfb": 0.08224464985237645, "oneh-in": 0.003010362594315046, "dsfb-alt": 0.03892244456880415, "sfT": 5.789158835221242e-05, "oneh-out": 0.00405241118465487, "alternate": 0.3778776943710079, "unknown": 0.0, "sft": 0.0, "redirect": 0.033905173578279074, "roll-in": 0.17444665290133343, "bad-redirect": 0.00708207097508732, "roll-out": 0.16190347542502073, "sfR": 0.10567144593890508, "dsfb-red": 0.010825727021863723, "dsfb": 0.0}, "reddit": {"sfb": 0.06676929997900512, "oneh-in": 0.004296140556695822, "dsfb-alt": 0.030044441347964947, "sfT": 0.00011225986754684096, "oneh-out": 0.0026656568148051177, "alternate": 0.37262226427441153, "unknown": 0.04519937363713543, "sft": 0.0, "redirect": 0.026947012930486344, "roll-in": 0.163934579129441, "bad-redirect": 0.006498898658406558, "roll-out": 0.16629563225959784, "sfR": 0.10397777127267367, "dsfb-red": 0.01063666927182976, "dsfb": 0.0}, "akl": {"sfb": 0.06315461637864754, "oneh-in": 0.005061848310959794, "dsfb-alt": 0.027628870731336498, "sfT": 0.0005725192494960951, "oneh-out": 0.0027865783793783534, "alternate": 0.350398012705826, "unknown": 0.07331127266302054, "sft": 0.0, "redirect": 0.02785017132209508, "roll-in": 0.1504143934102483, "bad-redirect": 0.007465177682938208, "roll-out": 0.1636889594176102, "sfR": 0.11790358951788564, "dsfb-red": 0.009763990230557795, "dsfb": 0.0}, "french": {"sfb": 0.0912889554202366, "oneh-in": 0.005563640504616481, "dsfb-alt": 0.029066264566111055, "sfT": 0.0007799545040522352, "oneh-out": 0.006540411418959424, "alternate": 0.2829897570819262, "unknown": 0.15842537463172957, "sft": 0.0, "redirect": 0.028854151698873797, "roll-in": 0.13139027279875107, "bad-redirect": 0.005685937250997165, "roll-out": 0.13836783927867363, "sfR": 0.10898279115633469, "dsfb-red": 0.012064649688738075, "dsfb": 0.0}, "keymash": {"sfb": 0.0676523830830046, "oneh-in": 0.004847852947092315, "dsfb-alt": 0.03211240779432953, "sfT": 8.209742501426443e-05, "oneh-out": 0.0023849301966643818, "alternate": 0.393870606248435, "unknown": 0.012376186820900362, "sft": 0.0, "redirect": 0.02580322068198331, "roll-in": 0.17384950721020634, "bad-redirect": 0.005406115437189313, "roll-out": 0.1711279775709835, "sfR": 0.099723742164827, "dsfb-red": 0.010762972419370067, "dsfb": 0.0}, "movie": {"sfb": 0.07042063538331621, "oneh-in": 0.0056995023890929605, "dsfb-alt": 0.030842190635524125, "sfT": 5.579748355981102e-05, "oneh-out": 0.002227030222364816, "alternate": 0.36300013594056724, "unknown": 0.030282373430185833, "sft": 0.0, "redirect": 0.029338422134019503, "roll-in": 0.17276006331961602, "bad-redirect": 0.005396564164671534, "roll-out": 0.15876410679480435, "sfR": 0.11567713207251198, "dsfb-red": 0.015536046029765589, "dsfb": 0.0}, "dutch": {"sfb": 0.05852634548286894, "oneh-in": 0.00420500434839691, "dsfb-alt": 0.02620933434831192, "sfT": 7.600863676152069e-05, "oneh-out": 0.010709597195824606, "alternate": 0.268515867085334, "unknown": 0.07360268279108878, "sft": 0.0,