{"english-450k": {"sfR": 0.11369548401129392, "unknown": 0.0, "sfT": 0.00011255328740379617, "bad-redirect": 0.01079079062691304, "oneh-in": 0.004838329627357992, "dsfb": 0.0, "sfb": 0.04253315644439195, "dsfb-alt": 0.03793075020128036, "redirect": 0.05384724677118238, "sft": 0.0, "alternate": 0.25248596592061867, "roll-out": 0.23703225338697692, "roll-in": 0.20703168623534687, "oneh-out": 0.016371679604935036, "dsfb-red": 0.023330103882299082}, "shai": {"sfR": 0.09823378925716947, "unknown": 0.016772683614515952, "sfT": 6.749992955855975e-05, "bad-redirect": 0.007353703191662953, "oneh-in": 0.007231591793866362, "dsfb": 0.0, "sfb": 0.023708270413387526, "dsfb-alt": 0.0395963566138939, "redirect": 0.04505359045439528, "sft": 0.0, "alternate": 0.250355435122195, "roll-out": 0.2614995844729107, "roll-in": 0.2150217493752386, "oneh-out": 0.013701138798123501, "dsfb-red": 0.021404606963082183}, "tr-quotes": {"sfR": 0.09677191928064538, "unknown": 0.010735997780911213, "sfT": 2.542705901389242e-05, "bad-redirect": 0.007740227918910797, "oneh-in": 0.006130232773167518, "dsfb": 0.0, "sfb": 0.023515406486211598, "dsfb-alt": 0.03680220059638011, "redirect": 0.04502785418737431, "sft": 0.0, "alternate": 0.25099974572940986, "roll-out": 0.2718996324634197, "roll-in": 0.2131215182265782, "oneh-out": 0.014984628187050692, "dsfb-red": 0.0222452093109267}, "gutenberg": {"sfR": 0.09863878308844841, "unknown": 0.030721151714990094, "sfT": 2.6900022467201863e-05, "bad-redirect": 0.005596530730623554, "oneh-in": 0.0066713950086440005, "dsfb": 0.0, "sfb": 0.02134990374717313, "dsfb-alt": 0.03499655035627375, "redirect": 0.044752544420082876, "sft": 0.0, "alternate": 0.2380767544781907, "roll-out": 0.2670494047328127, "roll-in": 0.21593140570045574, "oneh-out": 0.013760876986197258, "dsfb-red": 0.022427799013640583}, "english-200": {"sfR": 0.10690423162583519, "unknown": 0.0, "sfT": 0.0, "bad-redirect": 0.0066815144766146995, "oneh-in": 0.008908685968819599, "dsfb": 0.0, "sfb": 0.015590200445434299, "dsfb-alt": 0.026726057906458798, "redirect": 0.04899777282850779, "sft": 0.0, "alternate": 0.289532293986637, "roll-out": 0.26280623608017817, "roll-in": 0.2026726057906459, "oneh-out": 0.008908685968819599, "dsfb-red": 0.022271714922048998}, "monkeyracer": {"sfR": 0.09690789370786869, "unknown": 0.01033830176580071, "sfT": 2.541564352409403e-05, "bad-redirect": 0.0077185354333171715, "oneh-in": 0.006155473356585389, "dsfb": 0.0, "sfb": 0.023350133725385927, "dsfb-alt": 0.036752975585341824, "redirect": 0.04507562131473169, "sft": 0.0, "alternate": 0.25106061435475546, "roll-out": 0.2718379029357023, "roll-in": 0.2135627649092075, "oneh-out": 0.0148935671051191, "dsfb-red": 0.02232080016266012}, "chained-bigrams": {"sfR": 0.11914286586209158, "unknown": 0.017076064096761982, "sfT": 0.00011232971172819586, "bad-redirect": 0.008239027237682528, "oneh-in": 0.005653495953857811, "dsfb": 0.0, "sfb": 0.025152765161426886, "dsfb-alt": 0.04653566728069247, "redirect": 0.0498977669762335, "sft": 0.0, "alternate": 0.23866362705496819, "roll-out": 0.24496772631028063, "roll-in": 0.1997540433826437, "oneh-out": 0.012358216204177756, "dsfb-red": 0.03244640476745477}, "english-5k": {"sfR": 0.10644211224955408, "unknown": 0.0, "sfT": 0.00012444518189737422, "bad-redirect": 0.009831169369892562, "oneh-in": 0.005268179366988842, "dsfb": 0.0, "sfb": 0.02480607292487659, "dsfb-alt": 0.03766540838760526, "redirect": 0.049197328576761935, "sft": 0.0, "alternate": 0.2606296926204007, "roll-out": 0.2438295930642552, "roll-in": 0.21873314804828473, "oneh-out": 0.01937196664869125, "dsfb-red": 0.024100883560791472}, "mt-quotes": {"sfR": 0.0964592223377679, "unknown": 0.006137865911237016, "sfT": 1.4941251001063817e-05, "bad-redirect": 0.007594637883840738, "oneh-in": 0.006160277787738612, "dsfb": 0.0, "sfb": 0.02268978377021551, "dsfb-alt": 0.03652837044740082, "redirect": 0.04493133001039911, "sft": 0.0, "alternate": 0.25172123211532255, "roll-out": 0.2756989517218298, "roll-in": 0.2149030013985011, "oneh-out": 0.014881485997059562, "dsfb-red": 0.022278899367686258}, "wordle": {"sfR": 0.13138112868843263, "unknown": 0.0, "sfT": 4.4878267698866824e-05, "bad-redirect": 0.009603949287557501, "oneh-in": 0.013508358577358914, "dsfb": 0.0, "sfb": 0.040031414787389204, "dsfb-alt": 0.043442163132503084, "redirect": 0.046045102659037364, "sft": 0.0, "alternate": 0.26155054414899587, "roll-out": 0.2100078536968473, "roll-in": 0.2038146527544037, "oneh-out": 0.012790306294177045, "dsfb-red": 0.027779647705598563}, "english-1k": {"sfR": 0.10832745236414962, "unknown": 0.0, "sfT": 0.0, "bad-redirect": 0.0077628793225123505, "oneh-in": 0.008468595624558928, "dsfb": 0.0, "sfb": 0.014114326040931546, "dsfb-alt": 0.038461538461538464, "redirect": 0.04551870148200424, "sft": 0.0, "alternate": 0.27240649258997884, "roll-out": 0.2519407198306281, "roll-in": 0.2173606210303458, "oneh-out": 0.0187014820042343, "dsfb-red": 0.016937191249117856}, "english-10k": {"sfR": 0.10567144593890508, "unknown": 0.0, "sfT": 0.0, "bad-redirect": 0.009088979371297351, "oneh-in": 0.007043476582852512, "dsfb": 0.0, "sfb": 0.02759499044788792, "dsfb-alt": 0.04310993612628085, "redirect": 0.04407479593215106, "sft": 0.0, "alternate": 0.26498909708419366, "roll-out": 0.24169738137048688, "roll-in": 0.21730572547808805, "oneh-out": 0.017869203604716236, "dsfb-red": 0.021554968063140424}, "reddit": {"sfR": 0.10397777127267367, "unknown": 0.041052351042636465, "sfT": 9.443013883402939e-05, "bad-redirect": 0.006682177781498547, "oneh-in": 0.005769153333232199, "dsfb": 0.0, "sfb": 0.024298961099914466, "dsfb-alt": 0.03808493730659099, "redirect": 0.044870572463519755, "sft": 0.0, "alternate": 0.24218090544681356, "roll-out": 0.25630126398168185, "roll-in": 0.2017176096851386, "oneh-out": 0.013469423607197592, "dsfb-red": 0.021500442840268294}, "akl": {"sfR": 0.13064861186637447, "unknown": 0.13144916288543582, "sfT": 0.00017549809846587286, "bad-redirect": 0.006200669264703982, "oneh-in": 0.004980904359021424, "dsfb": 0.0, "sfb": 0.02674817836408149, "dsfb-alt": 0.03507004469333455, "redirect": 0.03655237728765527, "sft": 0.0, "alternate": 0.21078376640365507, "roll-out": 0.21566989240061607, "roll-in": 0.17172245565003935, "oneh-out": 0.01366604656350238, "dsfb-red": 0.016332392163114252}, "french": {"sfR": 0.10898279115633469, "unknown": 0.15037208219521925, "sfT": 7.291660720749576e-05, "bad-redirect": 0.008264341593225321, "oneh-in": 0.006649509165761351, "dsfb": 0.0, "sfb": 0.055107456261684055, "dsfb-alt": 0.03071718824213941, "redirect": 0.03274593889929902, "sft": 0.0, "alternate": 0.19482793081500915, "roll-out": 0.1575395135124421, "roll-in": 0.22655811605660098, "oneh-out": 0.008137819968432368, "dsfb-red": 0.0200243955266448}, "keymash": {"sfR": 0.099723742164827, "unknown": 0.009691601022933916, "sfT": 3.283897000570577e-05, "bad-redirect": 0.007856723573865106, "oneh-in": 0.006452857606121184, "dsfb": 0.0, "sfb": 0.022901076707729062, "dsfb-alt": 0.037264021213974624, "redirect": 0.04444754590272276, "sft": 0.0, "alternate": 0.2526794547089031, "roll-out": 0.2687869694967017, "roll-in": 0.21316185917828687, "oneh-out": 0.014498405257519099, "dsfb-red": 0.02250290419640988}, "movie": {"sfR": 0.11567713207251198, "unknown": 0.024744473186874588, "sfT": 2.618796987830753e-05, "bad-redirect": 0.0077204503962345124, "oneh-in": 0.004732653069012933, "dsfb": 0.0, "sfb": 0.025878056968441126, "dsfb-alt": 0.03674448529387574, "redirect": 0.04859315988650476, "sft": 0.0, "alternate": 0.2423696612237362, "roll-out": 0.2580340151461216, "roll-in": 0.20104399197305825, "oneh-out": 0.012760516016180744, "dsfb-red": 0.02167521679756923}, "dutch": {"sfR": 0.18880787437283908, "unknown": 0.06864641402584021, "sfT": 0.0002495787249548494, "bad-redirect": 0.005782519763590368, "oneh-in": 0.00940211954180796, "dsfb": 0.0, "sfb": 0.038600947628130676, "dsfb-alt": 0.03087397667612492, "redirect": 0.04039546151515427, "sft": 0.0,