{"english-450k": {"sfb": 0.02719609004496869, "oneh-out": 0.005271002004910247, "dsfb-alt": 0.05065804206394079, "dsfb": 0.0, "sfR": 0.11369548401129392, "bad-redirect": 0.0021776868516126696, "roll-in": 0.21356503913638594, "oneh-in": 0.006871305109451494, "redirect": 0.03663068664521625, "sft": 0.0, "roll-out": 0.18685424378515827, "unknown": 0.00015377410175167997, "sfT": 0.00045781415084245405, "dsfb-red": 0.017387290307378643, "alternate": 0.33908154178708894}, "shai": {"sfb": 0.017774658916353655, "oneh-out": 0.009751347908570417, "dsfb-alt": 0.04471242939987299, "dsfb": 0.0, "sfR": 0.09823378925716947, "bad-redirect": 0.002305590913890216, "roll-in": 0.2326770371432296, "oneh-in": 0.00595192627149896, "redirect": 0.02907236673640627, "sft": 0.0, "roll-out": 0.20027479128433479, "unknown": 0.024097749651430984, "sfT": 6.80533980176695e-05, "dsfb-red": 0.01279684100329666, "alternate": 0.32228341811592837}, "tr-quotes": {"sfb": 0.017828991470377475, "oneh-out": 0.010904740990730681, "dsfb-alt": 0.04204133052865167, "dsfb": 0.0, "sfR": 0.09677191928064538, "bad-redirect": 0.002160144240771133, "roll-in": 0.24206675758766558, "oneh-in": 0.005754605765007744, "redirect": 0.028680566792260928, "sft": 0.0, "roll-out": 0.1985853308984998, "unknown": 0.013894731975682485, "sfT": 1.733663114583574e-05, "dsfb-red": 0.013437044913432422, "alternate": 0.32785649892512886}, "gutenberg": {"sfb": 0.018509299261992202, "oneh-out": 0.009742922926131402, "dsfb-alt": 0.04206026893202743, "dsfb": 0.0, "sfR": 0.09863878308844841, "bad-redirect": 0.0028765974729891572, "roll-in": 0.24786855209303013, "oneh-in": 0.004857348423109317, "redirect": 0.025355165543117137, "sft": 0.0, "roll-out": 0.19854470878452438, "unknown": 0.03298207965968062, "sfT": 2.4247907576069284e-05, "dsfb-red": 0.010065912632515762, "alternate": 0.30847411327485796}, "english-200": {"sfb": 0.017817371937639197, "oneh-out": 0.017817371937639197, "dsfb-alt": 0.044543429844097995, "dsfb": 0.0, "sfR": 0.10690423162583519, "bad-redirect": 0.004454342984409799, "roll-in": 0.2561247216035635, "oneh-in": 0.004454342984409799, "redirect": 0.026726057906458798, "sft": 0.0, "roll-out": 0.18040089086859687, "unknown": 0.0, "sfT": 0.0, "dsfb-red": 0.013363028953229399, "alternate": 0.3273942093541203}, "monkeyracer": {"sfb": 0.017784107793609335, "oneh-out": 0.011008883744936422, "dsfb-alt": 0.0419338567652533, "dsfb": 0.0, "sfR": 0.09690789370786869, "bad-redirect": 0.0021818352440683797, "roll-in": 0.24175751130018613, "oneh-in": 0.005763485931463785, "redirect": 0.028706969360464206, "sft": 0.0, "roll-out": 0.19912961196177487, "unknown": 0.013491796612290222, "sfT": 1.955049501853387e-05, "dsfb-red": 0.013555335721100459, "alternate": 0.3277591613619657}, "chained-bigrams": {"sfb": 0.019169422423997263, "oneh-out": 0.0069189907987032085, "dsfb-alt": 0.06197028911590024, "dsfb": 0.0, "sfR": 0.11914286586209158, "bad-redirect": 0.004437348265609772, "roll-in": 0.20947348531824694, "oneh-in": 0.00883054381215875, "redirect": 0.036998030658868954, "sft": 0.0, "roll-out": 0.17578950580770583, "unknown": 0.023159399756770463, "sfT": 7.337143020396608e-05, "dsfb-red": 0.01774160140613424, "alternate": 0.3162951453436088}, "english-5k": {"sfb": 0.01804455137511926, "oneh-out": 0.0048118803666984695, "dsfb-alt": 0.047869913303189945, "dsfb": 0.0, "sfR": 0.10644211224955408, "bad-redirect": 0.0029866843655369808, "roll-in": 0.22748579250840004, "oneh-in": 0.007508192641141577, "redirect": 0.03297797320280416, "sft": 0.0, "roll-out": 0.19940266312689262, "unknown": 0.002157049819554486, "sfT": 4.148172729912474e-05, "dsfb-red": 0.015016385282283154, "alternate": 0.33525532003152614}, "mt-quotes": {"sfb": 0.017614240805154134, "oneh-out": 0.011521198646920309, "dsfb-alt": 0.04181906742687752, "dsfb": 0.0, "sfR": 0.0964592223377679, "bad-redirect": 0.0021575166445536153, "roll-in": 0.24476906802452755, "oneh-in": 0.00582260551511457, "redirect": 0.028227011391209762, "sft": 0.0, "roll-out": 0.19955385424510824, "unknown": 0.007995063410669249, "sfT": 4.482375300319145e-06, "dsfb-red": 0.01323047776144201, "alternate": 0.3308261914153548}, "wordle": {"sfb": 0.034960170537417255, "oneh-out": 0.013755189049702682, "dsfb-alt": 0.05156512958599798, "dsfb": 0.0, "sfR": 0.13138112868843263, "bad-redirect": 0.0018175698418041065, "roll-in": 0.17859306630764052, "oneh-in": 0.004622461572983283, "redirect": 0.0384831145517783, "sft": 0.0, "roll-out": 0.2186020419611803, "unknown": 0.0, "sfT": 0.0001570739369460339, "dsfb-red": 0.01869179849657803, "alternate": 0.30737125546953886}, "english-1k": {"sfb": 0.016584333098094567, "oneh-out": 0.007410021171489062, "dsfb-alt": 0.04163726182074806, "dsfb": 0.0, "sfR": 0.10832745236414962, "bad-redirect": 0.0014114326040931546, "roll-in": 0.2512350035285815, "oneh-in": 0.008115737473535639, "redirect": 0.03458009880028229, "sft": 0.0, "roll-out": 0.20959774170783346, "unknown": 0.0, "sfT": 0.0, "dsfb-red": 0.013408609738884969, "alternate": 0.3076923076923077}, "english-10k": {"sfb": 0.0186410914494124, "oneh-out": 0.008046930780957527, "dsfb-alt": 0.04889909496150209, "dsfb": 0.0, "sfR": 0.10567144593890508, "bad-redirect": 0.002026205592327435, "roll-in": 0.219023175932537, "oneh-in": 0.006696127052739237, "redirect": 0.03334555489087435, "sft": 0.0, "roll-out": 0.20292931437062195, "unknown": 0.0, "sfT": 3.859439223480828e-05, "dsfb-red": 0.013720306439474344, "alternate": 0.34096215819841375}, "reddit": {"sfb": 0.017238238699988032, "oneh-out": 0.011320716552824224, "dsfb-alt": 0.041309046695722385, "dsfb": 0.0, "sfR": 0.10397777127267367, "bad-redirect": 0.002248156486584534, "roll-in": 0.226570116438242, "oneh-in": 0.006142004424844229, "redirect": 0.026224197226765493, "sft": 0.0, "roll-out": 0.18857530166795988, "unknown": 0.04519937363713543, "sfT": 0.00010450618300156366, "dsfb-red": 0.013721511998452259, "alternate": 0.3173690587158063}, "akl": {"sfb": 0.02003974316645168, "oneh-out": 0.008636863549771352, "dsfb-alt": 0.03746811514819879, "dsfb": 0.0, "sfR": 0.13064861186637447, "bad-redirect": 0.0023477657767737815, "roll-in": 0.18683765249810041, "oneh-in": 0.005924883008885867, "redirect": 0.02131500134668786, "sft": 0.0, "roll-out": 0.16135094547222442, "unknown": 0.13920166722946467, "sfT": 0.00015889458978375734, "dsfb-red": 0.011780461193585225, "alternate": 0.2742893951536977}, "french": {"sfb": 0.03792340753882809, "oneh-out": 0.012343476682109496, "dsfb-alt": 0.040677818517890776, "dsfb": 0.0, "sfR": 0.10898279115633469, "bad-redirect": 0.0038016714428018208, "roll-in": 0.12815904983263562, "oneh-in": 0.0023942625671742558, "redirect": 0.02064780480186796, "sft": 0.0, "roll-out": 0.22639890406054713, "unknown": 0.15842537463172957, "sfT": 5.291585302175365e-05, "dsfb-red": 0.013008145940124814, "alternate": 0.24718437697493403}, "keymash": {"sfb": 0.018188684511910285, "oneh-out": 0.010836860101882905, "dsfb-alt": 0.04186968675727486, "dsfb": 0.0, "sfR": 0.099723742164827, "bad-redirect": 0.0022412597028894188, "roll-in": 0.2395028179941136, "oneh-in": 0.005750924622249223, "redirect": 0.02900091538628891, "sft": 0.0, "roll-out": 0.20132341049122995, "unknown": 0.012376186820900362, "sfT": 2.462922750427933e-05, "dsfb-red": 0.01357070435485791, "alternate": 0.3255901778640713}, "movie": {"sfb": 0.01862306812727985, "oneh-out": 0.01148954409113203, "dsfb-alt": 0.040291573435081274, "dsfb": 0.0, "sfR": 0.11567713207251198, "bad-redirect": 0.0017443293504370166, "roll-in": 0.22421889773913597, "oneh-in": 0.004214947172021668, "redirect": 0.024083457243664848, "sft": 0.0, "roll-out": 0.19322181644759795, "unknown": 0.030282373430185833, "sfT": 2.2766426075111572e-05, "dsfb-red": 0.01517020403850079, "alternate": 0.3209598904263757}, "dutch": {"sfb": 0.05367929318530482, "oneh-out": 0.004347607954946656, "dsfb-alt": 0.03874823117197572, "dsfb": 0.0, "sfR": 0.18880787437283908, "bad-redirect": 0.003447374499591877, "roll-in": 0.159384624465873,