{"english-450k": {"sft": 0.0, "unknown": 0.00015377410175167997, "dsfb": 0.0, "sfT": 0.00016429856498943754, "roll-out": 0.1956281379710355, "redirect": 0.030178021295666668, "sfR": 0.11369548401129392, "dsfb-red": 0.015335604668418015, "roll-in": 0.1929818201591416, "oneh-in": 0.004919601871249564, "dsfb-alt": 0.06124243627291336, "oneh-out": 0.006875690302467227, "sfb": 0.030057282314633504, "alternate": 0.34708890423381616, "bad-redirect": 0.0016789442326233803}, "shai": {"sft": 0.0, "unknown": 0.024097749651430984, "dsfb": 0.0, "sfT": 3.514718235787162e-05, "roll-out": 0.26360216083375415, "redirect": 0.02817366942312021, "sfR": 0.09823378925716947, "dsfb-red": 0.012353888197203832, "roll-in": 0.16456029988546686, "oneh-in": 0.0038697469650576396, "dsfb-alt": 0.0465063096952502, "oneh-out": 0.01726895904271476, "sfb": 0.01914402890359369, "alternate": 0.32131340077959325, "bad-redirect": 0.0008408501832870794}, "tr-quotes": {"sft": 0.0, "unknown": 0.013894731975682485, "dsfb": 0.0, "sfT": 2.3115508194447656e-05, "roll-out": 0.2681560759113289, "redirect": 0.028276045398858096, "sfR": 0.09677191928064538, "dsfb-red": 0.012821016620050392, "roll-in": 0.1609787106169529, "oneh-in": 0.003928480617646379, "dsfb-alt": 0.04265157994498509, "oneh-out": 0.02692147661866346, "sfb": 0.017319294514689904, "alternate": 0.3273745405792746, "bad-redirect": 0.0008830124130279004}, "gutenberg": {"sft": 0.0, "unknown": 0.03298207965968062, "dsfb": 0.0, "sfT": 0.0001733346518133078, "roll-out": 0.29655418289666263, "redirect": 0.025365395129125792, "sfR": 0.09863878308844841, "dsfb-red": 0.009338285968455746, "roll-in": 0.14856162548879426, "oneh-in": 0.0037726334326360924, "dsfb-alt": 0.04056693881154185, "oneh-out": 0.017481036431344514, "sfb": 0.017574618199645904, "alternate": 0.3077385302661246, "bad-redirect": 0.001252555975726329}, "english-200": {"sft": 0.0, "unknown": 0.0, "dsfb": 0.0, "sfT": 0.0, "roll-out": 0.2516703786191537, "redirect": 0.035634743875278395, "sfR": 0.10690423162583519, "dsfb-red": 0.008908685968819599, "roll-in": 0.19599109131403117, "oneh-in": 0.004454342984409799, "dsfb-alt": 0.042316258351893093, "oneh-out": 0.017817371937639197, "sfb": 0.017817371937639197, "alternate": 0.3184855233853007, "bad-redirect": 0.0}, "monkeyracer": {"sft": 0.0, "unknown": 0.013491796612290222, "dsfb": 0.0, "sfT": 2.052801976946056e-05, "roll-out": 0.2685016109607895, "redirect": 0.028233847381015687, "sfR": 0.09690789370786869, "dsfb-red": 0.012785046217370224, "roll-in": 0.160697248854341, "oneh-in": 0.003981458310524422, "dsfb-alt": 0.042564360229601014, "oneh-out": 0.02749386114456418, "sfb": 0.017271884824123746, "alternate": 0.3271599386896476, "bad-redirect": 0.0008905250480942177}, "chained-bigrams": {"sft": 0.0, "unknown": 0.023159399756770463, "dsfb": 0.0, "sfT": 5.584020351806268e-05, "roll-out": 0.2477571392674155, "redirect": 0.03417874968589885, "sfR": 0.11914286586209158, "dsfb-red": 0.01975509525624485, "roll-in": 0.13375352004306187, "oneh-in": 0.005060031465305378, "dsfb-alt": 0.06378509573023727, "oneh-out": 0.01238873352470507, "sfb": 0.01993690057002459, "alternate": 0.31457059208146954, "bad-redirect": 0.006456036553256945}, "english-5k": {"sft": 0.0, "unknown": 0.002157049819554486, "dsfb": 0.0, "sfT": 0.0, "roll-out": 0.21790351350230225, "redirect": 0.030032770564566307, "sfR": 0.10644211224955408, "dsfb-red": 0.015389720827975278, "roll-in": 0.1996100717633882, "oneh-in": 0.005102252457792342, "dsfb-alt": 0.0541751358526569, "oneh-out": 0.006761521549757332, "sfb": 0.021943833741236984, "alternate": 0.3393620110341395, "bad-redirect": 0.0011200066370763678}, "mt-quotes": {"sft": 0.0, "unknown": 0.007995063410669249, "dsfb": 0.0, "sfT": 7.470625500531909e-06, "roll-out": 0.27274506639891943, "redirect": 0.02810897550830136, "sfR": 0.0964592223377679, "dsfb-red": 0.01260294521939733, "roll-in": 0.15937683030324762, "oneh-in": 0.003998278767884678, "dsfb-alt": 0.04210145707079763, "oneh-out": 0.029378981843391782, "sfb": 0.016829825127598282, "alternate": 0.32958606758226655, "bad-redirect": 0.0008098158042576589}, "wordle": {"sft": 0.0, "unknown": 0.0, "dsfb": 0.0, "sfT": 0.0002019522046449007, "roll-out": 0.22138449455851003, "redirect": 0.028048917311791766, "sfR": 0.13138112868843263, "dsfb-red": 0.017098619993268258, "roll-in": 0.16553349040727028, "oneh-in": 0.0027375743296308764, "dsfb-alt": 0.06078761359811511, "oneh-out": 0.01590934589924829, "sfb": 0.03816896667788623, "alternate": 0.31794008751262204, "bad-redirect": 0.0008078088185796028}, "english-1k": {"sft": 0.0, "unknown": 0.0, "dsfb": 0.0, "sfT": 0.0, "roll-out": 0.2399435426958363, "redirect": 0.03175723359209598, "sfR": 0.10832745236414962, "dsfb-red": 0.014114326040931546, "roll-in": 0.21877205363443897, "oneh-in": 0.006351446718419196, "dsfb-alt": 0.04551870148200424, "oneh-out": 0.009527170077628794, "sfb": 0.017290049400141144, "alternate": 0.3083980239943543, "bad-redirect": 0.0}, "english-10k": {"sft": 0.0, "unknown": 0.0, "dsfb": 0.0, "sfT": 7.718878446961657e-05, "roll-out": 0.2190424731286544, "redirect": 0.02869493062657996, "sfR": 0.10567144593890508, "dsfb-red": 0.013971169989000599, "roll-in": 0.19816290692962313, "oneh-in": 0.00494008220605546, "dsfb-alt": 0.053993554736496786, "oneh-out": 0.01043978309951564, "sfb": 0.021516373670905618, "alternate": 0.34264101426062793, "bad-redirect": 0.0008490766291657822}, "reddit": {"sft": 0.0, "unknown": 0.04519937363713543, "dsfb": 0.0, "sfT": 4.813277604193882e-05, "roll-out": 0.24847041716508436, "redirect": 0.02691659751091743, "sfR": 0.10397777127267367, "dsfb-red": 0.012792680521789258, "roll-in": 0.15870005545570035, "oneh-in": 0.00370251547131633, "dsfb-alt": 0.04344483094252029, "oneh-out": 0.02109043399470015, "sfb": 0.017783880838978635, "alternate": 0.31693376611628615, "bad-redirect": 0.0009395442968559933}, "akl": {"sft": 0.0, "unknown": 0.13920166722946467, "dsfb": 0.0, "sfT": 0.00017732646102908202, "roll-out": 0.20153316601509838, "redirect": 0.021146915528883644, "sfR": 0.13064861186637447, "dsfb-red": 0.012504023324174144, "roll-in": 0.14112814368103196, "oneh-in": 0.003848777318361877, "dsfb-alt": 0.03899175885340715, "oneh-out": 0.01798083396706274, "sfb": 0.023062792419104777, "alternate": 0.26875896901402313, "bad-redirect": 0.001017014321983987}, "french": {"sft": 0.0, "unknown": 0.15842537463172957, "dsfb": 0.0, "sfT": 5.5537674731495116e-05, "roll-out": 0.23292536738801073, "redirect": 0.018687101654454894, "sfR": 0.10898279115633469, "dsfb-red": 0.011973245493017317, "roll-in": 0.11418535437508558, "oneh-in": 0.0014991426717918337, "dsfb-alt": 0.044486801097803196, "oneh-out": 0.014141671829033612, "sfb": 0.051101896980894394, "alternate": 0.24182892409590936, "bad-redirect": 0.0017067909512033584}, "keymash": {"sft": 0.0, "unknown": 0.012376186820900362, "dsfb": 0.0, "sfT": 2.873409875499255e-05, "roll-out": 0.2702893523744628, "redirect": 0.028344135986174794, "sfR": 0.099723742164827, "dsfb-red": 0.012963183409752353, "roll-in": 0.16110798684799252, "oneh-in": 0.003928361786932553, "dsfb-alt": 0.042198076457331916, "oneh-out": 0.025983835017014692, "sfb": 0.017958811721870343, "alternate": 0.3241534729263217, "bad-redirect": 0.000944120387664041}, "movie": {"sft": 0.0, "unknown": 0.030282373430185833, "dsfb": 0.0, "sfT": 1.7634110370317633e-05, "roll-out": 0.23976928793330726, "redirect": 0.02573593130276991, "sfR": 0.11567713207251198, "dsfb-red": 0.01363498365357448, "roll-in": 0.1587094936917918, "oneh-in": 0.0023430995159963094, "dsfb-alt": 0.04506607461676406, "oneh-out": 0.037118749546809944, "sfb": 0.014714875516998559, "alternate": 0.31632172460546637, "bad-redirect": 0.0006086400034531272}, "dutch": {"sft": 0.0, "unknown": 0.07360268279108878, "dsfb": 0.0, "sfT": 0.00010175725728276242, "roll-out": 0.22431183315152106, "redirect": 0.021622368221124275, "sfR": 0.18880787437283908, "dsfb-red": 0.009333605977036606, "roll-in": 0.12760123376774507,