{"english-450k": {"dsfb": 0.0, "sfR": 0.11369548401129392, "oneh-in": 0.004905861599800269, "oneh-out": 0.007729925901931882, "unknown": 0.00015377410175167997, "dsfb-red": 0.015244392653690783, "sfb": 0.029899415366067144, "sfT": 0.00016283683398419342, "redirect": 0.029419675250146028, "dsfb-alt": 0.05891916101317838, "alternate": 0.34941217949355113, "sft": 0.0, "roll-out": 0.20212085475012878, "roll-in": 0.1866943304131846, "bad-redirect": 0.0016421086112912288}, "shai": {"dsfb": 0.0, "sfR": 0.09823378925716947, "oneh-in": 0.003941361139175876, "oneh-out": 0.01745601202984983, "unknown": 0.024097749651430984, "dsfb-red": 0.01233549214415384, "sfb": 0.01876109452683943, "sfT": 3.3765446414499726e-05, "redirect": 0.027925804572841557, "dsfb-alt": 0.04744837880960468, "alternate": 0.32037133166523873, "sft": 0.0, "roll-out": 0.26731286108978947, "roll-in": 0.16104890246043435, "bad-redirect": 0.0010334572070572724}, "tr-quotes": {"dsfb": 0.0, "sfR": 0.09677191928064538, "oneh-in": 0.004037123506160283, "oneh-out": 0.026915697741614848, "unknown": 0.013894731975682485, "dsfb-red": 0.012803679988904556, "sfb": 0.017129747347495436, "sfT": 2.195973278472527e-05, "redirect": 0.028213633526733086, "dsfb-alt": 0.04257876609417258, "alternate": 0.32744735443008716, "sft": 0.0, "roll-out": 0.2711564688749682, "roll-in": 0.15805228727953585, "bad-redirect": 0.0009766302212154134}, "gutenberg": {"dsfb": 0.0, "sfR": 0.09863878308844841, "oneh-in": 0.003909596223085296, "oneh-out": 0.017607390762229187, "unknown": 0.03298207965968062, "dsfb-red": 0.009412924058963334, "sfb": 0.01749183432768698, "sfT": 0.00017314521503536973, "redirect": 0.02507631460599234, "dsfb-alt": 0.04455003650446711, "alternate": 0.3037554325731993, "sft": 0.0, "roll-out": 0.3046152861082601, "roll-in": 0.14055223851757387, "bad-redirect": 0.0012349383553780912}, "english-200": {"dsfb": 0.0, "sfR": 0.10690423162583519, "oneh-in": 0.004454342984409799, "oneh-out": 0.017817371937639197, "unknown": 0.0, "dsfb-red": 0.008908685968819599, "sfb": 0.017817371937639197, "sfT": 0.0, "redirect": 0.035634743875278395, "dsfb-alt": 0.0400890868596882, "alternate": 0.3207126948775056, "sft": 0.0, "roll-out": 0.2561247216035635, "roll-in": 0.1915367483296214, "bad-redirect": 0.0}, "monkeyracer": {"dsfb": 0.0, "sfR": 0.09690789370786869, "oneh-in": 0.004077255736115238, "oneh-out": 0.0275055914415753, "unknown": 0.013491796612290222, "dsfb-red": 0.01275376542534057, "sfb": 0.01710570561646621, "sfT": 1.955049501853387e-05, "redirect": 0.028157600450443406, "dsfb-alt": 0.04257609052661213, "alternate": 0.3271482083926365, "sft": 0.0, "roll-out": 0.27155442075793357, "roll-in": 0.15770993321550902, "bad-redirect": 0.0009921876221905938}, "chained-bigrams": {"dsfb": 0.0, "sfR": 0.11914286586209158, "oneh-in": 0.005277548537148994, "oneh-out": 0.013238024061933279, "unknown": 0.023159399756770463, "dsfb-red": 0.019914824210494193, "sfb": 0.01980509171753428, "sfT": 5.778811759427417e-05, "redirect": 0.033130122608205005, "dsfb-alt": 0.06145084536224384, "alternate": 0.316904842449463, "sft": 0.0, "roll-out": 0.25360153080074205, "roll-in": 0.12817858995694462, "bad-redirect": 0.006138526558834472}, "english-5k": {"dsfb": 0.0, "sfR": 0.10644211224955408, "oneh-in": 0.0053096610942879666, "oneh-out": 0.0076326378230389515, "unknown": 0.002157049819554486, "dsfb-red": 0.015348239100676153, "sfb": 0.021653461650143112, "sfT": 0.0, "redirect": 0.029203136018583813, "dsfb-alt": 0.05201808603310242, "alternate": 0.34151906085369393, "sft": 0.0, "roll-out": 0.22329613805118845, "roll-in": 0.19425892894180113, "bad-redirect": 0.0011614883643754927}, "mt-quotes": {"dsfb": 0.0, "sfR": 0.0964592223377679, "oneh-in": 0.004099879274691911, "oneh-out": 0.029383464218692104, "unknown": 0.007995063410669249, "dsfb-red": 0.012576050967595415, "sfb": 0.016717765745090304, "sfT": 7.470625500531909e-06, "redirect": 0.028023810377595295, "dsfb-alt": 0.04218662220150369, "alternate": 0.32950090245156044, "sft": 0.0, "roll-out": 0.27566757509472756, "roll-in": 0.15648121585924146, "bad-redirect": 0.0009009574353641481}, "wordle": {"dsfb": 0.0, "sfR": 0.13138112868843263, "oneh-in": 0.0025131829911365423, "oneh-out": 0.014854706608324919, "unknown": 0.0, "dsfb-red": 0.01730057219791316, "sfb": 0.037720184000897564, "sfT": 0.0002019522046449007, "redirect": 0.028587456524178167, "dsfb-alt": 0.06199932682598452, "alternate": 0.3167283742847526, "sft": 0.0, "roll-out": 0.22338157747110962, "roll-in": 0.1640076293055088, "bad-redirect": 0.0013239088971165713}, "english-1k": {"dsfb": 0.0, "sfR": 0.10832745236414962, "oneh-in": 0.006351446718419196, "oneh-out": 0.009527170077628794, "unknown": 0.0, "dsfb-red": 0.014114326040931546, "sfb": 0.017290049400141144, "sfT": 0.0, "redirect": 0.03175723359209598, "dsfb-alt": 0.045871559633027525, "alternate": 0.30804516584333097, "sft": 0.0, "roll-out": 0.2459421312632322, "roll-in": 0.21277346506704306, "bad-redirect": 0.0}, "english-10k": {"dsfb": 0.0, "sfR": 0.10567144593890508, "oneh-in": 0.0051137569711120975, "oneh-out": 0.010960807394685553, "unknown": 0.0, "dsfb-red": 0.013893981204530982, "sfb": 0.021246212925261958, "sfT": 7.718878446961657e-05, "redirect": 0.028038825958588216, "dsfb-alt": 0.054784739777310354, "alternate": 0.3418498292198144, "sft": 0.0, "roll-out": 0.224561471218232, "roll-in": 0.19281758360510218, "bad-redirect": 0.0009841570019876113}, "reddit": {"dsfb": 0.0, "sfR": 0.10397777127267367, "oneh-in": 0.003730608531262987, "oneh-out": 0.02120909907991483, "unknown": 0.04519937363713543, "dsfb-red": 0.012922882490288697, "sfb": 0.017758147596067496, "sfT": 4.577295900641964e-05, "redirect": 0.026714776968260648, "dsfb-alt": 0.04387356849471954, "alternate": 0.3165050285640869, "sft": 0.0, "roll-out": 0.2518042018602475, "roll-in": 0.15522644223682935, "bad-redirect": 0.0010323263095064854}, "akl": {"dsfb": 0.0, "sfR": 0.13064861186637447, "oneh-in": 0.0038870741017804473, "oneh-out": 0.01820774858571832, "unknown": 0.13920166722946467, "dsfb-red": 0.012633565282537732, "sfb": 0.022983876337660317, "sfT": 0.00017090248445564445, "redirect": 0.020947203980256353, "dsfb-alt": 0.03794279760177142, "alternate": 0.26980793026565886, "sft": 0.0, "roll-out": 0.2053682553218384, "roll-in": 0.13722743098283408, "bad-redirect": 0.000972935959649323}, "french": {"dsfb": 0.0, "sfR": 0.10898279115633469, "oneh-in": 0.002610615294662122, "oneh-out": 0.014188564983042133, "unknown": 0.15842537463172957, "dsfb-red": 0.011946143347457762, "sfb": 0.05101474762726259, "sfT": 5.3844726998919196e-05, "redirect": 0.017547178520574327, "dsfb-alt": 0.042019996469379976, "alternate": 0.24429572872433258, "sft": 0.0, "roll-out": 0.2322534169565615, "roll-in": 0.11495435715531026, "bad-redirect": 0.0017072404063536}, "keymash": {"dsfb": 0.0, "sfR": 0.099723742164827, "oneh-in": 0.004022773825698957, "oneh-out": 0.02607003731327967, "unknown": 0.012376186820900362, "dsfb-red": 0.012918029825994508, "sfb": 0.0179136581381125, "sfT": 2.873409875499255e-05, "redirect": 0.02815120703739127, "dsfb-alt": 0.042391005406115435, "alternate": 0.32396054397753815, "sft": 0.0, "roll-out": 0.2742751823589053, "roll-in": 0.1571303666060514, "bad-redirect": 0.001038532426430445}, "movie": {"dsfb": 0.0, "sfR": 0.11567713207251198, "oneh-in": 0.0023845528351504144, "oneh-out": 0.03731561991333229, "unknown": 0.030282373430185833, "dsfb-red": 0.013678147744630184, "sfb": 0.014425097076435578, "sfT": 1.6186534145888575e-05, "redirect": 0.025513004564207836, "dsfb-alt": 0.04629559322265867, "alternate": 0.3150922059995718, "sft": 0.0, "roll-out": 0.24443864244196106, "roll-in": 0.1541510761610647, "bad-redirect": 0.0007303680041437527}, "dutch": {"dsfb": 0.0, "sfR": 0.18880787437283908, "oneh-in": 0.0033867863458723257, "oneh-out": 0.005322612822260751, "unknown": 0.07360268279108878, "dsfb-red": 0.009277052252019895, "sfb": 0.03624297646307122, "sfT": 0.00010136277980959576, "redirect": 0.019521972915248417,