{"english-450k": {"sfT": 0.00016283683398419342, "roll-out": 0.20212085475012878, "sft": 0.0, "dsfb-red": 0.015244392653690783, "alternate": 0.34941217949355113, "sfR": 0.11369548401129392, "oneh-in": 0.004905861599800269, "redirect": 0.029419675250146028, "bad-redirect": 0.0016421086112912288, "dsfb-alt": 0.05891916101317838, "oneh-out": 0.007729925901931882, "roll-in": 0.1866943304131846, "dsfb": 0.0, "sfb": 0.029899415366067144, "unknown": 0.00015377410175167997}, "shai": {"sfT": 3.3765446414499726e-05, "roll-out": 0.26731286108978947, "sft": 0.0, "dsfb-red": 0.01233549214415384, "alternate": 0.32037133166523873, "sfR": 0.09823378925716947, "oneh-in": 0.003941361139175876, "redirect": 0.027925804572841557, "bad-redirect": 0.0010334572070572724, "dsfb-alt": 0.04744837880960468, "oneh-out": 0.01745601202984983, "roll-in": 0.16104890246043435, "dsfb": 0.0, "sfb": 0.01876109452683943, "unknown": 0.024097749651430984}, "tr-quotes": {"sfT": 2.195973278472527e-05, "roll-out": 0.2711564688749682, "sft": 0.0, "dsfb-red": 0.012803679988904556, "alternate": 0.32744735443008716, "sfR": 0.09677191928064538, "oneh-in": 0.004037123506160283, "redirect": 0.028213633526733086, "bad-redirect": 0.0009766302212154134, "dsfb-alt": 0.04257876609417258, "oneh-out": 0.026915697741614848, "roll-in": 0.15805228727953585, "dsfb": 0.0, "sfb": 0.017129747347495436, "unknown": 0.013894731975682485}, "gutenberg": {"sfT": 0.00017314521503536973, "roll-out": 0.3046152861082601, "sft": 0.0, "dsfb-red": 0.009412924058963334, "alternate": 0.3037554325731993, "sfR": 0.09863878308844841, "oneh-in": 0.003909596223085296, "redirect": 0.02507631460599234, "bad-redirect": 0.0012349383553780912, "dsfb-alt": 0.04455003650446711, "oneh-out": 0.017607390762229187, "roll-in": 0.14055223851757387, "dsfb": 0.0, "sfb": 0.01749183432768698, "unknown": 0.03298207965968062}, "english-200": {"sfT": 0.0, "roll-out": 0.2561247216035635, "sft": 0.0, "dsfb-red": 0.008908685968819599, "alternate": 0.3207126948775056, "sfR": 0.10690423162583519, "oneh-in": 0.004454342984409799, "redirect": 0.035634743875278395, "bad-redirect": 0.0, "dsfb-alt": 0.0400890868596882, "oneh-out": 0.017817371937639197, "roll-in": 0.1915367483296214, "dsfb": 0.0, "sfb": 0.017817371937639197, "unknown": 0.0}, "monkeyracer": {"sfT": 1.955049501853387e-05, "roll-out": 0.27155442075793357, "sft": 0.0, "dsfb-red": 0.01275376542534057, "alternate": 0.3271482083926365, "sfR": 0.09690789370786869, "oneh-in": 0.004077255736115238, "redirect": 0.028157600450443406, "bad-redirect": 0.0009921876221905938, "dsfb-alt": 0.04257609052661213, "oneh-out": 0.0275055914415753, "roll-in": 0.15770993321550902, "dsfb": 0.0, "sfb": 0.01710570561646621, "unknown": 0.013491796612290222}, "chained-bigrams": {"sfT": 5.778811759427417e-05, "roll-out": 0.25360153080074205, "sft": 0.0, "dsfb-red": 0.019914824210494193, "alternate": 0.316904842449463, "sfR": 0.11914286586209158, "oneh-in": 0.005277548537148994, "redirect": 0.033130122608205005, "bad-redirect": 0.006138526558834472, "dsfb-alt": 0.06145084536224384, "oneh-out": 0.013238024061933279, "roll-in": 0.12817858995694462, "dsfb": 0.0, "sfb": 0.01980509171753428, "unknown": 0.023159399756770463}, "english-5k": {"sfT": 0.0, "roll-out": 0.22329613805118845, "sft": 0.0, "dsfb-red": 0.015348239100676153, "alternate": 0.34151906085369393, "sfR": 0.10644211224955408, "oneh-in": 0.0053096610942879666, "redirect": 0.029203136018583813, "bad-redirect": 0.0011614883643754927, "dsfb-alt": 0.05201808603310242, "oneh-out": 0.0076326378230389515, "roll-in": 0.19425892894180113, "dsfb": 0.0, "sfb": 0.021653461650143112, "unknown": 0.002157049819554486}, "mt-quotes": {"sfT": 7.470625500531909e-06, "roll-out": 0.27566757509472756, "sft": 0.0, "dsfb-red": 0.012576050967595415, "alternate": 0.32950090245156044, "sfR": 0.0964592223377679, "oneh-in": 0.004099879274691911, "redirect": 0.028023810377595295, "bad-redirect": 0.0009009574353641481, "dsfb-alt": 0.04218662220150369, "oneh-out": 0.029383464218692104, "roll-in": 0.15648121585924146, "dsfb": 0.0, "sfb": 0.016717765745090304, "unknown": 0.007995063410669249}, "wordle": {"sfT": 0.0002019522046449007, "roll-out": 0.22338157747110962, "sft": 0.0, "dsfb-red": 0.01730057219791316, "alternate": 0.3167283742847526, "sfR": 0.13138112868843263, "oneh-in": 0.0025131829911365423, "redirect": 0.028587456524178167, "bad-redirect": 0.0013239088971165713, "dsfb-alt": 0.06199932682598452, "oneh-out": 0.014854706608324919, "roll-in": 0.1640076293055088, "dsfb": 0.0, "sfb": 0.037720184000897564, "unknown": 0.0}, "english-1k": {"sfT": 0.0, "roll-out": 0.2459421312632322, "sft": 0.0, "dsfb-red": 0.014114326040931546, "alternate": 0.30804516584333097, "sfR": 0.10832745236414962, "oneh-in": 0.006351446718419196, "redirect": 0.03175723359209598, "bad-redirect": 0.0, "dsfb-alt": 0.045871559633027525, "oneh-out": 0.009527170077628794, "roll-in": 0.21277346506704306, "dsfb": 0.0, "sfb": 0.017290049400141144, "unknown": 0.0}, "english-10k": {"sfT": 7.718878446961657e-05, "roll-out": 0.224561471218232, "sft": 0.0, "dsfb-red": 0.013893981204530982, "alternate": 0.3418498292198144, "sfR": 0.10567144593890508, "oneh-in": 0.0051137569711120975, "redirect": 0.028038825958588216, "bad-redirect": 0.0009841570019876113, "dsfb-alt": 0.054784739777310354, "oneh-out": 0.010960807394685553, "roll-in": 0.19281758360510218, "dsfb": 0.0, "sfb": 0.021246212925261958, "unknown": 0.0}, "reddit": {"sfT": 4.577295900641964e-05, "roll-out": 0.2518042018602475, "sft": 0.0, "dsfb-red": 0.012922882490288697, "alternate": 0.3165050285640869, "sfR": 0.10397777127267367, "oneh-in": 0.003730608531262987, "redirect": 0.026714776968260648, "bad-redirect": 0.0010323263095064854, "dsfb-alt": 0.04387356849471954, "oneh-out": 0.02120909907991483, "roll-in": 0.15522644223682935, "dsfb": 0.0, "sfb": 0.017758147596067496, "unknown": 0.04519937363713543}, "akl": {"sfT": 0.00017090248445564445, "roll-out": 0.2053682553218384, "sft": 0.0, "dsfb-red": 0.012633565282537732, "alternate": 0.26980793026565886, "sfR": 0.13064861186637447, "oneh-in": 0.0038870741017804473, "redirect": 0.020947203980256353, "bad-redirect": 0.000972935959649323, "dsfb-alt": 0.03794279760177142, "oneh-out": 0.01820774858571832, "roll-in": 0.13722743098283408, "dsfb": 0.0, "sfb": 0.022983876337660317, "unknown": 0.13920166722946467}, "french": {"sfT": 5.3844726998919196e-05, "roll-out": 0.2322534169565615, "sft": 0.0, "dsfb-red": 0.011946143347457762, "alternate": 0.24429572872433258, "sfR": 0.10898279115633469, "oneh-in": 0.002610615294662122, "redirect": 0.017547178520574327, "bad-redirect": 0.0017072404063536, "dsfb-alt": 0.042019996469379976, "oneh-out": 0.014188564983042133, "roll-in": 0.11495435715531026, "dsfb": 0.0, "sfb": 0.05101474762726259, "unknown": 0.15842537463172957}, "keymash": {"sfT": 2.873409875499255e-05, "roll-out": 0.2742751823589053, "sft": 0.0, "dsfb-red": 0.012918029825994508, "alternate": 0.32396054397753815, "sfR": 0.099723742164827, "oneh-in": 0.004022773825698957, "redirect": 0.02815120703739127, "bad-redirect": 0.001038532426430445, "dsfb-alt": 0.042391005406115435, "oneh-out": 0.02607003731327967, "roll-in": 0.1571303666060514, "dsfb": 0.0, "sfb": 0.0179136581381125, "unknown": 0.012376186820900362}, "movie": {"sfT": 1.6186534145888575e-05, "roll-out": 0.24443864244196106, "sft": 0.0, "dsfb-red": 0.013678147744630184, "alternate": 0.3150922059995718, "sfR": 0.11567713207251198, "oneh-in": 0.0023845528351504144, "redirect": 0.025513004564207836, "bad-redirect": 0.0007303680041437527, "dsfb-alt": 0.04629559322265867, "oneh-out": 0.03731561991333229, "roll-in": 0.1541510761610647, "dsfb": 0.0, "sfb": 0.014425097076435578, "unknown": 0.030282373430185833}, "dutch": {"sfT": 0.00010136277980959576, "roll-out": 0.22408647892957748, "sft": 0.0, "dsfb-red": 0.009277052252019895, "alternate": 0.2619091583647388, "sfR": 0.18880787437283908, "oneh-in": 0.0033867863458723257, "redirect": 0.019521972915248417,