{"english-450k": {"dsfb-red": 0.016984437242333367, "alternate": 0.31677494195466177, "unknown": 0.00015377410175167997, "bad-redirect": 0.00361603016077287, "dsfb": 0.0, "sfb": 0.03160262433337758, "oneh-in": 0.010188557452752468, "redirect": 0.035847783518807505, "oneh-out": 0.0055566242433349455, "sfR": 0.11369548401129392, "roll-out": 0.18095528214039516, "roll-in": 0.23448767205304796, "dsfb-alt": 0.04995202598840789, "sfT": 0.00018476279906285502, "sft": 0.0}, "shai": {"dsfb-red": 0.017107075324038365, "alternate": 0.2838383262122972, "unknown": 0.023260762136131256, "bad-redirect": 0.0030129506974941114, "dsfb": 0.0, "sfb": 0.02004219597087347, "oneh-in": 0.01118221869172132, "redirect": 0.027608597478413183, "oneh-out": 0.00834096706963299, "sfR": 0.09823378925716947, "roll-out": 0.2272870168220352, "roll-in": 0.2379618055673818, "dsfb-alt": 0.04207787696001372, "sfT": 4.6417812797924715e-05, "sft": 0.0}, "tr-quotes": {"dsfb-red": 0.02267631353875315, "alternate": 0.27087908277663486, "unknown": 0.013835787429786644, "bad-redirect": 0.0025900926931878595, "dsfb": 0.0, "sfb": 0.014932618293613186, "oneh-in": 0.009455398626938814, "redirect": 0.030012020064261114, "oneh-out": 0.010485194517001457, "sfR": 0.09677191928064538, "roll-out": 0.2598506738170639, "roll-in": 0.22813041769723308, "dsfb-alt": 0.04035736575668616, "sfT": 2.3115508194447656e-05, "sft": 0.0}, "gutenberg": {"dsfb-red": 0.017311679951867904, "alternate": 0.2574764065964917, "unknown": 0.032975828246008664, "bad-redirect": 0.0031679512374578646, "dsfb": 0.0, "sfb": 0.01688184790272649, "oneh-in": 0.0072467145032418315, "redirect": 0.029971550384689266, "oneh-out": 0.012478579436334656, "sfR": 0.09863878308844841, "roll-out": 0.2692014065301888, "roll-in": 0.21662588092837662, "dsfb-alt": 0.037855909082470544, "sfT": 0.0001674621116972285, "sft": 0.0}, "english-200": {"dsfb-red": 0.024498886414253896, "alternate": 0.2873051224944321, "unknown": 0.0, "bad-redirect": 0.0, "dsfb": 0.0, "sfb": 0.0066815144766146995, "oneh-in": 0.011135857461024499, "redirect": 0.022271714922048998, "oneh-out": 0.008908685968819599, "sfR": 0.10690423162583519, "roll-out": 0.26057906458797325, "roll-in": 0.23608017817371937, "dsfb-alt": 0.035634743875278395, "sfT": 0.0, "sft": 0.0}, "monkeyracer": {"dsfb-red": 0.02284964105291146, "alternate": 0.2702386724431863, "unknown": 0.013436077701487402, "bad-redirect": 0.002611946134476125, "dsfb": 0.0, "sfb": 0.014795814630026433, "oneh-in": 0.00935100176736475, "redirect": 0.029849695794297512, "oneh-out": 0.010545537012997168, "sfR": 0.09690789370786869, "roll-out": 0.26063742433958426, "roll-in": 0.22830481567793295, "dsfb-alt": 0.040450951718097504, "sfT": 2.052801976946056e-05, "sft": 0.0}, "chained-bigrams": {"dsfb-red": 0.02953881835636309, "alternate": 0.2764908198056112, "unknown": 0.022916559801936097, "bad-redirect": 0.0034848182823423537, "dsfb": 0.0, "sfb": 0.01979340423307701, "oneh-in": 0.008572120544714693, "redirect": 0.03995756144532627, "oneh-out": 0.007233903574357399, "sfR": 0.11914286586209158, "roll-out": 0.20128055871370143, "roll-in": 0.22030388758198283, "dsfb-alt": 0.051234685337206654, "sfT": 4.999646128942822e-05, "sft": 0.0}, "english-5k": {"dsfb-red": 0.01601194673746215, "alternate": 0.3187870742937736, "unknown": 0.002157049819554486, "bad-redirect": 0.004355581366408097, "dsfb": 0.0, "sfb": 0.022814950014518606, "oneh-in": 0.01970382046708425, "redirect": 0.030281660928361057, "oneh-out": 0.005060770730493218, "sfR": 0.10644211224955408, "roll-out": 0.1639772680134401, "roll-in": 0.2646119384411167, "dsfb-alt": 0.04579582693823371, "sfT": 0.0, "sft": 0.0}, "mt-quotes": {"dsfb-red": 0.023820836470996042, "alternate": 0.2682611969735002, "unknown": 0.007977133909467972, "bad-redirect": 0.0025504715458815937, "dsfb": 0.0, "sfb": 0.013786292298681583, "oneh-in": 0.009109680735348609, "redirect": 0.029556782730304442, "oneh-out": 0.010774136096867119, "sfR": 0.0964592223377679, "roll-out": 0.2688379292621413, "roll-in": 0.22848758680866832, "dsfb-alt": 0.04036976607977433, "sfT": 8.96475060063829e-06, "sft": 0.0}, "wordle": {"dsfb-red": 0.02203522944014361, "alternate": 0.29774486704813197, "unknown": 0.0, "bad-redirect": 0.0038370918882531134, "dsfb": 0.0, "sfb": 0.03911141029956244, "oneh-in": 0.00664198361943229, "redirect": 0.03300796589251655, "oneh-out": 0.008571749130483563, "sfR": 0.13138112868843263, "roll-out": 0.2003365870077415, "roll-in": 0.19802535622124987, "dsfb-alt": 0.058633456748569505, "sfT": 0.0006731740154830024, "sft": 0.0}, "english-1k": {"dsfb-red": 0.016231474947071278, "alternate": 0.2992237120677488, "unknown": 0.0, "bad-redirect": 0.003175723359209598, "dsfb": 0.0, "sfb": 0.019407198306280876, "oneh-in": 0.010232886379675371, "redirect": 0.032462949894142556, "oneh-out": 0.010232886379675371, "sfR": 0.10832745236414962, "roll-out": 0.20677487649964715, "roll-in": 0.2512350035285815, "dsfb-alt": 0.04269583627381793, "sfT": 0.0, "sft": 0.0}, "english-10k": {"dsfb-red": 0.01528337932498408, "alternate": 0.3111479901970244, "unknown": 0.0, "bad-redirect": 0.00438046351865074, "dsfb": 0.0, "sfb": 0.023832037204994116, "oneh-in": 0.01752185407460296, "redirect": 0.031145674533490285, "oneh-out": 0.005480403697342776, "sfR": 0.10567144593890508, "roll-out": 0.16838733332046854, "roll-in": 0.2707203643310627, "dsfb-alt": 0.046371162270122154, "sfT": 5.789158835221242e-05, "sft": 0.0}, "reddit": {"dsfb-red": 0.021512466669925463, "alternate": 0.26378664107576194, "unknown": 0.039285409944231534, "bad-redirect": 0.002362401597034272, "dsfb": 0.0, "sfb": 0.018127590063072664, "oneh-in": 0.00909053962460555, "redirect": 0.027712679914979162, "oneh-out": 0.009353827782425618, "sfR": 0.10397777127267367, "roll-out": 0.24340830996458965, "roll-in": 0.22150096724405396, "dsfb-alt": 0.039780934064277296, "sfT": 0.00010046078236924507, "sft": 0.0}, "akl": {"dsfb-red": 0.02000238527191692, "alternate": 0.2254940303591697, "unknown": 0.13277008071454782, "bad-redirect": 0.0021583078830617847, "dsfb": 0.0, "sfb": 0.024812930713731224, "oneh-in": 0.00780755288174277, "redirect": 0.02186719154837923, "oneh-out": 0.006734995870000753, "sfR": 0.13064861186637447, "roll-out": 0.2013242385308484, "roll-in": 0.18994940204267136, "dsfb-alt": 0.03629358986215456, "sfT": 0.00013668245540098673, "sft": 0.0}, "french": {"dsfb-red": 0.01522207211918388, "alternate": 0.2121405087289958, "unknown": 0.15807953387545715, "bad-redirect": 0.0032914199925711055, "dsfb": 0.0, "sfb": 0.04944616413475846, "oneh-in": 0.013000729930145831, "redirect": 0.02993937614096999, "oneh-out": 0.012534345302578676, "sfR": 0.10898279115633469, "roll-out": 0.16844299582053154, "roll-in": 0.1890149925203921, "dsfb-alt": 0.039835419711631674, "sfT": 6.965056644907494e-05, "sft": 0.0}, "keymash": {"dsfb-red": 0.022092417071338556, "alternate": 0.271689113470956, "unknown": 0.01232282349464109, "bad-redirect": 0.002820046549239983, "dsfb": 0.0, "sfb": 0.015606720495211668, "oneh-in": 0.009157967760341197, "redirect": 0.029858833477687974, "oneh-out": 0.010352485294298745, "sfR": 0.099723742164827, "roll-out": 0.2591158928300214, "roll-in": 0.22731545525074606, "dsfb-alt": 0.03991987291318608, "sfT": 2.462922750427933e-05, "sft": 0.0}, "movie": {"dsfb-red": 0.026408264660097918, "alternate": 0.2506509816080177, "unknown": 0.030236445784519856, "bad-redirect": 0.0016882686712000367, "dsfb": 0.0, "sfb": 0.013486672889489794, "oneh-in": 0.007530554715157137, "redirect": 0.030538594421909777, "oneh-out": 0.01262497024243875, "sfR": 0.11567713207251198, "roll-out": 0.2728556165102122, "roll-in": 0.19887170645154456, "dsfb-alt": 0.03940842034034096, "sfT": 2.2371632559358192e-05, "sft": 0.0}, "dutch": {"dsfb-red": 0.01543796556634826, "alternate": 0.21622502702081037, "unknown": 0.07290361491625476, "bad-redirect": 0.002192290626329456, "dsfb": 0.0, "sfb": 0.036880738952416295, "oneh-in": 0.00567371570417331, "redirect": 0.02919881015552848,