{"english-450k": {"sfR": 0.11369548401129392, "unknown": 0.00015377410175167997, "sfT": 0.00025141773290198626, "bad-redirect": 0.0035976123501067943, "oneh-in": 0.010207559955820643, "dsfb": 0.0, "sfb": 0.03181311359813273, "dsfb-alt": 0.050176840217014435, "redirect": 0.035727629230176444, "sft": 0.0, "alternate": 0.31655012772605523, "roll-out": 0.18070971133151417, "roll-in": 0.23459087026201822, "oneh-out": 0.005558378320541238, "dsfb-red": 0.016967481162672535}, "shai": {"sfR": 0.09823378925716947, "unknown": 0.023260762136131256, "sfT": 4.8283349841917024e-05, "bad-redirect": 0.0030064290586577485, "oneh-in": 0.01118786561816776, "dsfb": 0.0, "sfb": 0.020143894832632687, "dsfb-alt": 0.04214934018818856, "redirect": 0.02758443064583499, "sft": 0.0, "alternate": 0.28376686298412235, "roll-out": 0.22722451359024384, "roll-in": 0.23794882034584117, "oneh-out": 0.008339155718312266, "dsfb-red": 0.017105852274855997}, "tr-quotes": {"sfR": 0.09677191928064538, "unknown": 0.013835787429786644, "sfT": 2.6582834423614803e-05, "bad-redirect": 0.002578534939090636, "oneh-in": 0.009461177503987426, "dsfb": 0.0, "sfb": 0.01508980374933543, "dsfb-alt": 0.04040244099766534, "redirect": 0.02999699498393472, "sft": 0.0, "alternate": 0.2708340075356557, "roll-out": 0.2598472064908347, "roll-in": 0.2279928804234761, "oneh-out": 0.010482882966182012, "dsfb-red": 0.022679780864982315}, "gutenberg": {"sfR": 0.09863878308844841, "unknown": 0.032975828246008664, "sfT": 0.0001674621116972285, "bad-redirect": 0.003166246306456422, "oneh-in": 0.007248419434243274, "dsfb": 0.0, "sfb": 0.016866882397269384, "dsfb-alt": 0.0378407541402355, "redirect": 0.029970982074355453, "sft": 0.0, "alternate": 0.25749156153872677, "roll-out": 0.2692660044714657, "roll-in": 0.21657719567644654, "oneh-out": 0.012478579436334656, "dsfb-red": 0.017311301078312028}, "english-200": {"sfR": 0.10690423162583519, "unknown": 0.0, "sfT": 0.0, "bad-redirect": 0.0, "oneh-in": 0.011135857461024499, "dsfb": 0.0, "sfb": 0.0066815144766146995, "dsfb-alt": 0.035634743875278395, "redirect": 0.022271714922048998, "sft": 0.0, "alternate": 0.2873051224944321, "roll-out": 0.26057906458797325, "roll-in": 0.23608017817371937, "oneh-out": 0.008908685968819599, "dsfb-red": 0.024498886414253896}, "monkeyracer": {"sfR": 0.09690789370786869, "unknown": 0.013436077701487402, "sfT": 2.3460594022240643e-05, "bad-redirect": 0.002601193362215931, "oneh-in": 0.009358821965372164, "dsfb": 0.0, "sfb": 0.014954173639676556, "dsfb-alt": 0.04048614260913087, "redirect": 0.029836987972535464, "sft": 0.0, "alternate": 0.2702034815521529, "roll-out": 0.2606296041415769, "roll-in": 0.22816796221280322, "oneh-out": 0.010543581963495316, "dsfb-red": 0.022850618577662386}, "chained-bigrams": {"sfR": 0.11914286586209158, "unknown": 0.022916559801936097, "sfT": 5.25936800577102e-05, "bad-redirect": 0.0034763773213454374, "oneh-in": 0.008576665677559187, "dsfb": 0.0, "sfb": 0.019844699303750577, "dsfb-alt": 0.051277539446883305, "redirect": 0.03995236700778971, "sft": 0.0, "alternate": 0.2764479656959345, "roll-out": 0.2012169268538785, "roll-in": 0.22032466533212908, "oneh-out": 0.007231955660281188, "dsfb-red": 0.02953881835636309}, "english-5k": {"sfR": 0.10644211224955408, "unknown": 0.002157049819554486, "sfT": 0.0, "bad-redirect": 0.004355581366408097, "oneh-in": 0.01970382046708425, "dsfb": 0.0, "sfb": 0.022980876923715105, "dsfb-alt": 0.04571286348363546, "redirect": 0.030240179201061933, "sft": 0.0, "alternate": 0.31887003774837186, "roll-out": 0.1639772680134401, "roll-in": 0.26448749325921933, "oneh-out": 0.005060770730493218, "dsfb-red": 0.01601194673746215}, "mt-quotes": {"sfR": 0.0964592223377679, "unknown": 0.007977133909467972, "sfT": 1.1953000800851053e-05, "bad-redirect": 0.002543000920381062, "oneh-in": 0.00912163373614946, "dsfb": 0.0, "sfb": 0.013934210683592116, "dsfb-alt": 0.04042654283357837, "redirect": 0.029543335604403486, "sft": 0.0, "alternate": 0.26820442021969615, "roll-out": 0.26883344688684097, "roll-in": 0.22835610379985896, "oneh-out": 0.010774136096867119, "dsfb-red": 0.02381485997059562}, "wordle": {"sfR": 0.13138112868843263, "unknown": 0.0, "sfT": 0.000762930550880736, "bad-redirect": 0.0037922136205542465, "oneh-in": 0.00677661842252889, "dsfb": 0.0, "sfb": 0.039246045102659034, "dsfb-alt": 0.05879053068551554, "redirect": 0.03285089195557051, "sft": 0.0, "alternate": 0.2975877931111859, "roll-out": 0.19968585212610793, "roll-in": 0.19860877370133512, "oneh-out": 0.008571749130483563, "dsfb-red": 0.021945472904745876}, "english-1k": {"sfR": 0.10832745236414962, "unknown": 0.0, "sfT": 0.0, "bad-redirect": 0.003175723359209598, "oneh-in": 0.010232886379675371, "dsfb": 0.0, "sfb": 0.019407198306280876, "dsfb-alt": 0.04269583627381793, "redirect": 0.032462949894142556, "sft": 0.0, "alternate": 0.2992237120677488, "roll-out": 0.20677487649964715, "roll-in": 0.2512350035285815, "oneh-out": 0.010232886379675371, "dsfb-red": 0.016231474947071278}, "english-10k": {"sfR": 0.10567144593890508, "unknown": 0.0, "sfT": 5.789158835221242e-05, "bad-redirect": 0.00438046351865074, "oneh-in": 0.01752185407460296, "dsfb": 0.0, "sfb": 0.024082900754520367, "dsfb-alt": 0.04627467628953513, "redirect": 0.031029891356785858, "sft": 0.0, "alternate": 0.3112444761776114, "roll-out": 0.1682908473398815, "roll-in": 0.27068176993882787, "oneh-out": 0.005480403697342776, "dsfb-red": 0.01528337932498408}, "reddit": {"sfR": 0.10397777127267367, "unknown": 0.039285409944231534, "sfT": 0.00010836429656757121, "bad-redirect": 0.002359067887253935, "oneh-in": 0.00908799252050372, "dsfb": 0.0, "sfb": 0.018285885091518763, "dsfb-alt": 0.03974385122514771, "redirect": 0.0276933144323226, "sft": 0.0, "alternate": 0.2638237239148915, "roll-out": 0.24339988204660565, "roll-in": 0.22137158933864629, "oneh-out": 0.009348658659395433, "dsfb-red": 0.02151448937024162}, "akl": {"sfR": 0.13064861186637447, "unknown": 0.13277008071454782, "sfT": 0.00016195833245724294, "bad-redirect": 0.0021492896082567665, "oneh-in": 0.007803451419776651, "dsfb": 0.0, "sfb": 0.02544907734771698, "dsfb-alt": 0.0362428404472244, "redirect": 0.02164153701743613, "sft": 0.0, "alternate": 0.22554477977409987, "roll-out": 0.20108207932163202, "roll-in": 0.189774447511454, "oneh-out": 0.006724865753096486, "dsfb-red": 0.02000698088592715}, "french": {"sfR": 0.10898279115633469, "unknown": 0.15807953387545715, "sfT": 7.321624397432334e-05, "bad-redirect": 0.0032857718395164054, "oneh-in": 0.013004130807449324, "dsfb": 0.0, "sfb": 0.049531485704112616, "dsfb-alt": 0.04000120873471738, "redirect": 0.02993516624439606, "sft": 0.0, "alternate": 0.21197471970591011, "roll-out": 0.1683347969840301, "roll-in": 0.189048297147025, "oneh-out": 0.012532996937127951, "dsfb-red": 0.01521588461994889}, "keymash": {"sfR": 0.099723742164827, "unknown": 0.01232282349464109, "sfT": 2.462922750427933e-05, "bad-redirect": 0.002820046549239983, "oneh-in": 0.009190806730346902, "dsfb": 0.0, "sfb": 0.015754495860237343, "dsfb-alt": 0.039952711883191785, "redirect": 0.029834204250183693, "sft": 0.0, "alternate": 0.27165627450095026, "roll-out": 0.2591199977012721, "roll-in": 0.22718820424197395, "oneh-out": 0.010352485294298745, "dsfb-red": 0.02205957810133285}, "movie": {"sfR": 0.11567713207251198, "unknown": 0.030236445784519856, "sfT": 2.4082404460956173e-05, "bad-redirect": 0.0016802412030463847, "oneh-in": 0.007545951662271518, "dsfb": 0.0, "sfb": 0.013737498369831775, "dsfb-alt": 0.0393081427873396, "redirect": 0.030530566953756125, "sft": 0.0, "alternate": 0.25075125916101904, "roll-out": 0.2727684987410693, "roll-in": 0.19871747378472357, "oneh-out": 0.012624443851084412, "dsfb-red": 0.026398263224365497}, "dutch": {"sfR": 0.18880787437283908, "unknown": 0.07290361491625476, "sfT": 0.00011102747790217884, "bad-redirect": 0.0021607324284761238, "oneh-in": 0.0057694482145931635, "dsfb": 0.0, "sfb": 0.03505099105472123, "dsfb-alt": 0.03710539387338471,