{"english-450k": {"unknown": 0.00015377410175167997, "bad-redirect": 0.0034716111374547523, "sfR": 0.11369548401129392, "dsfb-alt": 0.04107230247775099, "oneh-in": 0.012876388425195331, "sfT": 9.939770835659921e-06, "sft": 0.0, "dsfb": 0.0, "alternate": 0.3296408059166194, "dsfb-red": 0.015817975900148572, "oneh-out": 0.0029968409069514664, "roll-in": 0.25322501711687007, "redirect": 0.040238531112359754, "sfb": 0.025925261109009466, "roll-out": 0.16087606801375898}, "shai": {"unknown": 0.023260762136131256, "bad-redirect": 0.00457867813463635, "sfR": 0.09823378925716947, "dsfb-alt": 0.03779973219867397, "oneh-in": 0.018535577417000633, "sfT": 2.8826804779366573e-05, "sft": 0.0, "dsfb": 0.0, "alternate": 0.3131100228725679, "dsfb-red": 0.010929585497794951, "oneh-out": 0.004019535656218524, "roll-in": 0.28219750123311227, "redirect": 0.02867672193713651, "sfb": 0.018175900326755392, "roll-out": 0.16045336652802347}, "tr-quotes": {"unknown": 0.013835787429786644, "bad-redirect": 0.004167726127458912, "sfR": 0.09677191928064538, "dsfb-alt": 0.033881556136011654, "oneh-in": 0.023492290978017152, "sfT": 1.1557754097223828e-06, "sft": 0.0, "dsfb": 0.0, "alternate": 0.3004183906983195, "dsfb-red": 0.012893830470862903, "oneh-out": 0.004731744527403435, "roll-in": 0.29443840872841587, "redirect": 0.03219412403781697, "sfb": 0.018817179445690113, "roll-out": 0.1643558863641617}, "gutenberg": {"unknown": 0.032975828246008664, "bad-redirect": 0.0035400050693281775, "sfR": 0.09863878308844841, "dsfb-alt": 0.03685966106729439, "oneh-in": 0.013466302796503604, "sfT": 7.577471117521651e-07, "sft": 0.0, "dsfb": 0.0, "alternate": 0.2877184727000765, "dsfb-red": 0.009386781783607884, "oneh-out": 0.004736677195562785, "roll-in": 0.3079527832619725, "redirect": 0.029003339012647934, "sfb": 0.019471069783583636, "roll-out": 0.1562495382478538}, "english-200": {"unknown": 0.0, "bad-redirect": 0.004454342984409799, "sfR": 0.10690423162583519, "dsfb-alt": 0.0200445434298441, "oneh-in": 0.008908685968819599, "sfT": 0.0, "sft": 0.0, "dsfb": 0.0, "alternate": 0.33407572383073497, "dsfb-red": 0.008908685968819599, "oneh-out": 0.004454342984409799, "roll-in": 0.2984409799554566, "redirect": 0.031180400890868598, "sfb": 0.011135857461024499, "roll-out": 0.1714922048997773}, "monkeyracer": {"unknown": 0.013436077701487402, "bad-redirect": 0.004175008211207908, "sfR": 0.09690789370786869, "dsfb-alt": 0.03376859252076263, "oneh-in": 0.023820323130581668, "sfT": 1.9550495018533868e-06, "sft": 0.0, "dsfb": 0.0, "alternate": 0.2999867056633874, "dsfb-red": 0.012900394137979573, "oneh-out": 0.004737084942990757, "roll-in": 0.29486252091902965, "redirect": 0.03210582291943632, "sfb": 0.018845699673115723, "roll-out": 0.16445192142265042}, "chained-bigrams": {"unknown": 0.022916559801936097, "bad-redirect": 0.00422502563130272, "sfR": 0.11914286586209158, "dsfb-alt": 0.051015220351286826, "oneh-in": 0.009853198702169781, "sfT": 5.454159413392169e-05, "sft": 0.0, "dsfb": 0.0, "alternate": 0.29730298310054676, "dsfb-red": 0.01719164033195053, "oneh-out": 0.005426888616325208, "roll-in": 0.28331371350988793, "redirect": 0.04154705933151485, "sfb": 0.019514852520178767, "roll-out": 0.128495450646675}, "english-5k": {"unknown": 0.002157049819554486, "bad-redirect": 0.004397063093707222, "sfR": 0.10644211224955408, "dsfb-alt": 0.04206247148131248, "oneh-in": 0.021943833741236984, "sfT": 0.0, "sft": 0.0, "dsfb": 0.0, "alternate": 0.34525241631061515, "dsfb-red": 0.010619322188575933, "oneh-out": 0.003982245820715975, "roll-in": 0.24362218442775957, "redirect": 0.02949350810967769, "sfb": 0.016136391919359522, "roll-out": 0.1738914008379309}, "mt-quotes": {"unknown": 0.007977133909467972, "bad-redirect": 0.004192515030898507, "sfR": 0.0964592223377679, "dsfb-alt": 0.033321977982572526, "oneh-in": 0.024898100668172746, "sfT": 2.9882502002127633e-06, "sft": 0.0, "dsfb": 0.0, "alternate": 0.29969460082953825, "dsfb-red": 0.012836028735013926, "oneh-out": 0.004805106321942124, "roll-in": 0.2999112489690537, "redirect": 0.03216701928019029, "sfb": 0.01833440910340541, "roll-out": 0.16539964858177644}, "wordle": {"unknown": 0.0, "bad-redirect": 0.004779535509929316, "sfR": 0.13138112868843263, "dsfb-alt": 0.04786267250084147, "oneh-in": 0.006754179288679457, "sfT": 0.0, "sft": 0.0, "dsfb": 0.0, "alternate": 0.30357904184898465, "dsfb-red": 0.01795130707954673, "oneh-out": 0.006754179288679457, "roll-in": 0.21884887243352408, "redirect": 0.04110849321216201, "sfb": 0.03076405250757321, "roll-out": 0.19021653764164703}, "english-1k": {"unknown": 0.0, "bad-redirect": 0.004234297812279464, "sfR": 0.10832745236414962, "dsfb-alt": 0.03211009174311927, "oneh-in": 0.014467184191954835, "sfT": 0.0, "sft": 0.0, "dsfb": 0.0, "alternate": 0.3158080451658433, "dsfb-red": 0.0067043048694424845, "oneh-out": 0.006351446718419196, "roll-in": 0.2646436132674665, "redirect": 0.033168666196189134, "sfb": 0.011644318983768526, "roll-out": 0.2025405786873677}, "english-10k": {"unknown": 0.0, "bad-redirect": 0.004534841087589973, "sfR": 0.10567144593890508, "dsfb-alt": 0.04048551745431389, "oneh-in": 0.019972597981513285, "sfT": 0.0, "sft": 0.0, "dsfb": 0.0, "alternate": 0.3331660909669825, "dsfb-red": 0.011385345709268442, "oneh-out": 0.003840142027363424, "roll-in": 0.2634067270025665, "redirect": 0.030721136218907392, "sfb": 0.018949846587290868, "roll-out": 0.16786630902529862}, "reddit": {"unknown": 0.039285409944231534, "bad-redirect": 0.004565122241331746, "sfR": 0.10397777127267367, "dsfb-alt": 0.034829625892212175, "oneh-in": 0.01905035343878719, "sfT": 0.00013413499689197113, "sft": 0.0, "dsfb": 0.0, "alternate": 0.2973159328665765, "dsfb-red": 0.01259059777723964, "oneh-out": 0.0051084420207000904, "roll-in": 0.27496707961591915, "redirect": 0.03065181330401167, "sfb": 0.019023309186411874, "roll-out": 0.15850040744301275}, "akl": {"unknown": 0.13277008071454782, "bad-redirect": 0.004932699827118437, "sfR": 0.13064861186637447, "dsfb-alt": 0.03058914808014642, "oneh-in": 0.015463697577170057, "sfT": 0.00017312616865414207, "sft": 0.0, "dsfb": 0.0, "alternate": 0.2506030322701298, "dsfb-red": 0.013635878581209428, "oneh-out": 0.0032893230816220826, "roll-in": 0.23267850692849346, "redirect": 0.02609901082373342, "sfb": 0.019500623286327037, "roll-out": 0.13961626079447345}, "french": {"unknown": 0.15807953387545715, "bad-redirect": 0.003213139887237396, "sfR": 0.10898279115633469, "dsfb-alt": 0.030338042859234107, "oneh-in": 0.017738706341930525, "sfT": 3.797896019539793e-05, "sft": 0.0, "dsfb": 0.0, "alternate": 0.23377471776726022, "dsfb-red": 0.012708284445722095, "oneh-out": 0.0041040199223692075, "roll-in": 0.2256748917408616, "redirect": 0.024687702456136062, "sfb": 0.047541298298843716, "roll-out": 0.13311889228841783}, "keymash": {"unknown": 0.01232282349464109, "bad-redirect": 0.004018668954448244, "sfR": 0.099723742164827, "dsfb-alt": 0.034054011895916884, "oneh-in": 0.02286002799522193, "sfT": 0.0, "sft": 0.0, "dsfb": 0.0, "alternate": 0.2976647387454692, "dsfb-red": 0.012848247014732382, "oneh-out": 0.004277275843243176, "roll-in": 0.2941140251136023, "redirect": 0.03253520953315299, "sfb": 0.019539187153394935, "roll-out": 0.16604204209134982}, "movie": {"unknown": 0.030236445784519856, "bad-redirect": 0.004307986843900881, "sfR": 0.11567713207251198, "dsfb-alt": 0.03108814699583848, "oneh-in": 0.03220778140651507, "sfT": 5.1323157047939386e-06, "sft": 0.0, "dsfb": 0.0, "alternate": 0.2819767943003397, "dsfb-red": 0.018429882500237863, "oneh-out": 0.003804756709153906, "roll-in": 0.268212976362791, "redirect": 0.03392447521084935, "sfb": 0.018643202596583273, "roll-out": 0.16148528690105382}, "dutch": {"unknown": 0.07290361491625476, "bad-redirect": 0.004213467683275758, "sfR": 0.18880787437283908, "dsfb-alt": 0.028046111117347044, "oneh-in": 0.005977463358511635, "sfT": 0.00010957508356915615, "sft": 0.0, "dsfb": 0.0, "alternate": 0.22741967013148184, "dsfb-red": 0.01022205890057909,