{"english-450k": {"sfT": 2.163361887761277e-05, "alternate": 0.25753741592854124, "roll-out": 0.19798941823690683, "unknown": 0.00015377410175167997, "bad-redirect": 0.0010430912453421942, "sft": 0.0, "dsfb": 0.0, "oneh-in": 0.013762782106775357, "redirect": 0.05703615913222292, "sfR": 0.11369548401129392, "sfb": 0.029690387832317235, "roll-in": 0.2412610411851481, "oneh-out": 0.005444070955931149, "dsfb-alt": 0.043547305415830316, "dsfb-red": 0.03881743622906143}, "shai": {"sfT": 4.142111503071711e-05, "alternate": 0.24267524746619817, "roll-out": 0.2241541569893545, "unknown": 0.023621906111313578, "bad-redirect": 0.0006735865963717859, "sft": 0.0, "dsfb": 0.0, "oneh-in": 0.015045900726181581, "redirect": 0.04306224190178884, "sfR": 0.09823378925716947, "sfb": 0.017728066935159506, "roll-in": 0.2510262234130008, "oneh-out": 0.008557288088151193, "dsfb-alt": 0.04347320190869984, "dsfb-red": 0.03170696949158}, "tr-quotes": {"sfT": 9.246203277779062e-06, "alternate": 0.2279293127759414, "roll-out": 0.24888698828043734, "unknown": 0.01476965396084233, "bad-redirect": 0.0012424585654515615, "sft": 0.0, "dsfb": 0.0, "oneh-in": 0.013587295716696332, "redirect": 0.046840110029819006, "sfR": 0.09677191928064538, "sfb": 0.013342271329835186, "roll-in": 0.24512725087261045, "oneh-out": 0.011402880192321028, "dsfb-alt": 0.042923187166269854, "dsfb-red": 0.03716742562585239}, "gutenberg": {"sfT": 1.2502827343910725e-05, "alternate": 0.2186466030386417, "roll-out": 0.25693329135414333, "unknown": 0.03802431837805746, "bad-redirect": 0.001046259324551802, "sft": 0.0, "dsfb": 0.0, "oneh-in": 0.011375299641623503, "redirect": 0.04305651694720359, "sfR": 0.09863878308844841, "sfb": 0.015192450717075036, "roll-in": 0.22596662957494554, "oneh-out": 0.011483846915382002, "dsfb-alt": 0.04016987932498372, "dsfb-red": 0.03945361886759998}, "english-200": {"sfT": 0.0, "alternate": 0.24944320712694878, "roll-out": 0.24498886414253898, "unknown": 0.0, "bad-redirect": 0.0, "sft": 0.0, "dsfb": 0.0, "oneh-in": 0.015590200445434299, "redirect": 0.0400890868596882, "sfR": 0.10690423162583519, "sfb": 0.0066815144766146995, "roll-in": 0.24276169265033407, "oneh-out": 0.008908685968819599, "dsfb-alt": 0.0378619153674833, "dsfb-red": 0.0467706013363029}, "monkeyracer": {"sfT": 1.0752772260193629e-05, "alternate": 0.22752670597619531, "roll-out": 0.24889344198195099, "unknown": 0.014352018393105714, "bad-redirect": 0.0012844675227176752, "sft": 0.0, "dsfb": 0.0, "oneh-in": 0.01354556047359119, "redirect": 0.0469436711137526, "sfR": 0.09690789370786869, "sfb": 0.013272831068082644, "roll-in": 0.24574385723446518, "oneh-out": 0.011314848991976477, "dsfb-alt": 0.04298469587249949, "dsfb-red": 0.037219254891533854}, "chained-bigrams": {"sfT": 7.272212551189558e-05, "alternate": 0.24753767428149567, "roll-out": 0.2038057046611636, "unknown": 0.02365222201805197, "bad-redirect": 0.0018518169817850554, "sft": 0.0, "dsfb": 0.0, "oneh-in": 0.00965581007578035, "redirect": 0.053372196383502726, "sfR": 0.11914286586209158, "sfb": 0.019317463893789334, "roll-in": 0.21903319829960088, "oneh-out": 0.009495431816838939, "dsfb-alt": 0.051366494189696965, "dsfb-red": 0.04169639941069106}, "english-5k": {"sfT": 0.0, "alternate": 0.27191272244576264, "roll-out": 0.1796158792052101, "unknown": 0.002157049819554486, "bad-redirect": 0.0008711162732816195, "sft": 0.0, "dsfb": 0.0, "oneh-in": 0.02260754137802298, "redirect": 0.04533952793794334, "sfR": 0.10644211224955408, "sfb": 0.021860870286638735, "roll-in": 0.2654415729870992, "oneh-out": 0.006180777367569586, "dsfb-alt": 0.044924710664952086, "dsfb-red": 0.032646119384411164}, "mt-quotes": {"sfT": 7.470625500531909e-06, "alternate": 0.2256756433702681, "roll-out": 0.25507404883996126, "unknown": 0.008869126594231481, "bad-redirect": 0.0013148300880936159, "sft": 0.0, "dsfb": 0.0, "oneh-in": 0.013172206882537861, "redirect": 0.04703356402624879, "sfR": 0.0964592223377679, "sfb": 0.012525250714191798, "roll-in": 0.24730609244450819, "oneh-out": 0.01147936314411733, "dsfb-alt": 0.04298747325516071, "dsfb-red": 0.03809570767741242}, "wordle": {"sfT": 0.0, "alternate": 0.23668798384382364, "roll-out": 0.21891618983507236, "unknown": 0.0, "bad-redirect": 0.0015483002356109054, "sft": 0.0, "dsfb": 0.0, "oneh-in": 0.006125883540895321, "redirect": 0.05683832604061483, "sfR": 0.13138112868843263, "sfb": 0.030674295972175473, "roll-in": 0.218534724559632, "oneh-out": 0.008571749130483563, "dsfb-alt": 0.05309099068775945, "dsfb-red": 0.037630427465499834}, "english-1k": {"sfT": 0.0, "alternate": 0.24700070571630206, "roll-out": 0.22971065631616092, "unknown": 0.0, "bad-redirect": 0.00035285815102328866, "sft": 0.0, "dsfb": 0.0, "oneh-in": 0.014114326040931546, "redirect": 0.04728299223712068, "sfR": 0.10832745236414962, "sfb": 0.013761467889908258, "roll-in": 0.2455892731122089, "oneh-out": 0.010938602681721948, "dsfb-alt": 0.045871559633027525, "dsfb-red": 0.03705010585744531}, "english-10k": {"sfT": 0.0, "alternate": 0.26151560178306094, "roll-out": 0.182783041624052, "unknown": 0.0, "bad-redirect": 0.0010034541981050154, "sft": 0.0, "dsfb": 0.0, "oneh-in": 0.020493622276683197, "redirect": 0.04550278844483897, "sfR": 0.10567144593890508, "sfb": 0.022191775535014762, "roll-in": 0.2762779568128751, "oneh-out": 0.00582775322745605, "dsfb-alt": 0.04664132301576581, "dsfb-red": 0.032091237143243086}, "reddit": {"sfT": 0.00012327234704593047, "alternate": 0.22201686819691438, "roll-out": 0.22939672775783482, "unknown": 0.041217688064775854, "bad-redirect": 0.0007936102147864262, "sft": 0.0, "dsfb": 0.0, "oneh-in": 0.013635734522081801, "redirect": 0.04479378476633223, "sfR": 0.10397777127267367, "sfb": 0.017464818592811137, "roll-in": 0.23943385367298967, "oneh-out": 0.00934199123983476, "dsfb-alt": 0.045422769649831246, "dsfb-red": 0.03238110970208808}, "akl": {"sfT": 0.00022585219176074107, "alternate": 0.1827505950640684, "roll-out": 0.19564781516974136, "unknown": 0.13295000147380848, "bad-redirect": 0.0006139097920007803, "sft": 0.0, "dsfb": 0.0, "oneh-in": 0.010537792340658141, "redirect": 0.038361542043950723, "sfR": 0.13064861186637447, "sfb": 0.022415700317341972, "roll-in": 0.20540838046782017, "oneh-out": 0.006046543242145892, "dsfb-alt": 0.0429342521069346, "dsfb-red": 0.03145900392339428}, "french": {"sfT": 5.228661581141569e-05, "alternate": 0.1787216455787554, "roll-out": 0.15097475660617796, "unknown": 0.15822382396052298, "bad-redirect": 0.0014502269696072285, "sft": 0.0, "dsfb": 0.0, "oneh-in": 0.017702570147851118, "redirect": 0.041758083971495975, "sfR": 0.10898279115633469, "sfb": 0.04803850056787909, "roll-in": 0.22503223080336976, "oneh-out": 0.01096233096909437, "dsfb-alt": 0.025526910130828456, "dsfb-red": 0.032573842522271586}, "keymash": {"sfT": 1.2314613752139664e-05, "alternate": 0.22913391321481202, "roll-out": 0.2452167987751064, "unknown": 0.013394194891077241, "bad-redirect": 0.001317663671478944, "sft": 0.0, "dsfb": 0.0, "oneh-in": 0.013394194891077241, "redirect": 0.046298842836794425, "sfR": 0.099723742164827, "sfb": 0.013759528432390719, "roll-in": 0.24541383259514066, "oneh-out": 0.011169354673190676, "dsfb-alt": 0.043228399141260934, "dsfb-red": 0.03793722009909159}, "movie": {"sfT": 6.3166962520540775e-06, "alternate": 0.20730712790480843, "roll-out": 0.24390303923892231, "unknown": 0.030451476652766863, "bad-redirect": 0.0023387567873230223, "sft": 0.0, "dsfb": 0.0, "oneh-in": 0.013490884020324497, "redirect": 0.04626203577381963, "sfR": 0.11567713207251198, "sfb": 0.011677071011114886, "roll-in": 0.22907999029860734, "oneh-out": 0.01406636136845434, "dsfb-alt": 0.04687357092972162, "dsfb-red": 0.038866237245372984}, "dutch": {"sfT": 0.0001287968949889132, "alternate": 0.16727073121671304, "roll-out": 0.13103584154184175, "unknown": 0.07325981014373002, "bad-redirect": 0.0013169271825784117, "sft": 0.0, "dsfb": 0.0, "oneh-in": 0.007178396233184815, "redirect": 0.045569714945915885, "sfR": 0.18880787437283908,