{"english-450k": {"sft": 0.0, "sfb": 0.02598343800301818, "dsfb": 0.0, "sfT": 2.2803003681808054e-05, "roll-out": 0.15292571307623629, "roll-in": 0.23119029925141832, "bad-redirect": 0.0023381849159884722, "redirect": 0.03675084093384732, "oneh-out": 0.005768282892894292, "oneh-in": 0.010516862236530295, "dsfb-red": 0.017247256477076256, "dsfb-alt": 0.05168856242263788, "alternate": 0.3425861880452622, "sfR": 0.11328269117541298, "unknown": 0.009698877565995693}, "shai": {"sft": 0.0, "sfb": 0.017247629219790606, "dsfb": 0.0, "sfT": 1.7436191666359613e-05, "roll-out": 0.19459042250311412, "roll-in": 0.21622677019339348, "bad-redirect": 0.002661827210707842, "redirect": 0.030276249654372495, "oneh-out": 0.00797239965036275, "oneh-in": 0.011014010725057614, "dsfb-red": 0.015894391096449658, "dsfb-alt": 0.04274757379553652, "alternate": 0.29830534924556446, "sfR": 0.09728563198976478, "unknown": 0.06576030852421931}, "tr-quotes": {"sft": 0.0, "sfb": 0.01598321814105083, "dsfb": 0.0, "sfT": 3.4673262291671484e-06, "roll-out": 0.22040290330782922, "roll-in": 0.20817017637132754, "bad-redirect": 0.0015464274982085482, "redirect": 0.032165229652573915, "oneh-out": 0.01041931531864728, "oneh-in": 0.018658838214558146, "dsfb-red": 0.015057442037863203, "dsfb-alt": 0.04033309447308199, "alternate": 0.2962633781003675, "sfR": 0.09591664547745082, "unknown": 0.04507986408081182}, "gutenberg": {"sft": 0.0, "sfb": 0.016211810019159636, "dsfb": 0.0, "sfT": 5.4936665602031975e-06, "roll-out": 0.2281877757962691, "roll-in": 0.20219079844949786, "bad-redirect": 0.0018693621246925914, "redirect": 0.028045167789837323, "oneh-out": 0.011794523231200388, "oneh-in": 0.011939631803100929, "dsfb-red": 0.016485356726502167, "dsfb-alt": 0.04124701684433942, "alternate": 0.2718122242037309, "sfR": 0.09761014138424484, "unknown": 0.07260069796086463}, "english-200": {"sft": 0.0, "sfb": 0.008908685968819599, "dsfb": 0.0, "sfT": 0.0, "roll-out": 0.23608017817371937, "roll-in": 0.2383073496659243, "bad-redirect": 0.004454342984409799, "redirect": 0.0200445434298441, "oneh-out": 0.011135857461024499, "oneh-in": 0.008908685968819599, "dsfb-red": 0.017817371937639197, "dsfb-alt": 0.0378619153674833, "alternate": 0.30957683741648107, "sfR": 0.10690423162583519, "unknown": 0.0}, "monkeyracer": {"sft": 0.0, "sfb": 0.016027495816194066, "dsfb": 0.0, "sfT": 2.9325742527800804e-06, "roll-out": 0.22074854935326962, "roll-in": 0.2076858861066362, "bad-redirect": 0.0015259161361965686, "redirect": 0.03226809202809015, "oneh-out": 0.0104917731516962, "oneh-in": 0.019070530365828862, "dsfb-red": 0.014955151164427484, "dsfb-alt": 0.04039327775779283, "alternate": 0.2960932245804464, "sfR": 0.09605353707555875, "unknown": 0.04468363388961009}, "chained-bigrams": {"sft": 0.0, "sfb": 0.019140853017546162, "dsfb": 0.0, "sfT": 5.7138812902203675e-05, "roll-out": 0.18497002484889055, "roll-in": 0.19079104141330255, "bad-redirect": 0.0027257810973119437, "redirect": 0.03826871994125091, "oneh-out": 0.006212547293730508, "oneh-in": 0.008081246197509396, "dsfb-red": 0.023476260446500863, "dsfb-alt": 0.05509804825502611, "alternate": 0.28378186219287077, "sfR": 0.11643721321023381, "unknown": 0.07095926327292419}, "english-5k": {"sft": 0.0, "sfb": 0.02111419919525449, "dsfb": 0.0, "sfT": 0.0, "roll-out": 0.17032397229020615, "roll-in": 0.24830961961256068, "bad-redirect": 0.0016592690919649893, "redirect": 0.03430538847637615, "oneh-out": 0.007134857095449454, "oneh-in": 0.006180777367569586, "dsfb-red": 0.01568009291906915, "dsfb-alt": 0.05089807939602605, "alternate": 0.3349234662131331, "sfR": 0.10644211224955408, "unknown": 0.0030281660928361057}, "mt-quotes": {"sft": 0.0, "sfb": 0.015582230669009454, "dsfb": 0.0, "sfT": 0.0, "roll-out": 0.22753881737010076, "roll-in": 0.20735916376806396, "bad-redirect": 0.001491136849906169, "redirect": 0.03252560930421582, "oneh-out": 0.010862289477773394, "oneh-in": 0.020352972113649132, "dsfb-red": 0.014866544746058499, "dsfb-alt": 0.04032643645187124, "alternate": 0.2976610965682935, "sfR": 0.09572710103871578, "unknown": 0.03570660164234231}, "english-1k": {"sft": 0.0, "sfb": 0.013408609738884969, "dsfb": 0.0, "sfT": 0.0, "roll-out": 0.21065631616090333, "roll-in": 0.2360621030345801, "bad-redirect": 0.001058574453069866, "redirect": 0.03175723359209598, "oneh-out": 0.014820042342978124, "oneh-in": 0.007410021171489062, "dsfb-red": 0.02081863091037403, "dsfb-alt": 0.03987297106563162, "alternate": 0.3158080451658433, "sfR": 0.10832745236414962, "unknown": 0.0}, "english-10k": {"sft": 0.0, "sfb": 0.023465390478763434, "dsfb": 0.0, "sfT": 0.0, "roll-out": 0.1552845371567511, "roll-in": 0.2508056579379016, "bad-redirect": 0.0019490168078578182, "redirect": 0.03267015302676521, "oneh-out": 0.006811910229443662, "oneh-in": 0.0070048821906177035, "dsfb-red": 0.014936029794870805, "dsfb-alt": 0.05119546129947319, "alternate": 0.34267960865286273, "sfR": 0.10543987958549622, "unknown": 0.0077574728391964646}, "reddit": {"sft": 0.0, "sfb": 0.018326751129387833, "dsfb": 0.0, "sfT": 2.5321211365253418e-05, "roll-out": 0.20696374515699056, "roll-in": 0.1953549436387667, "bad-redirect": 0.0020944312625564275, "redirect": 0.03072964980877054, "oneh-out": 0.009249958375449513, "oneh-in": 0.01471578157608434, "dsfb-red": 0.017059903955446654, "dsfb-alt": 0.039844049805624115, "alternate": 0.28129861855187016, "sfR": 0.1028716913164539, "unknown": 0.08146515421123396}, "akl": {"sft": 0.0, "sfb": 0.023344920017679266, "dsfb": 0.0, "sfT": 0.0007975990496713265, "roll-out": 0.18937209488764659, "roll-in": 0.18531681732082303, "bad-redirect": 0.0024541938134713575, "redirect": 0.02882310090699787, "oneh-out": 0.007998046210685845, "oneh-in": 0.016490239541161848, "dsfb-red": 0.01896562170906754, "dsfb-alt": 0.039558162094876496, "alternate": 0.2663244189837247, "sfR": 0.11706348985084018, "unknown": 0.10349129561335392}, "keymash": {"sft": 0.0, "sfb": 0.01631275835033434, "dsfb": 0.0, "sfT": 0.0, "roll-out": 0.21875269382175827, "roll-in": 0.21167179091427799, "bad-redirect": 0.0016747874702909944, "redirect": 0.03157877453173681, "oneh-out": 0.010611092183093676, "oneh-in": 0.01811890170064816, "dsfb-red": 0.015894061482761592, "dsfb-alt": 0.04080242023208942, "alternate": 0.29515666241128347, "sfR": 0.09899307508220005, "unknown": 0.04043298181952523}, "movie": {"sft": 0.0, "sfb": 0.013566947571026314, "dsfb": 0.0, "sfT": 5.1323157047939386e-06, "roll-out": 0.20745622825592464, "roll-in": 0.18531476031625066, "bad-redirect": 0.0013712494780500728, "redirect": 0.034044755635315546, "oneh-out": 0.01084866261722571, "oneh-in": 0.023298476136508543, "dsfb-red": 0.015000706022404005, "dsfb-alt": 0.0354627223460631, "alternate": 0.2570129475165448, "sfR": 0.1138359467128768, "unknown": 0.102781465076105}}