{"english-450k": {"dsfb-red": 0.018040391720521708, "redirect": 0.05320788562948861, "dsfb": 0.0, "oneh-in": 0.021661684112913457, "unknown": 0.00015377410175167997, "sfT": 6.139270222025246e-06, "roll-out": 0.14088865059425212, "oneh-out": 0.005695781035034184, "dsfb-alt": 0.03781293468225769, "sfb": 0.025750145734581224, "bad-redirect": 0.01738056634475452, "sfR": 0.11369548401129392, "sft": 0.0, "alternate": 0.29046144509065946, "roll-in": 0.2752451176722694}, "shai": {"dsfb-red": 0.014215945743680474, "redirect": 0.042462251128843435, "dsfb": 0.0, "oneh-in": 0.03395054097477949, "unknown": 0.023621906111313578, "sfT": 8.129793694825388e-05, "roll-out": 0.13700095335909684, "oneh-out": 0.006703776404315909, "dsfb-alt": 0.03660393069429251, "sfb": 0.019488270803524735, "bad-redirect": 0.021700689366253068, "sfR": 0.09823378925716947, "sft": 0.0, "alternate": 0.26868587700212376, "roll-in": 0.29725077121765847}, "tr-quotes": {"dsfb-red": 0.013246341970828229, "redirect": 0.047459605649430206, "dsfb": 0.0, "oneh-in": 0.03364346640160884, "unknown": 0.01476965396084233, "sfT": 8.552738031945632e-05, "roll-out": 0.13629365941610228, "oneh-out": 0.007350731605834354, "dsfb-alt": 0.03467210651626176, "sfb": 0.025118466979496545, "bad-redirect": 0.02844247705785812, "sfR": 0.09677191928064538, "sft": 0.0, "alternate": 0.26202931046439054, "roll-in": 0.30011673331638195}, "gutenberg": {"dsfb-red": 0.012850064957871155, "redirect": 0.04171322075484494, "dsfb": 0.0, "oneh-in": 0.0387983570527123, "unknown": 0.03802431837805746, "sfT": 3.921341303317455e-05, "roll-out": 0.13933056073665143, "oneh-out": 0.006672342192533691, "dsfb-alt": 0.038468168748766296, "sfb": 0.017598676670444038, "bad-redirect": 0.021091322545287703, "sfR": 0.09863878308844841, "sft": 0.0, "alternate": 0.24744743413567385, "roll-in": 0.2993275373256755}, "english-200": {"dsfb-red": 0.008908685968819599, "redirect": 0.0378619153674833, "dsfb": 0.0, "oneh-in": 0.031180400890868598, "unknown": 0.0, "sfT": 0.0, "roll-out": 0.16703786191536749, "oneh-out": 0.0066815144766146995, "dsfb-alt": 0.035634743875278395, "sfb": 0.004454342984409799, "bad-redirect": 0.008908685968819599, "sfR": 0.10690423162583519, "sft": 0.0, "alternate": 0.29398663697104677, "roll-in": 0.2984409799554566}, "monkeyracer": {"dsfb-red": 0.013291404038350252, "redirect": 0.047441231211974286, "dsfb": 0.0, "oneh-in": 0.03360241331310509, "unknown": 0.014352018393105714, "sfT": 9.677495034174266e-05, "roll-out": 0.13653772463518776, "oneh-out": 0.007436030780299357, "dsfb-alt": 0.03455843251951139, "sfb": 0.0251800600591207, "bad-redirect": 0.028819384706820775, "sfR": 0.09690789370786869, "sft": 0.0, "alternate": 0.2617390947338787, "roll-in": 0.3000375369504356}, "chained-bigrams": {"dsfb-red": 0.01953563027032502, "redirect": 0.053648800182324756, "dsfb": 0.0, "oneh-in": 0.03367878507300457, "unknown": 0.02365222201805197, "sfT": 7.01249067436136e-05, "roll-out": 0.11036556503468262, "oneh-out": 0.006273581934785135, "dsfb-alt": 0.041585368308347005, "sfb": 0.018690884865941306, "bad-redirect": 0.017892889399386668, "sfR": 0.11914286586209158, "sft": 0.0, "alternate": 0.25386060337287814, "roll-in": 0.3016026787714376}, "english-5k": {"dsfb-red": 0.014518604554693658, "redirect": 0.04517360102874684, "dsfb": 0.0, "oneh-in": 0.03235574729331729, "unknown": 0.002157049819554486, "sfT": 0.0, "roll-out": 0.13543783963164227, "oneh-out": 0.005185215912390592, "dsfb-alt": 0.0397394947525615, "sfb": 0.014269714190898909, "bad-redirect": 0.017920106193221885, "sfR": 0.10644211224955408, "sft": 0.0, "alternate": 0.2995395528269797, "roll-in": 0.2872609615464388}, "mt-quotes": {"dsfb-red": 0.012861428861715733, "redirect": 0.04792406258591219, "dsfb": 0.0, "oneh-in": 0.034337983050644866, "unknown": 0.008869126594231481, "sfT": 8.217688050585099e-05, "roll-out": 0.1372921671985752, "oneh-out": 0.007590155508540419, "dsfb-alt": 0.03408995828402721, "sfb": 0.025270137818099232, "bad-redirect": 0.03008122064044178, "sfR": 0.0964592223377679, "sft": 0.0, "alternate": 0.2619051887976476, "roll-in": 0.3032371714418905}, "wordle": {"dsfb-red": 0.021541568495456076, "redirect": 0.05279928194771682, "dsfb": 0.0, "oneh-in": 0.013979580388197016, "unknown": 0.0, "sfT": 6.731740154830023e-05, "roll-out": 0.17340962638842142, "oneh-out": 0.010972736452372938, "dsfb-alt": 0.04202849769998878, "sfb": 0.030427465499831708, "bad-redirect": 0.01999326825984517, "sfR": 0.13138112868843263, "sft": 0.0, "alternate": 0.26399640973858407, "roll-in": 0.23940311903960507}, "english-1k": {"dsfb-red": 0.008468595624558928, "redirect": 0.04728299223712068, "dsfb": 0.0, "oneh-in": 0.025758645024700072, "unknown": 0.0, "sfT": 0.0, "roll-out": 0.15384615384615385, "oneh-out": 0.0077628793225123505, "dsfb-alt": 0.040578687367678196, "sfb": 0.011997177134791814, "bad-redirect": 0.0187014820042343, "sfR": 0.10832745236414962, "sft": 0.0, "alternate": 0.27699364855328157, "roll-in": 0.3002822865208186}, "english-10k": {"dsfb-red": 0.014415005499700893, "redirect": 0.04710445572258351, "dsfb": 0.0, "oneh-in": 0.030393083884911524, "unknown": 0.0, "sfT": 0.0, "roll-out": 0.13648906813839948, "oneh-out": 0.00470851585264661, "dsfb-alt": 0.03701202215318114, "sfb": 0.01761834005518998, "bad-redirect": 0.01804287836977287, "sfR": 0.10567144593890508, "sft": 0.0, "alternate": 0.2855213137531117, "roll-in": 0.30302387063159725}, "reddit": {"dsfb-red": 0.013824332597857024, "redirect": 0.043881734210810694, "dsfb": 0.0, "oneh-in": 0.030081149612961912, "unknown": 0.041217688064775854, "sfT": 0.0001560101262371013, "roll-out": 0.13422485722638716, "oneh-out": 0.008001727535899653, "dsfb-alt": 0.032726354680125865, "sfb": 0.026334434393996176, "bad-redirect": 0.02213523362282295, "sfR": 0.10397777127267367, "sft": 0.0, "alternate": 0.2592844472887107, "roll-in": 0.2841542593667412}, "akl": {"dsfb-red": 0.014689657815275243, "redirect": 0.03643711632336648, "dsfb": 0.0, "oneh-in": 0.022348149732912055, "unknown": 0.13295000147380848, "sfT": 0.00011187602278663555, "roll-out": 0.12061688063408997, "oneh-out": 0.0063264556675323306, "dsfb-alt": 0.025912147228253003, "sfb": 0.024656012732123908, "bad-redirect": 0.01824703367322511, "sfR": 0.13064861186637447, "sft": 0.0, "alternate": 0.2221836316928663, "roll-in": 0.244872425137386}, "french": {"dsfb-red": 0.018765591505525384, "redirect": 0.03471805820752821, "dsfb": 0.0, "oneh-in": 0.021903447655097347, "unknown": 0.15822382396052298, "sfT": 0.0003894229240074865, "roll-out": 0.15794872744489855, "oneh-out": 0.017444807619187677, "dsfb-alt": 0.028265859852722838, "sfb": 0.038681818159345426, "bad-redirect": 0.012406759967263484, "sfR": 0.10898279115633469, "sft": 0.0, "alternate": 0.20446540283773695, "roll-in": 0.19780348870982895}, "keymash": {"dsfb-red": 0.013706165106131447, "redirect": 0.047604191894521225, "dsfb": 0.0, "oneh-in": 0.03270350925443224, "unknown": 0.013394194891077241, "sfT": 7.79925537635512e-05, "roll-out": 0.13948352509923526, "oneh-out": 0.007261517242511689, "dsfb-alt": 0.03525673917237586, "sfb": 0.024243369606712285, "bad-redirect": 0.02797059270235989, "sfR": 0.099723742164827, "sft": 0.0, "alternate": 0.25802399707733165, "roll-in": 0.3005504632347206}, "movie": {"dsfb-red": 0.014116105351439265, "redirect": 0.04967226216289733, "dsfb": 0.0, "oneh-in": 0.02529692091325215, "unknown": 0.030451476652766863, "sfT": 0.0001235703704308079, "roll-out": 0.12703415714018948, "oneh-out": 0.009076039731493034, "dsfb-alt": 0.03365233088065668, "sfb": 0.037261664799512664, "bad-redirect": 0.03681475853967984, "sfR": 0.11567713207251198, "sft": 0.0, "alternate": 0.24704849077676808, "roll-in": 0.2737750906084018}, "dutch": {"dsfb-red": 0.016868609845964076, "redirect": 0.05156482220595461, "dsfb": 0.0, "oneh-in": 0.020703450878176786, "unknown": 0.07325981014373002, "sfT": 9.499734785622473e-05, "roll-out": 0.13004520102195485, "oneh-out": 0.00632955243410711, "dsfb-alt": 0.023524735835470476,