{"english-450k": {"oneh-out": 0.004251006109450909, "roll-out": 0.18936228184395612, "sfT": 0.0017303971640079728, "alternate": 0.36673895413731267, "dsfb-alt": 0.06424570879628791, "sfb": 0.04333301565046153, "roll-in": 0.1841824918537731, "redirect": 0.022302799331813523, "sfR": 0.11369548401129392, "oneh-in": 0.0011503823011271115, "unknown": 0.0001543587941537776, "bad-redirect": 0.0005358705865224894, "dsfb-red": 0.008317249419838964, "sft": 0.0, "dsfb": 0.0}, "shai": {"oneh-out": 0.012010149450417432, "roll-out": 0.22540734891549596, "sfT": 0.00018576414100301798, "alternate": 0.3038981557656861, "dsfb-alt": 0.06216794601739579, "sfb": 0.019443877214531807, "roll-in": 0.18532323564318298, "redirect": 0.01860738898196792, "sfR": 0.09823378925716947, "oneh-in": 0.0013319160412344066, "unknown": 0.06456276146546681, "bad-redirect": 0.0005072557779784886, "dsfb-red": 0.00832041132846983, "sft": 0.0, "dsfb": 0.0}, "tr-quotes": {"oneh-out": 0.020098934375072236, "roll-out": 0.23734310348813017, "sfT": 0.00017683363768752455, "alternate": 0.2758304246318855, "dsfb-alt": 0.06127112179561268, "sfb": 0.018774415755530384, "roll-in": 0.1697348651210097, "redirect": 0.018619541850627586, "sfR": 0.09677191928064538, "oneh-in": 0.001999491458819722, "unknown": 0.09006264302720696, "bad-redirect": 0.0005894454589584152, "dsfb-red": 0.008727260118813713, "sft": 0.0, "dsfb": 0.0}, "gutenberg": {"oneh-out": 0.015089018236320865, "roll-out": 0.2560755216236399, "sfT": 8.032119384572951e-05, "alternate": 0.25489646711775354, "dsfb-alt": 0.05675904740579593, "sfb": 0.01897152500016102, "roll-in": 0.17454913099666858, "redirect": 0.01810523061465036, "sfR": 0.09863878308844841, "oneh-in": 0.0016778415421972318, "unknown": 0.09436925698728084, "bad-redirect": 0.0007579365485301032, "dsfb-red": 0.010029919644707534, "sft": 0.0, "dsfb": 0.0}, "english-200": {"oneh-out": 0.017817371937639197, "roll-out": 0.27839643652561247, "sfT": 0.0, "alternate": 0.30734966592427615, "dsfb-alt": 0.0757238307349666, "sfb": 0.011135857461024499, "roll-in": 0.17817371937639198, "redirect": 0.013363028953229399, "sfR": 0.10690423162583519, "oneh-in": 0.004454342984409799, "unknown": 0.0, "bad-redirect": 0.0, "dsfb-red": 0.0066815144766146995, "sft": 0.0, "dsfb": 0.0}, "monkeyracer": {"oneh-out": 0.020441020066628086, "roll-out": 0.23803411952390635, "sfT": 0.0001652016829066112, "alternate": 0.2750617795642586, "dsfb-alt": 0.06106499366563961, "sfb": 0.018709823732736913, "roll-in": 0.16959467913727574, "redirect": 0.01865214977243224, "sfR": 0.09690789370786869, "oneh-in": 0.0020459593036895696, "unknown": 0.0900202543128392, "bad-redirect": 0.0005777171277976758, "dsfb-red": 0.008724408402020739, "sft": 0.0, "dsfb": 0.0}, "chained-bigrams": {"oneh-out": 0.006876136689026556, "roll-out": 0.21607756334129596, "sfT": 7.726725835638906e-05, "alternate": 0.30681464753468746, "dsfb-alt": 0.06057233611387246, "sfb": 0.020439462401687154, "roll-in": 0.16868026873422595, "redirect": 0.021804300864419337, "sfR": 0.11914286586209158, "oneh-in": 0.0049353649644278425, "unknown": 0.05987563217928082, "bad-redirect": 0.0013492551501224914, "dsfb-red": 0.013354898906505968, "sft": 0.0, "dsfb": 0.0}, "english-5k": {"oneh-out": 0.005060770730493218, "roll-out": 0.1894885303024018, "sfT": 0.0003733355456921226, "alternate": 0.36673995105156176, "dsfb-alt": 0.06462853113203634, "sfb": 0.02285643174181773, "roll-in": 0.21292570622640727, "redirect": 0.019164558012195628, "sfR": 0.10644211224955408, "oneh-in": 0.0009540797278798689, "unknown": 0.0022400132741527356, "bad-redirect": 0.00020740863649562367, "dsfb-red": 0.008918571369311817, "sft": 0.0, "dsfb": 0.0}, "mt-quotes": {"oneh-out": 0.021812732336453068, "roll-out": 0.24382627508636043, "sfT": 0.00013447125900957436, "alternate": 0.27231027599478846, "dsfb-alt": 0.06139808273867154, "sfb": 0.018143161090591792, "roll-in": 0.16987305913149497, "redirect": 0.018724375754533177, "sfR": 0.0964592223377679, "oneh-in": 0.002164987270054147, "unknown": 0.0857358864943044, "bad-redirect": 0.0006200619165441484, "dsfb-red": 0.008797408589426375, "sft": 0.0, "dsfb": 0.0}, "wordle": {"oneh-out": 0.0067093010209805905, "roll-out": 0.20136878716481543, "sfT": 0.0005385392123864019, "alternate": 0.3385840906541008, "dsfb-alt": 0.06273981824301582, "sfb": 0.03911141029956244, "roll-in": 0.16977448670481318, "redirect": 0.03092112644451924, "sfR": 0.13138112868843263, "oneh-in": 0.0023561090541905083, "unknown": 0.0, "bad-redirect": 0.0023112307864916414, "dsfb-red": 0.01420397172669135, "sft": 0.0, "dsfb": 0.0}, "english-1k": {"oneh-out": 0.010938602681721948, "roll-out": 0.2332392378263938, "sfT": 0.0, "alternate": 0.3327452364149612, "dsfb-alt": 0.06880733944954129, "sfb": 0.019760056457304165, "roll-in": 0.19830628087508823, "redirect": 0.016584333098094567, "sfR": 0.10832745236414962, "oneh-in": 0.0014114326040931546, "unknown": 0.0, "bad-redirect": 0.00035285815102328866, "dsfb-red": 0.009527170077628794, "sft": 0.0, "dsfb": 0.0}, "english-10k": {"oneh-out": 0.004554138283707377, "roll-out": 0.18913181914667798, "sfT": 0.00036664672623067866, "alternate": 0.3579629879778468, "dsfb-alt": 0.0666139209972791, "sfb": 0.02526002971768202, "roll-in": 0.21821269369560603, "redirect": 0.022925068987476118, "sfR": 0.10567144593890508, "oneh-in": 0.0007139962563439532, "unknown": 0.0, "bad-redirect": 0.0005596186874047201, "dsfb-red": 0.008027633584840124, "sft": 0.0, "dsfb": 0.0}, "reddit": {"oneh-out": 0.015504634699386467, "roll-out": 0.22860761243263986, "sfT": 0.00024264912311259117, "alternate": 0.27362239593721915, "dsfb-alt": 0.05874610934530622, "sfb": 0.021669525603733905, "roll-in": 0.16385056215149388, "redirect": 0.01817789536908381, "sfR": 0.10397777127267367, "oneh-in": 0.001361127483122158, "unknown": 0.10396709590989395, "bad-redirect": 0.0003439339685736048, "dsfb-red": 0.009928686703760743, "sft": 0.0, "dsfb": 0.0}, "akl": {"oneh-out": 0.014308592466459368, "roll-out": 0.19428627804260346, "sfT": 0.00020882865384113156, "alternate": 0.23330909435198297, "dsfb-alt": 0.05205568115116079, "sfb": 0.023188405868717687, "roll-in": 0.15026239597080282, "redirect": 0.02004285632432958, "sfR": 0.13064861186637447, "oneh-in": 0.0013505916593608345, "unknown": 0.17107002670620014, "bad-redirect": 0.000505171634694247, "dsfb-red": 0.008763465303472483, "sft": 0.0, "dsfb": 0.0}, "french": {"oneh-out": 0.007199028014284823, "roll-out": 0.15430586348851535, "sfT": 0.00012740555325509428, "alternate": 0.24339211412661058, "dsfb-alt": 0.042144959982985425, "sfb": 0.016406266585363226, "roll-in": 0.1822757870884809, "redirect": 0.024639415991161793, "sfR": 0.10898279115633469, "oneh-in": 0.0010230348311411233, "unknown": 0.21023212216107084, "bad-redirect": 0.001251462920332142, "dsfb-red": 0.008019748100463953, "sft": 0.0, "dsfb": 0.0}, "keymash": {"oneh-out": 0.019580235865902067, "roll-out": 0.24071785988432473, "sfT": 0.0001518802362763892, "alternate": 0.2735937737312869, "dsfb-alt": 0.06210670202329104, "sfb": 0.018615591121984458, "roll-in": 0.1705081420121258, "redirect": 0.01880852007076798, "sfR": 0.099723742164827, "oneh-in": 0.0017117313115474133, "unknown": 0.0849421007910087, "bad-redirect": 0.0005664722325984245, "dsfb-red": 0.008973248554059102, "sft": 0.0, "dsfb": 0.0}, "movie": {"oneh-out": 0.029171161281178654, "roll-out": 0.22257695150711768, "sfT": 8.382782317830099e-05, "alternate": 0.242598378267196, "dsfb-alt": 0.05559390170352086, "sfb": 0.015181653050457638, "roll-in": 0.1380029685840428, "redirect": 0.016096916017812556, "sfR": 0.11567713207251198, "oneh-in": 0.0011700363828544334, "unknown": 0.15450046842250645, "bad-redirect": 0.0005259965608220864, "dsfb-red": 0.008820608326800598, "sft": 0.0, "dsfb": 0.0}, "dutch": {"oneh-out": 0.002883379297728968, "roll-out": 0.12772536865623293, "sfT": 0.0002537386692173341, "alternate": 0.2667987066446395, "dsfb-alt": 0.055149474866208484, "sfb": 0.05518904812908479, "roll-in": 0.17778378897692948,