{"english-450k": {"sfb": 0.0432903331051084, "dsfb-red": 0.008322803997658891, "sfR": 0.11369548401129392, "sft": 0.0, "sfT": 0.0017377058190341933, "oneh-out": 0.0037946536896136997, "bad-redirect": 0.0005341165093161964, "dsfb-alt": 0.06518297071685042, "roll-out": 0.19158089716371562, "roll-in": 0.1842088030118675, "dsfb": 0.0, "unknown": 0.0001543587941537776, "redirect": 0.021332209944331437, "alternate": 0.36501615797453196, "oneh-in": 0.0011495052625239651}, "shai": {"sfb": 0.019160183989945605, "dsfb-red": 0.008656904669973337, "sfR": 0.09823378925716947, "sft": 0.0, "sfT": 0.00018916235993377575, "oneh-out": 0.011825898639257154, "bad-redirect": 0.0005120666961230579, "dsfb-alt": 0.062379235504467535, "roll-out": 0.22810303059202083, "roll-in": 0.18503049340281078, "dsfb": 0.0, "unknown": 0.06456276146546681, "redirect": 0.017643150165978613, "alternate": 0.3023696810132916, "oneh-in": 0.00133364224356142}, "tr-quotes": {"sfb": 0.01854903955063452, "dsfb-red": 0.008909872633549849, "sfR": 0.09677191928064538, "sft": 0.0, "sfT": 0.0001803009639166917, "oneh-out": 0.019967175978363883, "bad-redirect": 0.0005894454589584152, "dsfb-alt": 0.06127112179561268, "roll-out": 0.24012389912392224, "roll-in": 0.16952451399644022, "dsfb": 0.0, "unknown": 0.09006264302720696, "redirect": 0.017952659439217773, "alternate": 0.27409791729271166, "oneh-in": 0.001999491458819722}, "gutenberg": {"sfb": 0.018688695890699526, "dsfb-red": 0.010424705889930412, "sfR": 0.09863878308844841, "sft": 0.0, "sfT": 8.183668806923384e-05, "oneh-out": 0.015067801317191805, "bad-redirect": 0.0007579365485301032, "dsfb-alt": 0.0563809315970316, "roll-out": 0.2588865739714625, "roll-in": 0.17425929272642335, "dsfb": 0.0, "unknown": 0.09436925698728084, "redirect": 0.017391053961823943, "alternate": 0.25337377429668756, "oneh-in": 0.001679357036420736}, "english-200": {"sfb": 0.011135857461024499, "dsfb-red": 0.0066815144766146995, "sfR": 0.10690423162583519, "sft": 0.0, "sfT": 0.0, "oneh-out": 0.017817371937639197, "bad-redirect": 0.0, "dsfb-alt": 0.0757238307349666, "roll-out": 0.2806236080178174, "roll-in": 0.17817371937639198, "dsfb": 0.0, "unknown": 0.0, "redirect": 0.013363028953229399, "alternate": 0.3051224944320713, "oneh-in": 0.004454342984409799}, "monkeyracer": {"sfb": 0.018495745812283967, "dsfb-red": 0.008915025728451445, "sfR": 0.09690789370786869, "sft": 0.0, "sfT": 0.0001681342571593913, "oneh-out": 0.02032176204701503, "bad-redirect": 0.0005777171277976758, "dsfb-alt": 0.06104544317062108, "roll-out": 0.24084254813331873, "roll-in": 0.16935323052379686, "dsfb": 0.0, "unknown": 0.0900202543128392, "redirect": 0.018023601357586374, "alternate": 0.273282684517572, "oneh-in": 0.0020459593036895696}, "chained-bigrams": {"sfb": 0.020124549626032964, "dsfb-red": 0.013316589929673809, "sfR": 0.11914286586209158, "sft": 0.0, "sfT": 7.01249067436136e-05, "oneh-out": 0.00700015388521202, "bad-redirect": 0.0013479565407383503, "dsfb-alt": 0.06059051664525043, "roll-out": 0.21710541266884356, "roll-in": 0.1681225160037374, "dsfb": 0.0, "unknown": 0.05987563217928082, "redirect": 0.02150821792483519, "alternate": 0.3068756821757421, "oneh-in": 0.0049197816518181505}, "english-5k": {"sfb": 0.022192724105031734, "dsfb-red": 0.009001534823910067, "sfR": 0.10644211224955408, "sft": 0.0, "sfT": 0.0003733355456921226, "oneh-out": 0.004604471730202846, "bad-redirect": 0.00020740863649562367, "dsfb-alt": 0.06496038495042934, "roll-out": 0.19264114157713527, "roll-in": 0.21251088895341602, "dsfb": 0.0, "unknown": 0.0022400132741527356, "redirect": 0.01742232546563239, "alternate": 0.3664495789604679, "oneh-in": 0.0009540797278798689}, "mt-quotes": {"sfb": 0.017933983576576898, "dsfb-red": 0.008988656602239992, "sfR": 0.0964592223377679, "sft": 0.0, "sfT": 0.00013596538410968074, "oneh-out": 0.02172159070534658, "bad-redirect": 0.0006200619165441484, "dsfb-alt": 0.06139509448847133, "roll-out": 0.24665315977576172, "roll-in": 0.16958618711227455, "dsfb": 0.0, "unknown": 0.0857358864943044, "redirect": 0.018192467218895305, "alternate": 0.2704127371176534, "oneh-in": 0.002164987270054147}, "wordle": {"sfb": 0.0393582407719062, "dsfb-red": 0.015146415348367553, "sfR": 0.13138112868843263, "sft": 0.0, "sfT": 0.0005385392123864019, "oneh-out": 0.006260518343991922, "bad-redirect": 0.0023336699203410746, "dsfb-alt": 0.061707618085941884, "roll-out": 0.20468977897453158, "roll-in": 0.17116571300347808, "dsfb": 0.0, "unknown": 0.0, "redirect": 0.030876248176820376, "alternate": 0.33414114215191293, "oneh-in": 0.0024009873218893752}, "english-1k": {"sfb": 0.01834862385321101, "dsfb-red": 0.009527170077628794, "sfR": 0.10832745236414962, "sft": 0.0, "sfT": 0.0, "oneh-out": 0.009880028228652082, "bad-redirect": 0.00035285815102328866, "dsfb-alt": 0.06916019760056458, "roll-out": 0.23712067748764998, "roll-in": 0.19830628087508823, "dsfb": 0.0, "unknown": 0.0, "redirect": 0.015172900494001412, "alternate": 0.3323923782639379, "oneh-in": 0.0014114326040931546}, "english-10k": {"sfb": 0.02475830261862951, "dsfb-red": 0.008162713957661952, "sfR": 0.10567144593890508, "sft": 0.0, "sfT": 0.00036664672623067866, "oneh-out": 0.0040910055768896775, "bad-redirect": 0.0005596186874047201, "dsfb-alt": 0.06696127052739237, "roll-out": 0.19181412940699716, "roll-in": 0.21796183014607978, "dsfb": 0.0, "unknown": 0.0, "redirect": 0.021265510121379363, "alternate": 0.35765423283996833, "oneh-in": 0.0007332934524613573}, "reddit": {"sfb": 0.02150688551534939, "dsfb-red": 0.010210890855278227, "sfR": 0.10397777127267367, "sft": 0.0, "sfT": 0.00024789316096930045, "oneh-out": 0.015361509923311565, "bad-redirect": 0.0003452449780377822, "dsfb-alt": 0.0586067677679708, "roll-out": 0.23217820289444668, "roll-in": 0.1636667960820295, "dsfb": 0.0, "unknown": 0.10396709590989395, "redirect": 0.017570261211144255, "alternate": 0.27100108869971645, "oneh-in": 0.0013595917291784072}, "akl": {"sfb": 0.023045966542002812, "dsfb-red": 0.008980645126859083, "sfR": 0.13064861186637447, "sft": 0.0, "sfT": 0.00022444385843502592, "oneh-out": 0.014221794659911345, "bad-redirect": 0.000533288886004139, "dsfb-alt": 0.05208310658960893, "roll-out": 0.197819811064425, "roll-in": 0.15053388310383717, "dsfb": 0.0, "unknown": 0.17107002670620014, "redirect": 0.019433838637565492, "alternate": 0.23004865445733916, "oneh-in": 0.001355928501437229}, "french": {"sfb": 0.016611457843286766, "dsfb-red": 0.005054287964686249, "sfR": 0.10898279115633469, "sft": 0.0, "sfT": 0.00013005733864151852, "oneh-out": 0.008339385621477293, "bad-redirect": 0.0012535753595382766, "dsfb-alt": 0.04479490260329367, "roll-out": 0.15648693449609177, "roll-in": 0.18637878824584292, "dsfb": 0.0, "unknown": 0.21023212216107084, "redirect": 0.017657534741796932, "alternate": 0.24292937008576038, "oneh-in": 0.001148792382178666}, "keymash": {"sfb": 0.01840213781694737, "dsfb-red": 0.009063555721574792, "sfR": 0.099723742164827, "sft": 0.0, "sfT": 0.0001518802362763892, "oneh-out": 0.01944477511462853, "bad-redirect": 0.0005664722325984245, "dsfb-alt": 0.062192904319556014, "roll-out": 0.24324235570351335, "roll-in": 0.1706353930208979, "dsfb": 0.0, "unknown": 0.0849421007910087, "redirect": 0.01802038479063104, "alternate": 0.27190256677599306, "oneh-in": 0.0017117313115474133}, "movie": {"sfb": 0.015147832405941431, "dsfb-red": 0.009243168986495298, "sfR": 0.11567713207251198, "sft": 0.0, "sfT": 8.711776914291249e-05, "oneh-out": 0.02918787420667888, "bad-redirect": 0.0005208642451172925, "dsfb-alt": 0.05525122093184693, "roll-out": 0.22635473065936176, "roll-in": 0.13779517559691792, "dsfb": 0.0, "unknown": 0.15450046842250645, "redirect": 0.01576147312726077, "alternate": 0.23930277359552535, "oneh-in": 0.0011701679806930178}, "dutch": {"sfb": 0.055018006282878576, "dsfb-red": 0.008152540422375638, "sfR": 0.18880787437283908, "sft": 0.0, "sfT": 0.00032766733384761244, "oneh-out": 0.002903085240593066, "bad-redirect": 0.0002995339176931359,