{"english-450k": {"dsfb": 0.0, "roll-in": 0.1842088030118675, "alternate": 0.36501615797453196, "bad-redirect": 0.0005341165093161964, "dsfb-red": 0.008322803997658891, "sfR": 0.11369548401129392, "dsfb-alt": 0.06518297071685042, "oneh-in": 0.0011495052625239651, "roll-out": 0.19158089716371562, "redirect": 0.021332209944331437, "sft": 0.0, "sfT": 0.0017377058190341933, "sfb": 0.0432903331051084, "oneh-out": 0.0037946536896136997, "unknown": 0.0001543587941537776}, "shai": {"dsfb": 0.0, "roll-in": 0.18503049340281078, "alternate": 0.3023696810132916, "bad-redirect": 0.0005120666961230579, "dsfb-red": 0.008656904669973337, "sfR": 0.09823378925716947, "dsfb-alt": 0.062379235504467535, "oneh-in": 0.00133364224356142, "roll-out": 0.22810303059202083, "redirect": 0.017643150165978613, "sft": 0.0, "sfT": 0.00018916235993377575, "sfb": 0.019160183989945605, "oneh-out": 0.011825898639257154, "unknown": 0.06456276146546681}, "tr-quotes": {"dsfb": 0.0, "roll-in": 0.16952451399644022, "alternate": 0.27409791729271166, "bad-redirect": 0.0005894454589584152, "dsfb-red": 0.008909872633549849, "sfR": 0.09677191928064538, "dsfb-alt": 0.06127112179561268, "oneh-in": 0.001999491458819722, "roll-out": 0.24012389912392224, "redirect": 0.017952659439217773, "sft": 0.0, "sfT": 0.0001803009639166917, "sfb": 0.01854903955063452, "oneh-out": 0.019967175978363883, "unknown": 0.09006264302720696}, "gutenberg": {"dsfb": 0.0, "roll-in": 0.17425929272642335, "alternate": 0.25337377429668756, "bad-redirect": 0.0007579365485301032, "dsfb-red": 0.010424705889930412, "sfR": 0.09863878308844841, "dsfb-alt": 0.0563809315970316, "oneh-in": 0.001679357036420736, "roll-out": 0.2588865739714625, "redirect": 0.017391053961823943, "sft": 0.0, "sfT": 8.183668806923384e-05, "sfb": 0.018688695890699526, "oneh-out": 0.015067801317191805, "unknown": 0.09436925698728084}, "english-200": {"dsfb": 0.0, "roll-in": 0.17817371937639198, "alternate": 0.3051224944320713, "bad-redirect": 0.0, "dsfb-red": 0.0066815144766146995, "sfR": 0.10690423162583519, "dsfb-alt": 0.0757238307349666, "oneh-in": 0.004454342984409799, "roll-out": 0.2806236080178174, "redirect": 0.013363028953229399, "sft": 0.0, "sfT": 0.0, "sfb": 0.011135857461024499, "oneh-out": 0.017817371937639197, "unknown": 0.0}, "monkeyracer": {"dsfb": 0.0, "roll-in": 0.16935323052379686, "alternate": 0.273282684517572, "bad-redirect": 0.0005777171277976758, "dsfb-red": 0.008915025728451445, "sfR": 0.09690789370786869, "dsfb-alt": 0.06104544317062108, "oneh-in": 0.0020459593036895696, "roll-out": 0.24084254813331873, "redirect": 0.018023601357586374, "sft": 0.0, "sfT": 0.0001681342571593913, "sfb": 0.018495745812283967, "oneh-out": 0.02032176204701503, "unknown": 0.0900202543128392}, "chained-bigrams": {"dsfb": 0.0, "roll-in": 0.1681225160037374, "alternate": 0.3068756821757421, "bad-redirect": 0.0013479565407383503, "dsfb-red": 0.013316589929673809, "sfR": 0.11914286586209158, "dsfb-alt": 0.06059051664525043, "oneh-in": 0.0049197816518181505, "roll-out": 0.21710541266884356, "redirect": 0.02150821792483519, "sft": 0.0, "sfT": 7.01249067436136e-05, "sfb": 0.020124549626032964, "oneh-out": 0.00700015388521202, "unknown": 0.05987563217928082}, "english-5k": {"dsfb": 0.0, "roll-in": 0.21251088895341602, "alternate": 0.3664495789604679, "bad-redirect": 0.00020740863649562367, "dsfb-red": 0.009001534823910067, "sfR": 0.10644211224955408, "dsfb-alt": 0.06496038495042934, "oneh-in": 0.0009540797278798689, "roll-out": 0.19264114157713527, "redirect": 0.01742232546563239, "sft": 0.0, "sfT": 0.0003733355456921226, "sfb": 0.022192724105031734, "oneh-out": 0.004604471730202846, "unknown": 0.0022400132741527356}, "mt-quotes": {"dsfb": 0.0, "roll-in": 0.16958618711227455, "alternate": 0.2704127371176534, "bad-redirect": 0.0006200619165441484, "dsfb-red": 0.008988656602239992, "sfR": 0.0964592223377679, "dsfb-alt": 0.06139509448847133, "oneh-in": 0.002164987270054147, "roll-out": 0.24665315977576172, "redirect": 0.018192467218895305, "sft": 0.0, "sfT": 0.00013596538410968074, "sfb": 0.017933983576576898, "oneh-out": 0.02172159070534658, "unknown": 0.0857358864943044}, "wordle": {"dsfb": 0.0, "roll-in": 0.17116571300347808, "alternate": 0.33414114215191293, "bad-redirect": 0.0023336699203410746, "dsfb-red": 0.015146415348367553, "sfR": 0.13138112868843263, "dsfb-alt": 0.061707618085941884, "oneh-in": 0.0024009873218893752, "roll-out": 0.20468977897453158, "redirect": 0.030876248176820376, "sft": 0.0, "sfT": 0.0005385392123864019, "sfb": 0.0393582407719062, "oneh-out": 0.006260518343991922, "unknown": 0.0}, "english-1k": {"dsfb": 0.0, "roll-in": 0.19830628087508823, "alternate": 0.3323923782639379, "bad-redirect": 0.00035285815102328866, "dsfb-red": 0.009527170077628794, "sfR": 0.10832745236414962, "dsfb-alt": 0.06916019760056458, "oneh-in": 0.0014114326040931546, "roll-out": 0.23712067748764998, "redirect": 0.015172900494001412, "sft": 0.0, "sfT": 0.0, "sfb": 0.01834862385321101, "oneh-out": 0.009880028228652082, "unknown": 0.0}, "english-10k": {"dsfb": 0.0, "roll-in": 0.21796183014607978, "alternate": 0.35765423283996833, "bad-redirect": 0.0005596186874047201, "dsfb-red": 0.008162713957661952, "sfR": 0.10567144593890508, "dsfb-alt": 0.06696127052739237, "oneh-in": 0.0007332934524613573, "roll-out": 0.19181412940699716, "redirect": 0.021265510121379363, "sft": 0.0, "sfT": 0.00036664672623067866, "sfb": 0.02475830261862951, "oneh-out": 0.0040910055768896775, "unknown": 0.0}, "reddit": {"dsfb": 0.0, "roll-in": 0.1636667960820295, "alternate": 0.27100108869971645, "bad-redirect": 0.0003452449780377822, "dsfb-red": 0.010210890855278227, "sfR": 0.10397777127267367, "dsfb-alt": 0.0586067677679708, "oneh-in": 0.0013595917291784072, "roll-out": 0.23217820289444668, "redirect": 0.017570261211144255, "sft": 0.0, "sfT": 0.00024789316096930045, "sfb": 0.02150688551534939, "oneh-out": 0.015361509923311565, "unknown": 0.10396709590989395}, "akl": {"dsfb": 0.0, "roll-in": 0.15053388310383717, "alternate": 0.23004865445733916, "bad-redirect": 0.000533288886004139, "dsfb-red": 0.008980645126859083, "sfR": 0.13064861186637447, "dsfb-alt": 0.05208310658960893, "oneh-in": 0.001355928501437229, "roll-out": 0.197819811064425, "redirect": 0.019433838637565492, "sft": 0.0, "sfT": 0.00022444385843502592, "sfb": 0.023045966542002812, "oneh-out": 0.014221794659911345, "unknown": 0.17107002670620014}, "french": {"dsfb": 0.0, "roll-in": 0.18637878824584292, "alternate": 0.24292937008576038, "bad-redirect": 0.0012535753595382766, "dsfb-red": 0.005054287964686249, "sfR": 0.10898279115633469, "dsfb-alt": 0.04479490260329367, "oneh-in": 0.001148792382178666, "roll-out": 0.15648693449609177, "redirect": 0.017657534741796932, "sft": 0.0, "sfT": 0.00013005733864151852, "sfb": 0.016611457843286766, "oneh-out": 0.008339385621477293, "unknown": 0.21023212216107084}, "keymash": {"dsfb": 0.0, "roll-in": 0.1706353930208979, "alternate": 0.27190256677599306, "bad-redirect": 0.0005664722325984245, "dsfb-red": 0.009063555721574792, "sfR": 0.099723742164827, "dsfb-alt": 0.062192904319556014, "oneh-in": 0.0017117313115474133, "roll-out": 0.24324235570351335, "redirect": 0.01802038479063104, "sft": 0.0, "sfT": 0.0001518802362763892, "sfb": 0.01840213781694737, "oneh-out": 0.01944477511462853, "unknown": 0.0849421007910087}, "movie": {"dsfb": 0.0, "roll-in": 0.13779517559691792, "alternate": 0.23930277359552535, "bad-redirect": 0.0005208642451172925, "dsfb-red": 0.009243168986495298, "sfR": 0.11567713207251198, "dsfb-alt": 0.05525122093184693, "oneh-in": 0.0011701679806930178, "roll-out": 0.22635473065936176, "redirect": 0.01576147312726077, "sft": 0.0, "sfT": 8.711776914291249e-05, "sfb": 0.015147832405941431, "oneh-out": 0.02918787420667888, "unknown": 0.15450046842250645}, "dutch": {"dsfb": 0.0, "roll-in": 0.20232279811908838, "alternate": 0.24823276781640474, "bad-redirect": 0.0002995339176931359, "dsfb-red": 0.008152540422375638, "sfR": 0.18880787437283908, "dsfb-alt": 0.054073268596232904,