{"english-450k": {"unknown": 0.00015377410175167997, "bad-redirect": 0.0006992921129087804, "sfR": 0.11369548401129392, "dsfb-alt": 0.05470294410165228, "oneh-in": 0.0037341380259965935, "sfT": 0.00013272517527616483, "sft": 0.0, "dsfb": 0.0, "alternate": 0.3584082567922255, "dsfb-red": 0.013732962794268378, "oneh-out": 0.005938428381904706, "roll-in": 0.2241049967227991, "redirect": 0.03499530199654915, "sfb": 0.02703822309640233, "roll-out": 0.16266347268697148}, "shai": {"unknown": 0.024097749651430984, "bad-redirect": 0.0004985860622553709, "sfR": 0.09823378925716947, "dsfb-alt": 0.05084958569595988, "oneh-in": 0.0038241187156559274, "sfT": 3.92614269175476e-05, "sft": 0.0, "dsfb": 0.0, "alternate": 0.3314138285991009, "dsfb-red": 0.01005053050919408, "oneh-out": 0.008007144310204906, "roll-in": 0.22150351526009301, "redirect": 0.037821658064554085, "sfb": 0.01672500404844761, "roll-out": 0.19693522839901623}, "tr-quotes": {"unknown": 0.013894731975682485, "bad-redirect": 0.0012054737523404452, "sfR": 0.09677191928064538, "dsfb-alt": 0.05449596634382007, "oneh-in": 0.004784910196250665, "sfT": 1.733663114583574e-05, "sft": 0.0, "dsfb": 0.0, "alternate": 0.3325558817410601, "dsfb-red": 0.009210374240077668, "oneh-out": 0.009410323385959641, "roll-in": 0.21434664016088395, "redirect": 0.04339474353343658, "sfb": 0.011676798964425233, "roll-out": 0.20823489979427198}, "gutenberg": {"unknown": 0.03298207965968062, "bad-redirect": 0.0010466381981076782, "sfR": 0.09863878308844841, "dsfb-alt": 0.04900483177445809, "oneh-in": 0.004492682625578588, "sfT": 0.00016708323814135242, "sft": 0.0, "dsfb": 0.0, "alternate": 0.3171897205542314, "dsfb-red": 0.006277745384088751, "oneh-out": 0.009566746722649023, "roll-in": 0.22089294435143098, "redirect": 0.03271686817056736, "sfb": 0.013842334800710615, "roll-out": 0.21318154143190715}, "english-200": {"unknown": 0.0, "bad-redirect": 0.0, "sfR": 0.10690423162583519, "dsfb-alt": 0.051224944320712694, "oneh-in": 0.008908685968819599, "sfT": 0.0, "sft": 0.0, "dsfb": 0.0, "alternate": 0.33184855233853006, "dsfb-red": 0.004454342984409799, "oneh-out": 0.013363028953229399, "roll-in": 0.26280623608017817, "redirect": 0.0334075723830735, "sfb": 0.0066815144766146995, "roll-out": 0.18040089086859687}, "monkeyracer": {"unknown": 0.013491796612290222, "bad-redirect": 0.0012619844534463613, "sfR": 0.09690789370786869, "dsfb-alt": 0.05468957724009572, "oneh-in": 0.004890556328886247, "sfT": 1.5640396014827094e-05, "sft": 0.0, "dsfb": 0.0, "alternate": 0.33217464066190155, "dsfb-red": 0.009150609193424777, "oneh-out": 0.009528911272033407, "roll-in": 0.21403686441340694, "redirect": 0.04366212052489169, "sfb": 0.011560207704459077, "roll-out": 0.20862919749128048}, "chained-bigrams": {"unknown": 0.023159399756770463, "bad-redirect": 0.0022498407580242696, "sfR": 0.11914286586209158, "dsfb-alt": 0.0611898248760315, "oneh-in": 0.007144948831543742, "sfT": 3.181592991145432e-05, "sft": 0.0, "dsfb": 0.0, "alternate": 0.3271891794671676, "dsfb-red": 0.01929863405771929, "oneh-out": 0.005205475716329169, "roll-in": 0.1916591617866008, "redirect": 0.037921341930993197, "sfb": 0.017683163983847897, "roll-out": 0.18812434704296904}, "english-5k": {"unknown": 0.002157049819554486, "bad-redirect": 0.00016592690919649896, "sfR": 0.10644211224955408, "dsfb-alt": 0.0509810428506243, "oneh-in": 0.0037333554569212264, "sfT": 0.0, "sft": 0.0, "dsfb": 0.0, "alternate": 0.3486124362218443, "dsfb-red": 0.013191189281121667, "oneh-out": 0.00630522254946696, "roll-in": 0.24075994524411998, "redirect": 0.03567428547724727, "sfb": 0.018417886920811383, "roll-out": 0.17355954701953788}, "mt-quotes": {"unknown": 0.007995063410669249, "bad-redirect": 0.0013028770872927648, "sfR": 0.0964592223377679, "dsfb-alt": 0.05580706661407346, "oneh-in": 0.005036695712458613, "sfT": 7.470625500531909e-06, "sft": 0.0, "dsfb": 0.0, "alternate": 0.33349619296924493, "dsfb-red": 0.008788443838825738, "oneh-out": 0.00966250702238797, "roll-in": 0.21425156285485472, "redirect": 0.04475352912348645, "sfb": 0.01054702908165095, "roll-out": 0.21189233932178672}, "wordle": {"unknown": 0.0, "bad-redirect": 0.002019522046449007, "sfR": 0.13138112868843263, "dsfb-alt": 0.06336811399079996, "oneh-in": 0.004106361494446314, "sfT": 0.0002019522046449007, "sft": 0.0, "dsfb": 0.0, "alternate": 0.33319869853023676, "dsfb-red": 0.01590934589924829, "oneh-out": 0.007584427241108493, "roll-in": 0.19670144732413328, "redirect": 0.03287333108941995, "sfb": 0.03412992258498822, "roll-out": 0.1785257489060922}, "english-1k": {"unknown": 0.0, "bad-redirect": 0.0, "sfR": 0.10832745236414962, "dsfb-alt": 0.04551870148200424, "oneh-in": 0.004940014114326041, "sfT": 0.0, "sft": 0.0, "dsfb": 0.0, "alternate": 0.3249823570924488, "dsfb-red": 0.011291460832745237, "oneh-out": 0.01058574453069866, "roll-in": 0.24382498235709246, "redirect": 0.035285815102328866, "sfb": 0.015172900494001412, "roll-out": 0.20007057163020467}, "english-10k": {"unknown": 0.0, "bad-redirect": 0.00046313270681769936, "sfR": 0.10567144593890508, "dsfb-alt": 0.05372339399085313, "oneh-in": 0.002836687829258409, "sfT": 5.789158835221242e-05, "sft": 0.0, "dsfb": 0.0, "alternate": 0.3503212983153548, "dsfb-red": 0.012601069064664905, "oneh-out": 0.006155805561451921, "roll-in": 0.24025009166168157, "redirect": 0.0372821828988248, "sfb": 0.02016556994268733, "roll-out": 0.17047143050114819}, "reddit": {"unknown": 0.04519937363713543, "bad-redirect": 0.0005704014891569217, "sfR": 0.10397777127267367, "dsfb-alt": 0.05312105468089374, "oneh-in": 0.003979250840497532, "sfT": 5.7234927464655655e-05, "sft": 0.0, "dsfb": 0.0, "alternate": 0.3214018361998555, "dsfb-red": 0.009882389340968653, "oneh-out": 0.008527329958794972, "roll-in": 0.2051192297557196, "redirect": 0.03819671022776542, "sfb": 0.014759119803228717, "roll-out": 0.19520829786584515}, "akl": {"unknown": 0.13920166722946467, "bad-redirect": 0.000523801166757216, "sfR": 0.13064861186637447, "dsfb-alt": 0.04705315764020953, "oneh-in": 0.003336539309436849, "sfT": 0.00012044956075195413, "sft": 0.0, "dsfb": 0.0, "alternate": 0.2717241777699131, "dsfb-red": 0.010112426261087753, "oneh-out": 0.006460420286690709, "roll-in": 0.17963392870665856, "redirect": 0.031019085066124833, "sfb": 0.0208298922849845, "roll-out": 0.15933584285154587}, "french": {"unknown": 0.15842537463172957, "bad-redirect": 0.001243657382556283, "sfR": 0.10898279115633469, "dsfb-alt": 0.04544267234765991, "oneh-in": 0.0022613436974095336, "sfT": 5.4758619137743366e-05, "sft": 0.0, "dsfb": 0.0, "alternate": 0.23614866496164358, "dsfb-red": 0.009346929231773429, "oneh-out": 0.011832925595111954, "roll-in": 0.19503975902731793, "redirect": 0.032033837141094895, "sfb": 0.04641013954039286, "roll-out": 0.15277714666783765}, "keymash": {"unknown": 0.012376186820900362, "bad-redirect": 0.0012889295727239515, "sfR": 0.099723742164827, "dsfb-alt": 0.053207341151744775, "oneh-in": 0.004962789342112284, "sfT": 2.873409875499255e-05, "sft": 0.0, "dsfb": 0.0, "alternate": 0.3305940159186907, "dsfb-red": 0.009330372352871152, "oneh-out": 0.00921133108660047, "roll-in": 0.21646628053511102, "redirect": 0.04242384437612114, "sfb": 0.012819512915977391, "roll-out": 0.20756691966356475}, "movie": {"unknown": 0.030282373430185833, "bad-redirect": 0.0022451907240894713, "sfR": 0.11567713207251198, "dsfb-alt": 0.055888549264111465, "oneh-in": 0.003579592807335895, "sfT": 1.6581327661641956e-05, "sft": 0.0, "dsfb": 0.0, "alternate": 0.32250511224703443, "dsfb-red": 0.010179619205862316, "oneh-out": 0.009131442421537092, "roll-in": 0.19777904959777778, "redirect": 0.04722849030038391, "sfb": 0.010770230305429371, "roll-out": 0.19471663629607883}, "dutch": {"unknown": 0.07360268279108878, "bad-redirect": 0.0008700379978632949, "sfR": 0.18880787437283908, "dsfb-alt": 0.04313155726903819, "oneh-in": 0.0038351458557147, "sfT": 0.0002863009915478181, "sft": 0.0, "dsfb": 0.0, "alternate": 0.2845058500829963,