{"english-450k": {"dsfb": 0.0, "sfR": 0.11369548401129392, "oneh-in": 0.021722784468932662, "oneh-out": 0.0115324729389739, "unknown": 0.00015377410175167997, "dsfb-red": 0.03255450356399254, "sfb": 0.041085750402999235, "sfT": 5.9638625013959534e-05, "redirect": 0.048170175893015324, "dsfb-alt": 0.024272920380681528, "alternate": 0.2601834413942341, "sft": 0.0, "roll-out": 0.1729803701219844, "roll-in": 0.26915320753481403, "bad-redirect": 0.004435476562312715}, "shai": {"dsfb": 0.0, "sfR": 0.09823378925716947, "oneh-in": 0.0220681575894227, "oneh-out": 0.007317747093864845, "unknown": 0.023260762136131256, "dsfb-red": 0.030472107821538856, "sfb": 0.022561766305954887, "sfT": 9.784393458947193e-05, "redirect": 0.0381299283850518, "dsfb-alt": 0.024354090696992507, "alternate": 0.2553994060625464, "sft": 0.0, "roll-out": 0.1721897155187602, "roll-in": 0.30290021342982315, "bad-redirect": 0.0030144717681544623}, "tr-quotes": {"dsfb": 0.0, "sfR": 0.09677191928064538, "oneh-in": 0.024547513927093687, "oneh-out": 0.006972793046855135, "unknown": 0.013835787429786644, "dsfb-red": 0.03503501999491459, "sfb": 0.022248676637155868, "sfT": 1.733663114583574e-05, "redirect": 0.040305355863248654, "dsfb-alt": 0.023517718037031045, "alternate": 0.24376459166454775, "sft": 0.0, "roll-out": 0.17251219343057256, "roll-in": 0.31713552622454405, "bad-redirect": 0.0033355678324587966}, "gutenberg": {"dsfb": 0.0, "sfR": 0.09863878308844841, "oneh-in": 0.021755677325516413, "oneh-out": 0.007904249559464773, "unknown": 0.032975828246008664, "dsfb-red": 0.030770594714031922, "sfb": 0.020458414270196706, "sfT": 4.3381022147811454e-05, "redirect": 0.0337807451154674, "dsfb-alt": 0.023925675616796677, "alternate": 0.23038997833979882, "sft": 0.0, "roll-out": 0.16986360173114906, "roll-in": 0.32630939648094665, "bad-redirect": 0.003183674490026722}, "english-200": {"dsfb": 0.0, "sfR": 0.10690423162583519, "oneh-in": 0.035634743875278395, "oneh-out": 0.0022271714922048997, "unknown": 0.0, "dsfb-red": 0.0400890868596882, "sfb": 0.015590200445434299, "sfT": 0.0, "redirect": 0.024498886414253896, "dsfb-alt": 0.008908685968819599, "alternate": 0.26280623608017817, "sft": 0.0, "roll-out": 0.17371937639198218, "roll-in": 0.32962138084632514, "bad-redirect": 0.0}, "monkeyracer": {"dsfb": 0.0, "sfR": 0.09690789370786869, "oneh-in": 0.024577904812549855, "oneh-out": 0.007015695137400879, "unknown": 0.013436077701487402, "dsfb-red": 0.03478033063797175, "sfb": 0.022346215806184212, "sfT": 1.955049501853387e-05, "redirect": 0.040314098252967764, "dsfb-alt": 0.02343126827971284, "alternate": 0.24327756228787714, "sft": 0.0, "roll-out": 0.17278923002330418, "roll-in": 0.3176887013779189, "bad-redirect": 0.003415471479737867}, "chained-bigrams": {"dsfb": 0.0, "sfR": 0.11914286586209158, "oneh-in": 0.029009635032325634, "oneh-out": 0.012632872088923577, "unknown": 0.022916559801936097, "dsfb-red": 0.02825709089421593, "sfb": 0.02263216434680922, "sfT": 9.414918035022196e-05, "redirect": 0.04430400705404618, "dsfb-alt": 0.031230257079206732, "alternate": 0.2552306362731469, "sft": 0.0, "roll-out": 0.1508114036084459, "roll-in": 0.2795042428815103, "bad-redirect": 0.004234115896991707}, "english-5k": {"dsfb": 0.0, "sfR": 0.10644211224955408, "oneh-in": 0.019620857012486, "oneh-out": 0.00875264446011532, "unknown": 0.002157049819554486, "dsfb-red": 0.03073795992865143, "sfb": 0.026257933380345957, "sfT": 4.148172729912474e-05, "redirect": 0.04562990002903721, "dsfb-alt": 0.02741942174472145, "alternate": 0.27825942672252874, "sft": 0.0, "roll-out": 0.19193595221305015, "roll-in": 0.2579748620732567, "bad-redirect": 0.004770398639399345}, "mt-quotes": {"dsfb": 0.0, "sfR": 0.0964592223377679, "oneh-in": 0.02525967894239849, "oneh-out": 0.006895387336990952, "unknown": 0.007977133909467972, "dsfb-red": 0.035391341246219864, "sfb": 0.021739520206547853, "sfT": 1.3447125900957435e-05, "redirect": 0.03962569177992135, "dsfb-alt": 0.02328145730985764, "alternate": 0.24294324715219756, "sft": 0.0, "roll-out": 0.17359641888096006, "roll-in": 0.323497507799333, "bad-redirect": 0.00331994597243638}, "wordle": {"dsfb": 0.0, "sfR": 0.13138112868843263, "oneh-in": 0.025670369123751823, "oneh-out": 0.010120049366094468, "unknown": 0.0, "dsfb-red": 0.03437675305733199, "sfb": 0.04050263659822731, "sfT": 2.2439133849433412e-05, "redirect": 0.04442948502187816, "dsfb-alt": 0.03132503085380904, "alternate": 0.232357231010883, "sft": 0.0, "roll-out": 0.19400875126220127, "roll-in": 0.25284416021541567, "bad-redirect": 0.0029619656681252105}, "english-1k": {"dsfb": 0.0, "sfR": 0.10832745236414962, "oneh-in": 0.02646436132674665, "oneh-out": 0.00529287226534933, "unknown": 0.0, "dsfb-red": 0.04022582921665491, "sfb": 0.01834862385321101, "sfT": 0.0, "redirect": 0.038461538461538464, "dsfb-alt": 0.022230063514467185, "alternate": 0.25017642907551163, "sft": 0.0, "roll-out": 0.19407198306280876, "roll-in": 0.292166549047283, "bad-redirect": 0.004234297812279464}, "english-10k": {"dsfb": 0.0, "sfR": 0.10567144593890508, "oneh-in": 0.019876112000926264, "oneh-out": 0.009011790586827734, "unknown": 0.0, "dsfb-red": 0.03130005210242952, "sfb": 0.025703865228382316, "sfT": 0.00011578317670442484, "redirect": 0.04403620153991625, "dsfb-alt": 0.02711256054495282, "alternate": 0.26915729144555295, "sft": 0.0, "roll-out": 0.1849057331969665, "roll-in": 0.2787479979159028, "bad-redirect": 0.004361166322533336}, "reddit": {"dsfb": 0.0, "sfR": 0.10397777127267367, "oneh-in": 0.024633792917065352, "oneh-out": 0.007129906242221734, "unknown": 0.039285409944231534, "dsfb-red": 0.029217007089002746, "sfb": 0.024440138090499733, "sfT": 0.00014698288964090888, "redirect": 0.03686401292130928, "dsfb-alt": 0.02464326964262069, "alternate": 0.24205317566758944, "sft": 0.0, "roll-out": 0.16552558275775336, "roll-in": 0.2996535376560312, "bad-redirect": 0.002429412909360364}, "akl": {"dsfb": 0.0, "sfR": 0.13064861186637447, "oneh-in": 0.01948187021625304, "oneh-out": 0.006817840460195892, "unknown": 0.13277008071454782, "dsfb-red": 0.02779227221808274, "sfb": 0.02529638436608681, "sfT": 0.00021394312749767607, "redirect": 0.02999972352193132, "dsfb-alt": 0.0207896683085939, "alternate": 0.2029096018263662, "sft": 0.0, "roll-out": 0.14365106164984076, "roll-in": 0.257555430331937, "bad-redirect": 0.002073511392292409}, "french": {"dsfb": 0.0, "sfR": 0.10898279115633469, "oneh-in": 0.019945486184100754, "oneh-out": 0.010542569822445589, "unknown": 0.15807953387545715, "dsfb-red": 0.023255408747023466, "sfb": 0.021636021840703717, "sfT": 8.3733494489972e-05, "redirect": 0.05066393290066084, "dsfb-alt": 0.017182340793285043, "alternate": 0.18616657050573726, "sft": 0.0, "roll-out": 0.1689009456731125, "roll-in": 0.22630384429627107, "bad-redirect": 0.008256820710377947}, "keymash": {"dsfb": 0.0, "sfR": 0.099723742164827, "oneh-in": 0.023997077331669493, "oneh-out": 0.007076798036229594, "unknown": 0.01232282349464109, "dsfb-red": 0.035671331168697896, "sfb": 0.0226958331451934, "sfT": 1.2314613752139664e-05, "redirect": 0.03948475656061048, "dsfb-alt": 0.02370152660161814, "alternate": 0.24212172585206865, "sft": 0.0, "roll-out": 0.17012228411455874, "roll-in": 0.31939592714674503, "bad-redirect": 0.0036738597693883332}, "movie": {"dsfb": 0.0, "sfR": 0.11567713207251198, "oneh-in": 0.022889206858510872, "oneh-out": 0.006488299833568214, "unknown": 0.030236445784519856, "dsfb-red": 0.03857501122858558, "sfb": 0.018416722716379418, "sfT": 1.1054218441094636e-05, "redirect": 0.043758123699073115, "dsfb-alt": 0.025249677289200332, "alternate": 0.23616390194960882, "sft": 0.0, "roll-out": 0.15952211034505084, "roll-in": 0.29966643895853995, "bad-redirect": 0.003345875046009894}, "dutch": {"dsfb": 0.0, "sfR": 0.18880787437283908, "oneh-in": 0.01251822261791102, "oneh-out": 0.018412953291823065, "unknown": 0.07290361491625476, "dsfb-red": 0.02841170208100136, "sfb": 0.053920014097907656, "sfT": 0.00017948725029082852, "redirect": 0.03647910709234994,