{"english-450k": {"dsfb": 0.0, "bad-redirect": 0.003975031295660823, "roll-in": 0.19832123117509726, "oneh-out": 0.006697359119827446, "oneh-in": 0.0035596073439704474, "sfR": 0.11369548401129392, "sfT": 5.0283546580397255e-05, "redirect": 0.026443883269670076, "roll-out": 0.18358815202704085, "sft": 0.0, "dsfb-red": 0.006791786942766215, "alternate": 0.3732223158379724, "sfb": 0.033287415490021934, "dsfb-alt": 0.050213675838346586, "unknown": 0.00015377410175167997}, "shai": {"dsfb": 0.0, "bad-redirect": 0.0037818422402793135, "roll-in": 0.23077199096615622, "oneh-out": 0.015115916421463368, "oneh-in": 0.0034431272841217563, "sfR": 0.09823378925716947, "sfT": 4.6131402546357436e-05, "redirect": 0.023364566500280372, "roll-out": 0.19866905156096684, "sft": 0.0, "dsfb-red": 0.006043031824358991, "alternate": 0.34397074683098666, "sfb": 0.0169722728557703, "dsfb-alt": 0.036326770719769086, "unknown": 0.023260762136131256}, "tr-quotes": {"dsfb": 0.0, "bad-redirect": 0.0033193869767226833, "roll-in": 0.23406416865074778, "oneh-out": 0.024368368738586717, "oneh-in": 0.00386606874552137, "sfR": 0.09677191928064538, "sfT": 1.8492406555558125e-05, "redirect": 0.022300686530593375, "roll-out": 0.19778900164120108, "sft": 0.0, "dsfb-red": 0.006226162132174476, "alternate": 0.34772890131989553, "sfb": 0.013534130047849102, "dsfb-alt": 0.0361769260997203, "unknown": 0.013835787429786644}, "gutenberg": {"dsfb": 0.0, "bad-redirect": 0.0038794757753931475, "roll-in": 0.23343972102782334, "oneh-out": 0.014746327105030948, "oneh-in": 0.0032370956614052497, "sfR": 0.09863878308844841, "sfT": 2.4437344354007328e-05, "redirect": 0.01943299299121809, "roll-out": 0.2097218575564247, "sft": 0.0, "dsfb-red": 0.00452242419971486, "alternate": 0.32820622693844026, "sfb": 0.016221850168390353, "dsfb-alt": 0.034952979897348, "unknown": 0.032975828246008664}, "english-200": {"dsfb": 0.0, "bad-redirect": 0.0022271714922048997, "roll-in": 0.27616926503340755, "oneh-out": 0.015590200445434299, "oneh-in": 0.0066815144766146995, "sfR": 0.10690423162583519, "sfT": 0.0, "redirect": 0.0200445434298441, "roll-out": 0.1915367483296214, "sft": 0.0, "dsfb-red": 0.0022271714922048997, "alternate": 0.3429844097995546, "sfb": 0.0022271714922048997, "dsfb-alt": 0.0334075723830735, "unknown": 0.0}, "monkeyracer": {"dsfb": 0.0, "bad-redirect": 0.0033343369254109512, "roll-in": 0.2336303705209816, "oneh-out": 0.024893645307099175, "oneh-in": 0.003924761874970675, "sfR": 0.09690789370786869, "sfT": 1.955049501853387e-05, "redirect": 0.022271923925113783, "roll-out": 0.1980650875080157, "sft": 0.0, "dsfb-red": 0.006171113752600215, "alternate": 0.34781796925098146, "sfb": 0.013369606018424386, "dsfb-alt": 0.03615766301202746, "unknown": 0.013436077701487402}, "chained-bigrams": {"dsfb": 0.0, "bad-redirect": 0.004653566728069247, "roll-in": 0.19221496660301315, "oneh-out": 0.006766404196066642, "oneh-in": 0.009909038905687844, "sfR": 0.11914286586209158, "sfT": 7.467003958810707e-05, "redirect": 0.030169942517055612, "roll-out": 0.18148390795716407, "sft": 0.0, "dsfb-red": 0.013059465271613892, "alternate": 0.3533581064716848, "sfb": 0.017864319992935564, "dsfb-alt": 0.04838618565309338, "unknown": 0.022916559801936097}, "english-5k": {"dsfb": 0.0, "bad-redirect": 0.005765960094578338, "roll-in": 0.2218442775957191, "oneh-out": 0.006056332185672211, "oneh-in": 0.0029866843655369808, "sfR": 0.10644211224955408, "sfT": 0.0, "redirect": 0.02530385365246609, "roll-out": 0.19728709503463723, "sft": 0.0, "dsfb-red": 0.007134857095449454, "alternate": 0.36043472850209485, "sfb": 0.02152901646824574, "dsfb-alt": 0.04305803293649148, "unknown": 0.002157049819554486}, "mt-quotes": {"dsfb": 0.0, "bad-redirect": 0.0032855810951339334, "roll-in": 0.23585212942709266, "oneh-out": 0.026567038404991573, "oneh-in": 0.004010231768685529, "sfR": 0.0964592223377679, "sfT": 7.470625500531909e-06, "redirect": 0.021962144846463704, "roll-out": 0.19906826358757365, "sft": 0.0, "dsfb-red": 0.006218548666642761, "alternate": 0.3502543000920381, "sfb": 0.012096436810461266, "dsfb-alt": 0.0362414984281804, "unknown": 0.007977133909467972}, "wordle": {"dsfb": 0.0, "bad-redirect": 0.003926848423650847, "roll-in": 0.19008190283855042, "oneh-out": 0.008728823067429597, "oneh-in": 0.0023336699203410746, "sfR": 0.13138112868843263, "sfT": 8.975653539773365e-05, "redirect": 0.025468416919106923, "roll-out": 0.19102434646022665, "sft": 0.0, "dsfb-red": 0.008549309996634129, "alternate": 0.3493099966341299, "sfb": 0.03179625266464715, "dsfb-alt": 0.05730954785145293, "unknown": 0.0}, "english-1k": {"dsfb": 0.0, "bad-redirect": 0.004234297812279464, "roll-in": 0.24841213832039521, "oneh-out": 0.008821453775582216, "oneh-in": 0.0035285815102328866, "sfR": 0.10832745236414962, "sfT": 0.0, "redirect": 0.025758645024700072, "roll-out": 0.20924488355681017, "sft": 0.0, "dsfb-red": 0.005998588567395907, "alternate": 0.3330980945659845, "sfb": 0.01305575158786168, "dsfb-alt": 0.03952011291460833, "unknown": 0.0}, "english-10k": {"dsfb": 0.0, "bad-redirect": 0.005480403697342776, "roll-in": 0.22195634974238243, "oneh-out": 0.008741629841184076, "oneh-in": 0.002817390633141005, "sfR": 0.10567144593890508, "sfT": 1.929719611740414e-05, "redirect": 0.025105652148742788, "roll-out": 0.19605951255282608, "sft": 0.0, "dsfb-red": 0.006734721444974045, "alternate": 0.3644082514810598, "sfb": 0.02111113255244013, "dsfb-alt": 0.04189421277088439, "unknown": 0.0}, "reddit": {"dsfb": 0.0, "bad-redirect": 0.0030457371871767543, "roll-in": 0.22259940588796825, "oneh-out": 0.01909155659337562, "oneh-in": 0.002827060808551977, "sfR": 0.10397777127267367, "sfT": 0.00010158450476711134, "redirect": 0.02247141390685128, "roll-out": 0.1896098005074356, "sft": 0.0, "dsfb-red": 0.0061666139453575, "alternate": 0.3371909974103817, "sfb": 0.016267042888925474, "dsfb-alt": 0.03736560514230352, "unknown": 0.039285409944231534}, "akl": {"dsfb": 0.0, "bad-redirect": 0.0029217233760082213, "roll-in": 0.18934055730912272, "oneh-out": 0.01606708193063128, "oneh-in": 0.0038174727863674717, "sfR": 0.13064861186637447, "sfT": 0.00016067353714255544, "redirect": 0.020171854715444644, "roll-out": 0.15256336554899932, "sft": 0.0, "dsfb-red": 0.007812395571775053, "alternate": 0.2926337273644082, "sfb": 0.020868485559629536, "dsfb-alt": 0.0302239697195487, "unknown": 0.13277008071454782}, "french": {"dsfb": 0.0, "bad-redirect": 0.003488251384700154, "roll-in": 0.12760833243704486, "oneh-out": 0.012455525851064676, "oneh-in": 0.0004152516133080254, "sfR": 0.10898279115633469, "sfT": 2.359639538767327e-05, "redirect": 0.019745388751213285, "roll-out": 0.23402241250055827, "sft": 0.0, "dsfb-red": 0.00737119930050396, "alternate": 0.2553820793512169, "sfb": 0.037014938825483505, "dsfb-alt": 0.03541069855772689, "unknown": 0.15807953387545715}, "keymash": {"dsfb": 0.0, "bad-redirect": 0.003501455176858378, "roll-in": 0.233657481333098, "oneh-out": 0.02370152660161814, "oneh-in": 0.003817530263163296, "sfR": 0.099723742164827, "sfT": 0.0, "redirect": 0.023184312824028275, "roll-out": 0.19927507973712405, "sft": 0.0, "dsfb-red": 0.006181936103574112, "alternate": 0.34482970941616414, "sfb": 0.012946763924749501, "dsfb-alt": 0.03685763896015402, "unknown": 0.01232282349464109}, "movie": {"dsfb": 0.0, "bad-redirect": 0.0020562162278821867, "roll-in": 0.21945255562344543, "oneh-out": 0.03553773311405624, "oneh-in": 0.0027284179873716084, "sfR": 0.11567713207251198, "sfT": 1.3554577374199376e-05, "redirect": 0.021634684663285216, "roll-out": 0.179055572319658, "sft": 0.0, "dsfb-red": 0.006139565561319395, "alternate": 0.3366210860006351, "sfb": 0.013107276320850797, "dsfb-alt": 0.03773975974709001, "unknown": 0.030236445784519856}, "dutch": {"dsfb": 0.0, "bad-redirect": 0.003378502318935826, "roll-in": 0.1736171744589894, "oneh-out": 0.0050723885887134475, "oneh-in": 0.003127489130442189, "sfR": 0.18880787437283908, "sfT": 3.3996785869271816e-05, "redirect": 0.01772584525674369,