{"english-450k": {"dsfb": 0.0, "bad-redirect": 0.013566033113469501, "sft": 0.0, "unknown": 0.00015377410175167997, "sfb": 0.02575570031240115, "roll-out": 0.24126542637816384, "dsfb-red": 0.026717811660052822, "dsfb-alt": 0.041522515627366176, "redirect": 0.05943866021244214, "oneh-in": 0.011483358777197698, "oneh-out": 0.02055252262613423, "alternate": 0.2453076973000659, "sfR": 0.11369548401129392, "sfT": 0.00010846044058911268, "roll-in": 0.20043255543907185}, "shai": {"dsfb": 0.0, "bad-redirect": 0.01177002928815751, "sft": 0.0, "unknown": 0.024097749651430984, "sfb": 0.014950317110334208, "roll-out": 0.23279661729366774, "dsfb-red": 0.03318519472645963, "dsfb-alt": 0.03843331812004646, "redirect": 0.05146686558503706, "oneh-in": 0.01667321023781959, "oneh-out": 0.02883598151864314, "alternate": 0.23009459201711155, "sfR": 0.09823378925716947, "sfT": 9.055208440092109e-05, "roll-in": 0.21937178310972175}, "tr-quotes": {"dsfb": 0.0, "bad-redirect": 0.011060770671043203, "sft": 0.0, "unknown": 0.013894731975682485, "sfb": 0.015436536372252145, "roll-out": 0.2330066341508518, "dsfb-red": 0.042070224913894734, "dsfb-alt": 0.04129469961397101, "redirect": 0.05338757772589631, "oneh-in": 0.01729733478190518, "oneh-out": 0.02908855551189293, "alternate": 0.22522133099096184, "sfR": 0.09677191928064538, "sfT": 6.125609671528629e-05, "roll-in": 0.2214084279142877}, "gutenberg": {"dsfb": 0.0, "bad-redirect": 0.010736329389638491, "sft": 0.0, "unknown": 0.03298207965968062, "sfb": 0.013121717297434306, "roll-out": 0.22180640849464822, "dsfb-red": 0.03155751508958655, "dsfb-alt": 0.039818474101908655, "redirect": 0.053047033742100014, "oneh-in": 0.016649598412974448, "oneh-out": 0.03633776274407508, "alternate": 0.21882903065579604, "sfR": 0.09863878308844841, "sfT": 2.349016046431712e-05, "roll-in": 0.22645177716324488}, "english-200": {"dsfb": 0.0, "bad-redirect": 0.011135857461024499, "sft": 0.0, "unknown": 0.0, "sfb": 0.013363028953229399, "roll-out": 0.24053452115812918, "dsfb-red": 0.053452115812917596, "dsfb-alt": 0.0400890868596882, "redirect": 0.031180400890868598, "oneh-in": 0.008908685968819599, "oneh-out": 0.031180400890868598, "alternate": 0.23162583518930957, "sfR": 0.10690423162583519, "sfT": 0.0, "roll-in": 0.23162583518930957}, "monkeyracer": {"dsfb": 0.0, "bad-redirect": 0.01108904077451241, "sft": 0.0, "unknown": 0.013491796612290222, "sfb": 0.015456621361652876, "roll-out": 0.2339568637877911, "dsfb-red": 0.04250864131879819, "dsfb-alt": 0.04135125201370099, "redirect": 0.05299063922298512, "oneh-in": 0.017312940863662668, "oneh-out": 0.02902857500351909, "alternate": 0.22503108528707946, "sfR": 0.09690789370786869, "sfT": 6.256158405930838e-05, "roll-in": 0.22081208846207986}, "chained-bigrams": {"dsfb": 0.0, "bad-redirect": 0.01211537624934339, "sft": 0.0, "unknown": 0.023159399756770463, "sfb": 0.01735916094250472, "roll-out": 0.22179598976436082, "dsfb-red": 0.03626301774744515, "dsfb-alt": 0.04771155807803214, "redirect": 0.05358127249434943, "oneh-in": 0.019136957189393736, "oneh-out": 0.022641254612498208, "alternate": 0.21523346724160433, "sfR": 0.11914286586209158, "sfT": 0.00011622553988061884, "roll-in": 0.2117434545217254}, "english-5k": {"dsfb": 0.0, "bad-redirect": 0.012154146098643548, "sft": 0.0, "unknown": 0.002157049819554486, "sfb": 0.013647488281412039, "roll-out": 0.24710664952088604, "dsfb-red": 0.02916165429128469, "dsfb-alt": 0.03949060438876675, "redirect": 0.06143443813000373, "oneh-in": 0.013896378645206786, "oneh-out": 0.01986974737628075, "alternate": 0.23905919442485585, "sfR": 0.10644211224955408, "sfT": 8.296345459824948e-05, "roll-in": 0.215497573318953}, "mt-quotes": {"dsfb": 0.0, "bad-redirect": 0.01111180836949116, "sft": 0.0, "unknown": 0.007995063410669249, "sfb": 0.015050322133371583, "roll-out": 0.23498254861883075, "dsfb-red": 0.044087149328839004, "dsfb-alt": 0.04234649358721507, "redirect": 0.05308775893187985, "oneh-in": 0.0178398536952702, "oneh-out": 0.029704701115214973, "alternate": 0.22507948745532566, "sfR": 0.0964592223377679, "sfT": 4.183550280297869e-05, "roll-in": 0.22221375551332162}, "wordle": {"dsfb": 0.0, "bad-redirect": 0.010007853696847301, "sft": 0.0, "unknown": 0.0, "sfb": 0.027510378099405364, "roll-out": 0.24068214966902277, "dsfb-red": 0.028452821721081566, "dsfb-alt": 0.041848984629193314, "redirect": 0.06262762257376865, "oneh-in": 0.010164927633793336, "oneh-out": 0.02216986424324021, "alternate": 0.23419723998653652, "sfR": 0.13138112868843263, "sfT": 0.0007404914170313026, "roll-in": 0.19021653764164703}, "english-1k": {"dsfb": 0.0, "bad-redirect": 0.011644318983768526, "sft": 0.0, "unknown": 0.0, "sfb": 0.011644318983768526, "roll-out": 0.2508821453775582, "dsfb-red": 0.029992942836979536, "dsfb-alt": 0.03705010585744531, "redirect": 0.06245589273112209, "oneh-in": 0.013761467889908258, "oneh-out": 0.022230063514467185, "alternate": 0.23853211009174313, "sfR": 0.10832745236414962, "sfT": 0.0, "roll-in": 0.21347918136908964}, "english-10k": {"dsfb": 0.0, "bad-redirect": 0.013315065321008858, "sft": 0.0, "unknown": 0.0, "sfb": 0.015321973717218888, "roll-out": 0.24607784488913761, "dsfb-red": 0.027247640917774648, "dsfb-alt": 0.04075567819995755, "redirect": 0.059705524787248415, "oneh-in": 0.012234422338434225, "oneh-out": 0.019046332567877886, "alternate": 0.2520792728816503, "sfR": 0.10567144593890508, "sfT": 7.718878446961657e-05, "roll-in": 0.20846760965631694}, "reddit": {"dsfb": 0.0, "bad-redirect": 0.010267451549304163, "sft": 0.0, "unknown": 0.04519937363713543, "sfb": 0.018486394624711366, "roll-out": 0.22354786504918064, "dsfb-red": 0.03706122620213481, "dsfb-alt": 0.03929035432278214, "redirect": 0.05046266460426149, "oneh-in": 0.017509655116486, "oneh-out": 0.026370992829340092, "alternate": 0.21745736456757195, "sfR": 0.10397777127267367, "sfT": 0.00015009185494167226, "roll-in": 0.21021879436947655}, "akl": {"dsfb": 0.0, "bad-redirect": 0.009315131669514703, "sft": 0.0, "unknown": 0.07331127266302054, "sfb": 0.01972561452733056, "roll-out": 0.21333593789011818, "dsfb-red": 0.03731715286505583, "dsfb-alt": 0.03766230000702561, "redirect": 0.05180081806873477, "oneh-in": 0.017410755828253393, "oneh-out": 0.021866691547494564, "alternate": 0.20172323275803852, "sfR": 0.11790358951788564, "sfT": 0.00015686816791733716, "roll-in": 0.19847063448961033}, "french": {"dsfb": 0.0, "bad-redirect": 0.015455174541937408, "sft": 0.0, "unknown": 0.15842537463172957, "sfb": 0.023904556820517113, "roll-out": 0.22377852060728642, "dsfb-red": 0.016243294147885695, "dsfb-alt": 0.03149269314020425, "redirect": 0.042117947728455916, "oneh-in": 0.010416587543832926, "oneh-out": 0.029501322169706384, "alternate": 0.17581555846832456, "sfR": 0.10898279115633469, "sfT": 3.290011699767016e-05, "roll-in": 0.1638332789267874}, "keymash": {"dsfb": 0.0, "bad-redirect": 0.01086969907188861, "sft": 0.0, "unknown": 0.012376186820900362, "sfb": 0.014613341652539068, "roll-out": 0.2345974968495113, "dsfb-red": 0.04137710220718927, "dsfb-alt": 0.04132784375218071, "redirect": 0.05399547643188171, "oneh-in": 0.016678091891647817, "oneh-out": 0.02924310279008099, "alternate": 0.226543739455612, "sfR": 0.099723742164827, "sfT": 6.157306876069832e-05, "roll-in": 0.21859260384298046}, "movie": {"dsfb": 0.0, "bad-redirect": 0.009110781560879331, "sft": 0.0, "unknown": 0.030282373430185833, "sfb": 0.015171783212563803, "roll-out": 0.21654608576046905, "dsfb-red": 0.053587955849977935, "dsfb-alt": 0.03730719765166289, "redirect": 0.05446597662901345, "oneh-in": 0.016437096430553386, "oneh-out": 0.025002273352661548, "alternate": 0.20918371308302283, "sfR": 0.11567713207251198, "sfT": 7.343159393012865e-05, "roll-in": 0.21715419937256783}, "dutch": {"dsfb": 0.0, "bad-redirect": 0.004694120553535094, "sft": 0.0, "unknown": 0.07360268279108878, "sfb": 0.05421705563520215, "roll-out": 0.20213855920832532, "dsfb-red": 0.025539099190607536, "dsfb-alt": 0.02440528127875539,