{"english-450k": {"sfb": 0.041540641091831206, "roll-in": 0.24669868052465618, "dsfb": 0.0, "redirect": 0.055015462190573475, "sfT": 7.045543445276592e-05, "oneh-in": 0.016732434817029282, "alternate": 0.25168727609935326, "sfR": 0.11369548401129392, "unknown": 0.00015377410175167997, "dsfb-alt": 0.0389124487444023, "dsfb-red": 0.026604673680246927, "roll-out": 0.1872544657343941, "bad-redirect": 0.013105295500616558, "oneh-out": 0.00852890806939831, "sft": 0.0}, "shai": {"sfb": 0.021711611659900674, "roll-in": 0.24385850110523394, "dsfb": 0.0, "redirect": 0.04324412015235168, "sfT": 5.9821038489512584e-05, "oneh-in": 0.025715150916528286, "alternate": 0.2494923416995058, "sfR": 0.09823378925716947, "unknown": 0.023621906111313578, "dsfb-alt": 0.045195367399329896, "dsfb-red": 0.023631202833263098, "roll-out": 0.20322786675761612, "bad-redirect": 0.011399066085836998, "oneh-out": 0.01060925498346097, "sft": 0.0}, "tr-quotes": {"sfb": 0.023915304777975543, "roll-in": 0.2320253808279975, "dsfb": 0.0, "redirect": 0.0439275559973186, "sfT": 3.8140588520838634e-05, "oneh-in": 0.030192321028177805, "alternate": 0.2454450891102841, "sfR": 0.09677191928064538, "unknown": 0.01476965396084233, "dsfb-alt": 0.04540116964471464, "dsfb-red": 0.026380573726913385, "roll-out": 0.21921592196204434, "bad-redirect": 0.010193939113751415, "oneh-out": 0.011723029980814129, "sft": 0.0}, "gutenberg": {"sfb": 0.017816339528294846, "roll-in": 0.21966615177750423, "dsfb": 0.0, "redirect": 0.04005811162600027, "sfT": 0.00012957475610962023, "oneh-in": 0.020437576224623524, "alternate": 0.24494421655200058, "sfR": 0.09863878308844841, "unknown": 0.03802431837805746, "dsfb-alt": 0.04220954511304261, "dsfb-red": 0.023547938681588224, "roll-out": 0.23141388412455394, "bad-redirect": 0.01120935302414978, "oneh-out": 0.011904207125626514, "sft": 0.0}, "english-200": {"sfb": 0.013363028953229399, "roll-in": 0.2383073496659243, "dsfb": 0.0, "redirect": 0.042316258351893093, "sfT": 0.0, "oneh-in": 0.022271714922048998, "alternate": 0.2650334075723831, "sfR": 0.10690423162583519, "unknown": 0.0, "dsfb-alt": 0.042316258351893093, "dsfb-red": 0.026726057906458798, "roll-out": 0.22494432071269488, "bad-redirect": 0.008908685968819599, "oneh-out": 0.008908685968819599, "sft": 0.0}, "monkeyracer": {"sfb": 0.023678582041697295, "roll-in": 0.2321699485430971, "dsfb": 0.0, "redirect": 0.04377551339599919, "sfT": 3.714594053521435e-05, "oneh-in": 0.03035312104102476, "alternate": 0.2458728905015875, "sfR": 0.09690789370786869, "unknown": 0.014352018393105714, "dsfb-alt": 0.04528481161143, "dsfb-red": 0.02647332530459671, "roll-out": 0.219330160939675, "bad-redirect": 0.010101740776076451, "oneh-out": 0.01166284780330638, "sft": 0.0}, "chained-bigrams": {"sfb": 0.022519834635081025, "roll-in": 0.2430009823979991, "dsfb": 0.0, "redirect": 0.04811672420588413, "sfT": 7.467003958810707e-05, "oneh-in": 0.013912002332302454, "alternate": 0.23249003804276192, "sfR": 0.11914286586209158, "unknown": 0.02365222201805197, "dsfb-alt": 0.04697459725253213, "dsfb-red": 0.03274833144926755, "roll-out": 0.20008129294744723, "bad-redirect": 0.009116237876669769, "oneh-out": 0.008170200940323055, "sft": 0.0}, "english-5k": {"sfb": 0.023976438378894096, "roll-in": 0.2738208819015224, "dsfb": 0.0, "redirect": 0.048865474758368936, "sfT": 0.0, "oneh-in": 0.030115734019164557, "alternate": 0.2649437922595097, "sfR": 0.10644211224955408, "unknown": 0.002157049819554486, "dsfb-alt": 0.044592856846559094, "dsfb-red": 0.024557182561081844, "roll-out": 0.16061724810221098, "bad-redirect": 0.010785249097772431, "oneh-out": 0.009125980005807442, "sft": 0.0}, "mt-quotes": {"sfb": 0.023099174047644663, "roll-in": 0.23201073379471918, "dsfb": 0.0, "redirect": 0.0435238641660989, "sfT": 2.540012670180849e-05, "oneh-in": 0.031439380356438486, "alternate": 0.2470954208053932, "sfR": 0.0964592223377679, "unknown": 0.008869126594231481, "dsfb-alt": 0.045548403676743045, "dsfb-red": 0.02694355793021838, "roll-out": 0.22345387934640992, "bad-redirect": 0.00975364865349446, "oneh-out": 0.011778188164138607, "sft": 0.0}, "wordle": {"sfb": 0.03237967014473241, "roll-in": 0.21842252889038483, "dsfb": 0.0, "redirect": 0.06186469202288792, "sfT": 0.0, "oneh-in": 0.014899584876023785, "alternate": 0.2330977224279143, "sfR": 0.13138112868843263, "unknown": 0.0, "dsfb-alt": 0.04395826321104005, "dsfb-red": 0.02959721754740267, "roll-out": 0.20736003590261415, "bad-redirect": 0.017278133064063728, "oneh-out": 0.009761023224503534, "sft": 0.0}, "english-1k": {"sfb": 0.015172900494001412, "roll-in": 0.2702893436838391, "dsfb": 0.0, "redirect": 0.0497529992942837, "sfT": 0.0, "oneh-in": 0.02858151023288638, "alternate": 0.26040931545518703, "sfR": 0.10832745236414962, "unknown": 0.0, "dsfb-alt": 0.04410726887791108, "dsfb-red": 0.024700070571630206, "roll-out": 0.1774876499647142, "bad-redirect": 0.012350035285815103, "oneh-out": 0.008821453775582216, "sft": 0.0}, "english-10k": {"sfb": 0.025645973640030104, "roll-in": 0.2779182184828544, "dsfb": 0.0, "redirect": 0.04855174543138882, "sfT": 1.929719611740414e-05, "oneh-in": 0.027266938113892053, "alternate": 0.25476158314196945, "sfR": 0.10567144593890508, "unknown": 0.0, "dsfb-alt": 0.0470658613303487, "dsfb-red": 0.024372358696281432, "roll-out": 0.1686188996738774, "bad-redirect": 0.011713398043264314, "oneh-out": 0.008394280311070802, "sft": 0.0}, "reddit": {"sfb": 0.022663270777580315, "roll-in": 0.23409549804968613, "dsfb": 0.0, "redirect": 0.04378737898680319, "sfT": 6.599996216801261e-05, "oneh-in": 0.026191122330854962, "alternate": 0.23368608852273018, "sfR": 0.10397777127267367, "unknown": 0.041217688064775854, "dsfb-alt": 0.04216082827330502, "dsfb-red": 0.027191010520476375, "roll-out": 0.20162347920561066, "bad-redirect": 0.010796462596806344, "oneh-out": 0.012543401436529256, "sft": 0.0}, "akl": {"sfb": 0.023370575019779054, "roll-in": 0.21146927882684746, "dsfb": 0.0, "redirect": 0.038488687364900374, "sfT": 0.00022686520345116775, "oneh-in": 0.02195979564144555, "alternate": 0.1985360844523633, "sfR": 0.13064861186637447, "unknown": 0.13295000147380848, "dsfb-alt": 0.035807196005136516, "dsfb-red": 0.024055939197358222, "roll-out": 0.16636940538659825, "bad-redirect": 0.008426997176637589, "oneh-out": 0.00769056238529959, "sft": 0.0}, "french": {"sfb": 0.05605889288739172, "roll-in": 0.20781634567403837, "dsfb": 0.0, "redirect": 0.03613998448450858, "sfT": 0.0004434474330665023, "oneh-in": 0.018854778389171618, "alternate": 0.2083881874616905, "sfR": 0.10898279115633469, "unknown": 0.15822382396052298, "dsfb-alt": 0.027534671232471792, "dsfb-red": 0.021005631028813476, "roll-out": 0.14054128453053427, "bad-redirect": 0.007716485728757742, "oneh-out": 0.008293676032697742, "sft": 0.0}, "keymash": {"sfb": 0.023578380464096743, "roll-in": 0.23072249838883804, "dsfb": 0.0, "redirect": 0.04431208515144922, "sfT": 5.3363326259271875e-05, "oneh-in": 0.029858833477687974, "alternate": 0.24463801192875587, "sfR": 0.099723742164827, "unknown": 0.013394194891077241, "dsfb-alt": 0.04508790581783402, "dsfb-red": 0.026238337034558912, "roll-out": 0.22085438790212344, "bad-redirect": 0.01048794604557228, "oneh-out": 0.011050313406919992, "sft": 0.0}, "movie": {"sfb": 0.028806503670461114, "roll-in": 0.216306051302891, "dsfb": 0.0, "redirect": 0.04367087433209162, "sfT": 2.908312232716565e-05, "oneh-in": 0.036666184579917986, "alternate": 0.21744582018287098, "sfR": 0.11567713207251198, "unknown": 0.030451476652766863, "dsfb-alt": 0.045893430227944565, "dsfb-red": 0.026257453537080127, "roll-out": 0.21778757976967483, "bad-redirect": 0.01009802854593995, "oneh-out": 0.010910382003521821, "sft": 0.0}, "dutch": {"sfb": 0.0514227027308492, "roll-in": 0.2235410600305419, "dsfb": 0.0, "redirect": 0.04401470267748716, "sfT": 0.0003810473082847549, "oneh-in": 0.011290644583004857, "alternate": 0.1819196342519626, "sfR": 0.18880787437283908, "unknown": 0.07325981014373002,