{"english-450k": {"alternate": 0.18332825625430846, "sft": 0.0, "dsfb": 0.0, "sfb": 0.029150424398980062, "dsfb-alt": 0.03582527286132675, "oneh-in": 0.022672032583738184, "roll-out": 0.27036439784575933, "sfR": 0.11369548401129392, "sfT": 3.245042831641916e-05, "unknown": 0.0001543587941537776, "roll-in": 0.20344664477188518, "bad-redirect": 0.01087030879359832, "dsfb-red": 0.0387890786475597, "redirect": 0.06443807259657804, "oneh-out": 0.027233218012501892}, "shai": {"alternate": 0.1585570558636229, "sft": 0.0, "dsfb": 0.0, "sfb": 0.01836964912112305, "dsfb-alt": 0.026924452406821456, "oneh-in": 0.019713571170470453, "roll-out": 0.2686722570335391, "sfR": 0.09823378925716947, "sfT": 3.0440765251036262e-05, "unknown": 0.06456276146546681, "roll-in": 0.21230409151751917, "bad-redirect": 0.007032354759813266, "dsfb-red": 0.029221203307001137, "redirect": 0.05363570721503032, "oneh-out": 0.042742666117171826}, "tr-quotes": {"alternate": 0.1489470886017429, "sft": 0.0, "dsfb": 0.0, "sfb": 0.016963315688495413, "dsfb-alt": 0.020864057696308454, "oneh-in": 0.014151314116640855, "roll-out": 0.27804604609232336, "sfR": 0.09677191928064538, "sfT": 1.1557754097223828e-05, "unknown": 0.09006264302720696, "roll-in": 0.2071322900533968, "bad-redirect": 0.006949677538660688, "dsfb-red": 0.02400661103534361, "redirect": 0.04833452763459005, "oneh-out": 0.047758951480548296}, "gutenberg": {"alternate": 0.14685858885513126, "sft": 0.0, "dsfb": 0.0, "sfb": 0.01830432866826324, "dsfb-alt": 0.020509941073795855, "oneh-in": 0.013747237538185719, "roll-out": 0.2664208535036143, "sfR": 0.09863878308844841, "sfT": 5.304229782265156e-06, "unknown": 0.09436925698728084, "roll-in": 0.20485598447830816, "bad-redirect": 0.010674004689696875, "dsfb-red": 0.022865776844233337, "redirect": 0.04671264676140779, "oneh-out": 0.056037293281851995}, "english-200": {"alternate": 0.1291759465478842, "sft": 0.0, "dsfb": 0.0, "sfb": 0.017817371937639197, "dsfb-alt": 0.024498886414253896, "oneh-in": 0.008908685968819599, "roll-out": 0.36525612472160357, "sfR": 0.10690423162583519, "sfT": 0.0, "unknown": 0.0, "roll-in": 0.21380846325167038, "bad-redirect": 0.0022271714922048997, "dsfb-red": 0.0334075723830735, "redirect": 0.05790645879732739, "oneh-out": 0.0400890868596882}, "monkeyracer": {"alternate": 0.14883400847709463, "sft": 0.0, "dsfb": 0.0, "sfb": 0.016987425121604078, "dsfb-alt": 0.020896546600559927, "oneh-in": 0.013915064829441482, "roll-out": 0.27863854262789933, "sfR": 0.09690789370786869, "sfT": 1.1730297011120321e-05, "unknown": 0.0900202543128392, "roll-in": 0.20701041650374588, "bad-redirect": 0.006970728998858251, "dsfb-red": 0.02393664857594194, "redirect": 0.04830047546803885, "oneh-out": 0.04757026447909661}, "chained-bigrams": {"alternate": 0.1516606941456741, "sft": 0.0, "dsfb": 0.0, "sfb": 0.01888827349233074, "dsfb-alt": 0.04063413693446373, "oneh-in": 0.016786474204098543, "roll-out": 0.2474772889451331, "sfR": 0.11914286586209158, "sfT": 2.9218711143172335e-05, "unknown": 0.05987563217928082, "roll-in": 0.20143833975387457, "bad-redirect": 0.012699101167514767, "dsfb-red": 0.03571110875918523, "redirect": 0.051928142748337944, "oneh-out": 0.043728723096871716}, "english-5k": {"alternate": 0.17737586593105736, "sft": 0.0, "dsfb": 0.0, "sfb": 0.022317169286929107, "dsfb-alt": 0.03513502302235865, "oneh-in": 0.03405649811258141, "roll-out": 0.2779275729041357, "sfR": 0.10644211224955408, "sfT": 0.0, "unknown": 0.0022400132741527356, "roll-in": 0.22209316795951384, "bad-redirect": 0.007425229186543328, "dsfb-red": 0.032272783838719045, "redirect": 0.06081221222051686, "oneh-out": 0.02190235201393786}, "mt-quotes": {"alternate": 0.1491181673659172, "sft": 0.0, "dsfb": 0.0, "sfb": 0.016792472000095624, "dsfb-alt": 0.020136323974133705, "oneh-in": 0.01309451237733233, "roll-out": 0.28227310216229784, "sfR": 0.0964592223377679, "sfT": 2.9882502002127633e-06, "unknown": 0.0857358864943044, "roll-in": 0.20927911452170067, "bad-redirect": 0.006941705215094249, "dsfb-red": 0.02317089205244977, "redirect": 0.04782096795400485, "oneh-out": 0.04917464529470123}, "wordle": {"alternate": 0.17897453158308088, "sft": 0.0, "dsfb": 0.0, "sfb": 0.036912375182317964, "dsfb-alt": 0.035767979355996855, "oneh-in": 0.01761472007180523, "roll-out": 0.26855155391001906, "sfR": 0.13138112868843263, "sfT": 4.4878267698866824e-05, "unknown": 0.0, "roll-in": 0.196634129922585, "bad-redirect": 0.010568832043083136, "dsfb-red": 0.036216762032985524, "redirect": 0.060585661393470214, "oneh-out": 0.026747447548524626}, "english-1k": {"alternate": 0.16019760056457305, "sft": 0.0, "dsfb": 0.0, "sfb": 0.021877205363443897, "dsfb-alt": 0.02928722653493296, "oneh-in": 0.02399435426958363, "roll-out": 0.31157374735356386, "sfR": 0.10832745236414962, "sfT": 0.0, "unknown": 0.0, "roll-in": 0.2244177840508116, "bad-redirect": 0.007410021171489062, "dsfb-red": 0.027522935779816515, "redirect": 0.05716302046577276, "oneh-out": 0.028228652081863093}, "english-10k": {"alternate": 0.18396017058721367, "sft": 0.0, "dsfb": 0.0, "sfb": 0.022635611045715057, "dsfb-alt": 0.03270874741900002, "oneh-in": 0.03178248200536462, "roll-out": 0.2689450222882615, "sfR": 0.10567144593890508, "sfT": 0.0, "unknown": 0.0, "roll-in": 0.22548773663186739, "bad-redirect": 0.007892553212018294, "dsfb-red": 0.03471565581521005, "redirect": 0.0666332181933965, "oneh-out": 0.019567356863047797}, "reddit": {"alternate": 0.14615021134408998, "sft": 0.0, "dsfb": 0.0, "sfb": 0.017530181778953692, "dsfb-alt": 0.02515475062071616, "oneh-in": 0.01549688101484119, "roll-out": 0.2623447179522332, "sfR": 0.10397777127267367, "sfT": 4.022926184361268e-05, "unknown": 0.10396709590989395, "roll-in": 0.20269419936371091, "bad-redirect": 0.0072018993905117, "dsfb-red": 0.02580092845690253, "redirect": 0.04854555673608836, "oneh-out": 0.04109557689754105}, "akl": {"alternate": 0.14545532720457083, "sft": 0.0, "dsfb": 0.0, "sfb": 0.02138815689939286, "dsfb-alt": 0.026775265037195475, "oneh-in": 0.01250998857439671, "roll-out": 0.2561278022063396, "sfR": 0.11790358951788564, "sfT": 0.00011610226961970373, "unknown": 0.10992691752439232, "roll-in": 0.19904594168047937, "bad-redirect": 0.007206146952265859, "dsfb-red": 0.027928791268811943, "redirect": 0.042310665635252265, "oneh-out": 0.03330530522939739}, "french": {"alternate": 0.13882147436181227, "sft": 0.0, "dsfb": 0.0, "sfb": 0.01975228039685032, "dsfb-alt": 0.024933749187216542, "oneh-in": 0.024405384694431098, "roll-out": 0.20002691337439646, "sfR": 0.10898279115633469, "sfT": 1.649500401385922e-05, "unknown": 0.21023212216107084, "roll-in": 0.15282519342339845, "bad-redirect": 0.007006945864909992, "dsfb-red": 0.025107508548299868, "redirect": 0.058380313756550194, "oneh-out": 0.029508828070715417}, "keymash": {"alternate": 0.147073432041804, "sft": 0.0, "dsfb": 0.0, "sfb": 0.017244564124246242, "dsfb-alt": 0.021805076083788632, "oneh-in": 0.013907303797416394, "roll-out": 0.27760012807198303, "sfR": 0.099723742164827, "sfT": 8.209742501426442e-06, "unknown": 0.0849421007910087, "roll-in": 0.2096316699026735, "bad-redirect": 0.007117846748736726, "dsfb-red": 0.023393661257814648, "redirect": 0.04918867219729653, "oneh-out": 0.048363593075903176}, "movie": {"alternate": 0.12906076385439014, "sft": 0.0, "dsfb": 0.0, "sfb": 0.013230583495604435, "dsfb-alt": 0.020412535536351337, "oneh-in": 0.011278855951558309, "roll-out": 0.2661096481086956, "sfR": 0.11567713207251198, "sfT": 9.738240055250037e-06, "unknown": 0.15450046842250645, "roll-in": 0.1814173587287333, "bad-redirect": 0.006944417942101952, "dsfb-red": 0.021241075528079096, "redirect": 0.04240542951626345, "oneh-out": 0.03771199260314869}, "dutch": {"alternate": 0.13459024495222144, "sft": 0.0, "dsfb": 0.0, "sfb": 0.035574928862263495, "dsfb-alt": 0.02807942653303539, "oneh-in": 0.008441566894647153, "roll-out": 0.2432060848221959, "sfR": 0.18880787437283908, "sfT": 8.457955640577804e-05, "unknown": 0.10091669751062121,