{"english-450k": {"sfR": 0.11369548401129392, "sfb": 0.024454467371532847, "dsfb-alt": 0.044623139435689976, "dsfb-red": 0.009826925202055076, "roll-in": 0.18311864402815645, "oneh-in": 0.007833416457103165, "dsfb": 0.0, "bad-redirect": 0.003316082958496779, "sft": 0.0, "redirect": 0.028716582636623612, "sfT": 2.6603504295442732e-05, "roll-out": 0.2391418235737452, "alternate": 0.3376788647144567, "oneh-out": 0.007567966106550836, "unknown": 0.0}, "shai": {"sfR": 0.09823378925716947, "sfb": 0.013500961254730801, "dsfb-alt": 0.04067051891035297, "dsfb-red": 0.007051342985410417, "roll-in": 0.1551433746496893, "oneh-in": 0.006608293419097464, "dsfb": 0.0, "bad-redirect": 0.0029520033700423547, "sft": 0.0, "redirect": 0.022122904521968904, "sfT": 1.5539691351927602e-05, "roll-out": 0.29011100487268987, "alternate": 0.30691523618937505, "oneh-out": 0.009113264572166558, "unknown": 0.047561766305954885}, "tr-quotes": {"sfR": 0.09677191928064538, "sfb": 0.010711726497307044, "dsfb-alt": 0.04174891934999191, "dsfb-red": 0.008468366427035898, "roll-in": 0.13847114028801924, "oneh-in": 0.005974203092854996, "dsfb": 0.0, "bad-redirect": 0.0029969256374101387, "sft": 0.0, "redirect": 0.022038325512586394, "sfT": 1.1557754097223828e-06, "roll-out": 0.311665241210328, "alternate": 0.29152354314509604, "oneh-out": 0.009335197984327685, "unknown": 0.06029333579898754}, "gutenberg": {"sfR": 0.09863878308844841, "sfb": 0.010964411270275892, "dsfb-alt": 0.034604795099497876, "dsfb-red": 0.009684576398526485, "roll-in": 0.12463538156166376, "oneh-in": 0.00479123498760894, "dsfb": 0.0, "bad-redirect": 0.0026248359951095003, "sft": 0.0, "redirect": 0.02196216341346888, "sfT": 4.735919448451032e-06, "roll-out": 0.3307179691771207, "alternate": 0.2687170166890013, "oneh-out": 0.01228175462405703, "unknown": 0.08037234177577278}, "english-200": {"sfR": 0.10690423162583519, "sfb": 0.0022271714922048997, "dsfb-alt": 0.044543429844097995, "dsfb-red": 0.011135857461024499, "roll-in": 0.14253897550111358, "oneh-in": 0.0022271714922048997, "dsfb": 0.0, "bad-redirect": 0.004454342984409799, "sft": 0.0, "redirect": 0.028953229398663696, "sfT": 0.0, "roll-out": 0.3184855233853007, "alternate": 0.33184855233853006, "oneh-out": 0.0066815144766146995, "unknown": 0.0}, "monkeyracer": {"sfR": 0.09690789370786869, "sfb": 0.010496660775450835, "dsfb-alt": 0.04171489122104571, "dsfb-red": 0.008447768897508486, "roll-in": 0.1385269875033236, "oneh-in": 0.006002001970689898, "dsfb": 0.0, "bad-redirect": 0.0029746078170699284, "sft": 0.0, "redirect": 0.022060778578913618, "sfT": 9.775247509266934e-07, "roll-out": 0.31241006772291474, "alternate": 0.290737366470119, "oneh-out": 0.00933340632184807, "unknown": 0.06038659148849649}, "chained-bigrams": {"sfR": 0.11914286586209158, "sfb": 0.014198345701505542, "dsfb-alt": 0.04612595601999599, "dsfb-red": 0.012040056905063212, "roll-in": 0.12976873714782525, "oneh-in": 0.005274302013688641, "dsfb": 0.0, "bad-redirect": 0.006158005699596587, "sft": 0.0, "redirect": 0.028952496219423432, "sfT": 2.077775014625588e-05, "roll-out": 0.2751019570692724, "alternate": 0.31213375157212897, "oneh-out": 0.00773192027317547, "unknown": 0.04335082776608669}, "english-5k": {"sfR": 0.10644211224955408, "sfb": 0.016800099556145517, "dsfb-alt": 0.04600323557472933, "dsfb-red": 0.007217820550047704, "roll-in": 0.19757746712573113, "oneh-in": 0.010163023188285561, "dsfb": 0.0, "bad-redirect": 0.002488903637947484, "sft": 0.0, "redirect": 0.024598664288380968, "sfT": 0.0, "roll-out": 0.24258514124528147, "alternate": 0.3409383166715062, "oneh-out": 0.005185215912390592, "unknown": 0.0}, "mt-quotes": {"sfR": 0.0964592223377679, "sfb": 0.009565388890881056, "dsfb-alt": 0.04194307981018635, "dsfb-red": 0.008462724567002545, "roll-in": 0.13549921707844753, "oneh-in": 0.005891335269719463, "dsfb": 0.0, "bad-redirect": 0.002909061569907125, "sft": 0.0, "redirect": 0.02189789746715913, "sfT": 0.0, "roll-out": 0.32114426076666547, "alternate": 0.2902517301968659, "oneh-out": 0.009550447639879991, "unknown": 0.056425634405517504}, "wordle": {"sfR": 0.13138112868843263, "sfb": 0.028318186917984964, "dsfb-alt": 0.04860316391787277, "dsfb-red": 0.015595198025356222, "roll-in": 0.15954224166947156, "oneh-in": 0.00473465724223045, "dsfb": 0.0, "bad-redirect": 0.00381465275440368, "sft": 0.0, "redirect": 0.035700661954448557, "sfT": 2.2439133849433412e-05, "roll-out": 0.24254459777852574, "alternate": 0.3123078649164142, "oneh-out": 0.01743520700100976, "unknown": 0.0}, "english-1k": {"sfR": 0.10832745236414962, "sfb": 0.014114326040931546, "dsfb-alt": 0.04199011997177135, "dsfb-red": 0.009527170077628794, "roll-in": 0.18842625264643614, "oneh-in": 0.008821453775582216, "dsfb": 0.0, "bad-redirect": 0.0017642907551164433, "sft": 0.0, "redirect": 0.024347212420606917, "sfT": 0.0, "roll-out": 0.2692307692307692, "alternate": 0.323923782639379, "oneh-out": 0.009527170077628794, "unknown": 0.0}, "english-10k": {"sfR": 0.10567144593890508, "sfb": 0.017213098936724493, "dsfb-alt": 0.043418691264159315, "dsfb-red": 0.006561046679917408, "roll-in": 0.19326141911580247, "oneh-in": 0.009108276567414754, "dsfb": 0.0, "bad-redirect": 0.0022770691418536886, "sft": 0.0, "redirect": 0.023639065243820073, "sfT": 0.0, "roll-out": 0.2515582485864804, "alternate": 0.3379903899963335, "oneh-out": 0.009301248528588796, "unknown": 0.0}, "reddit": {"sfR": 0.10397777127267367, "sfb": 0.012372258515334222, "dsfb-alt": 0.04204493503667174, "dsfb-red": 0.00814020759273004, "roll-in": 0.14199363710920915, "oneh-in": 0.006746155043350401, "dsfb": 0.0, "bad-redirect": 0.003108927843350101, "sft": 0.0, "redirect": 0.02349737245610319, "sfT": 4.749600001648126e-05, "roll-out": 0.28870780726737494, "alternate": 0.2919676135713452, "oneh-out": 0.008145376715760225, "unknown": 0.0692504415760806}, "akl": {"sfR": 0.13064861186637447, "sfb": 0.016377162338310672, "dsfb-alt": 0.03958508721277073, "dsfb-red": 0.00829021589082778, "roll-in": 0.131917421362435, "oneh-in": 0.007038874669526555, "dsfb": 0.0, "bad-redirect": 0.003367102613365088, "sft": 0.0, "redirect": 0.023132418442119957, "sfT": 0.00021463494035943087, "roll-out": 0.24357678318533027, "alternate": 0.2526207538966421, "oneh-out": 0.007681173496461489, "unknown": 0.13554976008547645}, "french": {"sfR": 0.10898279115633469, "sfb": 0.04588577519844456, "dsfb-alt": 0.03090897075474741, "dsfb-red": 0.0065430632043458475, "roll-in": 0.127648318963578, "oneh-in": 0.004532710244669451, "dsfb": 0.0, "bad-redirect": 0.0021756775457735236, "sft": 0.0, "redirect": 0.02899074111903216, "sfT": 4.196412919420497e-05, "roll-out": 0.23358215619905848, "alternate": 0.2228797751070254, "oneh-out": 0.01263070848679043, "unknown": 0.17519734789100586}, "keymash": {"sfR": 0.099723742164827, "sfb": 0.010840964973133617, "dsfb-alt": 0.041258060940918585, "dsfb-red": 0.008279525312688567, "roll-in": 0.1382807978227763, "oneh-in": 0.006046475352300575, "dsfb": 0.0, "bad-redirect": 0.0028323611629921227, "sft": 0.0, "redirect": 0.02207189271508499, "sfT": 0.0, "roll-out": 0.3120030540242105, "alternate": 0.2899886295066355, "oneh-out": 0.009560245142911093, "unknown": 0.0591142508815211}, "movie": {"sfR": 0.11567713207251198, "sfb": 0.010805366928331422, "dsfb-alt": 0.0439369651617094, "dsfb-red": 0.010854058128607673, "roll-in": 0.1242113835025528, "oneh-in": 0.0063223549591132095, "dsfb": 0.0, "bad-redirect": 0.0026216921402796114, "sft": 0.0, "redirect": 0.022133835265036074, "sfT": 1.5791740630135194e-06, "roll-out": 0.29095926796859917, "alternate": 0.2706401668976428, "oneh-out": 0.007111152403588463, "unknown": 0.09472504539796436}, "dutch": {"sfR": 0.18880787437283908, "sfb": 0.030118301283891487, "dsfb-alt": 0.04457088005306368, "dsfb-red": 0.012663928251863394, "roll-in": 0.15501230787647075, "oneh-in": 0.004548701812290477, "dsfb": 0.0, "bad-redirect": 0.004205739510960539, "sft": 0.0, "redirect": 0.022055020355216923, "sfT": 0.0002607675405573945,