{"english-450k": {"dsfb": 0.0, "bad-redirect": 0.002558613951579283, "roll-in": 0.21257544724583569, "oneh-out": 0.005228611805758168, "oneh-in": 0.003566623652795619, "sfR": 0.11369548401129392, "sfT": 7.71793970768888e-05, "redirect": 0.039758790996438635, "roll-out": 0.17547671433274026, "sft": 0.0, "dsfb-red": 0.013175458588868275, "alternate": 0.35342375406434307, "sfb": 0.030488492961180516, "dsfb-alt": 0.049821054890338015, "unknown": 0.00015377410175167997}, "shai": {"dsfb": 0.0, "bad-redirect": 0.001569926830695624, "roll-in": 0.2047853773168654, "oneh-out": 0.01270451240125426, "oneh-in": 0.0034795942758821205, "sfR": 0.09823378925716947, "sfT": 4.8356887609211326e-05, "redirect": 0.03605778504864175, "roll-out": 0.20555313870027958, "sft": 0.0, "dsfb-red": 0.011685724043567798, "alternate": 0.3407463131259806, "sfb": 0.019453344234468747, "dsfb-alt": 0.042421375741454215, "unknown": 0.023260762136131256}, "tr-quotes": {"dsfb": 0.0, "bad-redirect": 0.0012690413998751762, "roll-in": 0.19086706271237372, "oneh-out": 0.022675157763343428, "oneh-in": 0.003173759275097663, "sfR": 0.09677191928064538, "sfT": 9.246203277779062e-05, "redirect": 0.031778044890316916, "roll-out": 0.2167460299114676, "sft": 0.0, "dsfb-red": 0.008741129423730381, "alternate": 0.35655671389935506, "sfb": 0.016750653013106492, "dsfb-alt": 0.04074223896812371, "unknown": 0.013835787429786644}, "gutenberg": {"dsfb": 0.0, "bad-redirect": 0.0014829110976989873, "roll-in": 0.18098013073410918, "oneh-out": 0.01377527418132055, "oneh-in": 0.004185037298207208, "sfR": 0.09863878308844841, "sfT": 8.884584885294137e-05, "redirect": 0.030816627851070866, "roll-out": 0.2237384741928383, "sft": 0.0, "dsfb-red": 0.008882690517514755, "alternate": 0.336196101921533, "sfb": 0.019979139222013463, "dsfb-alt": 0.04826015580038365, "unknown": 0.032975828246008664}, "english-200": {"dsfb": 0.0, "bad-redirect": 0.0, "roll-in": 0.2026726057906459, "oneh-out": 0.015590200445434299, "oneh-in": 0.0066815144766146995, "sfR": 0.10690423162583519, "sfT": 0.0, "redirect": 0.022271714922048998, "roll-out": 0.22048997772828507, "sft": 0.0, "dsfb-red": 0.0022271714922048997, "alternate": 0.3585746102449889, "sfb": 0.008908685968819599, "dsfb-alt": 0.0556792873051225, "unknown": 0.0}, "monkeyracer": {"dsfb": 0.0, "bad-redirect": 0.0012971753444797223, "roll-in": 0.19014518197600763, "oneh-out": 0.023250426200791405, "oneh-in": 0.003220944054303455, "sfR": 0.09690789370786869, "sfT": 8.602217808154903e-05, "redirect": 0.03168841985079062, "roll-out": 0.21686386599308694, "sft": 0.0, "dsfb-red": 0.00872147582776796, "alternate": 0.35695098299888955, "sfb": 0.016600325320237107, "dsfb-alt": 0.040831208846207986, "unknown": 0.013436077701487402}, "chained-bigrams": {"dsfb": 0.0, "bad-redirect": 0.0031166625219383823, "roll-in": 0.16989252059432158, "oneh-out": 0.006296307599007602, "oneh-in": 0.004247101990833117, "sfR": 0.11914286586209158, "sfT": 9.609709442643345e-05, "redirect": 0.04031987346350161, "roll-out": 0.19987741127413708, "sft": 0.0, "dsfb-red": 0.01514957707538882, "alternate": 0.34042460631033256, "sfb": 0.021791964075269996, "dsfb-alt": 0.05672845233681512, "unknown": 0.022916559801936097}, "english-5k": {"dsfb": 0.0, "bad-redirect": 0.0024059401833492347, "roll-in": 0.24179698842659808, "oneh-out": 0.004521508275604596, "oneh-in": 0.003277056456630854, "sfR": 0.10644211224955408, "sfT": 0.0, "redirect": 0.03961504957066412, "roll-out": 0.17571659683909238, "sft": 0.0, "dsfb-red": 0.01410378728170241, "alternate": 0.34301240303646247, "sfb": 0.022151242377732607, "dsfb-alt": 0.04480026548305471, "unknown": 0.002157049819554486}, "mt-quotes": {"dsfb": 0.0, "bad-redirect": 0.0012266767071873394, "roll-in": 0.18812379722929443, "oneh-out": 0.024815923787666894, "oneh-in": 0.003221333715829359, "sfR": 0.0964592223377679, "sfT": 8.96475060063829e-05, "redirect": 0.031107684584214867, "roll-out": 0.2208541016722248, "sft": 0.0, "dsfb-red": 0.008102640417876908, "alternate": 0.3615528740990426, "sfb": 0.015704748927218178, "dsfb-alt": 0.040764215106202414, "unknown": 0.007977133909467972}, "wordle": {"dsfb": 0.0, "bad-redirect": 0.00289464826657691, "roll-in": 0.19943902165376418, "oneh-out": 0.0076517446426567935, "oneh-in": 0.003231235274318411, "sfR": 0.13138112868843263, "sfT": 0.00042634354313923485, "redirect": 0.035364074946707055, "roll-out": 0.1785033097722428, "sft": 0.0, "dsfb-red": 0.013126893301918546, "alternate": 0.32841916302030744, "sfb": 0.03942555817345451, "dsfb-alt": 0.060136878716481545, "unknown": 0.0}, "english-1k": {"dsfb": 0.0, "bad-redirect": 0.0, "roll-in": 0.23712067748764998, "oneh-out": 0.008468595624558928, "oneh-in": 0.005998588567395907, "sfR": 0.10832745236414962, "sfT": 0.0, "redirect": 0.038461538461538464, "roll-out": 0.1838390966831334, "sft": 0.0, "dsfb-red": 0.011291460832745237, "alternate": 0.3412138320395201, "sfb": 0.01834862385321101, "dsfb-alt": 0.04693013408609739, "unknown": 0.0}, "english-10k": {"dsfb": 0.0, "bad-redirect": 0.0019683140039752226, "roll-in": 0.24102197950637771, "oneh-out": 0.004264680341946315, "oneh-in": 0.003955925204067849, "sfR": 0.10567144593890508, "sfT": 0.0, "redirect": 0.040659192219370525, "roll-out": 0.1789236024005712, "sft": 0.0, "dsfb-red": 0.013681712047239536, "alternate": 0.34416549275390285, "sfb": 0.023658362439937478, "dsfb-alt": 0.04202929314370622, "unknown": 0.0}, "reddit": {"dsfb": 0.0, "bad-redirect": 0.0013838641329723188, "roll-in": 0.19139045101909447, "oneh-out": 0.017095301210979442, "oneh-in": 0.0028977054899645034, "sfR": 0.10397777127267367, "sfT": 0.00011461968458236014, "redirect": 0.031807337045737565, "roll-out": 0.20460726183125172, "sft": 0.0, "dsfb-red": 0.009243178583649052, "alternate": 0.3366521350631916, "sfb": 0.017820888763281695, "dsfb-alt": 0.043724075958390056, "unknown": 0.039285409944231534}, "akl": {"dsfb": 0.0, "bad-redirect": 0.0010667507252237168, "roll-in": 0.16614216956911398, "oneh-out": 0.014134230917694949, "oneh-in": 0.002907738873159892, "sfR": 0.13064861186637447, "sfT": 0.0002519187120875742, "redirect": 0.026373882898269932, "roll-out": 0.16531624384258756, "sft": 0.0, "dsfb-red": 0.00955396032843618, "alternate": 0.287619912479249, "sfb": 0.024181552646971135, "dsfb-alt": 0.03903294642628377, "unknown": 0.13277008071454782}, "french": {"dsfb": 0.0, "bad-redirect": 0.003212390795320327, "roll-in": 0.14935719748413584, "oneh-out": 0.009474993985915545, "oneh-in": 0.000990479296425305, "sfR": 0.10898279115633469, "sfT": 4.000150837148421e-05, "redirect": 0.02894718891497377, "roll-out": 0.210503608053655, "sft": 0.0, "dsfb-red": 0.012380826405094556, "alternate": 0.2354803251532346, "sfb": 0.0450777896748556, "dsfb-alt": 0.037472873696226115, "unknown": 0.15807953387545715}, "keymash": {"dsfb": 0.0, "bad-redirect": 0.0012643003452196722, "roll-in": 0.19394285198244757, "oneh-out": 0.022084207328837133, "oneh-in": 0.0034439869793483928, "sfR": 0.099723742164827, "sfT": 6.978281126212477e-05, "redirect": 0.03310578663700213, "roll-out": 0.21529639222865773, "sft": 0.0, "dsfb-red": 0.00847245426147209, "alternate": 0.35174641747361596, "sfb": 0.01631275835033434, "dsfb-alt": 0.04221449594233477, "unknown": 0.01232282349464109}, "movie": {"dsfb": 0.0, "bad-redirect": 0.0010367277723683755, "roll-in": 0.17897621882299156, "oneh-out": 0.034586807132444934, "oneh-in": 0.0029491075626777476, "sfR": 0.11567713207251198, "sfT": 0.00020358185629015953, "redirect": 0.02895099809722685, "roll-out": 0.20093976648489933, "sft": 0.0, "dsfb-red": 0.007869287551673536, "alternate": 0.3408610367619878, "sfb": 0.016389984404340148, "dsfb-alt": 0.04132290569606768, "unknown": 0.030236445784519856}, "dutch": {"dsfb": 0.0, "bad-redirect": 0.0011206925704722352, "roll-in": 0.16425936190973572, "oneh-out": 0.0031984771448179523, "oneh-in": 0.0018328499250976932, "sfR": 0.18880787437283908, "sfT": 0.0002065986111739187, "redirect": 0.03170619862894692, "roll-out": 0.1610025020988891,