{"english-450k": {"roll-out": 0.17680864362471868, "dsfb": 0.0, "sft": 0.0, "alternate": 0.35295366137305656, "roll-in": 0.22706061681540268, "oneh-in": 0.009890364327682671, "bad-redirect": 0.0031514920473062927, "dsfb-red": 0.014477276222138676, "sfR": 0.11369548401129392, "sfb": 0.012555684642644773, "sfT": 9.6474246346111e-06, "redirect": 0.03374406025606019, "unknown": 0.00015377410175167997, "dsfb-alt": 0.04489794486467587, "oneh-out": 0.010601350288633404}, "shai": {"roll-out": 0.22912357998571356, "dsfb": 0.0, "sft": 0.0, "alternate": 0.3205685173826252, "roll-in": 0.20819669371101918, "oneh-in": 0.008152602013913036, "bad-redirect": 0.004216911023636432, "dsfb-red": 0.01960430178908873, "sfR": 0.09823378925716947, "sfb": 0.008895306370723857, "sfT": 3.4140876068581166e-05, "redirect": 0.026178779446457228, "unknown": 0.023260762136131256, "dsfb-alt": 0.038997805633023935, "oneh-out": 0.01453681037442954}, "tr-quotes": {"roll-out": 0.24185293913686692, "dsfb": 0.0, "sft": 0.0, "alternate": 0.3188934606227318, "roll-in": 0.19536418483160353, "oneh-in": 0.008075402787730288, "bad-redirect": 0.004640438270035367, "dsfb-red": 0.028626245348003974, "sfR": 0.09677191928064538, "sfb": 0.006584452509188415, "sfT": 6.934652458334297e-06, "redirect": 0.025714847090913293, "unknown": 0.013835787429786644, "dsfb-alt": 0.042259772081089206, "oneh-out": 0.017373615958946858}, "gutenberg": {"roll-out": 0.2530712437623205, "dsfb": 0.0, "sft": 0.0, "alternate": 0.30161271317794214, "roll-in": 0.20143835556752795, "oneh-in": 0.006410161691867441, "bad-redirect": 0.003816582765117718, "dsfb-red": 0.01565713913335705, "sfR": 0.09863878308844841, "sfb": 0.006735803513142934, "sfT": 1.1366206676282477e-06, "redirect": 0.02488649895449842, "unknown": 0.032975828246008664, "dsfb-alt": 0.03880745001805332, "oneh-out": 0.015948303461047822}, "english-200": {"roll-out": 0.22939866369710468, "dsfb": 0.0, "sft": 0.0, "alternate": 0.30957683741648107, "roll-in": 0.2182628062360802, "oneh-in": 0.011135857461024499, "bad-redirect": 0.004454342984409799, "dsfb-red": 0.026726057906458798, "sfR": 0.10690423162583519, "sfb": 0.004454342984409799, "sfT": 0.0, "redirect": 0.017817371937639197, "unknown": 0.0, "dsfb-alt": 0.044543429844097995, "oneh-out": 0.026726057906458798}, "monkeyracer": {"roll-out": 0.24244568872483852, "dsfb": 0.0, "sft": 0.0, "alternate": 0.31848538404992416, "roll-in": 0.19469360464206953, "oneh-in": 0.008083152165412829, "bad-redirect": 0.004682343556938862, "dsfb-red": 0.029080383815318203, "sfR": 0.09690789370786869, "sfb": 0.006544528207454213, "sfT": 6.842673256486854e-06, "redirect": 0.025780260256189687, "unknown": 0.013436077701487402, "dsfb-alt": 0.042413821417958304, "oneh-out": 0.017440019081283138}, "chained-bigrams": {"roll-out": 0.2087508091959725, "dsfb": 0.0, "sft": 0.0, "alternate": 0.3142069814539101, "roll-in": 0.1832000202583064, "oneh-in": 0.013054920138769398, "bad-redirect": 0.007060539221574577, "dsfb-red": 0.020847225748307423, "sfR": 0.11914286586209158, "sfb": 0.010354461924448204, "sfT": 3.7659672140088785e-05, "redirect": 0.03461053730612573, "unknown": 0.022916559801936097, "dsfb-alt": 0.051550896722244985, "oneh-out": 0.014266522694172945}, "english-5k": {"roll-out": 0.1904840917575808, "dsfb": 0.0, "sft": 0.0, "alternate": 0.347533911312067, "roll-in": 0.24042809142572696, "oneh-in": 0.009125980005807442, "bad-redirect": 0.003608910275023852, "dsfb-red": 0.014269714190898909, "sfR": 0.10644211224955408, "sfb": 0.008711162732816195, "sfT": 0.0, "redirect": 0.028332019745302195, "unknown": 0.002157049819554486, "dsfb-alt": 0.036586883477828014, "oneh-out": 0.012320073007840047}, "mt-quotes": {"roll-out": 0.2472343744397031, "dsfb": 0.0, "sft": 0.0, "alternate": 0.31943796990234397, "roll-in": 0.19250457202280633, "oneh-in": 0.008137005295179354, "bad-redirect": 0.0045690345561253155, "dsfb-red": 0.0306474940533821, "sfR": 0.0964592223377679, "sfb": 0.006245442918444676, "sfT": 1.4941251001063816e-06, "redirect": 0.02555252746201934, "unknown": 0.007977133909467972, "dsfb-alt": 0.043335604403485495, "oneh-out": 0.017898124574174345}, "wordle": {"roll-out": 0.21312689330191856, "dsfb": 0.0, "sft": 0.0, "alternate": 0.3156064175922809, "roll-in": 0.19627510378099405, "oneh-in": 0.012206888814091776, "bad-redirect": 0.007045888028722092, "dsfb-red": 0.016515202513182992, "sfR": 0.13138112868843263, "sfb": 0.014832267474475485, "sfT": 0.0, "redirect": 0.03437675305733199, "unknown": 0.0, "dsfb-alt": 0.04463143722652305, "oneh-out": 0.014002019522046449}, "english-1k": {"roll-out": 0.23076923076923078, "dsfb": 0.0, "sft": 0.0, "alternate": 0.3147494707127735, "roll-in": 0.23747353563867327, "oneh-in": 0.012702893436838392, "bad-redirect": 0.0035285815102328866, "dsfb-red": 0.013761467889908258, "sfR": 0.10832745236414962, "sfb": 0.00529287226534933, "sfT": 0.0, "redirect": 0.02611150317572336, "unknown": 0.0, "dsfb-alt": 0.033168666196189134, "oneh-out": 0.014114326040931546}, "english-10k": {"roll-out": 0.19268250323228034, "dsfb": 0.0, "sft": 0.0, "alternate": 0.3462302927384651, "roll-in": 0.23666081318384438, "oneh-in": 0.008567955076127438, "bad-redirect": 0.0032612261438413, "dsfb-red": 0.01333436251712626, "sfR": 0.10567144593890508, "sfb": 0.009011790586827734, "sfT": 0.0, "redirect": 0.031608807240307984, "unknown": 0.0, "dsfb-alt": 0.04091005576889678, "oneh-out": 0.012060747573377589}, "reddit": {"roll-out": 0.22718943730911936, "dsfb": 0.0, "sft": 0.0, "alternate": 0.31022922625907007, "roll-in": 0.1904368227348519, "oneh-in": 0.00671596436826106, "bad-redirect": 0.004716412733497809, "dsfb-red": 0.025395377043512593, "sfR": 0.10397777127267367, "sfb": 0.010139084994054573, "sfT": 8.248122400338465e-05, "redirect": 0.02528585156713389, "unknown": 0.039285409944231534, "dsfb-alt": 0.04073373828542811, "oneh-out": 0.01581242226416204}, "akl": {"roll-out": 0.18801924415837543, "dsfb": 0.0, "sft": 0.0, "alternate": 0.264948513186682, "roll-in": 0.16584624661749836, "oneh-in": 0.00748089367298347, "bad-redirect": 0.00613845552235046, "dsfb-red": 0.024346550014499656, "sfR": 0.13064861186637447, "sfb": 0.01434488793409929, "sfT": 0.00019350994047370355, "redirect": 0.020520058953327168, "unknown": 0.13277008071454782, "dsfb-alt": 0.0342574116567947, "oneh-out": 0.010485535761993446}, "french": {"roll-out": 0.1931489161920907, "dsfb": 0.0, "sft": 0.0, "alternate": 0.26007626384952975, "roll-in": 0.18397836814311036, "oneh-in": 0.005916043306082418, "bad-redirect": 0.004666393188189583, "dsfb-red": 0.0072469099696238735, "sfR": 0.10898279115633469, "sfb": 0.014580834456334481, "sfT": 3.4188555095028826e-05, "redirect": 0.024290998358694665, "unknown": 0.15807953387545715, "dsfb-alt": 0.02470702902759644, "oneh-out": 0.014291729921860874}, "keymash": {"roll-out": 0.24231465480085218, "dsfb": 0.0, "sft": 0.0, "alternate": 0.31684269722880143, "roll-in": 0.19728832205177885, "oneh-in": 0.008107120720158612, "bad-redirect": 0.004453785307023846, "dsfb-red": 0.027835131951086355, "sfR": 0.099723742164827, "sfb": 0.006604737842397573, "sfT": 8.209742501426442e-06, "redirect": 0.0257375427419719, "unknown": 0.01232282349464109, "dsfb-alt": 0.041171858644653614, "oneh-out": 0.017589373309306152}, "movie": {"roll-out": 0.22896997450555073, "dsfb": 0.0, "sft": 0.0, "alternate": 0.304252755231047, "roll-in": 0.17569337914166364, "oneh-in": 0.0060225750828178095, "bad-redirect": 0.005849129131563492, "dsfb-red": 0.040026140594656416, "sfR": 0.11567713207251198, "sfb": 0.007380664777009436, "sfT": 5.263913543378398e-06, "redirect": 0.019622816907005992, "unknown": 0.030236445784519856, "dsfb-alt": 0.04606871854893906, "oneh-out": 0.020195004309171226}, "dutch": {"roll-out": 0.11935737181033136, "dsfb": 0.0, "sft": 0.0, "alternate": 0.2649903860460551, "roll-in": 0.250452833243004, "oneh-in": 0.007074325903445757, "bad-redirect": 0.0029964867477623894, "dsfb-red": 0.007911048485620704, "sfR": 0.18880787437283908,