{"english-450k": {"dsfb": 0.0, "bad-redirect": 0.004211539372309319, "roll-in": 0.14428103591122265, "oneh-out": 0.010879371525830833, "oneh-in": 0.0024361208933398274, "sfR": 0.11369548401129392, "sfT": 9.179670712932986e-05, "redirect": 0.029996181958614303, "roll-out": 0.2594707013560771, "sft": 0.0, "dsfb-red": 0.016556150057796842, "alternate": 0.3315243924899769, "sfb": 0.03485877632065935, "dsfb-alt": 0.05184467529399796, "unknown": 0.00015377410175167997}, "shai": {"dsfb": 0.0, "bad-redirect": 0.005034581328590586, "roll-in": 0.14431167179057186, "oneh-out": 0.013250689010175459, "oneh-in": 0.003080361607650157, "sfR": 0.09823378925716947, "sfT": 0.00022442565455579628, "redirect": 0.03128752554856852, "roll-out": 0.29651819185028144, "sft": 0.0, "dsfb-red": 0.020068839865086837, "alternate": 0.2788873147506234, "sfb": 0.043251694542382986, "dsfb-alt": 0.041753165142912524, "unknown": 0.024097749651430984}, "tr-quotes": {"dsfb": 0.0, "bad-redirect": 0.006105961489563348, "roll-in": 0.13526617507685906, "oneh-out": 0.015459651880446592, "oneh-in": 0.0028616999144726197, "sfR": 0.09677191928064538, "sfT": 0.00014678347703474262, "redirect": 0.03604979080465084, "roll-out": 0.3069808834747232, "sft": 0.0, "dsfb-red": 0.024123344351725574, "alternate": 0.26607105707218975, "sfb": 0.051564919904764105, "dsfb-alt": 0.04470308129724232, "unknown": 0.013894731975682485}, "gutenberg": {"dsfb": 0.0, "bad-redirect": 0.00472550042566444, "roll-in": 0.13840061559375358, "oneh-out": 0.016915946522755337, "oneh-in": 0.005642563867662498, "sfR": 0.09863878308844841, "sfT": 0.00015306491657393736, "redirect": 0.030913619481375144, "roll-out": 0.313219315125428, "sft": 0.0, "dsfb-red": 0.02802243537648476, "alternate": 0.25150043399965827, "sfb": 0.03986166568727852, "dsfb-alt": 0.03902397625523651, "unknown": 0.03298207965968062}, "english-200": {"dsfb": 0.0, "bad-redirect": 0.004454342984409799, "roll-in": 0.111358574610245, "oneh-out": 0.024498886414253896, "oneh-in": 0.0, "sfR": 0.10690423162583519, "sfT": 0.0, "redirect": 0.035634743875278395, "roll-out": 0.34521158129175944, "sft": 0.0, "dsfb-red": 0.024498886414253896, "alternate": 0.26948775055679286, "sfb": 0.028953229398663696, "dsfb-alt": 0.04899777282850779, "unknown": 0.0}, "monkeyracer": {"dsfb": 0.0, "bad-redirect": 0.006129080188310368, "roll-in": 0.13498346028121433, "oneh-out": 0.015448801163645463, "oneh-in": 0.0029482146487949073, "sfR": 0.09690789370786869, "sfT": 0.0001495612868917841, "redirect": 0.0361918763783099, "roll-out": 0.30727122010729313, "sft": 0.0, "dsfb-red": 0.024223063327963465, "alternate": 0.26566972175735487, "sfb": 0.05177850853183603, "dsfb-alt": 0.04480680200822685, "unknown": 0.013491796612290222}, "chained-bigrams": {"dsfb": 0.0, "bad-redirect": 0.0036471444553599778, "roll-in": 0.1231192077963313, "oneh-out": 0.013929533558988356, "oneh-in": 0.005726867384061777, "sfR": 0.11914286586209158, "sfT": 0.0002285552516088147, "redirect": 0.03599290699554382, "roll-out": 0.27916660444163366, "sft": 0.0, "dsfb-red": 0.026021534839417212, "alternate": 0.2797490307504209, "sfb": 0.038205088081428, "dsfb-alt": 0.05191126082634411, "unknown": 0.023159399756770463}, "english-5k": {"dsfb": 0.0, "bad-redirect": 0.00551706973078359, "roll-in": 0.16128095573899698, "oneh-out": 0.00883560791471357, "oneh-in": 0.001742232546563239, "sfR": 0.10644211224955408, "sfT": 0.00020740863649562367, "redirect": 0.029120172563985563, "roll-out": 0.26905048326212305, "sft": 0.0, "dsfb-red": 0.014352677645497159, "alternate": 0.31857966565727797, "sfb": 0.034886132658563905, "dsfb-alt": 0.04782843157589082, "unknown": 0.002157049819554486}, "mt-quotes": {"dsfb": 0.0, "bad-redirect": 0.006451632182259357, "roll-in": 0.13290840415486307, "oneh-out": 0.015937832442834775, "oneh-in": 0.0028702143173043593, "sfR": 0.0964592223377679, "sfT": 0.00014194188451010627, "redirect": 0.03696614910173199, "roll-out": 0.31366467051553293, "sft": 0.0, "dsfb-red": 0.025238761190997, "alternate": 0.2634590789017583, "sfb": 0.05291444042026751, "dsfb-alt": 0.04499258913950347, "unknown": 0.007995063410669249}, "wordle": {"dsfb": 0.0, "bad-redirect": 0.004757096376079883, "roll-in": 0.15552563671042297, "oneh-out": 0.012880062829574778, "oneh-in": 0.006440031414787389, "sfR": 0.13138112868843263, "sfT": 0.0006282957477841356, "redirect": 0.03973970604734657, "roll-out": 0.2460002243913385, "sft": 0.0, "dsfb-red": 0.023605968809603948, "alternate": 0.29155166610568833, "sfb": 0.03926848423650847, "dsfb-alt": 0.0482216986424324, "unknown": 0.0}, "english-1k": {"dsfb": 0.0, "bad-redirect": 0.0056457304163726185, "roll-in": 0.13585038814396613, "oneh-out": 0.01587861679604799, "oneh-in": 0.0024700070571630206, "sfR": 0.10832745236414962, "sfT": 0.0, "redirect": 0.031051517290049402, "roll-out": 0.29887085391672547, "sft": 0.0, "dsfb-red": 0.01305575158786168, "alternate": 0.30522230063514466, "sfb": 0.03634438955539873, "dsfb-alt": 0.04728299223712068, "unknown": 0.0}, "english-10k": {"dsfb": 0.0, "bad-redirect": 0.005596186874047201, "roll-in": 0.16549275390285792, "oneh-out": 0.011385345709268442, "oneh-in": 0.002315663534088497, "sfR": 0.10567144593890508, "sfT": 0.0001929719611740414, "redirect": 0.027286235310009455, "roll-out": 0.27649022597016654, "sft": 0.0, "dsfb-red": 0.013874684008413577, "alternate": 0.31153393411937247, "sfb": 0.03473495301132745, "dsfb-alt": 0.04542559966036935, "unknown": 0.0}, "reddit": {"dsfb": 0.0, "bad-redirect": 0.004996744014352183, "roll-in": 0.13125646959759688, "oneh-out": 0.013472719859564667, "oneh-in": 0.0027736465372400665, "sfR": 0.10397777127267367, "sfT": 0.000259804618386683, "redirect": 0.033630464264035806, "roll-out": 0.29431132391916165, "sft": 0.0, "dsfb-red": 0.022117104234804043, "alternate": 0.25688106728156757, "sfb": 0.049950846509446666, "dsfb-alt": 0.041173825433845804, "unknown": 0.0451982124573243}, "akl": {"dsfb": 0.0, "bad-redirect": 0.004877947780630984, "roll-in": 0.11131355422242668, "oneh-out": 0.0110582085659132, "oneh-in": 0.0015588767459534445, "sfR": 0.13064861186637447, "sfT": 0.00024186271798992389, "redirect": 0.03309884748177524, "roll-out": 0.24903061575816773, "sft": 0.0, "dsfb-red": 0.020553265970691396, "alternate": 0.21342772691566872, "sfb": 0.047187394042992166, "dsfb-alt": 0.03780423736860281, "unknown": 0.13919885056281323}, "french": {"dsfb": 0.0, "bad-redirect": 0.0038269158404070458, "roll-in": 0.16275795747983485, "oneh-out": 0.008904979982541065, "oneh-in": 0.002752867849713524, "sfR": 0.10898279115633469, "sfT": 0.0003141841318570769, "redirect": 0.022298833350764703, "roll-out": 0.23160853870699513, "sft": 0.0, "dsfb-red": 0.010950779971733167, "alternate": 0.2256613181953243, "sfb": 0.035072453593493556, "dsfb-alt": 0.030417042092808204, "unknown": 0.15645133764819266}, "keymash": {"dsfb": 0.0, "bad-redirect": 0.0062845578848419415, "roll-in": 0.13678662468751668, "oneh-out": 0.015319379507661742, "oneh-in": 0.0030745485667842028, "sfR": 0.099723742164827, "sfT": 0.00021755817628780073, "redirect": 0.035494821704917225, "roll-out": 0.30812395069228654, "sft": 0.0, "dsfb-red": 0.024699010315541454, "alternate": 0.262670711333139, "sfb": 0.05103175938886677, "dsfb-alt": 0.0442094633701814, "unknown": 0.012363872207148224}, "movie": {"dsfb": 0.0, "bad-redirect": 0.005590539378745028, "roll-in": 0.12748487973734124, "oneh-out": 0.016807675944007224, "oneh-in": 0.003509056365854625, "sfR": 0.11567713207251198, "sfT": 9.475044378081117e-05, "redirect": 0.038929009414377776, "roll-out": 0.28640637754709264, "sft": 0.0, "dsfb-red": 0.02210685770812626, "alternate": 0.2480240255541947, "sfb": 0.06043341221746438, "dsfb-alt": 0.044653910186317536, "unknown": 0.030282373430185833}, "dutch": {"dsfb": 0.0, "bad-redirect": 0.004371025572217368, "roll-in": 0.13503426520985898, "oneh-out": 0.006059909150403466, "oneh-in": 0.004090372780853527, "sfR": 0.18880787437283908, "sfT": 0.00017495075934941196, "redirect": 0.025058679420673254,