{"english-450k": {"redirect": 0.02886626389156061, "sfb": 0.028618939005473305, "sfT": 0.00017862352884082978, "dsfb": 0.0, "roll-out": 0.19311396064201564, "dsfb-red": 0.013193584053333303, "bad-redirect": 0.0039007753605944215, "alternate": 0.3638938409087055, "dsfb-alt": 0.05006370223720854, "oneh-out": 0.006272872435904557, "sfR": 0.11369548401129392, "roll-in": 0.19483792618960055, "unknown": 0.00015377410175167997, "oneh-in": 0.003210253633717106, "sft": 0.0}, "shai": {"redirect": 0.02622082756771435, "sfb": 0.017350957523656712, "sfT": 4.300024182314213e-05, "dsfb": 0.0, "roll-out": 0.21069619210603804, "dsfb-red": 0.009346859225181314, "bad-redirect": 0.004035930707916348, "alternate": 0.3327203315361219, "dsfb-alt": 0.04481599379867619, "oneh-out": 0.015526926743688834, "sfR": 0.09823378925716947, "roll-in": 0.21385345099582523, "unknown": 0.024097749651430984, "oneh-in": 0.003057990644757469, "sft": 0.0}, "tr-quotes": {"redirect": 0.025323039227017407, "sfb": 0.016925175099974574, "sfT": 2.6582834423614803e-05, "dsfb": 0.0, "roll-out": 0.2090266059499318, "dsfb-red": 0.009846050715424978, "bad-redirect": 0.0039192344143686, "alternate": 0.33232703820993503, "dsfb-alt": 0.04671759783638843, "oneh-out": 0.025045653128684033, "sfR": 0.09677191928064538, "roll-in": 0.21704768729340515, "unknown": 0.013894731975682485, "oneh-in": 0.0031286840341184902, "sft": 0.0}, "gutenberg": {"redirect": 0.02238763841671772, "sfb": 0.015599929226419762, "sfT": 0.00017674451381619253, "dsfb": 0.0, "roll-out": 0.22116724880588526, "dsfb-red": 0.007280434249714803, "bad-redirect": 0.0040266681518510055, "alternate": 0.3149238672533145, "dsfb-alt": 0.04229479166311473, "oneh-out": 0.015693132121165278, "sfR": 0.09863878308844841, "roll-in": 0.22199281428413925, "unknown": 0.03298207965968062, "oneh-in": 0.0028358685657324783, "sft": 0.0}, "english-200": {"redirect": 0.028953229398663696, "sfb": 0.013363028953229399, "sfT": 0.0, "dsfb": 0.0, "roll-out": 0.19821826280623608, "dsfb-red": 0.0022271714922048997, "bad-redirect": 0.0022271714922048997, "alternate": 0.33407572383073497, "dsfb-alt": 0.042316258351893093, "oneh-out": 0.017817371937639197, "sfR": 0.10690423162583519, "roll-in": 0.24944320712694878, "unknown": 0.0, "oneh-in": 0.004454342984409799, "sft": 0.0}, "monkeyracer": {"redirect": 0.025271947385707805, "sfb": 0.016775302250652987, "sfT": 2.4438118773167336e-05, "dsfb": 0.0, "roll-out": 0.20951581244037099, "dsfb-red": 0.009846606816084583, "bad-redirect": 0.003963862865007742, "alternate": 0.33208959600857096, "dsfb-alt": 0.04680486259912101, "oneh-out": 0.025577912632747862, "sfR": 0.09690789370786869, "roll-in": 0.2165618108450506, "unknown": 0.013491796612290222, "oneh-in": 0.0031681577177534136, "sft": 0.0}, "chained-bigrams": {"redirect": 0.029612189786567055, "sfb": 0.018641537709343948, "sfT": 5.3892289441851195e-05, "dsfb": 0.0, "roll-out": 0.1916065681065431, "dsfb-red": 0.01827403125363205, "bad-redirect": 0.0040107550829194556, "alternate": 0.33047920634188876, "dsfb-alt": 0.06347602669681172, "oneh-out": 0.008200068956158298, "sfR": 0.11914286586209158, "roll-in": 0.18457654620549585, "unknown": 0.023159399756770463, "oneh-in": 0.008766911952335841, "sft": 0.0}, "english-5k": {"redirect": 0.02820757456340482, "sfb": 0.020574936740365868, "sfT": 4.148172729912474e-05, "dsfb": 0.0, "roll-out": 0.20620566640394905, "dsfb-red": 0.010909694279669806, "bad-redirect": 0.004687435184801095, "alternate": 0.35661840959057534, "dsfb-alt": 0.0467913883934127, "oneh-out": 0.007134857095449454, "sfR": 0.10644211224955408, "roll-in": 0.20769900858671755, "unknown": 0.002157049819554486, "oneh-in": 0.002530385365246609, "sft": 0.0}, "mt-quotes": {"redirect": 0.02487120641637083, "sfb": 0.01626952821505839, "sfT": 8.96475060063829e-06, "dsfb": 0.0, "roll-out": 0.20995147081674853, "dsfb-red": 0.009773072279795843, "bad-redirect": 0.003996784642784571, "alternate": 0.33385179474307025, "dsfb-alt": 0.047456401429578896, "oneh-out": 0.02728272432794253, "sfR": 0.0964592223377679, "roll-in": 0.2188863389153847, "unknown": 0.007995063410669249, "oneh-in": 0.0031974277142276567, "sft": 0.0}, "wordle": {"redirect": 0.030651856838326042, "sfb": 0.035678222820599126, "sfT": 0.0002019522046449007, "dsfb": 0.0, "roll-out": 0.210613710310782, "dsfb-red": 0.015752271962302253, "bad-redirect": 0.004824413777628184, "alternate": 0.32521036687983845, "dsfb-alt": 0.055222708403455625, "oneh-out": 0.009155166610568833, "sfR": 0.13138112868843263, "roll-in": 0.17928867945697297, "unknown": 0.0, "oneh-in": 0.002019522046449007, "sft": 0.0}, "english-1k": {"redirect": 0.029640084685956247, "sfb": 0.013761467889908258, "sfT": 0.0, "dsfb": 0.0, "roll-out": 0.21947776993648554, "dsfb-red": 0.01058574453069866, "bad-redirect": 0.0035285815102328866, "alternate": 0.3232180663373324, "dsfb-alt": 0.03952011291460833, "oneh-out": 0.009527170077628794, "sfR": 0.10832745236414962, "roll-in": 0.2392378263937897, "unknown": 0.0, "oneh-in": 0.003175723359209598, "sft": 0.0}, "english-10k": {"redirect": 0.027691476428474943, "sfb": 0.019837517608691457, "sfT": 7.718878446961657e-05, "dsfb": 0.0, "roll-out": 0.20937457787383493, "dsfb-red": 0.01057486347233747, "bad-redirect": 0.004747110244881419, "alternate": 0.3560525655622238, "dsfb-alt": 0.0494008220605546, "oneh-out": 0.009204762548001776, "sfR": 0.10567144593890508, "roll-in": 0.2049169255707146, "unknown": 0.0, "oneh-in": 0.002450743906910326, "sft": 0.0}, "reddit": {"redirect": 0.02499963947239735, "sfb": 0.016942699709349203, "sfT": 0.00010806463726147353, "dsfb": 0.0, "roll-out": 0.1971004216393724, "dsfb-red": 0.00947324201590554, "bad-redirect": 0.003371579225144712, "alternate": 0.32110086588429365, "dsfb-alt": 0.047369693618961095, "oneh-out": 0.019570674366412535, "sfR": 0.10397777127267367, "roll-in": 0.20742881640005417, "unknown": 0.04519937363713543, "oneh-in": 0.0033571581210387613, "sft": 0.0}, "akl": {"redirect": 0.020995754418590216, "sfb": 0.024003040221036186, "sfT": 0.00015205058397282578, "dsfb": 0.0, "roll-out": 0.15807274081159484, "dsfb-red": 0.010179754477097819, "bad-redirect": 0.0032736337542215717, "alternate": 0.27302896153478484, "dsfb-alt": 0.041722220680742376, "oneh-out": 0.016417781636336563, "sfR": 0.13064861186637447, "roll-in": 0.17868886292229708, "unknown": 0.13920166722946467, "oneh-in": 0.0036149198634865447, "sft": 0.0}, "french": {"redirect": 0.018766220742735724, "sfb": 0.04807832229419048, "sfT": 5.335032633365366e-05, "dsfb": 0.0, "roll-out": 0.22931291656346053, "dsfb-red": 0.00809789336925259, "bad-redirect": 0.003384007753520833, "alternate": 0.2521785428223563, "dsfb-alt": 0.03711217095631906, "oneh-out": 0.01586321989100323, "sfR": 0.10898279115633469, "roll-in": 0.11940261477724935, "unknown": 0.15842537463172957, "oneh-in": 0.00034257471551399176, "sft": 0.0}, "keymash": {"redirect": 0.025466621239424826, "sfb": 0.016965432879197745, "sfT": 4.104871250713222e-05, "dsfb": 0.0, "roll-out": 0.21102322125666528, "dsfb-red": 0.010175975830518076, "bad-redirect": 0.004137710220718927, "alternate": 0.32974430756979306, "dsfb-alt": 0.04612643824426447, "oneh-out": 0.02427620857671799, "sfR": 0.099723742164827, "roll-in": 0.21695065534269517, "unknown": 0.012376186820900362, "oneh-in": 0.0029924511417699384, "sft": 0.0}, "movie": {"redirect": 0.023558776661228607, "sfb": 0.018552794881475747, "sfT": 1.8292099563239933e-05, "dsfb": 0.0, "roll-out": 0.18871906480259207, "dsfb-red": 0.010670215948105181, "bad-redirect": 0.002533258392750854, "alternate": 0.3161768353851849, "dsfb-alt": 0.050515935906062306, "oneh-out": 0.03585488390504479, "sfR": 0.11567713207251198, "roll-in": 0.20513300001355458, "unknown": 0.030282373430185833, "oneh-in": 0.002307436501739921, "sft": 0.0}, "dutch": {"redirect": 0.019292171856334604, "sfb": 0.02840922763139695, "sfT": 6.967906639661934e-05, "dsfb": 0.0, "roll-out": 0.20217382908058526, "dsfb-red": 0.009534359149289963, "bad-redirect": 0.0035799727229585783,