{"english-450k": {"alternate": 0.24495045024238424, "redirect": 0.05597055722939997, "dsfb": 0.0, "dsfb-alt": 0.03060718551880634, "sfT": 0.0002628192347428903, "roll-out": 0.2487018366942427, "sft": 0.0, "bad-redirect": 0.0038601392386486354, "roll-in": 0.21066204135997113, "unknown": 0.00015377410175167997, "sfR": 0.11369548401129392, "oneh-out": 0.01830554972487299, "dsfb-red": 0.024138148781998024, "oneh-in": 0.02265566119647945, "sfb": 0.02603635266540802}, "shai": {"alternate": 0.26779500952585017, "redirect": 0.05687310678953305, "dsfb": 0.0, "dsfb-alt": 0.02377393963958134, "sfT": 0.00016514647329897856, "roll-out": 0.2373749161282412, "sft": 0.0, "bad-redirect": 0.0029136592300115834, "roll-in": 0.21063060415842916, "unknown": 0.023260762136131256, "sfR": 0.09823378925716947, "oneh-out": 0.016902988667752653, "dsfb-red": 0.020781045400514547, "oneh-in": 0.026617618007990382, "sfb": 0.014677414585496247}, "tr-quotes": {"alternate": 0.29019324564850557, "redirect": 0.05012597951965974, "dsfb": 0.0, "dsfb-alt": 0.025311481472920182, "sfT": 7.050229999306535e-05, "roll-out": 0.2354846166292966, "sft": 0.0, "bad-redirect": 0.003812903076674141, "roll-in": 0.2159970874459675, "unknown": 0.013835787429786644, "sfR": 0.09677191928064538, "oneh-out": 0.01444025796907145, "dsfb-red": 0.02029426041931532, "oneh-in": 0.023221839532142113, "sfb": 0.010440119276022283}, "gutenberg": {"alternate": 0.28498944647710106, "redirect": 0.048862754191004554, "dsfb": 0.0, "dsfb-alt": 0.021791480876546705, "sfT": 0.00020440228339514655, "roll-out": 0.22297220242607893, "sft": 0.0, "bad-redirect": 0.0037963130298783476, "roll-in": 0.21285192143829496, "unknown": 0.032975828246008664, "sfR": 0.09863878308844841, "oneh-out": 0.013202417364835912, "dsfb-red": 0.019765454536499354, "oneh-in": 0.028100104455439354, "sfb": 0.011848891586468607}, "english-200": {"alternate": 0.29398663697104677, "redirect": 0.05790645879732739, "dsfb": 0.0, "dsfb-alt": 0.024498886414253896, "sfT": 0.0, "roll-out": 0.22048997772828507, "sft": 0.0, "bad-redirect": 0.0, "roll-in": 0.2516703786191537, "unknown": 0.0, "sfR": 0.10690423162583519, "oneh-out": 0.008908685968819599, "dsfb-red": 0.013363028953229399, "oneh-in": 0.022271714922048998, "sfb": 0.0}, "monkeyracer": {"alternate": 0.29157901528066693, "redirect": 0.050098143484993043, "dsfb": 0.0, "dsfb-alt": 0.025307138276741168, "sfT": 7.233683156857532e-05, "roll-out": 0.23518170230070226, "sft": 0.0, "bad-redirect": 0.003833852073134492, "roll-in": 0.21538096094593115, "unknown": 0.013436077701487402, "sfR": 0.09690789370786869, "oneh-out": 0.014337355521841812, "dsfb-red": 0.02022987472042792, "oneh-in": 0.02328757214132662, "sfb": 0.010348077013309977}, "chained-bigrams": {"alternate": 0.2654123831495043, "redirect": 0.05087951567064409, "dsfb": 0.0, "dsfb-alt": 0.033627490002331006, "sfT": 0.00013570468064273372, "roll-out": 0.23075314799147334, "sft": 0.0, "bad-redirect": 0.003952317660633111, "roll-in": 0.19728084181054717, "unknown": 0.022916559801936097, "sfR": 0.11914286586209158, "oneh-out": 0.015024910574511285, "dsfb-red": 0.026250739395718096, "oneh-in": 0.01925642925273471, "sfb": 0.015367094147232436}, "english-5k": {"alternate": 0.2519600116148836, "redirect": 0.05695441158169826, "dsfb": 0.0, "dsfb-alt": 0.025718670925457335, "sfT": 8.296345459824948e-05, "roll-out": 0.2529970547973618, "sft": 0.0, "bad-redirect": 0.0018251960011614883, "roll-in": 0.216161280955739, "unknown": 0.002157049819554486, "sfR": 0.10644211224955408, "oneh-out": 0.018791222466503506, "dsfb-red": 0.02488903637947484, "oneh-in": 0.025967561289252084, "sfb": 0.016053428464761273}, "mt-quotes": {"alternate": 0.29788222708310924, "redirect": 0.04937485805811549, "dsfb": 0.0, "dsfb-alt": 0.02566309271942721, "sfT": 5.5282628703936124e-05, "roll-out": 0.23472555910161247, "sft": 0.0, "bad-redirect": 0.0037816306283692523, "roll-in": 0.21758346182809193, "unknown": 0.007977133909467972, "sfR": 0.0964592223377679, "oneh-out": 0.01389984580628967, "dsfb-red": 0.020067594219528813, "oneh-in": 0.023208245179952427, "sfb": 0.009321846499563715}, "wordle": {"alternate": 0.22098059014922025, "redirect": 0.058296869740828004, "dsfb": 0.0, "dsfb-alt": 0.03619432289913609, "sfT": 0.0010995175586222372, "roll-out": 0.22627622573768652, "sft": 0.0, "bad-redirect": 0.003926848423650847, "roll-in": 0.20958151015370807, "unknown": 0.0, "sfR": 0.13138112868843263, "oneh-out": 0.0189386289689218, "dsfb-red": 0.03044990463368114, "oneh-in": 0.02571524739145069, "sfb": 0.03715920565466173}, "english-1k": {"alternate": 0.2607621736062103, "redirect": 0.06245589273112209, "dsfb": 0.0, "dsfb-alt": 0.02646436132674665, "sfT": 0.00035285815102328866, "roll-out": 0.23888496824276642, "sft": 0.0, "bad-redirect": 0.0024700070571630206, "roll-in": 0.22547635850388145, "unknown": 0.0, "sfR": 0.10832745236414962, "oneh-out": 0.015172900494001412, "dsfb-red": 0.019407198306280876, "oneh-in": 0.02646436132674665, "sfb": 0.013761467889908258}, "english-10k": {"alternate": 0.24785318693193878, "redirect": 0.06040022384747496, "dsfb": 0.0, "dsfb-alt": 0.024835491403099128, "sfT": 0.00011578317670442484, "roll-out": 0.2572316242449972, "sft": 0.0, "bad-redirect": 0.002913876613728025, "roll-in": 0.21273228999826324, "unknown": 0.0, "sfR": 0.10567144593890508, "oneh-out": 0.019316493313521546, "dsfb-red": 0.023600470851585266, "oneh-in": 0.0279616371741186, "sfb": 0.017367476505663726}, "reddit": {"alternate": 0.26329591150461373, "redirect": 0.05229755345032407, "dsfb": 0.0, "dsfb-alt": 0.023663945572880235, "sfT": 0.000188186044229339, "roll-out": 0.22243335717497686, "sft": 0.0, "bad-redirect": 0.002876467136644831, "roll-in": 0.21617538459867286, "unknown": 0.039285409944231534, "sfR": 0.10397777127267367, "oneh-out": 0.015580935450201587, "dsfb-red": 0.021429498499549667, "oneh-in": 0.025233785762699423, "sfb": 0.0135617935883022}, "akl": {"alternate": 0.21843504370144787, "redirect": 0.042506711758370126, "dsfb": 0.0, "dsfb-alt": 0.02381165513435216, "sfT": 0.00020134225037285626, "roll-out": 0.18558836200778225, "sft": 0.0, "bad-redirect": 0.002655869576276729, "roll-in": 0.18530961083969946, "unknown": 0.13277008071454782, "sfR": 0.13064861186637447, "oneh-out": 0.01613571964955824, "dsfb-red": 0.017054447129968633, "oneh-in": 0.02482968246802657, "sfb": 0.020052862903222817}, "french": {"alternate": 0.20852590051972447, "redirect": 0.04494238381992621, "dsfb": 0.0, "dsfb-alt": 0.02437543599958668, "sfT": 0.0005039141326123114, "roll-out": 0.2016619712836213, "sft": 0.0, "bad-redirect": 0.0041369200393668775, "roll-in": 0.15640513365874786, "unknown": 0.15807953387545715, "sfR": 0.10898279115633469, "oneh-out": 0.016992580828853125, "dsfb-red": 0.01515811465130453, "oneh-in": 0.01155992653685533, "sfb": 0.04867539349760949}, "keymash": {"alternate": 0.2901487194854133, "redirect": 0.050058904902447736, "dsfb": 0.0, "dsfb-alt": 0.025491250466929103, "sfT": 0.00010672665251854375, "roll-out": 0.23587411180848314, "sft": 0.0, "bad-redirect": 0.0034604064643512455, "roll-in": 0.21398693829968024, "unknown": 0.01232282349464109, "sfR": 0.099723742164827, "oneh-out": 0.01409202300369849, "dsfb-red": 0.019818318398443432, "oneh-in": 0.024079174756683756, "sfb": 0.010836860101882905}, "movie": {"alternate": 0.27008363963826915, "redirect": 0.04360060108628752, "dsfb": 0.0, "dsfb-alt": 0.02798572795120984, "sfT": 9.961956380843619e-05, "roll-out": 0.22207622173130379, "sft": 0.0, "bad-redirect": 0.004321936214790834, "roll-in": 0.21514680594280047, "unknown": 0.030236445784519856, "sfR": 0.11567713207251198, "oneh-out": 0.015411422876626104, "dsfb-red": 0.02349758366628683, "oneh-in": 0.020445566593836038, "sfb": 0.011417296877749162}, "dutch": {"alternate": 0.19919028836626043, "redirect": 0.05449973460631453, "dsfb": 0.0, "dsfb-alt": 0.017157439079499008, "sfT": 7.937962607767211e-05, "roll-out": 0.21997971740279332, "sft": 0.0, "bad-redirect": 0.013706227389940874,