{"english-450k": {"oneh-out": 0.01231888421979523, "alternate": 0.26440579757598226, "dsfb-red": 0.027902398466702644, "redirect": 0.06038469251903612, "unknown": 0.00015377410175167997, "sfT": 0.00010144413176394097, "dsfb": 0.0, "roll-out": 0.22094502663566237, "dsfb-alt": 0.034889765017970524, "sfR": 0.11369548401129392, "roll-in": 0.20451253902090918, "sfb": 0.03814825577486068, "oneh-in": 0.015488794077767598, "bad-redirect": 0.007053144446503861, "sft": 0.0}, "shai": {"oneh-out": 0.012152379233182221, "alternate": 0.30359961952333286, "dsfb-red": 0.025259959877794166, "redirect": 0.05968186245929491, "unknown": 0.023260762136131256, "sfT": 9.84902928599008e-05, "dsfb": 0.0, "roll-out": 0.20321898416940873, "dsfb-alt": 0.04082944563670238, "sfR": 0.09823378925716947, "roll-in": 0.18522666894349915, "sfb": 0.023609725934804357, "oneh-in": 0.020253168084423213, "bad-redirect": 0.004575144451397419, "sft": 0.0}, "tr-quotes": {"oneh-out": 0.01353297427243938, "alternate": 0.29521740135456875, "dsfb-red": 0.025982986985968886, "redirect": 0.058890224451584566, "unknown": 0.013835787429786644, "sfT": 3.698481311111625e-05, "dsfb": 0.0, "roll-out": 0.20806153348281362, "dsfb-alt": 0.039186565266637385, "sfR": 0.09677191928064538, "roll-in": 0.19946487598529852, "sfb": 0.02413605788123252, "oneh-in": 0.02039712443078061, "bad-redirect": 0.0044855643651325675, "sft": 0.0}, "gutenberg": {"oneh-out": 0.01333900128172924, "alternate": 0.31724522553016726, "dsfb-red": 0.024345656953485315, "redirect": 0.061389261132157535, "unknown": 0.032975828246008664, "sfT": 2.4058470798131243e-05, "dsfb": 0.0, "roll-out": 0.19300898725961893, "dsfb-alt": 0.03778657522174522, "sfR": 0.09863878308844841, "roll-in": 0.17840852647360028, "sfb": 0.02060522777309869, "oneh-in": 0.017211467896338678, "bad-redirect": 0.0050214006728036605, "sft": 0.0}, "english-200": {"oneh-out": 0.013363028953229399, "alternate": 0.2984409799554566, "dsfb-red": 0.0200445434298441, "redirect": 0.0757238307349666, "unknown": 0.0, "sfT": 0.0, "dsfb": 0.0, "roll-out": 0.22271714922049, "dsfb-alt": 0.0467706013363029, "sfR": 0.10690423162583519, "roll-in": 0.1714922048997773, "sfb": 0.013363028953229399, "oneh-in": 0.022271714922048998, "bad-redirect": 0.008908685968819599, "sft": 0.0}, "monkeyracer": {"oneh-out": 0.013696099285233902, "alternate": 0.2944157921078562, "dsfb-red": 0.02609306817648623, "redirect": 0.05875314762969799, "unknown": 0.013436077701487402, "sfT": 3.5190891033360966e-05, "dsfb": 0.0, "roll-out": 0.2084796362043887, "dsfb-alt": 0.039059933997528815, "sfR": 0.09690789370786869, "roll-in": 0.1998666656239736, "sfb": 0.024178097189420836, "oneh-in": 0.020557345511988363, "bad-redirect": 0.004521051973035957, "sft": 0.0}, "chained-bigrams": {"oneh-out": 0.010542760285148648, "alternate": 0.27369556310624765, "dsfb-red": 0.03067445226279439, "redirect": 0.053709834823379383, "unknown": 0.022916559801936097, "sfT": 0.00018829836070044392, "dsfb": 0.0, "roll-out": 0.2038758295679072, "dsfb-alt": 0.04841800158300484, "sfR": 0.11914286586209158, "roll-in": 0.19244611907339026, "sfb": 0.02661045419512515, "oneh-in": 0.011059606820036764, "bad-redirect": 0.006719654258237566, "sft": 0.0}, "english-5k": {"oneh-out": 0.011448956734558428, "alternate": 0.29153357945824865, "dsfb-red": 0.0270046044717302, "redirect": 0.06130999294810636, "unknown": 0.002157049819554486, "sfT": 0.0, "dsfb": 0.0, "roll-out": 0.22246650350520597, "dsfb-alt": 0.0397394947525615, "sfR": 0.10644211224955408, "roll-in": 0.193885593396109, "sfb": 0.02497199983407309, "oneh-in": 0.015223793918778778, "bad-redirect": 0.0038163189115194758, "sft": 0.0}, "mt-quotes": {"oneh-out": 0.013917775307490946, "alternate": 0.2968587513895363, "dsfb-red": 0.026438543646382425, "redirect": 0.05868624568197846, "unknown": 0.007977133909467972, "sfT": 1.792950120127658e-05, "dsfb": 0.0, "roll-out": 0.20815254419622045, "dsfb-alt": 0.039060912492081136, "sfR": 0.0964592223377679, "roll-in": 0.20269151695533164, "sfb": 0.02347121119757115, "oneh-in": 0.02172159070534658, "bad-redirect": 0.0045466226796237194, "sft": 0.0}, "wordle": {"oneh-out": 0.014585437002131718, "alternate": 0.2570178391114103, "dsfb-red": 0.03217771794008751, "redirect": 0.056254908560529567, "unknown": 0.0, "sfT": 0.00042634354313923485, "dsfb": 0.0, "roll-out": 0.2111522495231684, "dsfb-alt": 0.04359923706944912, "sfR": 0.13138112868843263, "roll-in": 0.19124873779872098, "sfb": 0.04436216762032986, "oneh-in": 0.012588354089532143, "bad-redirect": 0.005205879053068551, "sft": 0.0}, "english-1k": {"oneh-out": 0.01587861679604799, "alternate": 0.305575158786168, "dsfb-red": 0.024347212420606917, "redirect": 0.06810162314749471, "unknown": 0.0, "sfT": 0.0, "dsfb": 0.0, "roll-out": 0.22653493295695132, "dsfb-alt": 0.038461538461538464, "sfR": 0.10832745236414962, "roll-in": 0.18242766407904024, "sfb": 0.013408609738884969, "oneh-in": 0.011997177134791814, "bad-redirect": 0.004940014114326041, "sft": 0.0}, "english-10k": {"oneh-out": 0.010748538237394106, "alternate": 0.2872001698153258, "dsfb-red": 0.028637039038227747, "redirect": 0.05754423882209915, "unknown": 0.0, "sfT": 3.859439223480828e-05, "dsfb": 0.0, "roll-out": 0.21419887690318598, "dsfb-alt": 0.039211902510565215, "sfR": 0.10567144593890508, "roll-in": 0.2013469442889948, "sfb": 0.029119468941162848, "oneh-in": 0.020995349375735706, "bad-redirect": 0.005287431736168735, "sft": 0.0}, "reddit": {"oneh-out": 0.013978956799803424, "alternate": 0.28268004795298046, "dsfb-red": 0.026672300261621304, "redirect": 0.05489964503482322, "unknown": 0.039285409944231534, "sfT": 0.00012814181077001766, "dsfb": 0.0, "roll-out": 0.19819380353249627, "dsfb-alt": 0.04367830299938364, "sfR": 0.10397777127267367, "roll-in": 0.1851119143229095, "sfb": 0.026470779378270616, "oneh-in": 0.021133772221844527, "bad-redirect": 0.0037891544681918203, "sft": 0.0}, "akl": {"oneh-out": 0.011957417040581224, "alternate": 0.23422423923007357, "dsfb-red": 0.02328461727170602, "redirect": 0.047710528104489835, "unknown": 0.13277008071454782, "sfT": 0.0006640909320802099, "dsfb": 0.0, "roll-out": 0.16729090011845565, "dsfb-alt": 0.03774842289522052, "sfR": 0.13064861186637447, "roll-in": 0.16041635571119808, "sfb": 0.03088956781536345, "oneh-in": 0.01933443995389265, "bad-redirect": 0.003060728346016528, "sft": 0.0}, "french": {"oneh-out": 0.006159917670603399, "alternate": 0.2599039427449272, "dsfb-red": 0.016300030369684502, "redirect": 0.03759840651968854, "unknown": 0.15807953387545715, "sfT": 0.00010676058002067284, "dsfb": 0.0, "roll-out": 0.16495784567636806, "dsfb-alt": 0.03218053930213369, "sfR": 0.10898279115633469, "roll-in": 0.15678732035483645, "sfb": 0.044116914490992865, "oneh-in": 0.010825861403642742, "bad-redirect": 0.00400013585531008, "sft": 0.0}, "keymash": {"oneh-out": 0.013205370813544432, "alternate": 0.2960433146014375, "dsfb-red": 0.02627528087581533, "redirect": 0.06077261886680924, "unknown": 0.01232282349464109, "sfT": 2.873409875499255e-05, "dsfb": 0.0, "roll-out": 0.2068608818084421, "dsfb-alt": 0.03904553533678416, "sfR": 0.099723742164827, "roll-in": 0.19689425441171038, "sfb": 0.023336193060304662, "oneh-in": 0.0210497797736574, "bad-redirect": 0.004441470693271705, "sft": 0.0}, "movie": {"oneh-out": 0.01260430938178099, "alternate": 0.265998053141576, "dsfb-red": 0.026724757461893543, "redirect": 0.05766788363961195, "unknown": 0.030236445784519856, "sfT": 3.197827477602377e-05, "dsfb": 0.0, "roll-out": 0.20525880754724132, "dsfb-alt": 0.03729535384619029, "sfR": 0.11567713207251198, "roll-in": 0.19962023495741296, "sfb": 0.024435218266201108, "oneh-in": 0.019821134849752772, "bad-redirect": 0.0046286907765312095, "sft": 0.0}, "dutch": {"oneh-out": 0.005508626881653064, "alternate": 0.2179126913049885, "dsfb-red": 0.01841833253009352, "redirect": 0.036705698539095714, "unknown": 0.07290361491625476, "sfT": 0.0005985119807649915, "dsfb": 0.0, "roll-out": 0.20007393583694796,