{"english-450k": {"sfb": 0.05221156977631423, "bad-redirect": 0.002347247648220986, "oneh-out": 0.0068765673410703726, "redirect": 0.032314487332931456, "oneh-in": 0.008785588033919175, "dsfb-red": 0.013260823679574532, "alternate": 0.35541521638588763, "sfT": 0.0010012857385922128, "dsfb-alt": 0.04047825499721979, "unknown": 0.00015377410175167997, "sft": 0.0, "roll-out": 0.15580707723377346, "roll-in": 0.21765262371945054, "dsfb": 0.0, "sfR": 0.11369548401129392}, "shai": {"sfb": 0.043349449457569945, "bad-redirect": 0.0020538633956242087, "oneh-out": 0.00414491754945531, "redirect": 0.0346202494215287, "oneh-in": 0.0077245851153985605, "dsfb-red": 0.010739126550911512, "alternate": 0.33606198444219515, "sfT": 0.0002647901479827584, "dsfb-alt": 0.036318491915335274, "unknown": 0.023260762136131256, "sft": 0.0, "roll-out": 0.14142098730722655, "roll-in": 0.26180700330347134, "dsfb": 0.0, "sfR": 0.09823378925716947}, "tr-quotes": {"sfb": 0.048169251750999745, "bad-redirect": 0.0021485864866739096, "oneh-out": 0.003517024571785211, "redirect": 0.04080927394188761, "oneh-in": 0.008325050276230322, "dsfb-red": 0.01035112456947366, "alternate": 0.3308268417281154, "sfT": 0.0001814567393264141, "dsfb-alt": 0.03296040313446291, "unknown": 0.013835787429786644, "sft": 0.0, "roll-out": 0.1324888467672962, "roll-in": 0.2796144333233166, "dsfb": 0.0, "sfR": 0.09677191928064538}, "gutenberg": {"sfb": 0.041161201983933485, "bad-redirect": 0.0023090448862867854, "oneh-out": 0.003206975213713101, "redirect": 0.03549495851902874, "oneh-in": 0.009783083523054266, "dsfb-red": 0.009927434347843054, "alternate": 0.30852298796356603, "sfT": 0.00030631926992581276, "dsfb-alt": 0.036664351749240265, "unknown": 0.032975828246008664, "sft": 0.0, "roll-out": 0.12344382422843347, "roll-in": 0.2975652069805179, "dsfb": 0.0, "sfR": 0.09863878308844841}, "english-200": {"sfb": 0.044543429844097995, "bad-redirect": 0.0, "oneh-out": 0.0, "redirect": 0.0378619153674833, "oneh-in": 0.013363028953229399, "dsfb-red": 0.004454342984409799, "alternate": 0.34743875278396436, "sfT": 0.0, "dsfb-alt": 0.0400890868596882, "unknown": 0.0, "sft": 0.0, "roll-out": 0.1091314031180401, "roll-in": 0.2962138084632517, "dsfb": 0.0, "sfR": 0.10690423162583519}, "monkeyracer": {"sfb": 0.04819099269593506, "bad-redirect": 0.002206273362841547, "oneh-out": 0.003476078014295322, "redirect": 0.04123394904358978, "oneh-in": 0.008406712857969564, "dsfb-red": 0.010301155825265496, "alternate": 0.3305030733378169, "sfT": 0.0001779095046686582, "dsfb-alt": 0.03291130331419992, "unknown": 0.013436077701487402, "sft": 0.0, "roll-out": 0.13245851384957066, "roll-in": 0.279790066784491, "dsfb": 0.0, "sfR": 0.09690789370786869}, "chained-bigrams": {"sfb": 0.04494552008981183, "bad-redirect": 0.0033147004530198836, "oneh-out": 0.003937383652715489, "redirect": 0.032540553947804994, "oneh-in": 0.012994534802406843, "dsfb-red": 0.018622707873273903, "alternate": 0.3226537861930552, "sfT": 0.0004136070888489061, "dsfb-alt": 0.04817710954224669, "unknown": 0.022916559801936097, "sft": 0.0, "roll-out": 0.1196681533579766, "roll-in": 0.250672517334812, "dsfb": 0.0, "sfR": 0.11914286586209158}, "english-5k": {"sfb": 0.038038743933297384, "bad-redirect": 0.0023229767287509854, "oneh-out": 0.006471149458663459, "redirect": 0.027958684199610073, "oneh-in": 0.008005973368731075, "dsfb-red": 0.011448956734558428, "alternate": 0.3588999045920272, "sfT": 0.00045629900029037207, "dsfb-alt": 0.03496909611316215, "unknown": 0.002157049819554486, "sft": 0.0, "roll-out": 0.17384991911063177, "roll-in": 0.22897913469116854, "dsfb": 0.0, "sfR": 0.10644211224955408}, "mt-quotes": {"sfb": 0.04805703971982166, "bad-redirect": 0.002121657642151062, "oneh-out": 0.0032945458457345716, "redirect": 0.042407752716319434, "oneh-in": 0.008540419072208079, "dsfb-red": 0.009925473040006693, "alternate": 0.3317092193495177, "sfT": 0.0001553890104110637, "dsfb-alt": 0.032518138678715294, "unknown": 0.007977133909467972, "sft": 0.0, "roll-out": 0.13059251024969817, "roll-in": 0.2862414984281804, "dsfb": 0.0, "sfR": 0.0964592223377679}, "wordle": {"sfb": 0.07088522383036015, "bad-redirect": 0.00098732188937507, "oneh-out": 0.005609783462358353, "redirect": 0.03323235723101088, "oneh-in": 0.007808818579602827, "dsfb-red": 0.019903511724447435, "alternate": 0.3274767193986312, "sfT": 0.0014361045663637384, "dsfb-alt": 0.04440704588802872, "unknown": 0.0, "sft": 0.0, "roll-out": 0.13818018624481096, "roll-in": 0.21869179849657802, "dsfb": 0.0, "sfR": 0.13138112868843263}, "english-1k": {"sfb": 0.04481298517995766, "bad-redirect": 0.0017642907551164433, "oneh-out": 0.0038814396612561752, "redirect": 0.032815808045165845, "oneh-in": 0.011291460832745237, "dsfb-red": 0.014114326040931546, "alternate": 0.3352152434721242, "sfT": 0.00035285815102328866, "dsfb-alt": 0.027522935779816515, "unknown": 0.0, "sft": 0.0, "roll-out": 0.15172900494001412, "roll-in": 0.2681721947776994, "dsfb": 0.0, "sfR": 0.10832745236414962}, "english-10k": {"sfb": 0.04320642210686787, "bad-redirect": 0.0018332336311533933, "oneh-out": 0.005924239208043071, "redirect": 0.028579147449875532, "oneh-in": 0.0063680747187433665, "dsfb-red": 0.011057293375272573, "alternate": 0.3709307037687424, "sfT": 0.00044383551070029527, "dsfb-alt": 0.036278728700719784, "unknown": 0.0, "sft": 0.0, "roll-out": 0.17025916134385674, "roll-in": 0.2194477142471199, "dsfb": 0.0, "sfR": 0.10567144593890508}, "reddit": {"sfb": 0.048485549960042305, "bad-redirect": 0.002111024896631586, "oneh-out": 0.0038984552000909467, "redirect": 0.03738766755871496, "oneh-in": 0.008742897372118986, "dsfb-red": 0.011927713934738323, "alternate": 0.3172084787851512, "sfT": 0.0003466683597417461, "dsfb-alt": 0.0346209506429284, "unknown": 0.039285409944231534, "sft": 0.0, "roll-out": 0.13206880851901442, "roll-in": 0.2599386035539219, "dsfb": 0.0, "sfR": 0.10397777127267367}, "akl": {"sfb": 0.049972929115643515, "bad-redirect": 0.0013589922441107146, "oneh-out": 0.0033999390166962362, "redirect": 0.03153394208088365, "oneh-in": 0.006467116046888407, "dsfb-red": 0.012497549932396294, "alternate": 0.2685911055646388, "sfT": 0.00036572192784624103, "dsfb-alt": 0.028559937418608527, "unknown": 0.13277008071454782, "sft": 0.0, "roll-out": 0.11104671211860696, "roll-in": 0.22278736195275842, "dsfb": 0.0, "sfR": 0.13064861186637447}, "french": {"sfb": 0.0307520509799598, "bad-redirect": 0.004687128052454053, "oneh-out": 0.004098461660344555, "redirect": 0.03079440463695088, "oneh-in": 0.01364500890617853, "dsfb-red": 0.012775567881713232, "alternate": 0.2340332144060024, "sfT": 0.00032459650950433593, "dsfb-alt": 0.033412106341148474, "unknown": 0.15807953387545715, "sft": 0.0, "roll-out": 0.14450249756983347, "roll-in": 0.22391263802411845, "dsfb": 0.0, "sfR": 0.10898279115633469}, "keymash": {"sfb": 0.04889722633849589, "bad-redirect": 0.0022412597028894188, "oneh-out": 0.003558923374368363, "redirect": 0.03967358063814328, "oneh-in": 0.00843551042021567, "dsfb-red": 0.010672665251854375, "alternate": 0.328886389478394, "sfT": 0.00018471920628209497, "dsfb-alt": 0.03242848288063445, "unknown": 0.01232282349464109, "sft": 0.0, "roll-out": 0.1325093488442735, "roll-in": 0.2804653282049808, "dsfb": 0.0, "sfR": 0.099723742164827}, "movie": {"sfb": 0.05870290064007873, "bad-redirect": 0.0024868043557305397, "oneh-out": 0.0038568694532333525, "redirect": 0.04667604257400635, "oneh-in": 0.006707015441295586, "dsfb-red": 0.011631011767610324, "alternate": 0.30395758127910205, "sfT": 0.0003016222460355822, "dsfb-alt": 0.034181222593927627, "unknown": 0.030236445784519856, "sft": 0.0, "roll-out": 0.12858832761387193, "roll-in": 0.25699702417807607, "dsfb": 0.0, "sfR": 0.11567713207251198}, "dutch": {"sfb": 0.06533947350669567, "bad-redirect": 0.003654295865062023, "oneh-out": 0.003974288818977121, "redirect": 0.017531905786299574, "oneh-in": 0.0038282604307285184, "dsfb-red": 0.007627132289706121, "alternate": 0.29859685438642275,