{"english-450k": {"bad-redirect": 0.0033026350332485336, "sfT": 0.000498742618989289, "roll-in": 0.27190272355567824, "dsfb-alt": 0.04296115128272743, "sfR": 0.11369548401129392, "sft": 0.0, "sfb": 0.04549608519202176, "unknown": 0.00015377410175167997, "oneh-out": 0.0035657466141924728, "redirect": 0.04607113016948479, "roll-out": 0.1560035338808783, "dsfb-red": 0.022235267359371244, "alternate": 0.2805991459982775, "dsfb": 0.0, "oneh-in": 0.013514580182084908}, "shai": {"bad-redirect": 0.0027151188695433816, "sfT": 0.0008544624110541352, "roll-in": 0.31324178319951523, "dsfb-alt": 0.038707528843060494, "sfR": 0.09823378925716947, "sft": 0.0, "sfb": 0.023699472974173845, "unknown": 0.024097749651430984, "oneh-out": 0.00938472343452027, "redirect": 0.03742064887868064, "roll-out": 0.1422868325905761, "dsfb-red": 0.023486937215466897, "alternate": 0.27130103482346135, "dsfb": 0.0, "oneh-in": 0.014569917851347196}, "tr-quotes": {"bad-redirect": 0.0024109475046808905, "sfT": 0.0011719562654584962, "roll-in": 0.31483322160837707, "dsfb-alt": 0.03682647187998428, "sfR": 0.09677191928064538, "sft": 0.0, "sfb": 0.021079031922516818, "unknown": 0.013894731975682485, "oneh-out": 0.019125771480085988, "redirect": 0.03975289521740136, "roll-out": 0.14834608538868727, "dsfb-red": 0.030029356695406947, "alternate": 0.26435704213957145, "dsfb": 0.0, "oneh-in": 0.011400568641501583}, "gutenberg": {"bad-redirect": 0.002935512310927888, "sfT": 0.0008085161682395602, "roll-in": 0.3246395112834228, "dsfb-alt": 0.03401848827177964, "sfR": 0.09863878308844841, "sft": 0.0, "sfb": 0.021687669522236656, "unknown": 0.03298207965968062, "oneh-out": 0.010392312200903007, "redirect": 0.03746017565335798, "roll-out": 0.15267524512171882, "dsfb-red": 0.0230358910708217, "alternate": 0.2519937273694089, "dsfb": 0.0, "oneh-in": 0.008732088279054013}, "english-200": {"bad-redirect": 0.0, "sfT": 0.0022271714922048997, "roll-in": 0.33407572383073497, "dsfb-alt": 0.026726057906458798, "sfR": 0.10690423162583519, "sft": 0.0, "sfb": 0.015590200445434299, "unknown": 0.0, "oneh-out": 0.004454342984409799, "redirect": 0.035634743875278395, "roll-out": 0.14699331848552338, "dsfb-red": 0.0334075723830735, "alternate": 0.28507795100222716, "dsfb": 0.0, "oneh-in": 0.008908685968819599}, "monkeyracer": {"bad-redirect": 0.0024262164318000533, "sfT": 0.001198445344636126, "roll-in": 0.3148362841547148, "dsfb-alt": 0.03667575113001861, "sfR": 0.09690789370786869, "sft": 0.0, "sfb": 0.020987456402396108, "unknown": 0.013491796612290222, "oneh-out": 0.019596438681827425, "redirect": 0.03977548211520716, "roll-out": 0.14860624521012872, "dsfb-red": 0.030037380546475437, "alternate": 0.26410763720537406, "dsfb": 0.0, "oneh-in": 0.011352972457262618}, "chained-bigrams": {"bad-redirect": 0.0036361062755947793, "sfT": 0.00023959343137401314, "roll-in": 0.2976529583295728, "dsfb-alt": 0.04826281776159999, "sfR": 0.11914286586209158, "sft": 0.0, "sfb": 0.026961078728843218, "unknown": 0.023159399756770463, "oneh-out": 0.005020423879089077, "redirect": 0.04675902809476472, "roll-out": 0.12172320270837973, "dsfb-red": 0.026600065320052022, "alternate": 0.2649052761849973, "dsfb": 0.0, "oneh-in": 0.01593718366687033}, "english-5k": {"bad-redirect": 0.0042726179118098475, "sfT": 0.0004977807275894969, "roll-in": 0.3029825361928071, "dsfb-alt": 0.043763222300576596, "sfR": 0.10644211224955408, "sft": 0.0, "sfb": 0.028000165926909196, "unknown": 0.002157049819554486, "oneh-out": 0.002447421910648359, "redirect": 0.036752810387024513, "roll-out": 0.1358526569046335, "dsfb-red": 0.018625295557307006, "alternate": 0.2948106359148795, "dsfb": 0.0, "oneh-in": 0.02339569419670635}, "mt-quotes": {"bad-redirect": 0.0023861177848698914, "sfT": 0.001331265464194786, "roll-in": 0.318413000083671, "dsfb-alt": 0.036728583210815076, "sfR": 0.0964592223377679, "sft": 0.0, "sfb": 0.02000185271512413, "unknown": 0.007995063410669249, "oneh-out": 0.02096855165489296, "redirect": 0.03952409127311411, "roll-out": 0.1491166732408171, "dsfb-red": 0.03133329747433093, "alternate": 0.26467529673324486, "dsfb": 0.0, "oneh-in": 0.011066984616487969}, "wordle": {"bad-redirect": 0.0022439133849433412, "sfT": 0.0008526870862784697, "roll-in": 0.24817682037473354, "dsfb-alt": 0.05136317738135308, "sfR": 0.13138112868843263, "sft": 0.0, "sfb": 0.04117581061371031, "unknown": 0.0, "oneh-out": 0.006260518343991922, "redirect": 0.04804218557163693, "roll-out": 0.1847413889823853, "dsfb-red": 0.027263547627061596, "alternate": 0.2524626949399753, "dsfb": 0.0, "oneh-in": 0.006036127005497588}, "english-1k": {"bad-redirect": 0.0035285815102328866, "sfT": 0.00035285815102328866, "roll-in": 0.32815808045165845, "dsfb-alt": 0.03705010585744531, "sfR": 0.10832745236414962, "sft": 0.0, "sfb": 0.020112914608327453, "unknown": 0.0, "oneh-out": 0.0056457304163726185, "redirect": 0.03881439661256175, "roll-out": 0.15666901905434016, "dsfb-red": 0.025758645024700072, "alternate": 0.26323218066337334, "dsfb": 0.0, "oneh-in": 0.012350035285815103}, "english-10k": {"bad-redirect": 0.003994519596302658, "sfT": 0.0005017270990525077, "roll-in": 0.3118619864533683, "dsfb-alt": 0.04237664267381949, "sfR": 0.10567144593890508, "sft": 0.0, "sfb": 0.027228343721657243, "unknown": 0.0, "oneh-out": 0.0026823102603191758, "redirect": 0.03722429131047259, "roll-out": 0.14204666062021187, "dsfb-red": 0.020995349375735706, "alternate": 0.2841126184365412, "dsfb": 0.0, "oneh-in": 0.021304104513614173}, "reddit": {"bad-redirect": 0.001990187281447699, "sfT": 0.0012669220887677017, "roll-in": 0.2988662202866728, "dsfb-alt": 0.03970249824090623, "sfR": 0.10397777127267367, "sft": 0.0, "sfb": 0.024612142532199798, "unknown": 0.04519937363713543, "oneh-out": 0.013858943247711305, "redirect": 0.037948217748183924, "roll-out": 0.13843904096286527, "dsfb-red": 0.02413643338376974, "alternate": 0.25766411450581406, "dsfb": 0.0, "oneh-in": 0.01233813481185235}, "akl": {"bad-redirect": 0.0018219138790335069, "sfT": 0.0014935251381198202, "roll-in": 0.2552192771281998, "dsfb-alt": 0.03361901663100824, "sfR": 0.13064861186637447, "sft": 0.0, "sfb": 0.02570981667379193, "unknown": 0.13920166722946467, "oneh-out": 0.012215092623982685, "redirect": 0.030437591648217705, "roll-out": 0.11666334308237665, "dsfb-red": 0.023867815514165325, "alternate": 0.21851689998755477, "dsfb": 0.0, "oneh-in": 0.010585428597710401}, "french": {"bad-redirect": 0.003296918327242392, "sfT": 8.287952970451336e-05, "roll-in": 0.21254359508957063, "dsfb-alt": 0.029704326079232082, "sfR": 0.10898279115633469, "sft": 0.0, "sfb": 0.0487236949444221, "unknown": 0.15842537463172957, "oneh-out": 0.009633082344093784, "redirect": 0.03532112214628378, "roll-out": 0.16669482503182928, "dsfb-red": 0.016001037821905584, "alternate": 0.19560766059148627, "dsfb": 0.0, "oneh-in": 0.014982692306165312}, "keymash": {"bad-redirect": 0.00257375427419719, "sfT": 0.0012191467614618267, "roll-in": 0.3154429361323082, "dsfb-alt": 0.036356844667567, "sfR": 0.099723742164827, "sft": 0.0, "sfb": 0.021583413036250117, "unknown": 0.012376186820900362, "oneh-out": 0.018443186529454505, "redirect": 0.03960379782688116, "roll-out": 0.14932290148719485, "dsfb-red": 0.030018923456465788, "alternate": 0.2621617072980506, "dsfb": 0.0, "oneh-in": 0.011173459544441388}, "movie": {"bad-redirect": 0.0015389051244066748, "sfT": 0.0009196056960282062, "roll-in": 0.28235987560845904, "dsfb-alt": 0.04022037900440708, "sfR": 0.11567713207251198, "sft": 0.0, "sfb": 0.018994042434249445, "unknown": 0.030282373430185833, "oneh-out": 0.03169362865116558, "redirect": 0.04218329236473289, "roll-out": 0.14249887714144227, "dsfb-red": 0.03521242325707546, "alternate": 0.24860910954454118, "dsfb": 0.0, "oneh-in": 0.009810355670794321}, "dutch": {"bad-redirect": 0.0019573792910587127, "sfT": 0.00011014886898467129, "roll-in": 0.26865312731520175, "dsfb-alt": 0.02883612398054021, "sfR": 0.18880787437283908, "sft": 0.0, "sfb": 0.030812097505220463,