{"english-450k": {"unknown": 0.00015377410175167997, "dsfb": 0.0, "sft": 0.0, "sfT": 0.00031748797433901987, "oneh-out": 0.006605270066497067, "sfb": 0.02406243111592638, "oneh-in": 0.01627637474339312, "bad-redirect": 0.0029869011361158067, "dsfb-red": 0.016988530089148052, "dsfb-alt": 0.034889180325568425, "roll-out": 0.1552916708813244, "roll-in": 0.2678584062103688, "sfR": 0.11369548401129392, "redirect": 0.04101880312295906, "alternate": 0.3198556862213143}, "shai": {"unknown": 0.023260762136131256, "dsfb": 0.0, "sft": 0.0, "sfT": 5.6109316445552793e-05, "oneh-out": 0.007038586117989258, "sfb": 0.015055445154294621, "oneh-in": 0.01636290795269927, "bad-redirect": 0.0032410184067353785, "dsfb-red": 0.00993586190752943, "dsfb-alt": 0.0336194468535589, "roll-out": 0.15722500048767152, "roll-in": 0.2931919470416608, "sfR": 0.09823378925716947, "redirect": 0.02752022056376065, "alternate": 0.3152589048043539}, "tr-quotes": {"unknown": 0.013835787429786644, "dsfb": 0.0, "sft": 0.0, "sfT": 2.8894385243059568e-05, "oneh-out": 0.007943644391021937, "sfb": 0.018097131365433068, "oneh-in": 0.013506391438015766, "bad-redirect": 0.003756270081597744, "dsfb-red": 0.009127158410577657, "dsfb-alt": 0.029018053211899864, "roll-out": 0.1548646586995215, "roll-in": 0.3153590994198007, "sfR": 0.09677191928064538, "redirect": 0.030512470816670904, "alternate": 0.3071785210697857}, "gutenberg": {"unknown": 0.032975828246008664, "dsfb": 0.0, "sft": 0.0, "sfT": 1.2123953788034642e-05, "oneh-out": 0.007980403144195866, "sfb": 0.012336691289659063, "oneh-in": 0.010923114052685399, "bad-redirect": 0.004185037298207208, "dsfb-red": 0.009259669705611458, "dsfb-alt": 0.02985807775470438, "roll-out": 0.15523264162388237, "roll-in": 0.31276087812281794, "sfR": 0.09863878308844841, "redirect": 0.02887243819909275, "alternate": 0.29696431352089847}, "english-200": {"unknown": 0.0, "dsfb": 0.0, "sft": 0.0, "sfT": 0.0, "oneh-out": 0.004454342984409799, "sfb": 0.008908685968819599, "oneh-in": 0.008908685968819599, "bad-redirect": 0.004454342984409799, "dsfb-red": 0.008908685968819599, "dsfb-alt": 0.028953229398663696, "roll-out": 0.155902004454343, "roll-in": 0.311804008908686, "sfR": 0.10690423162583519, "redirect": 0.026726057906458798, "alternate": 0.33407572383073497}, "monkeyracer": {"unknown": 0.013436077701487402, "dsfb": 0.0, "sft": 0.0, "sfT": 3.128079202965419e-05, "oneh-out": 0.007979534541814598, "sfb": 0.018003073337816915, "oneh-in": 0.013338325226394733, "bad-redirect": 0.0038602452414095126, "dsfb-red": 0.00912030592614605, "dsfb-alt": 0.028947440449192174, "roll-out": 0.15507550401176157, "roll-in": 0.31621166147926866, "sfR": 0.09690789370786869, "redirect": 0.030460648763626696, "alternate": 0.30662800882118335}, "chained-bigrams": {"unknown": 0.022916559801936097, "dsfb": 0.0, "sft": 0.0, "sfT": 6.622907859119062e-05, "oneh-out": 0.00571777711837279, "sfb": 0.015918353830800286, "oneh-in": 0.014320414983614796, "bad-redirect": 0.006671605711024349, "dsfb-red": 0.016181322231088837, "dsfb-alt": 0.04470073222090125, "roll-out": 0.1260949712000904, "roll-in": 0.29256046162966387, "sfR": 0.11914286586209158, "redirect": 0.03594875427648303, "alternate": 0.29975995205534156}, "english-5k": {"unknown": 0.002157049819554486, "dsfb": 0.0, "sft": 0.0, "sfT": 8.296345459824948e-05, "oneh-out": 0.005185215912390592, "sfb": 0.015265275646077903, "oneh-in": 0.02725349483552495, "bad-redirect": 0.002530385365246609, "dsfb-red": 0.01182229228025055, "dsfb-alt": 0.03679429211432364, "roll-out": 0.15410461691624838, "roll-in": 0.2714979051727714, "sfR": 0.10644211224955408, "redirect": 0.02978388020077156, "alternate": 0.3370805160326876}, "mt-quotes": {"unknown": 0.007977133909467972, "dsfb": 0.0, "sft": 0.0, "sfT": 2.2411876501595726e-05, "oneh-out": 0.007948745532565952, "sfb": 0.017724806062562007, "oneh-in": 0.013166230382137436, "bad-redirect": 0.0039026547614778692, "dsfb-red": 0.008777984963124992, "dsfb-alt": 0.028803743679850828, "roll-out": 0.15488399612722775, "roll-in": 0.3230507643944012, "sfR": 0.0964592223377679, "redirect": 0.03016937402134806, "alternate": 0.3071129319515664}, "wordle": {"unknown": 0.0, "dsfb": 0.0, "sft": 0.0, "sfT": 0.0002468304723437675, "oneh-out": 0.014002019522046449, "sfb": 0.03044990463368114, "oneh-in": 0.008033209918097162, "bad-redirect": 0.002670256928082576, "dsfb-red": 0.018467407158083697, "dsfb-alt": 0.04463143722652305, "roll-out": 0.18976775496465836, "roll-in": 0.21795130707954674, "sfR": 0.13138112868843263, "redirect": 0.0386850667564232, "alternate": 0.3037136766520812}, "english-1k": {"unknown": 0.0, "dsfb": 0.0, "sft": 0.0, "sfT": 0.00035285815102328866, "oneh-out": 0.008468595624558928, "sfb": 0.01305575158786168, "oneh-in": 0.019054340155257588, "bad-redirect": 0.002117148906139732, "dsfb-red": 0.008115737473535639, "dsfb-alt": 0.03140437544107269, "roll-out": 0.1803105151729005, "roll-in": 0.28757939308398023, "sfR": 0.10832745236414962, "redirect": 0.03140437544107269, "alternate": 0.30980945659844744}, "english-10k": {"unknown": 0.0, "dsfb": 0.0, "sft": 0.0, "sfT": 5.789158835221242e-05, "oneh-out": 0.00764168966249204, "sfb": 0.015553540070627737, "oneh-in": 0.024082900754520367, "bad-redirect": 0.0021226915729144554, "dsfb-red": 0.011308156924798828, "dsfb-alt": 0.03853650064645607, "roll-out": 0.16389108662511337, "roll-in": 0.27403948206325623, "sfR": 0.10567144593890508, "redirect": 0.03047027266938114, "alternate": 0.3266243414831825}, "reddit": {"unknown": 0.039285409944231534, "dsfb": 0.0, "sft": 0.0, "sfT": 7.221789276953933e-05, "oneh-out": 0.0075088254347822425, "sfb": 0.019453619949968134, "oneh-in": 0.013389489487296038, "bad-redirect": 0.002784134612953485, "dsfb-red": 0.009991615158041254, "dsfb-alt": 0.033540566472206504, "roll-out": 0.14873510997590178, "roll-in": 0.2911762133439413, "sfR": 0.10397777127267367, "redirect": 0.029074856205672663, "alternate": 0.3010101702495619}, "akl": {"unknown": 0.13277008071454782, "dsfb": 0.0, "sft": 0.0, "sfT": 0.00013048084724739893, "oneh-out": 0.005763048214439652, "sfb": 0.024578776767629425, "oneh-in": 0.010004972899095906, "bad-redirect": 0.002257731274336834, "dsfb-red": 0.009157526851048465, "dsfb-alt": 0.029524645746723407, "roll-out": 0.1263167762172923, "roll-in": 0.24775792716856093, "sfR": 0.13064861186637447, "redirect": 0.02253308613542044, "alternate": 0.258556335297283}, "french": {"unknown": 0.15807953387545715, "dsfb": 0.0, "sft": 0.0, "sfT": 3.4323391640101246e-05, "oneh-out": 0.008666334279601225, "sfb": 0.0361895593875802, "oneh-in": 0.015735874265101504, "bad-redirect": 0.0014008468304340404, "dsfb-red": 0.018362010744285295, "dsfb-alt": 0.026291088759107215, "roll-out": 0.14466016643653815, "roll-in": 0.21910283867932517, "sfR": 0.10898279115633469, "redirect": 0.030212824654376854, "alternate": 0.2322818075402184}, "keymash": {"unknown": 0.01232282349464109, "dsfb": 0.0, "sft": 0.0, "sfT": 1.2314613752139664e-05, "oneh-out": 0.007524229002557335, "sfb": 0.01662883343663926, "oneh-in": 0.01407970838994635, "bad-redirect": 0.004104871250713221, "dsfb-red": 0.009523301301654673, "dsfb-alt": 0.02905427871254818, "roll-out": 0.15663778205596582, "roll-in": 0.31511044156100043, "sfR": 0.099723742164827, "redirect": 0.030384256997779264, "alternate": 0.30489341701797523}, "movie": {"unknown": 0.030236445784519856, "dsfb": 0.0, "sft": 0.0, "sfT": 3.276786180753053e-05, "oneh-out": 0.007141946297817226, "sfb": 0.026074795737124894, "oneh-in": 0.011435720575150986, "bad-redirect": 0.00430588127848353, "dsfb-red": 0.009935110421772388, "dsfb-alt": 0.029308417826822246, "roll-out": 0.14436282892715258, "roll-in": 0.2977233968718404, "sfR": 0.11567713207251198, "redirect": 0.030797315772566825, "alternate": 0.29296824057242954}, "dutch": {"unknown": 0.07290361491625476, "dsfb": 0.0, "sft": 0.0, "sfT": 6.116193913506654e-05, "oneh-out": 0.0028567520682902187, "sfb": 0.025048369213988213, "oneh-in": 0.010564949478732088,