{"english-450k": {"alternate": 0.34252713411265034, "dsfb-alt": 0.047597762031361734, "sfT": 0.0004686309602812604, "roll-in": 0.23424882520679108, "roll-out": 0.1505939597766709, "dsfb-red": 0.013948714290642407, "bad-redirect": 0.002553351719960405, "dsfb": 0.0, "sfR": 0.11369548401129392, "redirect": 0.04129799374496068, "sfb": 0.04402938430135982, "oneh-out": 0.0038583851614423428, "unknown": 0.0001543587941537776, "sft": 0.0, "oneh-in": 0.005026015888431335}, "shai": {"alternate": 0.3096264072419374, "dsfb-alt": 0.03432622220543325, "sfT": 0.00011408804034390286, "roll-in": 0.2619666963707641, "roll-out": 0.1451393703247397, "dsfb-red": 0.014316328666446002, "bad-redirect": 0.0015969190617014378, "dsfb": 0.0, "sfR": 0.09823378925716947, "redirect": 0.03414099218084531, "sfb": 0.022096357387975663, "oneh-out": 0.01105140661493117, "unknown": 0.06337636505448142, "sft": 0.0, "oneh-in": 0.004015057593231181}, "tr-quotes": {"alternate": 0.2971348327592982, "dsfb-alt": 0.032753519336122604, "sfT": 6.241187212500867e-05, "roll-in": 0.25570953052402856, "roll-out": 0.1410415847992418, "dsfb-red": 0.013888953098633873, "bad-redirect": 0.001307181988396015, "dsfb": 0.0, "sfR": 0.09677191928064538, "redirect": 0.02971036268232357, "sfb": 0.01972793046855135, "oneh-out": 0.019816925175099975, "unknown": 0.08905018376829014, "sft": 0.0, "oneh-in": 0.0030246642472434755}, "gutenberg": {"alternate": 0.2879459862703801, "dsfb-alt": 0.028964883346726512, "sfT": 1.155564345422052e-05, "roll-in": 0.27108781796489584, "roll-out": 0.14417408027497128, "dsfb-red": 0.013918867258997583, "bad-redirect": 0.0014669984083521919, "dsfb": 0.0, "sfR": 0.09863878308844841, "redirect": 0.028046114973727013, "sfb": 0.020007744175482105, "oneh-out": 0.012664985225825688, "unknown": 0.08930049711999266, "sft": 0.0, "oneh-in": 0.003771686248746402}, "english-200": {"alternate": 0.3273942093541203, "dsfb-alt": 0.031180400890868598, "sfT": 0.0, "roll-in": 0.29175946547884185, "roll-out": 0.16703786191536749, "dsfb-red": 0.0066815144766146995, "bad-redirect": 0.0, "dsfb": 0.0, "sfR": 0.10690423162583519, "redirect": 0.035634743875278395, "sfb": 0.013363028953229399, "oneh-out": 0.015590200445434299, "unknown": 0.0, "sft": 0.0, "oneh-in": 0.004454342984409799}, "monkeyracer": {"alternate": 0.2969368284404961, "dsfb-alt": 0.032975819947761074, "sfT": 6.744920781394185e-05, "roll-in": 0.2549550729624474, "roll-out": 0.14139015749878786, "dsfb-red": 0.013707829582245023, "bad-redirect": 0.0012971753444797223, "dsfb": 0.0, "sfR": 0.09690789370786869, "redirect": 0.029715774903420554, "sfb": 0.01963553967186449, "oneh-out": 0.02033642491827893, "unknown": 0.08902806669064861, "sft": 0.0, "oneh-in": 0.003045967123887577}, "chained-bigrams": {"alternate": 0.31210388355629376, "dsfb-alt": 0.04480656888570874, "sfT": 0.00016946852463039955, "roll-in": 0.23234004865889363, "roll-out": 0.1356391008688346, "dsfb-red": 0.020311549377349265, "bad-redirect": 0.002056997264479332, "dsfb": 0.0, "sfR": 0.11914286586209158, "redirect": 0.036000049347156594, "sfb": 0.022851629332729047, "oneh-out": 0.005798290900189532, "unknown": 0.05882765440627904, "sft": 0.0, "oneh-in": 0.009951893015364498}, "english-5k": {"alternate": 0.3364582901232007, "dsfb-alt": 0.04090098311693699, "sfT": 0.00020740863649562367, "roll-in": 0.25818227070975236, "roll-out": 0.1631891151947567, "dsfb-red": 0.013108225826523417, "bad-redirect": 0.002447421910648359, "dsfb": 0.0, "sfR": 0.10644211224955408, "redirect": 0.03953208611606587, "sfb": 0.028539428381797818, "oneh-out": 0.004438544821006347, "unknown": 0.0022400132741527356, "sft": 0.0, "oneh-in": 0.004314099639108972}, "mt-quotes": {"alternate": 0.29817208735252987, "dsfb-alt": 0.032969364458947416, "sfT": 4.781200320340421e-05, "roll-in": 0.2576842853898471, "roll-out": 0.1421376148982202, "dsfb-red": 0.01358607953526733, "bad-redirect": 0.0012207002067869139, "dsfb": 0.0, "sfR": 0.0964592223377679, "redirect": 0.02934312284098923, "sfb": 0.01870196387803158, "oneh-out": 0.021899391592259235, "unknown": 0.08481401130753875, "sft": 0.0, "oneh-in": 0.0029643441986110615}, "wordle": {"alternate": 0.331762593963873, "dsfb-alt": 0.05437002131717716, "sfT": 0.00047122181083810165, "roll-in": 0.2223044990463368, "roll-out": 0.15465051049029507, "dsfb-red": 0.019028385504319532, "bad-redirect": 0.0006731740154830024, "dsfb": 0.0, "sfR": 0.13138112868843263, "redirect": 0.030674295972175473, "sfb": 0.04317289352630988, "oneh-out": 0.006686861887131156, "unknown": 0.0, "sft": 0.0, "oneh-in": 0.004824413777628184}, "english-1k": {"alternate": 0.310515172900494, "dsfb-alt": 0.03352152434721242, "sfT": 0.00035285815102328866, "roll-in": 0.2671136203246295, "roll-out": 0.1866619618913197, "dsfb-red": 0.015525758645024701, "bad-redirect": 0.0017642907551164433, "dsfb": 0.0, "sfR": 0.10832745236414962, "redirect": 0.03881439661256175, "sfb": 0.02399435426958363, "oneh-out": 0.007057163020465773, "unknown": 0.0, "sft": 0.0, "oneh-in": 0.006351446718419196}, "english-10k": {"alternate": 0.3513247525134598, "dsfb-alt": 0.0414696744563015, "sfT": 0.00013508037282182898, "roll-in": 0.25036182242720134, "roll-out": 0.15868084367341426, "dsfb-red": 0.013392254105478474, "bad-redirect": 0.0018718280233882016, "dsfb": 0.0, "sfR": 0.10567144593890508, "redirect": 0.03791899037069914, "sfb": 0.030933405376198837, "oneh-out": 0.004283977538063719, "unknown": 0.0, "sft": 0.0, "oneh-in": 0.003955925204067849}, "reddit": {"alternate": 0.2951623188910658, "dsfb-alt": 0.031497302036166255, "sfT": 0.00017320307892445532, "roll-in": 0.24916899792242458, "roll-out": 0.13672513956163965, "dsfb-red": 0.01466828557606786, "bad-redirect": 0.0011177666691575847, "dsfb": 0.0, "sfR": 0.10397777127267367, "redirect": 0.03262038765800707, "sfb": 0.019917867129939953, "oneh-out": 0.01612410539991688, "unknown": 0.09564919034864798, "sft": 0.0, "oneh-in": 0.0031976644553682746}, "akl": {"alternate": 0.2606826221278864, "dsfb-alt": 0.027397988302086906, "sfT": 0.00018451637327089097, "roll-in": 0.2106624026616215, "roll-out": 0.12271033106136224, "dsfb-red": 0.013828993200047844, "bad-redirect": 0.0009503532112334694, "dsfb": 0.0, "sfR": 0.13064861186637447, "redirect": 0.029153339900778716, "sfb": 0.0220556364304008, "oneh-out": 0.01438170226138553, "unknown": 0.1642591043746218, "sft": 0.0, "oneh-in": 0.003084398228929425}, "french": {"alternate": 0.217404482503108, "dsfb-alt": 0.02959738571715131, "sfT": 6.914118394546802e-05, "roll-in": 0.189221427270898, "roll-out": 0.1674398718525461, "dsfb-red": 0.009684919504754958, "bad-redirect": 0.004612158933393788, "dsfb": 0.0, "sfR": 0.10898279115633469, "redirect": 0.03142774687099437, "sfb": 0.021016987262276243, "oneh-out": 0.008388166487116825, "unknown": 0.2096579132429608, "sft": 0.0, "oneh-in": 0.002497008014519439}, "keymash": {"alternate": 0.2982968889180791, "dsfb-alt": 0.03251468517689943, "sfT": 4.5153583757845434e-05, "roll-in": 0.2558114714731972, "roll-out": 0.14287004388107366, "dsfb-red": 0.013948352509923526, "bad-redirect": 0.001428495195248201, "dsfb": 0.0, "sfR": 0.099723742164827, "redirect": 0.0298054701514287, "sfb": 0.019350363075862125, "oneh-out": 0.019132804899574325, "unknown": 0.08380505145456113, "sft": 0.0, "oneh-in": 0.0032674775155677243}, "movie": {"alternate": 0.26801386883301276, "dsfb-alt": 0.027969673014902535, "sfT": 8.145906208378071e-05, "roll-in": 0.21707339829967698, "roll-out": 0.13109671401513032, "dsfb-red": 0.013511281685305089, "bad-redirect": 0.0008252500457631484, "dsfb": 0.0, "sfR": 0.11567713207251198, "redirect": 0.02338454112294278, "sfb": 0.015521833463198466, "oneh-out": 0.030300665529749072, "unknown": 0.15418621278396674, "sft": 0.0, "oneh-in": 0.0023579700717563535}, "dutch": {"alternate": 0.2797784499753613, "dsfb-alt": 0.034158145086591214, "sfT": 0.00023168379230847105, "roll-in": 0.17293827872766956, "roll-out": 0.15168420902012908, "dsfb-red": 0.008317790622043996, "bad-redirect": 0.0014909455406276115,