{"english-450k": {"redirect": 0.0008320172881849452, "unknown": 0.8574367903661402, "dsfb": 0.0, "roll-in": 0.005360459942431186, "sfb": 0.0032570290258849173, "oneh-in": 0.000245278462679961, "roll-out": 0.00992544587180853, "oneh-out": 0.00011109155639855207, "dsfb-red": 6.60702414370336e-05, "alternate": 0.008785295687718127, "sfR": 0.11369548401129392, "dsfb-alt": 0.0002850375460226007, "sfT": 0.0, "sft": 0.0, "bad-redirect": 0.0}, "shai": {"redirect": 0.0018011063486160811, "unknown": 0.8829450126376588, "dsfb": 0.0, "roll-in": 0.0013701131057305893, "sfb": 0.00193987985631804, "oneh-in": 7.584066053325563e-05, "roll-out": 0.007222356998457719, "oneh-out": 8.013681430676489e-05, "dsfb-red": 1.6627276226122286e-05, "alternate": 0.006013214194925553, "sfR": 0.09823378925716947, "dsfb-alt": 0.0003019228500575762, "sfT": 0.0, "sft": 0.0, "bad-redirect": 0.0}, "tr-quotes": {"redirect": 0.0028975289521740136, "unknown": 0.8817699544624489, "dsfb": 0.0, "roll-in": 0.0011996948752918332, "sfb": 0.0014250710801876978, "oneh-in": 7.859272786112202e-05, "roll-out": 0.008749219851598437, "oneh-out": 6.587919835417581e-05, "dsfb-red": 6.934652458334297e-06, "alternate": 0.0065578696747648, "sfR": 0.09677191928064538, "dsfb-alt": 0.0004773352442153441, "sfT": 0.0, "sft": 0.0, "bad-redirect": 0.0}, "gutenberg": {"redirect": 0.0016712112549694003, "unknown": 0.8849217038853104, "dsfb": 0.0, "roll-in": 0.00110062767982002, "sfb": 0.0015219350739542237, "oneh-in": 0.00011688249198777148, "roll-out": 0.007131536942255503, "oneh-out": 6.497681483274816e-05, "dsfb-red": 1.3639448011538974e-05, "alternate": 0.004624530623023464, "sfR": 0.09863878308844841, "dsfb-alt": 0.00019417269738649233, "sfT": 0.0, "sft": 0.0, "bad-redirect": 0.0}, "english-200": {"redirect": 0.004454342984409799, "unknown": 0.8708240534521158, "dsfb": 0.0, "roll-in": 0.0, "sfb": 0.004454342984409799, "oneh-in": 0.0, "roll-out": 0.011135857461024499, "oneh-out": 0.0, "dsfb-red": 0.0, "alternate": 0.0022271714922048997, "sfR": 0.10690423162583519, "dsfb-alt": 0.0, "sfT": 0.0, "sft": 0.0, "bad-redirect": 0.0}, "monkeyracer": {"redirect": 0.0028817429657318925, "unknown": 0.8815240001876847, "dsfb": 0.0, "roll-in": 0.0012072430673944665, "sfb": 0.0013822199978103446, "oneh-in": 7.820198007413547e-05, "roll-out": 0.008793812659336535, "oneh-out": 6.158405930838169e-05, "dsfb-red": 7.820198007413547e-06, "alternate": 0.006649123355803369, "sfR": 0.09690789370786869, "dsfb-alt": 0.0005063578209800273, "sfT": 0.0, "sft": 0.0, "bad-redirect": 0.0}, "chained-bigrams": {"redirect": 0.0005045097457387756, "unknown": 0.8622272839130217, "dsfb": 0.0, "roll-in": 0.003788692878231346, "sfb": 0.0017200081292947447, "oneh-in": 0.00010778457888370239, "roll-out": 0.0057762145406591355, "oneh-out": 0.00020518028269427683, "dsfb-red": 7.14235161277546e-05, "alternate": 0.006315786739769718, "sfR": 0.11914286586209158, "dsfb-alt": 0.0001402498134872272, "sfT": 0.0, "sft": 0.0, "bad-redirect": 0.0}, "english-5k": {"redirect": 0.0005807441821877463, "unknown": 0.8745592566474468, "dsfb": 0.0, "roll-in": 0.002779275729041357, "sfb": 0.0029866843655369808, "oneh-in": 0.00012444518189737422, "roll-out": 0.004355581366408097, "oneh-out": 0.0, "dsfb-red": 0.0, "alternate": 0.008047455096030198, "sfR": 0.10644211224955408, "dsfb-alt": 0.00012444518189737422, "sfT": 0.0, "sft": 0.0, "bad-redirect": 0.0}, "mt-quotes": {"redirect": 0.003191451213827231, "unknown": 0.8809660415247248, "dsfb": 0.0, "roll-in": 0.001131052700780531, "sfb": 0.0012849475860914883, "oneh-in": 8.068275540574461e-05, "roll-out": 0.00932035237446361, "oneh-out": 5.5282628703936124e-05, "dsfb-red": 4.482375300319145e-06, "alternate": 0.006950669965694887, "sfR": 0.0964592223377679, "dsfb-alt": 0.000555814537239574, "sfT": 0.0, "sft": 0.0, "bad-redirect": 0.0}, "wordle": {"redirect": 0.0006956131493324357, "unknown": 0.8481095029731852, "dsfb": 0.0, "roll-in": 0.0036800179513070794, "sfb": 0.0024458655895882417, "oneh-in": 0.0003590261415909346, "roll-out": 0.007045888028722092, "oneh-out": 0.00026926960619320093, "dsfb-red": 0.00011219566924716706, "alternate": 0.005766857399304387, "sfR": 0.13138112868843263, "dsfb-alt": 0.00013463480309660046, "sfT": 0.0, "sft": 0.0, "bad-redirect": 0.0}, "english-1k": {"redirect": 0.0007057163020465773, "unknown": 0.8743824982357092, "dsfb": 0.0, "roll-in": 0.0017642907551164433, "sfb": 0.0035285815102328866, "oneh-in": 0.0, "roll-out": 0.0056457304163726185, "oneh-out": 0.0, "dsfb-red": 0.0, "alternate": 0.0056457304163726185, "sfR": 0.10832745236414962, "dsfb-alt": 0.0, "sfT": 0.0, "sft": 0.0, "bad-redirect": 0.0}, "english-10k": {"redirect": 0.0005017270990525077, "unknown": 0.8733332046853592, "dsfb": 0.0, "roll-in": 0.002450743906910326, "sfb": 0.002585824279732155, "oneh-in": 5.789158835221242e-05, "roll-out": 0.007699581250844252, "oneh-out": 0.00013508037282182898, "dsfb-red": 0.0, "alternate": 0.00741012330908319, "sfR": 0.10567144593890508, "dsfb-alt": 0.00015437756893923313, "sfT": 0.0, "sft": 0.0, "bad-redirect": 0.0}, "reddit": {"redirect": 0.002886018777026694, "unknown": 0.8761581129854177, "dsfb": 0.0, "roll-in": 0.0013557710730256619, "sfb": 0.0013725519941671317, "oneh-in": 0.00011012479499089505, "roll-out": 0.007054317182258596, "oneh-out": 6.88092681626783e-05, "dsfb-red": 1.0637905366467413e-05, "alternate": 0.006397988387078167, "sfR": 0.10397777127267367, "dsfb-alt": 0.0006078963598323931, "sfT": 0.0, "sft": 0.0, "bad-redirect": 0.0}, "akl": {"redirect": 0.002525759343062413, "unknown": 0.8522224969982116, "dsfb": 0.0, "roll-in": 0.0016270697280407046, "sfb": 0.001070358035145724, "oneh-in": 7.941023348857037e-05, "roll-out": 0.005950578915179617, "oneh-out": 2.1396783509988158e-05, "dsfb-red": 4.719152021256049e-06, "alternate": 0.005509671753821951, "sfR": 0.13064861186637447, "dsfb-alt": 0.0003399271911436687, "sfT": 0.0, "sft": 0.0, "bad-redirect": 0.0}, "french": {"redirect": 0.00030888056108422843, "unknown": 0.8722116308116068, "dsfb": 0.0, "roll-in": 0.003176539256169405, "sfb": 0.002019701626801418, "oneh-in": 1.549122084498677e-05, "roll-out": 0.004293165631429128, "oneh-out": 3.6226085109456485e-05, "dsfb-red": 1.1401178977790069e-05, "alternate": 0.00891351963039565, "sfR": 0.10898279115633469, "dsfb-alt": 3.065284124646318e-05, "sfT": 0.0, "sft": 0.0, "bad-redirect": 0.0}, "keymash": {"redirect": 0.0024547130079265065, "unknown": 0.8801336546079233, "dsfb": 0.0, "roll-in": 0.0011780980489546945, "sfb": 0.0015885851740260167, "oneh-in": 6.567794001141154e-05, "roll-out": 0.007885457672620099, "oneh-out": 3.283897000570577e-05, "dsfb-red": 8.209742501426442e-06, "alternate": 0.006399494279861912, "sfR": 0.099723742164827, "dsfb-alt": 0.0005295283913420056, "sfT": 0.0, "sft": 0.0, "bad-redirect": 0.0}, "movie": {"redirect": 0.0026157702375433104, "unknown": 0.8660930141418985, "dsfb": 0.0, "roll-in": 0.0007349739284942088, "sfb": 0.0011293726507318354, "oneh-in": 8.159065992236518e-05, "roll-out": 0.007269201407728399, "oneh-out": 3.7505383996571087e-05, "dsfb-red": 1.8686893078993313e-05, "alternate": 0.005082834917486181, "sfR": 0.11567713207251198, "dsfb-alt": 0.0012599177066076196, "sfT": 0.0, "sft": 0.0, "bad-redirect": 0.0}, "dutch": {"redirect": 0.00028113692280818184, "unknown": 0.7924901817246548, "dsfb": 0.0, "roll-in": 0.0038044662667788753, "sfb": 0.003745043614684589, "oneh-in": 3.7403636773892934e-05, "roll-out": 0.006995645578343244, "oneh-out": 0.0004003049812929817, "dsfb-red": 0.00017247630974500294, "alternate": 0.003203677075146058, "sfR": 0.18880787437283908, "dsfb-alt": 6.178951693328622e-05, "sfT": 0.0, "sft": 0.0, "bad-redirect": 0.0}}