{"english-450k": {"roll-out": 0.20846856781350184, "bad-redirect": 0.011588895755776322, "sfb": 0.032936600048763344, "dsfb-alt": 0.03291584346848888, "dsfb": 0.0, "sfT": 8.068755148947466e-05, "unknown": 0.00015377410175167997, "roll-in": 0.23843463811340812, "oneh-in": 0.03509499205110679, "sft": 0.0, "oneh-out": 0.025258127078216057, "sfR": 0.11369548401129392, "dsfb-red": 0.030734648462463626, "alternate": 0.20680453323713194, "redirect": 0.06383320830660802}, "shai": {"roll-out": 0.2212484243565755, "bad-redirect": 0.008567614338842835, "sfb": 0.02166918423858067, "dsfb-alt": 0.03146629586086097, "dsfb": 0.0, "sfT": 7.357647138235211e-05, "unknown": 0.024097749651430984, "roll-in": 0.2384303146828138, "oneh-in": 0.03904350742019294, "sft": 0.0, "oneh-out": 0.05307663440397098, "sfR": 0.09823378925716947, "dsfb-red": 0.029694538822212926, "alternate": 0.18439446525348235, "redirect": 0.05000390524248421}, "tr-quotes": {"roll-out": 0.23312221169182404, "bad-redirect": 0.009725850072813852, "sfb": 0.017421002750745474, "dsfb-alt": 0.03217678740667113, "dsfb": 0.0, "sfT": 2.542705901389242e-05, "unknown": 0.013894731975682485, "roll-in": 0.24325720625967961, "oneh-in": 0.03729802824715101, "sft": 0.0, "oneh-out": 0.059179168304015164, "sfR": 0.09677191928064538, "dsfb-red": 0.026303136774461985, "alternate": 0.18554934005224105, "redirect": 0.0452751901250549}, "gutenberg": {"roll-out": 0.21784717983574317, "bad-redirect": 0.009646689042938876, "sfb": 0.018862977726402524, "dsfb-alt": 0.03468852615534649, "dsfb": 0.0, "sfT": 2.9931010914210523e-05, "unknown": 0.03298207965968062, "roll-in": 0.2353244275315289, "oneh-in": 0.03195097527736386, "sft": 0.0, "oneh-out": 0.07145725756923062, "sfR": 0.09863878308844841, "dsfb-red": 0.023796479734242933, "alternate": 0.18205499501212963, "redirect": 0.042719698356029755}, "english-200": {"roll-out": 0.2383073496659243, "bad-redirect": 0.0066815144766146995, "sfb": 0.011135857461024499, "dsfb-alt": 0.042316258351893093, "dsfb": 0.0, "sfT": 0.0, "unknown": 0.0, "roll-in": 0.267260579064588, "oneh-in": 0.031180400890868598, "sft": 0.0, "oneh-out": 0.060133630289532294, "sfR": 0.10690423162583519, "dsfb-red": 0.0200445434298441, "alternate": 0.18485523385300667, "redirect": 0.031180400890868598}, "monkeyracer": {"roll-out": 0.2337916621048845, "bad-redirect": 0.00964034909363905, "sfb": 0.017305120665655253, "dsfb-alt": 0.03227982232510127, "dsfb": 0.0, "sfT": 2.248306927131395e-05, "unknown": 0.013491796612290222, "roll-in": 0.2430351361496473, "oneh-in": 0.03739325429719881, "sft": 0.0, "oneh-out": 0.05884405743153417, "sfR": 0.09690789370786869, "dsfb-red": 0.02634331451272346, "alternate": 0.1859291177252608, "redirect": 0.04501599230492516}, "chained-bigrams": {"roll-out": 0.21662427789201932, "bad-redirect": 0.012384837696552646, "sfb": 0.023572357540927298, "dsfb-alt": 0.03760707846003108, "dsfb": 0.0, "sfT": 9.025335219779899e-05, "unknown": 0.023159399756770463, "roll-in": 0.23966095906198848, "oneh-in": 0.026867578853185067, "sft": 0.0, "oneh-out": 0.04188989220892807, "sfR": 0.11914286586209158, "dsfb-red": 0.03541177929614073, "alternate": 0.15654736125819665, "redirect": 0.06704135876097081}, "english-5k": {"roll-out": 0.213506450408595, "bad-redirect": 0.00850375409632057, "sfb": 0.026423860289542456, "dsfb-alt": 0.026755714107935456, "dsfb": 0.0, "sfT": 8.296345459824948e-05, "unknown": 0.002157049819554486, "roll-in": 0.25050815115941427, "oneh-in": 0.044592856846559094, "sft": 0.0, "oneh-out": 0.02679719583523458, "sfR": 0.10644211224955408, "dsfb-red": 0.0313601858381383, "alternate": 0.19749450367113286, "redirect": 0.06537520222342058}, "mt-quotes": {"roll-out": 0.23694284075017033, "bad-redirect": 0.009447353007972652, "sfb": 0.016395034723467327, "dsfb-alt": 0.03262123331062263, "dsfb": 0.0, "sfT": 2.0917751401489345e-05, "unknown": 0.007995063410669249, "roll-in": 0.24534580031316863, "oneh-in": 0.03793583629170103, "sft": 0.0, "oneh-out": 0.06077503257192718, "sfR": 0.0964592223377679, "dsfb-red": 0.02603662399445381, "alternate": 0.18619039934975676, "redirect": 0.04383464218692103}, "wordle": {"roll-out": 0.20749467070571076, "bad-redirect": 0.00677661842252889, "sfb": 0.03893189722876697, "dsfb-alt": 0.04624705486368226, "dsfb": 0.0, "sfT": 0.0, "unknown": 0.0, "roll-in": 0.22986648715359587, "oneh-in": 0.023314260069561315, "sft": 0.0, "oneh-out": 0.020621564007629305, "sfR": 0.13138112868843263, "dsfb-red": 0.03857287108717603, "alternate": 0.20700100976102323, "redirect": 0.04979243801189274}, "english-1k": {"roll-out": 0.22477064220183487, "bad-redirect": 0.007057163020465773, "sfb": 0.017642907551164433, "dsfb-alt": 0.03175723359209598, "dsfb": 0.0, "sfT": 0.0, "unknown": 0.0, "roll-in": 0.2491178546224418, "oneh-in": 0.029992942836979536, "sft": 0.0, "oneh-out": 0.038461538461538464, "sfR": 0.10832745236414962, "dsfb-red": 0.027522935779816515, "alternate": 0.2180663373323924, "redirect": 0.04728299223712068}, "english-10k": {"roll-out": 0.2064221068678721, "bad-redirect": 0.00843287470330561, "sfb": 0.026591536249782905, "dsfb-alt": 0.028366878292584087, "dsfb": 0.0, "sfT": 0.00011578317670442484, "unknown": 0.0, "roll-in": 0.24615503367360722, "oneh-in": 0.05320236969568322, "sft": 0.0, "oneh-out": 0.02520213812932981, "sfR": 0.10567144593890508, "dsfb-red": 0.03267015302676521, "alternate": 0.2046467648250709, "redirect": 0.06252291542038942}, "reddit": {"roll-out": 0.22431986233651477, "bad-redirect": 0.008114736551711738, "sfb": 0.0205079712184728, "dsfb-alt": 0.03278328994828442, "dsfb": 0.0, "sfT": 9.135863094652823e-05, "unknown": 0.04519937363713543, "roll-in": 0.22750044621143548, "oneh-in": 0.03700230569107336, "sft": 0.0, "oneh-out": 0.049676208755408145, "sfR": 0.10397777127267367, "dsfb-red": 0.02871200624340164, "alternate": 0.17752240561996047, "redirect": 0.04459226388298154}, "akl": {"roll-out": 0.18905748231065397, "bad-redirect": 0.005168608012976828, "sfb": 0.02457237749865819, "dsfb-alt": 0.028463627185211372, "dsfb": 0.0, "sfT": 0.00018501052531500153, "unknown": 0.13920166722946467, "roll-in": 0.20209560987170502, "oneh-in": 0.030509762554260057, "sft": 0.0, "oneh-out": 0.03577057933866792, "sfR": 0.13064861186637447, "dsfb-red": 0.026212789331889884, "alternate": 0.1523036145270126, "redirect": 0.03581025974781}, "french": {"roll-out": 0.2021865603531447, "bad-redirect": 0.010013651001641515, "sfb": 0.0508828175588284, "dsfb-alt": 0.026313441661912556, "dsfb": 0.0, "sfT": 4.088543683362562e-05, "unknown": 0.15842537463172957, "roll-in": 0.16810440627401635, "oneh-in": 0.030326836444154754, "sft": 0.0, "oneh-out": 0.01821247701579998, "sfR": 0.10898279115633469, "dsfb-red": 0.02154377866203584, "alternate": 0.1491894008947124, "redirect": 0.05577757890885563}, "keymash": {"roll-out": 0.2315147385402257, "bad-redirect": 0.009937893297976709, "sfb": 0.01763863176431471, "dsfb-alt": 0.033618895543341284, "dsfb": 0.0, "sfT": 1.6419485002852885e-05, "unknown": 0.012376186820900362, "roll-in": 0.24249116426463285, "oneh-in": 0.037941324970342305, "sft": 0.0, "oneh-out": 0.05940980161157245, "sfR": 0.099723742164827, "dsfb-red": 0.02646410495334814, "alternate": 0.18393517587320873, "redirect": 0.044931920710306925}, "movie": {"roll-out": 0.23879875387374688, "bad-redirect": 0.011897234195066686, "sfb": 0.015613293961014667, "dsfb-alt": 0.03571038947827905, "dsfb": 0.0, "sfT": 1.7502512531733173e-05, "unknown": 0.030282373430185833, "roll-in": 0.2265627868421638, "oneh-in": 0.02989889732855072, "sft": 0.0, "oneh-out": 0.05129367913209646, "sfR": 0.11567713207251198, "dsfb-red": 0.027936905153095003, "alternate": 0.1751509328510185, "redirect": 0.04116011916973871}, "dutch": {"roll-out": 0.17167926801046973, "bad-redirect": 0.0069781092615815625, "sfb": 0.0386999076815128, "dsfb-alt": 0.025470944241720878, "dsfb": 0.0, "sfT": 0.00024281881552831166, "unknown": 0.07360268279108878, "roll-in": 0.2043679127863382, "oneh-in": 0.02091006742014494, "sft": 0.0,