{"english-450k": {"sft": 0.0, "bad-redirect": 0.003290064146603434, "oneh-out": 0.0067254243551281324, "dsfb-alt": 0.045875842907184175, "redirect": 0.031190123843697688, "roll-out": 0.1985156413987947, "dsfb-red": 0.01750481348020027, "alternate": 0.3263565886940369, "roll-in": 0.20364660957340258, "sfR": 0.11369548401129392, "sfT": 0.0018944033827963617, "oneh-in": 0.008069924533751662, "unknown": 0.00015377410175167997, "sfb": 0.04308130557135849, "dsfb": 0.0}, "shai": {"sft": 0.0, "bad-redirect": 0.0038551942279509777, "oneh-out": 0.01462921638464804, "dsfb-alt": 0.04255644913833863, "redirect": 0.021699578558926045, "roll-out": 0.24564270924900755, "dsfb-red": 0.021667910874083835, "alternate": 0.29413573074711585, "roll-in": 0.20317953309245973, "sfR": 0.09823378925716947, "sfT": 0.0002108869645560347, "oneh-in": 0.009959099841994432, "unknown": 0.023621906111313578, "sfb": 0.020607995552435834, "dsfb": 0.0}, "tr-quotes": {"sft": 0.0, "bad-redirect": 0.003774762488153302, "oneh-out": 0.025642033240100785, "dsfb-alt": 0.0409583689697418, "redirect": 0.022986061348558746, "roll-out": 0.26933149950301655, "dsfb-red": 0.028488708074247013, "alternate": 0.27798363422019834, "roll-in": 0.19051108388617924, "sfR": 0.09677191928064538, "sfT": 0.00019532604424308267, "oneh-in": 0.007422389681237142, "unknown": 0.01476965396084233, "sfb": 0.021164559302836273, "dsfb": 0.0}, "gutenberg": {"sft": 0.0, "bad-redirect": 0.00359683610270959, "oneh-out": 0.018851232646170366, "dsfb-alt": 0.03769166739599826, "redirect": 0.021328118517710253, "roll-out": 0.27454939620815766, "dsfb-red": 0.025236578120127924, "alternate": 0.25940222088100984, "roll-in": 0.19715291677701358, "sfR": 0.09863878308844841, "sfT": 8.448880296036642e-05, "oneh-in": 0.006706061939006662, "unknown": 0.03802431837805746, "sfb": 0.018737381142629603, "dsfb": 0.0}, "english-200": {"sft": 0.0, "bad-redirect": 0.0022271714922048997, "oneh-out": 0.015590200445434299, "dsfb-alt": 0.066815144766147, "redirect": 0.015590200445434299, "roll-out": 0.27616926503340755, "dsfb-red": 0.028953229398663696, "alternate": 0.2717149220489978, "roll-in": 0.1870824053452116, "sfR": 0.10690423162583519, "sfT": 0.0, "oneh-in": 0.0066815144766146995, "unknown": 0.0, "sfb": 0.022271714922048998, "dsfb": 0.0}, "monkeyracer": {"sft": 0.0, "bad-redirect": 0.003836784647387272, "oneh-out": 0.025999225800397267, "dsfb-alt": 0.04109807310321097, "redirect": 0.02286430392417536, "roll-out": 0.2698046514537748, "dsfb-red": 0.028728474904984595, "alternate": 0.27741370411498817, "roll-in": 0.19030842860941238, "sfR": 0.09690789370786869, "sfT": 0.00018181960367236497, "oneh-in": 0.007347076027965028, "unknown": 0.014352018393105714, "sfb": 0.021157545709057354, "dsfb": 0.0}, "chained-bigrams": {"sft": 0.0, "bad-redirect": 0.0029829057553718602, "oneh-out": 0.010657037910953055, "dsfb-alt": 0.056313546638582075, "redirect": 0.037130488816051334, "roll-out": 0.21372188591846422, "dsfb-red": 0.03109714961733228, "alternate": 0.2812826884330914, "roll-in": 0.19668088427507405, "sfR": 0.11914286586209158, "sfT": 0.00010973249295991388, "oneh-in": 0.006115151589919934, "unknown": 0.02365222201805197, "sfb": 0.021113440672056328, "dsfb": 0.0}, "english-5k": {"sft": 0.0, "bad-redirect": 0.0037333554569212264, "oneh-out": 0.00622225909486871, "dsfb-alt": 0.04351433193678185, "redirect": 0.022814950014518606, "roll-out": 0.1913552080308624, "dsfb-red": 0.016841581283444644, "alternate": 0.3403990542166176, "roll-in": 0.22416725432447007, "sfR": 0.10644211224955408, "sfT": 0.0003733355456921226, "oneh-in": 0.0191230762848965, "unknown": 0.002157049819554486, "sfb": 0.02285643174181773, "dsfb": 0.0}, "mt-quotes": {"sft": 0.0, "bad-redirect": 0.003926560763079571, "oneh-out": 0.02749787834235785, "dsfb-alt": 0.04141266539964858, "redirect": 0.022337170246590408, "roll-out": 0.27600076499205123, "dsfb-red": 0.03007076176474104, "alternate": 0.27480546491196617, "roll-in": 0.19070116302697793, "sfR": 0.0964592223377679, "sfT": 0.00013447125900957436, "oneh-in": 0.007191224106812015, "unknown": 0.008869126594231481, "sfb": 0.020593526254766258, "dsfb": 0.0}, "wordle": {"sft": 0.0, "bad-redirect": 0.005564905194659486, "oneh-out": 0.009693705822955234, "dsfb-alt": 0.052148547066083246, "redirect": 0.03018063502748794, "roll-out": 0.21581958936385057, "dsfb-red": 0.02071132054302704, "alternate": 0.3049702681476495, "roll-in": 0.19136093346796815, "sfR": 0.13138112868843263, "sfT": 0.0005385392123864019, "oneh-in": 0.0035678222820599123, "unknown": 0.0, "sfb": 0.03406260518343992, "dsfb": 0.0}, "english-1k": {"sft": 0.0, "bad-redirect": 0.0038814396612561752, "oneh-out": 0.012350035285815103, "dsfb-alt": 0.03987297106563162, "redirect": 0.02081863091037403, "roll-out": 0.2392378263937897, "dsfb-red": 0.02081863091037403, "alternate": 0.30592801693719124, "roll-in": 0.2205363443895554, "sfR": 0.10832745236414962, "sfT": 0.0, "oneh-in": 0.010232886379675371, "unknown": 0.0, "sfb": 0.01799576570218772, "dsfb": 0.0}, "english-10k": {"sft": 0.0, "bad-redirect": 0.004515543891472569, "oneh-out": 0.006561046679917408, "dsfb-alt": 0.044943169757434245, "redirect": 0.024082900754520367, "roll-out": 0.19683140039752223, "dsfb-red": 0.016769263426024198, "alternate": 0.32708747419000017, "roll-in": 0.23453812161092993, "sfR": 0.10567144593890508, "sfT": 0.00036664672623067866, "oneh-in": 0.016904343798846026, "unknown": 0.0, "sfb": 0.021728642828197062, "dsfb": 0.0}, "reddit": {"sft": 0.0, "bad-redirect": 0.0030935328464993333, "oneh-out": 0.01908627509810565, "dsfb-alt": 0.0435043882296072, "redirect": 0.022202207477735783, "roll-out": 0.2507367404971011, "dsfb-red": 0.028281770394671907, "alternate": 0.2714888216778037, "roll-in": 0.18533752032298778, "sfR": 0.10397777127267367, "sfT": 0.00021777740070648427, "oneh-in": 0.006944829163293158, "unknown": 0.041217688064775854, "sfb": 0.023910677554038407, "dsfb": 0.0}, "akl": {"sft": 0.0, "bad-redirect": 0.003134282877782388, "oneh-out": 0.01664906950058252, "dsfb-alt": 0.03651561237557344, "redirect": 0.019168429574673698, "roll-out": 0.20573461964734197, "dsfb-red": 0.02375467940366621, "alternate": 0.23039100299349896, "roll-in": 0.16908763695084172, "sfR": 0.13064861186637447, "sfT": 0.00025157280565669683, "oneh-in": 0.005119686960609881, "unknown": 0.13295000147380848, "sfb": 0.02659479356958957, "dsfb": 0.0}, "french": {"sft": 0.0, "bad-redirect": 0.0040796594532261235, "oneh-out": 0.011467203939360529, "dsfb-alt": 0.028823948312777577, "redirect": 0.026303868267212413, "roll-out": 0.16104169800679974, "dsfb-red": 0.012816812882667051, "alternate": 0.22396459503948635, "roll-in": 0.21448575072111709, "sfR": 0.10898279115633469, "sfT": 0.00028828053336483117, "oneh-in": 0.018883528536948725, "unknown": 0.15822382396052298, "sfb": 0.030638039190181897, "dsfb": 0.0}, "keymash": {"sft": 0.0, "bad-redirect": 0.003969410499439685, "oneh-out": 0.024584073920521483, "dsfb-alt": 0.04110207583339148, "redirect": 0.02274509160020196, "roll-out": 0.2693944904418073, "dsfb-red": 0.028216884977402684, "alternate": 0.27649591770554116, "roll-in": 0.19235016193717083, "sfR": 0.099723742164827, "sfT": 0.0001724045925299553, "oneh-in": 0.007343614667525953, "unknown": 0.013394194891077241, "sfb": 0.020507936768563256, "dsfb": 0.0}, "movie": {"sft": 0.0, "bad-redirect": 0.002775530013584845, "oneh-out": 0.03941815858039621, "dsfb-alt": 0.038808992185588746, "redirect": 0.028331567071009797, "roll-out": 0.2720911646658751, "dsfb-red": 0.02947673146237177, "alternate": 0.2529323617377179, "roll-in": 0.16489788205122605, "sfR": 0.11567713207251198, "sfT": 0.00012435995746231467, "oneh-in": 0.004856091841605157, "unknown": 0.030451476652766863, "sfb": 0.02015855170788333, "dsfb": 0.0}, "dutch": {"sft": 0.0, "bad-redirect": 0.003905093884024842, "oneh-out": 0.0032981185683810025, "dsfb-alt": 0.03429524393931086, "redirect": 0.024377094070218208, "roll-out": 0.12331650910818003, "dsfb-red": 0.014919155965957168,