{"english-450k": {"alternate": 0.31936045175673755, "redirect": 0.013128098504298366, "dsfb": 0.0, "dsfb-alt": 0.10372501682452387, "sfT": 0.005422144990852487, "roll-out": 0.13574481918679812, "sft": 0.0, "bad-redirect": 0.0027810894105774362, "roll-in": 0.1820062667331657, "unknown": 0.00015377410175167997, "sfR": 0.11369548401129392, "oneh-out": 0.00133426806158682, "dsfb-red": 0.007757406444830472, "oneh-in": 0.00369291721164871, "sfb": 0.11119826276193488}, "shai": {"alternate": 0.29117731023927484, "redirect": 0.011710308880296925, "dsfb": 0.0, "dsfb-alt": 0.09375852457539294, "sfT": 0.0019421595271041632, "roll-out": 0.12568221760800685, "sft": 0.0, "bad-redirect": 0.0028980498713011664, "roll-in": 0.2446815551488358, "unknown": 0.023621906111313578, "sfR": 0.09823378925716947, "oneh-out": 0.0009616340308635687, "dsfb-red": 0.009475519354675903, "oneh-in": 0.011511083457470246, "sfb": 0.08434594193829453}, "tr-quotes": {"alternate": 0.28403874159173387, "redirect": 0.011124338318577934, "dsfb": 0.0, "dsfb-alt": 0.08657798016689397, "sfT": 0.0013152724162640715, "roll-out": 0.11795843831626639, "sft": 0.0, "bad-redirect": 0.004009384896326945, "roll-in": 0.2674290931786135, "unknown": 0.01476965396084233, "sfR": 0.09677191928064538, "oneh-out": 0.0011338156769376574, "dsfb-red": 0.012950463465939298, "oneh-in": 0.02075657058320427, "sfb": 0.08116432814775433}, "gutenberg": {"alternate": 0.2641343515939021, "redirect": 0.010995668338635668, "dsfb": 0.0, "dsfb-alt": 0.07478604063115787, "sfT": 0.0012565341480630279, "roll-out": 0.10761297156970724, "sft": 0.0, "bad-redirect": 0.003206596340157225, "roll-in": 0.2875591563698306, "unknown": 0.03802431837805746, "sfR": 0.09863878308844841, "oneh-out": 0.0012302024359296402, "dsfb-red": 0.010539883450916741, "oneh-in": 0.014801832080966795, "sfb": 0.0872136615742272}, "english-200": {"alternate": 0.2984409799554566, "redirect": 0.0066815144766146995, "dsfb": 0.0, "dsfb-alt": 0.09131403118040089, "sfT": 0.0, "roll-out": 0.10244988864142539, "sft": 0.0, "bad-redirect": 0.004454342984409799, "roll-in": 0.30066815144766146, "unknown": 0.0, "sfR": 0.10690423162583519, "oneh-out": 0.0, "dsfb-red": 0.008908685968819599, "oneh-in": 0.017817371937639197, "sfb": 0.062360801781737196}, "monkeyracer": {"alternate": 0.28364053677839124, "redirect": 0.011104681170527238, "dsfb": 0.0, "dsfb-alt": 0.086262649170277, "sfT": 0.0013059730672380625, "roll-out": 0.11795302407056947, "sft": 0.0, "bad-redirect": 0.004055750191594851, "roll-in": 0.26789163551621126, "unknown": 0.014352018393105714, "sfR": 0.09690789370786869, "oneh-out": 0.0011163332655582839, "dsfb-red": 0.013032359979354678, "oneh-in": 0.02110280432300546, "sfb": 0.08127434036629808}, "chained-bigrams": {"alternate": 0.30627832185903725, "redirect": 0.01631572830234743, "dsfb": 0.0, "dsfb-alt": 0.08126632595485125, "sfT": 0.002691367948632207, "roll-out": 0.10955458347428657, "sft": 0.0, "bad-redirect": 0.0021134867726894653, "roll-in": 0.2433087528220405, "unknown": 0.02365222201805197, "sfR": 0.11914286586209158, "oneh-out": 0.0020115459360343976, "dsfb-red": 0.009671393388390043, "oneh-in": 0.006981973353834047, "sfb": 0.07701143230771329}, "english-5k": {"alternate": 0.3231841373874808, "redirect": 0.011324511552661053, "dsfb": 0.0, "dsfb-alt": 0.10839175343261294, "sfT": 0.002862239183639607, "roll-out": 0.13572821172273614, "sft": 0.0, "bad-redirect": 0.0019496411830588626, "roll-in": 0.19583523457916788, "unknown": 0.002157049819554486, "sfR": 0.10644211224955408, "oneh-out": 0.0009540797278798689, "dsfb-red": 0.007342265731945078, "oneh-in": 0.004106691002613349, "sfb": 0.09972207242709587}, "mt-quotes": {"alternate": 0.283257730603268, "redirect": 0.010853324727172757, "dsfb": 0.0, "dsfb-alt": 0.08537879059537896, "sfT": 0.0012057589557858501, "roll-out": 0.11725744373124873, "sft": 0.0, "bad-redirect": 0.0042926214126056345, "roll-in": 0.2751715255614922, "unknown": 0.008869126594231481, "sfR": 0.0964592223377679, "oneh-out": 0.0010847348226772332, "dsfb-red": 0.013605503161568711, "oneh-in": 0.022631512891311364, "sfb": 0.0799327046054912}, "wordle": {"alternate": 0.29103556602715136, "redirect": 0.019409850779759902, "dsfb": 0.0, "dsfb-alt": 0.08784920902053181, "sfT": 0.006731740154830024, "roll-out": 0.13963872994502413, "sft": 0.0, "bad-redirect": 0.00381465275440368, "roll-in": 0.18393358016380568, "unknown": 0.0, "sfR": 0.13138112868843263, "oneh-out": 0.003635139683608213, "dsfb-red": 0.008930775272074499, "oneh-in": 0.005475148659261753, "sfb": 0.11816447885111635}, "english-1k": {"alternate": 0.3211009174311927, "redirect": 0.008821453775582216, "dsfb": 0.0, "dsfb-alt": 0.0839802399435427, "sfT": 0.00035285815102328866, "roll-out": 0.10091743119266056, "sft": 0.0, "bad-redirect": 0.003175723359209598, "roll-in": 0.257939308398024, "unknown": 0.0, "sfR": 0.10832745236414962, "oneh-out": 0.0014114326040931546, "dsfb-red": 0.008821453775582216, "oneh-in": 0.009174311926605505, "sfb": 0.09597741707833451}, "english-10k": {"alternate": 0.3121900387873642, "redirect": 0.014241330734644257, "dsfb": 0.0, "dsfb-alt": 0.11101676926342602, "sfT": 0.0032419289477238957, "roll-out": 0.1551687539800467, "sft": 0.0, "bad-redirect": 0.00270160745643658, "roll-in": 0.1845197892746184, "unknown": 0.0, "sfR": 0.10567144593890508, "oneh-out": 0.0010034541981050154, "dsfb-red": 0.0067540186410914495, "oneh-in": 0.0033384149283109165, "sfb": 0.10015244784932749}, "reddit": {"alternate": 0.2798178895482018, "redirect": 0.012100167865397535, "dsfb": 0.0, "dsfb-alt": 0.08071405816050015, "sfT": 0.0017482873066003522, "roll-out": 0.1157459915417415, "sft": 0.0, "bad-redirect": 0.0036975336353524567, "roll-in": 0.24861077009257787, "unknown": 0.041217688064775854, "sfR": 0.10397777127267367, "oneh-out": 0.0008703979119739551, "dsfb-red": 0.01276252730411318, "oneh-in": 0.01673443649161132, "sfb": 0.08200248080448036}, "akl": {"alternate": 0.23584681217451287, "redirect": 0.013606600072595877, "dsfb": 0.0, "dsfb-alt": 0.06891805138158363, "sfT": 0.0012710578878612365, "roll-out": 0.10264543555586533, "sft": 0.0, "bad-redirect": 0.0025731238164904123, "roll-in": 0.2055002186252181, "unknown": 0.13295000147380848, "sfR": 0.13064861186637447, "oneh-out": 0.0026286665062484416, "dsfb-red": 0.009744505356645219, "oneh-in": 0.015189986759937206, "sfb": 0.07847692852285872}, "french": {"alternate": 0.23352225880936964, "redirect": 0.011045854717847563, "dsfb": 0.0, "dsfb-alt": 0.0694365059428533, "sfT": 0.0034030646518910684, "roll-out": 0.11891362255562506, "sft": 0.0, "bad-redirect": 0.0007788158843382903, "roll-in": 0.1757501777258028, "unknown": 0.15822382396052298, "sfR": 0.10898279115633469, "oneh-out": 0.0006193641788709845, "dsfb-red": 0.005009327467823768, "oneh-in": 0.0056576365583702985, "sfb": 0.10865675639034958}, "keymash": {"alternate": 0.2816885798376934, "redirect": 0.01225714555462968, "dsfb": 0.0, "dsfb-alt": 0.08661278339004898, "sfT": 0.0012684052164703855, "roll-out": 0.11748962493791382, "sft": 0.0, "bad-redirect": 0.003464511335601959, "roll-in": 0.2691974566217731, "unknown": 0.013394194891077241, "sfR": 0.099723742164827, "oneh-out": 0.0013710269977382158, "dsfb-red": 0.012310508880888952, "oneh-in": 0.019514557925890654, "sfb": 0.08170746224544667}, "movie": {"alternate": 0.27169479197605867, "redirect": 0.013411793719335235, "dsfb": 0.0, "dsfb-alt": 0.08116796766483189, "sfT": 0.0010147509333247708, "roll-out": 0.1046114646194605, "sft": 0.0, "bad-redirect": 0.0038334450379653184, "roll-in": 0.2539285573758022, "unknown": 0.030451476652766863, "sfR": 0.11567713207251198, "oneh-out": 0.0010163301073877842, "dsfb-red": 0.015893860552876737, "oneh-in": 0.030912200685651058, "sfb": 0.07638622860202694}, "dutch": {"alternate": 0.24484528216955725, "redirect": 0.011624838725953953, "dsfb": 0.0, "dsfb-alt": 0.08177263401466646, "sfT": 0.0033112439097609113, "roll-out": 0.1416193493926069, "sft": 0.0, "bad-redirect": 0.003030734564750949,