{"english-450k": {"dsfb-red": 0.007742789134778031, "redirect": 0.016823646831756515, "dsfb": 0.0, "oneh-in": 0.002459800935624782, "unknown": 0.40376693926975427, "sfT": 0.00014003383030238538, "roll-out": 0.08439684008838211, "oneh-out": 0.002690169742051253, "dsfb-alt": 0.02908376946514093, "sfb": 0.013468681828520243, "bad-redirect": 0.000986083736137674, "sfR": 0.11369548401129392, "sft": 0.0, "alternate": 0.18340309688177694, "roll-in": 0.14134266424448094}, "shai": {"dsfb-red": 0.0055360276229528245, "redirect": 0.013701216206299601, "dsfb": 0.0, "oneh-in": 0.0013731668582777053, "unknown": 0.4462357874718273, "sfT": 3.7105609213183045e-05, "roll-out": 0.09795142745321217, "oneh-out": 0.010475319486765215, "dsfb-alt": 0.020863055492682914, "sfb": 0.006389348263409496, "bad-redirect": 0.0004889487443310122, "sfR": 0.09823378925716947, "sft": 0.0, "alternate": 0.1607105126186164, "roll-in": 0.1380042949152427}, "tr-quotes": {"dsfb-red": 0.005584706779778553, "redirect": 0.014128198608446406, "dsfb": 0.0, "oneh-in": 0.001069092253993204, "unknown": 0.42916368091352486, "sfT": 2.4271283604170037e-05, "roll-out": 0.10452486072906313, "oneh-out": 0.020198331060308362, "dsfb-alt": 0.020221446568502808, "sfb": 0.004455514204479785, "bad-redirect": 0.00047964679503478884, "sfR": 0.09677191928064538, "sft": 0.0, "alternate": 0.17026536603407225, "roll-in": 0.13311296548854626}, "gutenberg": {"dsfb-red": 0.004332419111443005, "redirect": 0.011624030131056153, "dsfb": 0.0, "oneh-in": 0.0012015974824609958, "unknown": 0.45468785933788813, "sfT": 0.00015855858313414055, "roll-out": 0.11151517975845296, "oneh-out": 0.010424137579596598, "dsfb-alt": 0.0217551090151826, "sfb": 0.004609754554344297, "bad-redirect": 0.0006457899759907828, "sfR": 0.09863878308844841, "sft": 0.0, "alternate": 0.1478722650538777, "roll-in": 0.1325345163281242}, "english-200": {"dsfb-red": 0.0022271714922048997, "redirect": 0.004454342984409799, "dsfb": 0.0, "oneh-in": 0.0022271714922048997, "unknown": 0.43207126948775054, "sfT": 0.0, "roll-out": 0.10244988864142539, "oneh-out": 0.017817371937639197, "dsfb-alt": 0.017817371937639197, "sfb": 0.0, "bad-redirect": 0.0, "sfR": 0.10690423162583519, "sft": 0.0, "alternate": 0.13808463251670378, "roll-in": 0.1759465478841871}, "monkeyracer": {"dsfb-red": 0.005533767614996012, "redirect": 0.01407831146284624, "dsfb": 0.0, "oneh-in": 0.0010850524735286297, "unknown": 0.4288713890235701, "sfT": 2.4438118773167336e-05, "roll-out": 0.10498420320002502, "oneh-out": 0.02074209768991351, "dsfb-alt": 0.02022107699766958, "sfb": 0.004434052270203482, "bad-redirect": 0.00048485227645964, "sfR": 0.09690789370786869, "sft": 0.0, "alternate": 0.17016653111656788, "roll-in": 0.13246633404757807}, "chained-bigrams": {"dsfb-red": 0.010775211364909887, "redirect": 0.023006813154133894, "dsfb": 0.0, "oneh-in": 0.003007579333670539, "unknown": 0.4201702606763547, "sfT": 5.25936800577102e-05, "roll-out": 0.11141678933114474, "oneh-out": 0.004394494155933119, "dsfb-alt": 0.028567458537025626, "sfb": 0.007957229001323932, "bad-redirect": 0.001326529485900024, "sfR": 0.11914286586209158, "sft": 0.0, "alternate": 0.16267030450442144, "roll-in": 0.10751187091303278}, "english-5k": {"dsfb-red": 0.00551706973078359, "redirect": 0.013357116190318164, "dsfb": 0.0, "oneh-in": 0.002488903637947484, "unknown": 0.43306923300286226, "sfT": 0.0, "roll-out": 0.08196789314307047, "oneh-out": 0.003899282366117725, "dsfb-alt": 0.02302235865101423, "sfb": 0.008088936823329323, "bad-redirect": 0.0010370431824781184, "sfR": 0.10644211224955408, "sft": 0.0, "alternate": 0.16459949392292694, "roll-in": 0.15651055709959763}, "mt-quotes": {"dsfb-red": 0.00550435686879191, "redirect": 0.01399845806289669, "dsfb": 0.0, "oneh-in": 0.001017499193172446, "unknown": 0.4247573540837427, "sfT": 1.1953000800851053e-05, "roll-out": 0.10693154516441353, "oneh-out": 0.02245072375419849, "dsfb-alt": 0.020188618352637428, "sfb": 0.0038488662578740392, "bad-redirect": 0.0004407669045313826, "sfR": 0.0964592223377679, "sft": 0.0, "alternate": 0.17251616643358314, "roll-in": 0.13187446958558946}, "wordle": {"dsfb-red": 0.011533714798608773, "redirect": 0.016470324245484124, "dsfb": 0.0, "oneh-in": 0.0008526870862784697, "unknown": 0.38734432850891953, "sfT": 0.0001795130707954673, "roll-out": 0.11360933467968136, "oneh-out": 0.005048805116122518, "dsfb-alt": 0.03222259620778638, "sfb": 0.016762032985526757, "bad-redirect": 0.00047122181083810165, "sfR": 0.13138112868843263, "sft": 0.0, "alternate": 0.15880175025244025, "roll-in": 0.1253225625490856}, "english-1k": {"dsfb-red": 0.00529287226534933, "redirect": 0.009527170077628794, "dsfb": 0.0, "oneh-in": 0.0017642907551164433, "unknown": 0.4618913196894848, "sfT": 0.0, "roll-out": 0.09491884262526465, "oneh-out": 0.006351446718419196, "dsfb-alt": 0.020112914608327453, "sfb": 0.004234297812279464, "bad-redirect": 0.0, "sfR": 0.10832745236414962, "sft": 0.0, "alternate": 0.14114326040931546, "roll-in": 0.1464361326746648}, "english-10k": {"dsfb-red": 0.005808456031338646, "redirect": 0.01565002605121476, "dsfb": 0.0, "oneh-in": 0.0022770691418536886, "unknown": 0.43069412014434305, "sfT": 7.718878446961657e-05, "roll-out": 0.08197448910673279, "oneh-out": 0.0034927924972501497, "dsfb-alt": 0.022249667123366974, "sfb": 0.007853958819783485, "bad-redirect": 0.00046313270681769936, "sfR": 0.10567144593890508, "sft": 0.0, "alternate": 0.16995040620597826, "roll-in": 0.1538372474479458}, "reddit": {"dsfb-red": 0.005892800254410751, "redirect": 0.014577863380452886, "dsfb": 0.0, "oneh-in": 0.001239053773300618, "unknown": 0.4211215985625343, "sfT": 5.277749528645276e-05, "roll-out": 0.10562140256661941, "oneh-out": 0.01567862438398943, "dsfb-alt": 0.020892658852675685, "sfb": 0.006255088355482838, "bad-redirect": 0.0005938498298590646, "sfR": 0.10397777127267367, "sft": 0.0, "alternate": 0.17129177695533784, "roll-in": 0.13280473431737705}, "akl": {"dsfb-red": 0.00783954922659893, "redirect": 0.011618379323116953, "dsfb": 0.0, "oneh-in": 0.0013022388818446143, "unknown": 0.4428540957038594, "sfT": 0.0001933122796560593, "roll-out": 0.09380406718263881, "oneh-out": 0.01376806425300901, "dsfb-alt": 0.01738760443810799, "sfb": 0.011960184292028242, "bad-redirect": 0.0008915244103821048, "sfR": 0.13064861186637447, "sft": 0.0, "alternate": 0.15654595924090636, "roll-in": 0.11118640890147703}, "french": {"dsfb-red": 0.004641553300219575, "redirect": 0.011208063081569682, "dsfb": 0.0, "oneh-in": 0.001049642576035414, "unknown": 0.5314114241581215, "sfT": 3.932732564612212e-05, "roll-out": 0.10280940481306239, "oneh-out": 0.008816452299781851, "dsfb-alt": 0.016311341657632244, "sfb": 0.0035538119092820325, "bad-redirect": 0.00029267021199885546, "sfR": 0.10898279115633469, "sft": 0.0, "alternate": 0.11715715182848169, "roll-in": 0.09372636568183403}, "keymash": {"dsfb-red": 0.005512842089707856, "redirect": 0.01452713935627409, "dsfb": 0.0, "oneh-in": 0.0011411542076982756, "unknown": 0.4269558685291836, "sfT": 2.873409875499255e-05, "roll-out": 0.1062135436122046, "oneh-out": 0.01952276766839208, "dsfb-alt": 0.019797794042189867, "sfb": 0.004622085028303087, "bad-redirect": 0.0005459478763448584, "sfR": 0.099723742164827, "sft": 0.0, "alternate": 0.1674335934453416, "roll-in": 0.13397478788077813}, "movie": {"dsfb-red": 0.005265229521764243, "redirect": 0.014963858627600357, "dsfb": 0.0, "oneh-in": 0.00059337465417733, "unknown": 0.3909255920817054, "sfT": 2.3819208783787253e-05, "roll-out": 0.10794352189241903, "oneh-out": 0.03186233708023086, "dsfb-alt": 0.022933423732275252, "sfb": 0.005400248904151899, "bad-redirect": 0.00033110016187850124, "sfR": 0.11567713207251198, "sft": 0.0, "alternate": 0.18256173353306376, "roll-in": 0.12151862852943758}, "dutch": {"dsfb-red": 0.0036911795088031057, "redirect": 0.008042409484185201, "dsfb": 0.0, "oneh-in": 0.0016254802897716762, "unknown": 0.511041298958375, "sfT": 4.5526286562279085e-05,