{"english-450k": {"redirect": 0.04081240670501859, "dsfb-alt": 0.033563974996214115, "sfR": 0.11369548401129392, "unknown": 0.00015377410175167997, "dsfb": 0.0, "roll-out": 0.20004636610748636, "sft": 0.0, "sfT": 0.0001350639448845554, "sfb": 0.08208642806149327, "roll-in": 0.23050650148716512, "alternate": 0.21999431678985162, "oneh-in": 0.018116109386593353, "bad-redirect": 0.018096522191123083, "dsfb-red": 0.023584445077211556, "oneh-out": 0.0192086071399128}, "shai": {"redirect": 0.03603071540945984, "dsfb-alt": 0.028449691497454976, "sfR": 0.09823378925716947, "unknown": 0.023260762136131256, "dsfb": 0.0, "roll-out": 0.20486699649774448, "sft": 0.0, "sfT": 4.5686305533786655e-05, "sfb": 0.07716866746159703, "roll-in": 0.23298666210680904, "alternate": 0.22409641823080206, "oneh-in": 0.018058263121537337, "bad-redirect": 0.01917298343186362, "dsfb-red": 0.018900727265296086, "oneh-out": 0.018728637278601006}, "tr-quotes": {"redirect": 0.03569381197845635, "dsfb-alt": 0.028558054598830356, "sfR": 0.09677191928064538, "unknown": 0.013782621760939414, "dsfb": 0.0, "roll-out": 0.22559926954994106, "sft": 0.0, "sfT": 3.467326229167148e-05, "sfb": 0.07415339451237836, "roll-in": 0.2256905758073091, "alternate": 0.2282090104250942, "oneh-in": 0.016096484131203626, "bad-redirect": 0.016939044404891242, "dsfb-red": 0.01757818820646772, "oneh-out": 0.02089295208155151}, "gutenberg": {"redirect": 0.03282371051332442, "dsfb-alt": 0.027375508779826346, "sfR": 0.09863878308844841, "unknown": 0.03276706891672094, "dsfb": 0.0, "roll-out": 0.2119185664333942, "sft": 0.0, "sfT": 0.00016594661747372418, "sfb": 0.07492584497327616, "roll-in": 0.2144666805334388, "alternate": 0.2259833000114041, "oneh-in": 0.01470749256555365, "bad-redirect": 0.01922707521359944, "dsfb-red": 0.023515923866116693, "oneh-out": 0.023484098487423104}, "english-200": {"redirect": 0.0378619153674833, "dsfb-alt": 0.024498886414253896, "sfR": 0.10690423162583519, "unknown": 0.0, "dsfb": 0.0, "roll-out": 0.24053452115812918, "sft": 0.0, "sfT": 0.0, "sfb": 0.07126948775055679, "roll-in": 0.22048997772828507, "alternate": 0.22271714922049, "oneh-in": 0.0200445434298441, "bad-redirect": 0.013363028953229399, "dsfb-red": 0.015590200445434299, "oneh-out": 0.026726057906458798}, "monkeyracer": {"redirect": 0.03593380984406525, "dsfb-alt": 0.028583801241847444, "sfR": 0.09690789370786869, "unknown": 0.013391111562944773, "dsfb": 0.0, "roll-out": 0.22618163191892018, "sft": 0.0, "sfT": 3.225831678058088e-05, "sfb": 0.07444339740682233, "roll-in": 0.22531652251435005, "alternate": 0.22751986330293883, "oneh-in": 0.016122315717033955, "bad-redirect": 0.01706073947792358, "dsfb-red": 0.017464457200056304, "oneh-out": 0.021042197788448003}, "chained-bigrams": {"redirect": 0.04029260266643465, "dsfb-alt": 0.03474754059615261, "sfR": 0.11914286586209158, "unknown": 0.02260814007320261, "dsfb": 0.0, "roll-out": 0.20075397260843225, "sft": 0.0, "sfT": 6.817699266740211e-05, "sfb": 0.07183517530252728, "roll-in": 0.21046822010649896, "alternate": 0.22014091210427314, "oneh-in": 0.016818939438702066, "bad-redirect": 0.02170495724653255, "dsfb-red": 0.02546118489016037, "oneh-out": 0.01595731211232452}, "english-5k": {"redirect": 0.037540963205707885, "dsfb-alt": 0.027958684199610073, "sfR": 0.10644211224955408, "unknown": 0.002157049819554486, "dsfb": 0.0, "roll-out": 0.1972456133073381, "sft": 0.0, "sfT": 0.0, "sfb": 0.0811797403243871, "roll-in": 0.24507404488322893, "alternate": 0.21263533413531338, "oneh-in": 0.025967561289252084, "bad-redirect": 0.026092006471149457, "dsfb-red": 0.020326046376571122, "oneh-out": 0.017380843738333263}, "mt-quotes": {"redirect": 0.0357275193937438, "dsfb-alt": 0.028618472167437636, "sfR": 0.0964592223377679, "unknown": 0.007977133909467972, "dsfb": 0.0, "roll-out": 0.23162375539379162, "sft": 0.0, "sfT": 2.3906001601702106e-05, "sfb": 0.0742639939756876, "roll-in": 0.22570552587227025, "alternate": 0.22837702155126044, "oneh-in": 0.016034950574341688, "bad-redirect": 0.016949355135606792, "dsfb-red": 0.016961308136407643, "oneh-out": 0.021277835550614983}, "wordle": {"redirect": 0.04709974194996073, "dsfb-alt": 0.0374060361270055, "sfR": 0.13138112868843263, "unknown": 0.0, "dsfb": 0.0, "roll-out": 0.21929765511051275, "sft": 0.0, "sfT": 0.0001795130707954673, "sfb": 0.06960619320094244, "roll-in": 0.20937955794906316, "alternate": 0.2127678671603276, "oneh-in": 0.012027375743296308, "bad-redirect": 0.014787389206776618, "dsfb-red": 0.026343543139234826, "oneh-out": 0.01972399865365197}, "english-1k": {"redirect": 0.04022582921665491, "dsfb-alt": 0.026817219477769938, "sfR": 0.10832745236414962, "unknown": 0.0, "dsfb": 0.0, "roll-out": 0.2117148906139732, "sft": 0.0, "sfT": 0.0, "sfb": 0.08256880733944955, "roll-in": 0.23112208892025407, "alternate": 0.21030345800988004, "oneh-in": 0.02117148906139732, "bad-redirect": 0.022582921665490474, "dsfb-red": 0.021524347212420608, "oneh-out": 0.02364149611856034}, "english-10k": {"redirect": 0.03803477354740356, "dsfb-alt": 0.027942339978001197, "sfR": 0.10567144593890508, "unknown": 0.0, "dsfb": 0.0, "roll-out": 0.19501746396248626, "sft": 0.0, "sfT": 7.718878446961657e-05, "sfb": 0.08214816387178943, "roll-in": 0.2465602747920727, "alternate": 0.22191775535014763, "oneh-in": 0.022114586750545145, "bad-redirect": 0.02358117365546786, "dsfb-red": 0.021690048435962256, "oneh-out": 0.015244784932749271}, "reddit": {"redirect": 0.038595631679007945, "dsfb-alt": 0.027228580305978373, "sfR": 0.10397777127267367, "unknown": 0.03771545738217256, "dsfb": 0.0, "roll-out": 0.2172848731794995, "sft": 0.0, "sfT": 5.4013589924105665e-05, "sfb": 0.07040986088878576, "roll-in": 0.22247107679013192, "alternate": 0.21321857131058058, "oneh-in": 0.0168043320247586, "bad-redirect": 0.016703122094124112, "dsfb-red": 0.0162427330277183, "oneh-out": 0.019293976454644597}, "akl": {"redirect": 0.0353495370894835, "dsfb-alt": 0.0234900856916472, "sfR": 0.13064861186637447, "unknown": 0.13060016025844942, "dsfb": 0.0, "roll-out": 0.19806323036135387, "sft": 0.0, "sfT": 0.0001156562859240815, "sfb": 0.06562104423567564, "roll-in": 0.18623706010368843, "alternate": 0.17145946793216368, "oneh-in": 0.014940316439650336, "bad-redirect": 0.012958420836336028, "dsfb-red": 0.01225353765301449, "oneh-out": 0.018262871246238856}, "french": {"redirect": 0.02595419216032461, "dsfb-alt": 0.029570193680561706, "sfR": 0.10898279115633469, "unknown": 0.15805331565835973, "dsfb": 0.0, "roll-out": 0.168590956455991, "sft": 0.0, "sfT": 0.00020078659745117282, "sfb": 0.0661296246931139, "roll-in": 0.19158744907279873, "alternate": 0.16874384611626478, "oneh-in": 0.01710876498519053, "bad-redirect": 0.02638799128949926, "dsfb-red": 0.017124570824640684, "oneh-out": 0.021565517309469182}, "keymash": {"redirect": 0.03591351857248997, "dsfb-alt": 0.028266143432411243, "sfR": 0.099723742164827, "unknown": 0.01232282349464109, "dsfb": 0.0, "roll-out": 0.2209282755846363, "sft": 0.0, "sfT": 5.74681975099851e-05, "sfb": 0.07634650039201521, "roll-in": 0.22594853312425855, "alternate": 0.2281980025696494, "oneh-in": 0.015586196138958102, "bad-redirect": 0.016661672406644967, "dsfb-red": 0.018689478804497298, "oneh-out": 0.02135764511746089}, "movie": {"redirect": 0.040866129598341024, "dsfb-alt": 0.029737163584930417, "sfR": 0.11567713207251198, "unknown": 0.03021933806550388, "dsfb": 0.0, "roll-out": 0.23811826145042664, "sft": 0.0, "sfT": 5.35603203038752e-05, "sfb": 0.06992780147781741, "roll-in": 0.20845255549184757, "alternate": 0.2049735034331902, "oneh-in": 0.012227939563429435, "bad-redirect": 0.0130784563942008, "dsfb-red": 0.017364729594735243, "oneh-out": 0.01930342895276151}, "dutch": {"redirect": 0.03179848842687368, "dsfb-alt": 0.02302073707111737, "sfR": 0.18880787437283908, "unknown": 0.07289364539466019, "dsfb": 0.0, "roll-out": 0.16271795911413126, "sft": 0.0, "sfT": 6.539360657449067e-05, "sfb": 0.09357297935459111, "roll-in": 0.17740812090691518,