{"english-450k": {"dsfb-red": 0.02095683742218475, "alternate": 0.11835255899400164, "unknown": 0.40376693926975427, "bad-redirect": 0.002701571243892157, "dsfb": 0.0, "sfb": 0.017736351671430936, "oneh-in": 0.0071613125408919245, "redirect": 0.03472605114538318, "oneh-out": 0.01500963865424858, "sfR": 0.11369548401129392, "roll-out": 0.12746118958007976, "roll-in": 0.11485639077565879, "dsfb-alt": 0.02343154801406302, "sfT": 0.00014412667711706886, "sft": 0.0}, "shai": {"dsfb-red": 0.014101029435852308, "alternate": 0.1342395482706549, "unknown": 0.4468123932347731, "bad-redirect": 0.0019966432718516313, "dsfb": 0.0, "sfb": 0.009512744946562039, "oneh-in": 0.0057381248891127876, "redirect": 0.04086811489107276, "oneh-out": 0.013678818150545278, "sfR": 0.09823378925716947, "roll-out": 0.11181375329642718, "roll-in": 0.10329096603236343, "dsfb-alt": 0.019674832248741576, "sfT": 3.924207487352278e-05, "sft": 0.0}, "tr-quotes": {"dsfb-red": 0.012729710362682323, "alternate": 0.14282725780726288, "unknown": 0.42920297727745543, "bad-redirect": 0.001681653221146067, "dsfb": 0.0, "sfb": 0.0068017382862162225, "oneh-in": 0.006972793046855135, "redirect": 0.04089364554679735, "oneh-out": 0.0164825131180509, "sfR": 0.09677191928064538, "roll-out": 0.11808672938674557, "roll-in": 0.10819907075657058, "dsfb-alt": 0.019323409075148516, "sfT": 2.6582834423614803e-05, "sft": 0.0}, "gutenberg": {"dsfb-red": 0.011686354830997767, "alternate": 0.1301432558802123, "unknown": 0.454691458636669, "bad-redirect": 0.0017788113448382078, "dsfb": 0.0, "sfb": 0.007379699121354336, "oneh-in": 0.0056325237184317815, "redirect": 0.0397076535868149, "oneh-out": 0.013321951971714817, "sfR": 0.09863878308844841, "roll-out": 0.1148055071544588, "roll-in": 0.10272588157246165, "dsfb-alt": 0.019332780935688867, "sfT": 0.00015533815790919387, "sft": 0.0}, "english-200": {"dsfb-red": 0.011135857461024499, "alternate": 0.1358574610244989, "unknown": 0.43207126948775054, "bad-redirect": 0.0066815144766146995, "dsfb": 0.0, "sfb": 0.0, "oneh-in": 0.0066815144766146995, "redirect": 0.04899777282850779, "oneh-out": 0.0200445434298441, "sfR": 0.10690423162583519, "roll-out": 0.111358574610245, "roll-in": 0.10690423162583519, "dsfb-alt": 0.013363028953229399, "sfT": 0.0, "sft": 0.0}, "monkeyracer": {"dsfb-red": 0.012663833148255314, "alternate": 0.14315165709995778, "unknown": 0.4289085349641053, "bad-redirect": 0.0016852526705976195, "dsfb": 0.0, "sfb": 0.006762516226910866, "oneh-in": 0.007005919889891612, "redirect": 0.040897680529271, "oneh-out": 0.01657393215196209, "sfR": 0.09690789370786869, "roll-out": 0.11796964199133522, "roll-in": 0.10829116943241003, "dsfb-alt": 0.01915753006866134, "sfT": 2.4438118773167336e-05, "sft": 0.0}, "chained-bigrams": {"dsfb-red": 0.02003104975037481, "alternate": 0.11454643794692454, "unknown": 0.4203442743338296, "bad-redirect": 0.002134913827527792, "dsfb": 0.0, "sfb": 0.010671971918870678, "oneh-in": 0.006570963483753423, "redirect": 0.027164311097461282, "oneh-out": 0.017861722774167282, "sfR": 0.11914286586209158, "roll-out": 0.12717736212177191, "roll-in": 0.10933446918367466, "dsfb-alt": 0.024991088293101333, "sfT": 2.8569406451101837e-05, "sft": 0.0}, "english-5k": {"dsfb-red": 0.016509727465051645, "alternate": 0.13834156054258098, "unknown": 0.43306923300286226, "bad-redirect": 0.002820757456340482, "dsfb": 0.0, "sfb": 0.01244451818973742, "oneh-in": 0.0059318870037748375, "redirect": 0.03231426556601817, "oneh-out": 0.010411913552080309, "sfR": 0.10644211224955408, "roll-out": 0.10922138797859543, "roll-in": 0.11088065707056041, "dsfb-alt": 0.02161197992284399, "sfT": 0.0, "sft": 0.0}, "mt-quotes": {"dsfb-red": 0.012393767705382436, "alternate": 0.14610899941430297, "unknown": 0.4247693070845436, "bad-redirect": 0.001612160983014786, "dsfb": 0.0, "sfb": 0.0058255937653147825, "oneh-in": 0.007248000860616058, "redirect": 0.041923656183884966, "oneh-out": 0.01707486164401573, "sfR": 0.0964592223377679, "roll-out": 0.11856480319384181, "roll-in": 0.10882609579134842, "dsfb-alt": 0.019184566285365943, "sfT": 8.96475060063829e-06, "sft": 0.0}, "wordle": {"dsfb-red": 0.02104790755076854, "alternate": 0.112554695388758, "unknown": 0.38734432850891953, "bad-redirect": 0.001750252440255806, "dsfb": 0.0, "sfb": 0.02084595534612364, "oneh-in": 0.007786379445753394, "redirect": 0.027914282508695164, "oneh-out": 0.018579602827330864, "sfR": 0.13138112868843263, "roll-out": 0.13651969033995287, "roll-in": 0.1071917423987434, "dsfb-alt": 0.026882082351621227, "sfT": 0.0002019522046449007, "sft": 0.0}, "english-1k": {"dsfb-red": 0.014820042342978124, "alternate": 0.11679604798870855, "unknown": 0.4618913196894848, "bad-redirect": 0.0014114326040931546, "dsfb": 0.0, "sfb": 0.009527170077628794, "oneh-in": 0.004940014114326041, "redirect": 0.035638673253352154, "oneh-out": 0.012702893436838392, "sfR": 0.10832745236414962, "roll-out": 0.11397318278052224, "roll-in": 0.10550458715596331, "dsfb-alt": 0.014467184191954835, "sfT": 0.0, "sft": 0.0}, "english-10k": {"dsfb-red": 0.016035969973562842, "alternate": 0.13591015225487738, "unknown": 0.43069412014434305, "bad-redirect": 0.002720904652553984, "dsfb": 0.0, "sfb": 0.012658960653017116, "oneh-in": 0.005190945755581714, "redirect": 0.037687424017290284, "oneh-out": 0.012987012987012988, "sfR": 0.10567144593890508, "roll-out": 0.11398853746550626, "roll-in": 0.10640473939136644, "dsfb-alt": 0.019972597981513285, "sfT": 7.718878446961657e-05, "sft": 0.0}, "reddit": {"dsfb-red": 0.013243293203333634, "alternate": 0.1382022351962216, "unknown": 0.42539020792048243, "bad-redirect": 0.0020079795527472486, "dsfb": 0.0, "sfb": 0.008280148488677653, "oneh-in": 0.0073742409489311244, "redirect": 0.04001706559748226, "oneh-out": 0.016238500340019668, "sfR": 0.10397777127267367, "roll-out": 0.11353697805201599, "roll-in": 0.11244089922513723, "dsfb-alt": 0.01923820236629717, "sfT": 5.247783598035508e-05, "sft": 0.0}, "akl": {"dsfb-red": 0.012273946132436256, "alternate": 0.12088508165603098, "unknown": 0.4475409054738284, "bad-redirect": 0.0016189162193128801, "dsfb": 0.0, "sfb": 0.013990185596836716, "oneh-in": 0.00641985040386923, "redirect": 0.033437020433162316, "oneh-out": 0.016348081490514765, "sfR": 0.13064861186637447, "roll-out": 0.10293315558354872, "roll-in": 0.09463258720739683, "dsfb-alt": 0.019140139370148367, "sfT": 0.00013151856654003115, "sft": 0.0}, "french": {"dsfb-red": 0.013492269064288163, "alternate": 0.11196972026645559, "unknown": 0.5316480622947235, "bad-redirect": 0.003135159418670514, "dsfb": 0.0, "sfb": 0.012374983488141419, "oneh-in": 0.004594360509444229, "redirect": 0.013220019097948607, "oneh-out": 0.007261187661563208, "sfR": 0.10898279115633469, "roll-out": 0.09277704149533249, "roll-in": 0.08505914747377066, "dsfb-alt": 0.015439263829618863, "sfT": 4.5994243708036154e-05, "sft": 0.0}, "keymash": {"dsfb-red": 0.01283182752972953, "alternate": 0.14181509196964037, "unknown": 0.42698049775668784, "bad-redirect": 0.0016008997877781563, "dsfb": 0.0, "sfb": 0.007195839302500277, "oneh-in": 0.006296872498594081, "redirect": 0.042867170471198174, "oneh-out": 0.016152668371556527, "sfR": 0.099723742164827, "roll-out": 0.11800273384425297, "roll-in": 0.10745321472991999, "dsfb-alt": 0.019046602603309346, "sfT": 3.283897000570577e-05, "sft": 0.0}, "movie": {"dsfb-red": 0.01367683176624434, "alternate": 0.1513530429170819, "unknown": 0.39095401721483963, "bad-redirect": 0.0015799636500450263, "dsfb": 0.0, "sfb": 0.00659647325688464, "oneh-in": 0.007145631037297591, "redirect": 0.038502632417364124, "oneh-out": 0.017703199235574476, "sfR": 0.11567713207251198, "roll-out": 0.12401846107118798, "roll-in": 0.11314821640843442, "dsfb-alt": 0.01961742139562403, "sfT": 2.697755690981429e-05, "sft": 0.0}, "dutch": {"dsfb-red": 0.014644348613513887, "alternate": 0.07002830447593147, "unknown": 0.5115207863270091, "bad-redirect": 0.0018406856821783218, "dsfb": 0.0, "sfb": 0.021480141161253463,