{"english-450k": {"sfR": 0.11369548401129392, "sfb": 0.0265865482157819, "dsfb-alt": 0.043782644107674615, "dsfb-red": 0.02219901643044119, "roll-in": 0.21458328095463897, "oneh-in": 0.004299243232623965, "dsfb": 0.0, "bad-redirect": 0.00218996539205672, "sft": 0.0, "redirect": 0.04685315625729038, "sfT": 1.3155579047196956e-05, "roll-out": 0.1889746307813654, "alternate": 0.33041756977280606, "oneh-out": 0.006405305264979673, "unknown": 0.0}, "shai": {"sfR": 0.09823378925716947, "sfb": 0.01845984125750511, "dsfb-alt": 0.03924433519226488, "dsfb-red": 0.017766658781353795, "roll-in": 0.19182157848894904, "oneh-in": 0.004225867149611117, "dsfb": 0.0, "bad-redirect": 0.0011041695759239517, "sft": 0.0, "redirect": 0.0429853988053751, "sfT": 4.768730688595268e-05, "roll-out": 0.23909838594663851, "alternate": 0.3206713812374347, "oneh-out": 0.010768309433300935, "unknown": 0.015572597567587401}, "tr-quotes": {"sfR": 0.09677191928064538, "sfb": 0.014941864496890963, "dsfb-alt": 0.04018631099604725, "dsfb-red": 0.015804072952543862, "roll-in": 0.17540163195487854, "oneh-in": 0.004616166986431197, "dsfb": 0.0, "bad-redirect": 0.0008310025195903932, "sft": 0.0, "redirect": 0.040617415223873694, "sfT": 4.623101638889531e-06, "roll-out": 0.2565116386583759, "alternate": 0.3301495573380181, "oneh-out": 0.01442060978710617, "unknown": 0.009743186703959687}, "gutenberg": {"sfR": 0.09863878308844841, "sfb": 0.016476832071494956, "dsfb-alt": 0.038456423668534134, "dsfb-red": 0.013180821572150975, "roll-in": 0.17166628211000745, "oneh-in": 0.0045264023720515585, "dsfb": 0.0, "bad-redirect": 0.0011728030922144137, "sft": 0.0, "redirect": 0.03942160405212845, "sfT": 3.0309884470086605e-06, "roll-out": 0.25677852150656794, "alternate": 0.32003979687830925, "oneh-out": 0.014040675107211744, "unknown": 0.025598023492433706}, "english-200": {"sfR": 0.10690423162583519, "sfb": 0.011135857461024499, "dsfb-alt": 0.053452115812917596, "dsfb-red": 0.008908685968819599, "roll-in": 0.1870824053452116, "oneh-in": 0.008908685968819599, "dsfb": 0.0, "bad-redirect": 0.0, "sft": 0.0, "redirect": 0.035634743875278395, "sfT": 0.0, "roll-out": 0.24053452115812918, "alternate": 0.3273942093541203, "oneh-out": 0.0200445434298441, "unknown": 0.0}, "monkeyracer": {"sfR": 0.09690789370786869, "sfb": 0.014874016610100568, "dsfb-alt": 0.040136188748299106, "dsfb-red": 0.015786047202715172, "roll-in": 0.17475600982216868, "oneh-in": 0.004667680685674962, "dsfb": 0.0, "bad-redirect": 0.0008524015828080767, "sft": 0.0, "redirect": 0.040660142014795814, "sfT": 3.9100990037067735e-06, "roll-out": 0.2572317281073557, "alternate": 0.33011010838794436, "oneh-out": 0.014647230867885575, "unknown": 0.009366642163379577}, "chained-bigrams": {"sfR": 0.11914286586209158, "sfb": 0.020457642933065127, "dsfb-alt": 0.05085484209234541, "dsfb-red": 0.02556442433619958, "roll-in": 0.16583761279234133, "oneh-in": 0.00531131238113666, "dsfb": 0.0, "bad-redirect": 0.0028829128327930035, "sft": 0.0, "redirect": 0.050011395297345836, "sfT": 5.7138812902203675e-05, "roll-out": 0.22208947548517669, "alternate": 0.313266788259792, "oneh-out": 0.008435766559379889, "unknown": 0.016087822355430687}, "english-5k": {"sfR": 0.10644211224955408, "sfb": 0.019745302194383373, "dsfb-alt": 0.04206247148131248, "dsfb-red": 0.022483096196125606, "roll-in": 0.2282324635997843, "oneh-in": 0.003608910275023852, "dsfb": 0.0, "bad-redirect": 0.0017007508192641142, "sft": 0.0, "redirect": 0.045049155846849466, "sfT": 0.0, "roll-out": 0.19965155349068736, "alternate": 0.3226033932052931, "oneh-out": 0.008420790641722322, "unknown": 0.0}, "mt-quotes": {"sfR": 0.0964592223377679, "sfb": 0.013908810556890307, "dsfb-alt": 0.04056848471808848, "dsfb-red": 0.015059286883972222, "roll-in": 0.17214562340875678, "oneh-in": 0.004749823693238188, "dsfb": 0.0, "bad-redirect": 0.0007784391771554249, "sft": 0.0, "redirect": 0.040020140806349434, "sfT": 0.0, "roll-out": 0.2622129785682696, "alternate": 0.3335574520983493, "oneh-out": 0.0153117940258902, "unknown": 0.00522794372527223}, "wordle": {"sfR": 0.13138112868843263, "sfb": 0.03451138786042859, "dsfb-alt": 0.04736901155615393, "dsfb-red": 0.026276225737686527, "roll-in": 0.19205654661730057, "oneh-in": 0.003410748345113879, "dsfb": 0.0, "bad-redirect": 0.0013912262986648714, "sft": 0.0, "redirect": 0.04777291596544373, "sfT": 0.0, "roll-out": 0.20278245259732974, "alternate": 0.3030405026365982, "oneh-out": 0.010007853696847301, "unknown": 0.0}, "english-1k": {"sfR": 0.10832745236414962, "sfb": 0.017290049400141144, "dsfb-alt": 0.03634438955539873, "dsfb-red": 0.019407198306280876, "roll-in": 0.22653493295695132, "oneh-in": 0.005998588567395907, "dsfb": 0.0, "bad-redirect": 0.0, "sft": 0.0, "redirect": 0.04728299223712068, "sfT": 0.0, "roll-out": 0.21665490472829924, "alternate": 0.31227946365561043, "oneh-out": 0.009880028228652082, "unknown": 0.0}, "english-10k": {"sfR": 0.10567144593890508, "sfb": 0.021419887690318596, "dsfb-alt": 0.04083286698442716, "dsfb-red": 0.021188321336909746, "roll-in": 0.22992609173887035, "oneh-in": 0.004071708380772273, "dsfb": 0.0, "bad-redirect": 0.0012543177476312692, "sft": 0.0, "redirect": 0.0461588931128307, "sfT": 0.0, "roll-out": 0.19837517608691457, "alternate": 0.3246753246753247, "oneh-out": 0.006425966307095579, "unknown": 0.0}, "reddit": {"sfR": 0.10397777127267367, "sfb": 0.01669461926131359, "dsfb-alt": 0.04333987527055958, "dsfb-red": 0.016245954365258847, "roll-in": 0.17563196743003, "oneh-in": 0.0047522969354030055, "dsfb": 0.0, "bad-redirect": 0.0010330380003584674, "sft": 0.0, "redirect": 0.03837519480195985, "sfT": 7.757430286603524e-05, "roll-out": 0.2347680459048091, "alternate": 0.3179647439589152, "oneh-out": 0.013940600408622921, "unknown": 0.0331983180872297}, "akl": {"sfR": 0.13064861186637447, "sfb": 0.02184539944323395, "dsfb-alt": 0.04196279860341761, "dsfb-red": 0.015352908688880465, "roll-in": 0.15292948279848087, "oneh-in": 0.0048864224881874805, "dsfb": 0.0, "bad-redirect": 0.0011113726548069023, "sft": 0.0, "redirect": 0.029615223816408878, "sfT": 0.00027756520317691335, "roll-out": 0.19256751840277805, "alternate": 0.27303355714879507, "oneh-out": 0.010946604326750825, "unknown": 0.12482253455870851}, "french": {"sfR": 0.10898279115633469, "sfb": 0.05300608863408378, "dsfb-alt": 0.03730046270059352, "dsfb-red": 0.013957215435374544, "roll-in": 0.14392845345194516, "oneh-in": 0.0006080978364382669, "dsfb": 0.0, "bad-redirect": 0.001810615090909121, "sft": 0.0, "redirect": 0.027219498299284186, "sfT": 6.138059168463327e-05, "roll-out": 0.21023523838344585, "alternate": 0.2374453131064133, "oneh-out": 0.015564646834697871, "unknown": 0.14988019847879508}, "keymash": {"sfR": 0.099723742164827, "sfb": 0.015204443112641772, "dsfb-alt": 0.03891417945676134, "dsfb-red": 0.015828383542750183, "roll-in": 0.1775315767220961, "oneh-in": 0.0045276729895366834, "dsfb": 0.0, "bad-redirect": 0.0009564350014161806, "sft": 0.0, "redirect": 0.041085656348388636, "sfT": 0.0, "roll-out": 0.25717839359968475, "alternate": 0.3263577887879547, "oneh-out": 0.014124861973704194, "unknown": 0.008566866300238493}, "movie": {"sfR": 0.11567713207251198, "sfb": 0.01345851095203272, "dsfb-alt": 0.047036225858212016, "dsfb-red": 0.015455113359036146, "roll-in": 0.16852735043938544, "oneh-in": 0.004182179310214138, "dsfb": 0.0, "bad-redirect": 0.0007518184518330197, "sft": 0.0, "redirect": 0.034203331030809817, "sfT": 9.211848700912197e-06, "roll-out": 0.24297685365096489, "alternate": 0.3174284624279617, "oneh-out": 0.015810690718891355, "unknown": 0.02448311987944585}, "dutch": {"sfR": 0.18880787437283908, "sfb": 0.03084327915639486, "dsfb-alt": 0.03243614333145335, "dsfb-red": 0.014736172210790544, "roll-in": 0.1572175086746493, "oneh-in": 0.002483486724703388, "dsfb": 0.0, "bad-redirect": 0.0008219655385196674, "sft": 0.0, "redirect": 0.03604853493038853, "sfT": 0.00010588133995677746, "roll-out": 0.18863389187637836, "alternate": 0.2763283858566342,