{"english-450k": {"unknown": 0.0001543587941537776, "bad-redirect": 0.0026743830471946165, "sfR": 0.11369548401129392, "dsfb-alt": 0.054930681792269315, "oneh-in": 0.0023396466469937163, "sfT": 3.85896985384444e-05, "sft": 0.0, "dsfb": 0.0, "alternate": 0.36145070370654053, "dsfb-red": 0.010472133267769825, "oneh-out": 0.003952812984381112, "roll-in": 0.21982037080022757, "redirect": 0.03228817617483706, "sfb": 0.028100316844812696, "roll-out": 0.17008234223098742}, "shai": {"unknown": 0.03262951626392225, "bad-redirect": 0.0014595195491252412, "sfR": 0.09823378925716947, "dsfb-alt": 0.04492986509612702, "oneh-in": 0.0024671340365917736, "sfT": 2.164332603735471e-05, "sft": 0.0, "dsfb": 0.0, "alternate": 0.31755858173359014, "dsfb-red": 0.00975165367086601, "oneh-out": 0.012108465574881109, "roll-in": 0.22614451084689807, "redirect": 0.0305783505432351, "sfb": 0.017324491668248374, "roll-out": 0.20679247843330806}, "tr-quotes": {"unknown": 0.039675458264949955, "bad-redirect": 0.0011661773884098841, "sfR": 0.09677191928064538, "dsfb-alt": 0.03952174013545688, "oneh-in": 0.0025658214095836897, "sfT": 8.09042786805668e-06, "sft": 0.0, "dsfb": 0.0, "alternate": 0.31763597697695384, "dsfb-red": 0.009908462587549988, "oneh-out": 0.02188229583227387, "roll-in": 0.21486327176902983, "redirect": 0.028469059892281733, "sfb": 0.013272924805251843, "roll-out": 0.21425880122974503}, "gutenberg": {"unknown": 0.040122141256943335, "bad-redirect": 0.0013163961698914488, "sfR": 0.09863878308844841, "dsfb-alt": 0.04674674538143664, "oneh-in": 0.002210348324981066, "sfT": 2.026973523937042e-05, "sft": 0.0, "dsfb": 0.0, "alternate": 0.29961699672236486, "dsfb-red": 0.008452479594817465, "oneh-out": 0.012586747836537278, "roll-in": 0.2195096769989274, "redirect": 0.026573622898814618, "sfb": 0.01687275493738546, "roll-out": 0.22733303705421265}, "english-200": {"unknown": 0.0, "bad-redirect": 0.0, "sfR": 0.10690423162583519, "dsfb-alt": 0.044543429844097995, "oneh-in": 0.004454342984409799, "sfT": 0.0, "sft": 0.0, "dsfb": 0.0, "alternate": 0.311804008908686, "dsfb-red": 0.008908685968819599, "oneh-out": 0.017817371937639197, "roll-in": 0.267260579064588, "redirect": 0.026726057906458798, "sfb": 0.004454342984409799, "roll-out": 0.2071269487750557}, "monkeyracer": {"unknown": 0.039183102116145584, "bad-redirect": 0.0011876925723759326, "sfR": 0.09690789370786869, "dsfb-alt": 0.03934537122479941, "oneh-in": 0.002636384253249292, "sfT": 6.842673256486854e-06, "sft": 0.0, "dsfb": 0.0, "alternate": 0.31771704959569574, "dsfb-red": 0.009802618202292883, "oneh-out": 0.02244983342978244, "roll-in": 0.21438584074948777, "redirect": 0.028452812925223267, "sfb": 0.013166280870231634, "roll-out": 0.21475827767959085}, "chained-bigrams": {"unknown": 0.033907340324613386, "bad-redirect": 0.0032140582257489565, "sfR": 0.11914286586209158, "dsfb-alt": 0.05722711834032526, "oneh-in": 0.00507626408260714, "sfT": 3.181592991145432e-05, "sft": 0.0, "dsfb": 0.0, "alternate": 0.3216999576004036, "dsfb-red": 0.017568237053351417, "oneh-out": 0.006408637310735798, "roll-in": 0.1853167535544562, "redirect": 0.039544603661169436, "sfb": 0.018227930620495044, "roll-out": 0.1926344174340907}, "english-5k": {"unknown": 0.0022400132741527356, "bad-redirect": 0.002157049819554486, "sfR": 0.10644211224955408, "dsfb-alt": 0.04832621230348032, "oneh-in": 0.0024059401833492347, "sfT": 0.0, "sft": 0.0, "dsfb": 0.0, "alternate": 0.3447961173103248, "dsfb-red": 0.011200066370763678, "oneh-out": 0.004604471730202846, "roll-in": 0.2597585763471191, "redirect": 0.03235574729331729, "sfb": 0.022441614468826483, "roll-out": 0.16327207864935495}, "mt-quotes": {"unknown": 0.03470703195037114, "bad-redirect": 0.0011101349493790416, "sfR": 0.0964592223377679, "dsfb-alt": 0.03860520433654869, "oneh-in": 0.002699884055892232, "sfT": 1.4941251001063816e-06, "sft": 0.0, "dsfb": 0.0, "alternate": 0.3196097942888562, "dsfb-red": 0.009802954781797971, "oneh-out": 0.02419885012132296, "roll-in": 0.21360460668650866, "redirect": 0.028164258137005294, "sfb": 0.01214424881366467, "roll-out": 0.21889231541578513}, "wordle": {"unknown": 0.0, "bad-redirect": 0.0029844048019746438, "sfR": 0.13138112868843263, "dsfb-alt": 0.06397397060473466, "oneh-in": 0.0025580612588354088, "sfT": 6.731740154830023e-05, "sft": 0.0, "dsfb": 0.0, "alternate": 0.3289577022326938, "dsfb-red": 0.011713227869404241, "oneh-out": 0.006529787950185123, "roll-in": 0.20258050039268485, "redirect": 0.030651856838326042, "sfb": 0.03408504431728935, "roll-out": 0.18451699764389096}, "english-1k": {"unknown": 0.0, "bad-redirect": 0.0, "sfR": 0.10832745236414962, "dsfb-alt": 0.0465772759350741, "oneh-in": 0.0038814396612561752, "sfT": 0.0, "sft": 0.0, "dsfb": 0.0, "alternate": 0.3165137614678899, "dsfb-red": 0.01058574453069866, "oneh-out": 0.008115737473535639, "roll-in": 0.2731122088920254, "redirect": 0.030345800988002825, "sfb": 0.015525758645024701, "roll-out": 0.187014820042343}, "english-10k": {"unknown": 0.0, "bad-redirect": 0.0018911252195056058, "sfR": 0.10567144593890508, "dsfb-alt": 0.04936222766831979, "oneh-in": 0.0026437158680843675, "sfT": 0.0, "sft": 0.0, "dsfb": 0.0, "alternate": 0.347658285251153, "dsfb-red": 0.010323999922811215, "oneh-out": 0.00414889716524189, "roll-in": 0.25177051774377185, "redirect": 0.0344840894618012, "sfb": 0.0228478802030065, "roll-out": 0.16919781555739952}, "reddit": {"unknown": 0.06615870668541785, "bad-redirect": 0.0012308880572094564, "sfR": 0.10397777127267367, "dsfb-alt": 0.04117112850009093, "oneh-in": 0.0016831114075241081, "sfT": 3.7532328088733616e-05, "sft": 0.0, "dsfb": 0.0, "alternate": 0.3039070142190214, "dsfb-red": 0.009628315706811087, "oneh-out": 0.016804219652518815, "roll-in": 0.2089904908737822, "redirect": 0.02747898311363624, "sfb": 0.015534300970690137, "roll-out": 0.20339753721253542}, "akl": {"unknown": 0.15755057034658318, "bad-redirect": 0.0010087125676429291, "sfR": 0.13064861186637447, "dsfb-alt": 0.03569195974844992, "oneh-in": 0.002742148523178436, "sfT": 0.00012319210459676785, "sft": 0.0, "dsfb": 0.0, "alternate": 0.2595197094148788, "dsfb-red": 0.009808448631153129, "oneh-out": 0.014503807231485253, "roll-in": 0.18072044551364672, "redirect": 0.022977971220733195, "sfb": 0.020833203103680042, "roll-out": 0.1638712197275972}, "french": {"unknown": 0.18492300301421105, "bad-redirect": 0.003980075173770972, "sfR": 0.10898279115633469, "dsfb-alt": 0.03889255269745527, "oneh-in": 0.0009854603805809427, "sfT": 2.1394065151490433e-05, "sft": 0.0, "dsfb": 0.0, "alternate": 0.24792431498877643, "dsfb-red": 0.009721654972368021, "oneh-out": 0.006003222623390907, "roll-in": 0.163540803478687, "redirect": 0.019253954489939343, "sfb": 0.040213696147913175, "roll-out": 0.17555707681142074}, "keymash": {"unknown": 0.03462869387101673, "bad-redirect": 0.0012150418902111136, "sfR": 0.099723742164827, "dsfb-alt": 0.040958405339616526, "oneh-in": 0.00257375427419719, "sfT": 8.209742501426442e-06, "sft": 0.0, "dsfb": 0.0, "alternate": 0.3157590112186131, "dsfb-red": 0.00977369844794818, "oneh-out": 0.021246813593691634, "roll-in": 0.21679056536391736, "redirect": 0.028812091308756102, "sfb": 0.013574809226108623, "roll-out": 0.214935163558595}, "movie": {"unknown": 0.0850124669212383, "bad-redirect": 0.0009185529133195305, "sfR": 0.11567713207251198, "dsfb-alt": 0.04119104466180606, "oneh-in": 0.001653132048297986, "sfT": 1.6844523338810876e-05, "sft": 0.0, "dsfb": 0.0, "alternate": 0.29012164772600907, "dsfb-red": 0.009963930348422386, "oneh-out": 0.033536393184863775, "roll-in": 0.1882463653663967, "redirect": 0.02343138995347885, "sfb": 0.012006197205414619, "roll-out": 0.19822490307490193}, "dutch": {"unknown": 0.07550634142261989, "bad-redirect": 0.001189475097157112, "sfR": 0.18880787437283908, "dsfb-alt": 0.03643322218990296, "oneh-in": 0.0017621667342239225, "sfT": 0.00014468357868098854, "sft": 0.0, "dsfb": 0.0, "alternate": 0.2652109168843495, "dsfb-red": 0.0072604654783977145,