{"english-450k": {"dsfb-red": 0.016874807416940057, "dsfb": 0.0, "oneh-in": 0.01004413842943435, "roll-out": 0.18849781412745475, "roll-in": 0.22778738947121005, "bad-redirect": 0.003808686307264043, "dsfb-alt": 0.0466143094110335, "redirect": 0.03620970811570595, "alternate": 0.3201126585320362, "sfT": 0.00025054069429883977, "unknown": 0.00015377410175167997, "sfb": 0.030390264637628114, "oneh-out": 0.005560424743948579, "sfR": 0.11369548401129392, "sft": 0.0}, "shai": {"dsfb-red": 0.016951186868600858, "dsfb": 0.0, "oneh-in": 0.009883170162058662, "roll-out": 0.23752770438622592, "roll-in": 0.22955473965617765, "bad-redirect": 0.0038104910062536517, "dsfb-alt": 0.03905206489406072, "redirect": 0.02776947102039148, "alternate": 0.2868641382782502, "sfT": 4.8012421225569596e-05, "unknown": 0.023260762136131256, "sfb": 0.018692445085865792, "oneh-out": 0.00835202482758877, "sfR": 0.09823378925716947, "sft": 0.0}, "tr-quotes": {"dsfb-red": 0.02253993204040591, "dsfb": 0.0, "oneh-in": 0.007522942141882989, "roll-out": 0.26842306003097477, "roll-in": 0.21965973971937772, "bad-redirect": 0.0035100899193268764, "dsfb-alt": 0.035578234437484105, "redirect": 0.03007443193638612, "alternate": 0.2756582140958369, "sfT": 2.6582834423614803e-05, "unknown": 0.013835787429786644, "sfb": 0.01590462541318971, "oneh-out": 0.010494440720279235, "sfR": 0.09677191928064538, "sft": 0.0}, "gutenberg": {"dsfb-red": 0.01775780356391199, "dsfb": 0.0, "oneh-in": 0.006161241765656855, "roll-out": 0.2762821744159569, "roll-in": 0.2102073840182799, "bad-redirect": 0.0035572438161205395, "dsfb-alt": 0.035525078966720885, "redirect": 0.02953110987598332, "alternate": 0.2598072367122414, "sfT": 0.0001674621116972285, "unknown": 0.032975828246008664, "sfb": 0.016556395518228934, "oneh-out": 0.012832257900744978, "sfR": 0.09863878308844841, "sft": 0.0}, "english-200": {"dsfb-red": 0.024498886414253896, "dsfb": 0.0, "oneh-in": 0.004454342984409799, "roll-out": 0.27616926503340755, "roll-in": 0.22271714922049, "bad-redirect": 0.0022271714922048997, "dsfb-alt": 0.031180400890868598, "redirect": 0.022271714922048998, "alternate": 0.29175946547884185, "sfT": 0.0, "unknown": 0.0, "sfb": 0.008908685968819599, "oneh-out": 0.008908685968819599, "sfR": 0.10690423162583519, "sft": 0.0}, "monkeyracer": {"dsfb-red": 0.02272549540954377, "dsfb": 0.0, "oneh-in": 0.007409637612024337, "roll-out": 0.26933739462283185, "roll-in": 0.21967620470150304, "bad-redirect": 0.0035484148458638973, "dsfb-alt": 0.0355437774684455, "redirect": 0.029890751833836434, "alternate": 0.27514584669283826, "sfT": 2.3460594022240643e-05, "unknown": 0.013436077701487402, "sfb": 0.015800710073979072, "oneh-out": 0.010554334735755509, "sfR": 0.09690789370786869, "sft": 0.0}, "chained-bigrams": {"dsfb-red": 0.0292920825733763, "dsfb": 0.0, "oneh-in": 0.007646861358514235, "roll-out": 0.20779373407986057, "roll-in": 0.21438807253252853, "bad-redirect": 0.004057505020748532, "dsfb-alt": 0.05245018372076262, "redirect": 0.039821207459991466, "alternate": 0.2752753214220552, "sfT": 5.1295070673569206e-05, "unknown": 0.022916559801936097, "sfb": 0.018896065148635583, "oneh-out": 0.0082682459488257, "sfR": 0.11914286586209158, "sft": 0.0}, "english-5k": {"dsfb-red": 0.016053428464761273, "dsfb": 0.0, "oneh-in": 0.01874974073920438, "roll-out": 0.1688721118347368, "roll-in": 0.2604637657112042, "bad-redirect": 0.004521508275604596, "dsfb-alt": 0.04206247148131248, "redirect": 0.030447587837557556, "alternate": 0.32252042975069484, "sfT": 0.0, "unknown": 0.002157049819554486, "sfb": 0.022649023105322106, "oneh-out": 0.005060770730493218, "sfR": 0.10644211224955408, "sft": 0.0}, "mt-quotes": {"dsfb-red": 0.02368636521198647, "dsfb": 0.0, "oneh-in": 0.007040317471701271, "roll-out": 0.27756361984676253, "roll-in": 0.21973649609734525, "bad-redirect": 0.0035515353629528693, "dsfb-alt": 0.0350955044763988, "redirect": 0.029577700481705934, "alternate": 0.2735354585768757, "sfT": 1.1953000800851053e-05, "unknown": 0.007977133909467972, "sfb": 0.01498159237876669, "oneh-out": 0.010783100847467756, "sfR": 0.0964592223377679, "sft": 0.0}, "wordle": {"dsfb-red": 0.02064400314147874, "dsfb": 0.0, "oneh-in": 0.006081005273196455, "roll-out": 0.20789857511500057, "roll-in": 0.19189947268035454, "bad-redirect": 0.005138561651520252, "dsfb-alt": 0.05383148210479075, "redirect": 0.03370357904184899, "alternate": 0.3025468416919107, "sfT": 0.000762930550880736, "unknown": 0.0, "sfb": 0.037248962190059465, "oneh-out": 0.008863457870526198, "sfR": 0.13138112868843263, "sft": 0.0}, "english-1k": {"dsfb-red": 0.016584333098094567, "dsfb": 0.0, "oneh-in": 0.009174311926605505, "roll-out": 0.21030345800988004, "roll-in": 0.2508821453775582, "bad-redirect": 0.0035285815102328866, "dsfb-alt": 0.03634438955539873, "redirect": 0.03211009174311927, "alternate": 0.305575158786168, "sfT": 0.0, "unknown": 0.0, "sfb": 0.016937191249117856, "oneh-out": 0.010232886379675371, "sfR": 0.10832745236414962, "sft": 0.0}, "english-10k": {"dsfb-red": 0.015032515775457826, "dsfb": 0.0, "oneh-in": 0.016942938191080836, "roll-out": 0.1784990640859883, "roll-in": 0.26213311205881784, "bad-redirect": 0.004573435479824781, "dsfb-alt": 0.042608209027228346, "redirect": 0.03135794369078173, "alternate": 0.31491094343991816, "sfT": 5.789158835221242e-05, "unknown": 0.0, "sfb": 0.022751394222419483, "oneh-out": 0.005461106501225372, "sfR": 0.10567144593890508, "sft": 0.0}, "reddit": {"dsfb-red": 0.02127337600107278, "dsfb": 0.0, "oneh-in": 0.00794198296174643, "roll-out": 0.2517759589706478, "roll-in": 0.21473941720385278, "bad-redirect": 0.003226881237712798, "dsfb-alt": 0.036971141123239196, "redirect": 0.02788554587718426, "alternate": 0.2665964340168, "sfT": 0.00010761514830232702, "unknown": 0.039285409944231534, "sfb": 0.016861492037396734, "oneh-out": 0.009356974205139644, "sfR": 0.10397777127267367, "sft": 0.0}, "akl": {"dsfb-red": 0.019581491268345734, "dsfb": 0.0, "oneh-in": 0.0068769904598759285, "roll-out": 0.20704224478646738, "roll-in": 0.18585814431626443, "bad-redirect": 0.003029250860806684, "dsfb-alt": 0.03262465918024673, "redirect": 0.021910355729432285, "alternate": 0.22916296104107756, "sfT": 0.00016336666578295808, "unknown": 0.13277008071454782, "sfb": 0.02355588203632052, "oneh-out": 0.0067759610744575205, "sfR": 0.13064861186637447, "sft": 0.0}, "french": {"dsfb-red": 0.015314435152558486, "dsfb": 0.0, "oneh-in": 0.012930644890384856, "roll-out": 0.17650277539304365, "roll-in": 0.181579581060757, "bad-redirect": 0.0032406914879471935, "dsfb-alt": 0.030941586216816596, "redirect": 0.029958313184633493, "alternate": 0.2210343422238109, "sfT": 7.302148007588541e-05, "unknown": 0.15807953387545715, "sfb": 0.048833526801302755, "oneh-out": 0.012528757076877341, "sfR": 0.10898279115633469, "sft": 0.0}, "keymash": {"dsfb-red": 0.02205957810133285, "dsfb": 0.0, "oneh-in": 0.007528333873808048, "roll-out": 0.2677197029715163, "roll-in": 0.21920422965933672, "bad-redirect": 0.0036820695118897594, "dsfb-alt": 0.035535870417424356, "redirect": 0.029858833477687974, "alternate": 0.2760731159667177, "sfT": 2.462922750427933e-05, "unknown": 0.01232282349464109, "sfb": 0.015906376096513734, "oneh-out": 0.01036069503680017, "sfR": 0.099723742164827, "sft": 0.0}, "movie": {"dsfb-red": 0.026336807033746554, "dsfb": 0.0, "oneh-in": 0.006460795885304061, "roll-out": 0.2790990127661747, "roll-in": 0.19191676068235586, "bad-redirect": 0.0024032397282294075, "dsfb-alt": 0.036860028196152896, "redirect": 0.030539120813264115, "alternate": 0.25319937375220575, "sfT": 2.4082404460956173e-05, "unknown": 0.030236445784519856, "sfb": 0.014502345007684657, "oneh-out": 0.012744855873389194, "sfR": 0.11567713207251198, "sft": 0.0}, "dutch": {"dsfb-red": 0.015640834572321332, "dsfb": 0.0, "oneh-in": 0.0037165157210569456, "roll-out": 0.14208174871433515, "roll-in": 0.253745913258205, "bad-redirect": 0.0035341774744827763, "dsfb-alt": 0.03252897105320716, "redirect": 0.030180395624326766,