{"monkeyracer": {"sft": 0.0, "dsfb-red": 0.019019699078780674, "redirect": 0.030361918763783097, "roll-out": 0.2561310352378122, "oneh-out": 0.008693127609991086, "unknown": 0.013436077701487402, "sfR": 0.09690789370786869, "dsfb": 0.0, "sfT": 2.6393168275020725e-05, "alternate": 0.27744107480801417, "dsfb-alt": 0.03419186073791389, "oneh-in": 0.014832960570561647, "roll-in": 0.23345539359056572, "bad-redirect": 0.001894442967295932, "sfb": 0.0136081220576505}, "english-200": {"sft": 0.0, "dsfb-red": 0.024498886414253896, "redirect": 0.028953229398663696, "roll-out": 0.2739420935412027, "oneh-out": 0.0022271714922048997, "unknown": 0.0, "sfR": 0.10690423162583519, "dsfb": 0.0, "sfT": 0.0, "alternate": 0.2962138084632517, "dsfb-alt": 0.028953229398663696, "oneh-in": 0.004454342984409799, "roll-in": 0.22271714922049, "bad-redirect": 0.0022271714922048997, "sfb": 0.008908685968819599}, "english-10k": {"sft": 0.0, "dsfb-red": 0.015090407363810038, "redirect": 0.029987842766446036, "roll-out": 0.19474730321684258, "oneh-out": 0.007564500878022423, "unknown": 0.0, "sfR": 0.10567144593890508, "dsfb": 0.0, "sfT": 7.718878446961657e-05, "alternate": 0.31371451728063915, "dsfb-alt": 0.042531020242758726, "oneh-in": 0.02207599235831034, "roll-in": 0.2484321028154609, "bad-redirect": 0.00021226915729144556, "sfb": 0.01989540919704367}, "shai": {"sft": 0.0, "dsfb-red": 0.01563955951032207, "redirect": 0.027772219010643005, "roll-out": 0.24185168639904286, "oneh-out": 0.00771730874684523, "unknown": 0.023260762136131256, "sfR": 0.09823378925716947, "dsfb": 0.0, "sfT": 5.1685439181479755e-05, "alternate": 0.28949719286990194, "dsfb-alt": 0.037080269646736955, "oneh-in": 0.015126501989544941, "roll-in": 0.22603197871089378, "bad-redirect": 0.0009737909849199584, "sfb": 0.01676325529866706}}