{"english-450k": {"sfb": 0.027850653189117003, "oneh-in": 0.010663620029456804, "dsfb-alt": 0.03291642816089098, "sfT": 2.8649927702784482e-05, "oneh-out": 0.006322571290082857, "alternate": 0.30774612188147, "unknown": 0.0037817904567675515, "sft": 0.0, "redirect": 0.0345243322666595, "roll-in": 0.23413510253458308, "bad-redirect": 0.004358004819034778, "roll-out": 0.20756258693645155, "sfR": 0.11369548401129392, "dsfb-red": 0.016414654496489215, "dsfb": 0.0}, "shai": {"sfb": 0.012851286043956078, "oneh-in": 0.008364317245953332, "dsfb-alt": 0.029861984318342052, "sfT": 3.205859613151092e-05, "oneh-out": 0.00740259419568725, "alternate": 0.28681185292570394, "unknown": 0.03727264831638765, "sft": 0.0, "redirect": 0.026392925295227042, "roll-in": 0.22551118424291552, "bad-redirect": 0.004553272771240571, "roll-out": 0.2511991029630921, "sfR": 0.09823378925716947, "dsfb-red": 0.011512983828193482, "dsfb": 0.0}, "tr-quotes": {"sfb": 0.010213587295716696, "oneh-in": 0.006928873581285685, "dsfb-alt": 0.026336654261343937, "sfT": 2.080395737500289e-05, "oneh-out": 0.008277663484431706, "alternate": 0.2740528420517325, "unknown": 0.04420725364647142, "sft": 0.0, "redirect": 0.028956797115184577, "roll-in": 0.20967961905642496, "bad-redirect": 0.00394350569797277, "roll-out": 0.27829453780541363, "sfR": 0.09677191928064538, "dsfb-red": 0.01231594276600171, "dsfb": 0.0}, "gutenberg": {"sfb": 0.010416749545257014, "oneh-in": 0.005743723107081412, "dsfb-alt": 0.02420376880680972, "sfT": 8.90352856308794e-06, "oneh-out": 0.011877117666381375, "alternate": 0.2632260022436892, "unknown": 0.04909291987619928, "sft": 0.0, "redirect": 0.026608858139511093, "roll-in": 0.2060861869142378, "bad-redirect": 0.004075353403781083, "roll-out": 0.28095823184257956, "sfR": 0.09863878308844841, "dsfb-red": 0.019063401837460973, "dsfb": 0.0}, "english-200": {"sfb": 0.0, "oneh-in": 0.004454342984409799, "dsfb-alt": 0.028953229398663696, "sfT": 0.0, "oneh-out": 0.0066815144766146995, "alternate": 0.2962138084632517, "unknown": 0.0022271714922048997, "sft": 0.0, "redirect": 0.035634743875278395, "roll-in": 0.20935412026726058, "bad-redirect": 0.004454342984409799, "roll-out": 0.289532293986637, "sfR": 0.10690423162583519, "dsfb-red": 0.015590200445434299, "dsfb": 0.0}, "monkeyracer": {"sfb": 0.010162347310633904, "oneh-in": 0.006980504246367518, "dsfb-alt": 0.02623187669111782, "sfT": 1.8572970267607176e-05, "oneh-out": 0.008305050283873188, "alternate": 0.2738349860018456, "unknown": 0.04375009775247509, "sft": 0.0, "redirect": 0.029038350251028355, "roll-in": 0.2098794516477157, "bad-redirect": 0.003929649498725308, "roll-out": 0.27867959866743824, "sfR": 0.09690789370786869, "dsfb-red": 0.012281620970642977, "dsfb": 0.0}, "chained-bigrams": {"sfb": 0.012737410144346926, "oneh-in": 0.008264350120673277, "dsfb-alt": 0.0400075579066157, "sfT": 3.181592991145432e-05, "oneh-out": 0.007015087893129642, "alternate": 0.29301627352349735, "unknown": 0.038428448895500254, "sft": 0.0, "redirect": 0.03499752290259975, "roll-in": 0.1972295467398736, "bad-redirect": 0.0074111637552926445, "roll-out": 0.22389584113851682, "sfR": 0.11914286586209158, "dsfb-red": 0.017822115187950984, "dsfb": 0.0}, "english-5k": {"sfb": 0.015016385282283154, "oneh-in": 0.012154146098643548, "dsfb-alt": 0.0313601858381383, "sfT": 0.0, "oneh-out": 0.004106691002613349, "alternate": 0.31538557265524536, "unknown": 0.00622225909486871, "sft": 0.0, "redirect": 0.02775127556311445, "roll-in": 0.26349193180404035, "bad-redirect": 0.0036918737296221015, "roll-out": 0.20201601194673746, "sfR": 0.10644211224955408, "dsfb-red": 0.012361554735139172, "dsfb": 0.0}, "mt-quotes": {"sfb": 0.00929046987246148, "oneh-in": 0.006653339070773718, "dsfb-alt": 0.02579606985333668, "sfT": 1.792950120127658e-05, "oneh-out": 0.008353653434694781, "alternate": 0.27313951542534753, "unknown": 0.03920434850169135, "sft": 0.0, "redirect": 0.029517935477701675, "roll-in": 0.20909533713438758, "bad-redirect": 0.003928054888179678, "roll-out": 0.2862668985548822, "sfR": 0.0964592223377679, "dsfb-red": 0.012277225947574138, "dsfb": 0.0}, "wordle": {"sfb": 0.029036239201166835, "oneh-in": 0.009761023224503534, "dsfb-alt": 0.0388870189610681, "sfT": 0.00011219566924716706, "oneh-out": 0.015236171883765286, "alternate": 0.27988331650398296, "unknown": 0.010838101649276339, "sft": 0.0, "redirect": 0.03561090541905083, "roll-in": 0.1977785257489061, "bad-redirect": 0.0067093010209805905, "roll-out": 0.22297767306181981, "sfR": 0.13138112868843263, "dsfb-red": 0.021788398967799844, "dsfb": 0.0}, "english-1k": {"sfb": 0.009880028228652082, "oneh-in": 0.012350035285815103, "dsfb-alt": 0.021877205363443897, "sfT": 0.0, "oneh-out": 0.0077628793225123505, "alternate": 0.30804516584333097, "unknown": 0.004940014114326041, "sft": 0.0, "redirect": 0.028228652081863093, "roll-in": 0.24770642201834864, "bad-redirect": 0.0017642907551164433, "roll-out": 0.2304163726182075, "sfR": 0.10832745236414962, "dsfb-red": 0.0187014820042343, "dsfb": 0.0}, "english-10k": {"sfb": 0.01574651203180178, "oneh-in": 0.011211670944211806, "dsfb-alt": 0.03265085583064781, "sfT": 0.0, "oneh-out": 0.0062329943459215375, "alternate": 0.31024102197950637, "unknown": 0.003936628007950445, "sft": 0.0, "redirect": 0.027556396055653114, "roll-in": 0.2601262036626078, "bad-redirect": 0.005538295285694989, "roll-out": 0.20941317226606973, "sfR": 0.10567144593890508, "dsfb-red": 0.011674803651029506, "dsfb": 0.0}, "reddit": {"sfb": 0.01150444516487536, "oneh-in": 0.00797827919519751, "dsfb-alt": 0.028392082476729114, "sfT": 4.022926184361268e-05, "oneh-out": 0.00753167445687219, "alternate": 0.2647374225965966, "unknown": 0.07310117603167549, "sft": 0.0, "redirect": 0.02760633831872775, "roll-in": 0.20485968733922577, "bad-redirect": 0.004118966991965572, "roll-out": 0.2553861044608595, "sfR": 0.10397777127267367, "dsfb-red": 0.010765822432757857, "dsfb": 0.0}, "akl": {"sfb": 0.01689684530184174, "oneh-in": 0.008233472371067314, "dsfb-alt": 0.028275239450089095, "sfT": 8.555882302284464e-05, "oneh-out": 0.007599246685850182, "alternate": 0.24183322138199864, "unknown": 0.10029687238824103, "sft": 0.0, "redirect": 0.028958780720480873, "roll-in": 0.19142940975811698, "bad-redirect": 0.004351542803387808, "roll-out": 0.2443941623729272, "sfR": 0.11790358951788564, "dsfb-red": 0.00974205842509068, "dsfb": 0.0}, "french": {"sfb": 0.03923563679547287, "oneh-in": 0.007654116335742578, "dsfb-alt": 0.025804343813234126, "sfT": 3.708004989491514e-05, "oneh-out": 0.008771956239907952, "alternate": 0.2036755902840561, "unknown": 0.19187217891047667, "sft": 0.0, "redirect": 0.0232195422260342, "roll-in": 0.1801575349290699, "bad-redirect": 0.004444587071545454, "roll-out": 0.19305643330400937, "sfR": 0.10898279115633469, "dsfb-red": 0.013088208884221148, "dsfb": 0.0}, "keymash": {"sfb": 0.010266282998033767, "oneh-in": 0.006953651898708197, "dsfb-alt": 0.026755550812148778, "sfT": 2.052435625356611e-05, "oneh-out": 0.008776214734024868, "alternate": 0.27637277156801976, "unknown": 0.03900448662427703, "sft": 0.0, "redirect": 0.028717679269989697, "roll-in": 0.21029255417403833, "bad-redirect": 0.004018668954448244, "roll-out": 0.276011542897957, "sfR": 0.099723742164827, "dsfb-red": 0.01308632954727375, "dsfb": 0.0}, "movie": {"sfb": 0.011191211791061058, "oneh-in": 0.0062990621416837604, "dsfb-alt": 0.02754961271414094, "sfT": 3.790017751232447e-05, "oneh-out": 0.0068275590614389516, "alternate": 0.2502451338738232, "unknown": 0.09032941439356623, "sft": 0.0, "redirect": 0.027074281321173867, "roll-in": 0.17716938049922692, "bad-redirect": 0.003036488527497829, "roll-out": 0.2717183479891653, "sfR": 0.11567713207251198, "dsfb-red": 0.01284447543719763, "dsfb": 0.0}, "dutch": {"sfb": 0.02309012924480623, "oneh-in": 0.007745385877684943, "dsfb-alt": 0.023845266713212618, "sfT": 2.757756153319623e-05, "oneh-out": 0.008104145208735782, "alternate": 0.2328735005059532, "unknown": 0.11704729379667318,