{"english-450k": {"dsfb-red": 0.008715717291868508, "redirect": 0.034025004955268105, "dsfb": 0.0, "oneh-in": 0.009405946672544773, "unknown": 0.00015377410175167997, "sfT": 2.835758150173566e-05, "roll-out": 0.1616504931003373, "oneh-out": 0.007061914832535325, "dsfb-alt": 0.047393412036828605, "sfb": 0.02084282240377571, "bad-redirect": 0.003009119447395517, "sfR": 0.11369548401129392, "sft": 0.0, "alternate": 0.3553982603062268, "roll-in": 0.23861969325867202}, "shai": {"dsfb-red": 0.007131394650723473, "redirect": 0.039784644261437754, "dsfb": 0.0, "oneh-in": 0.010326912531547702, "unknown": 0.023260762136131256, "sfT": 2.3973312137942608e-05, "roll-out": 0.1783591161906012, "oneh-out": 0.01533594142120792, "dsfb-alt": 0.03514603671686535, "sfb": 0.01291372734920655, "bad-redirect": 0.004631725957717177, "sfR": 0.09823378925716947, "sft": 0.0, "alternate": 0.3030855479554488, "roll-in": 0.27176642825980535}, "tr-quotes": {"dsfb-red": 0.008046508402487228, "redirect": 0.044507755252999236, "dsfb": 0.0, "oneh-in": 0.00928896696793879, "unknown": 0.013835787429786644, "sfT": 9.246203277779062e-06, "roll-out": 0.18058875199371258, "oneh-out": 0.02478213633526733, "dsfb-alt": 0.02900302813157347, "sfb": 0.01237835463812672, "bad-redirect": 0.005529229560111879, "sfR": 0.09677191928064538, "sft": 0.0, "alternate": 0.30009477358359726, "roll-in": 0.27516354222047573}, "gutenberg": {"dsfb-red": 0.006783541581183321, "redirect": 0.042308809984682144, "dsfb": 0.0, "oneh-in": 0.009118160432491742, "unknown": 0.032975828246008664, "sfT": 7.1985975616455695e-06, "roll-out": 0.17468609378711777, "oneh-out": 0.015432277677944596, "dsfb-alt": 0.026690315954024452, "sfb": 0.012177185522635232, "bad-redirect": 0.009496844551589886, "sfR": 0.09863878308844841, "sft": 0.0, "alternate": 0.27586181420571243, "roll-in": 0.2958231463705997}, "english-200": {"dsfb-red": 0.008908685968819599, "redirect": 0.051224944320712694, "dsfb": 0.0, "oneh-in": 0.0200445434298441, "unknown": 0.0, "sfT": 0.0, "roll-out": 0.18262806236080179, "oneh-out": 0.024498886414253896, "dsfb-alt": 0.026726057906458798, "sfb": 0.008908685968819599, "bad-redirect": 0.008908685968819599, "sfR": 0.10690423162583519, "sft": 0.0, "alternate": 0.2739420935412027, "roll-in": 0.2873051224944321}, "monkeyracer": {"dsfb-red": 0.007961939096297919, "redirect": 0.04453798270172201, "dsfb": 0.0, "oneh-in": 0.00919753038146926, "unknown": 0.013436077701487402, "sfT": 1.0752772260193629e-05, "roll-out": 0.1813005380296229, "oneh-out": 0.02531593599949951, "dsfb-alt": 0.02894548539969032, "sfb": 0.012386216118992132, "bad-redirect": 0.005514217119977478, "sfR": 0.09690789370786869, "sft": 0.0, "alternate": 0.29991045873281513, "roll-in": 0.2745749722382971}, "chained-bigrams": {"dsfb-red": 0.016583891140172547, "redirect": 0.04362937947898493, "dsfb": 0.0, "oneh-in": 0.015253465826120098, "unknown": 0.022916559801936097, "sfT": 5.25936800577102e-05, "roll-out": 0.15431440242216624, "oneh-out": 0.010540163066380366, "dsfb-alt": 0.043363813859928095, "sfb": 0.014578838251058854, "bad-redirect": 0.006529407983460911, "sfR": 0.11914286586209158, "sft": 0.0, "alternate": 0.3075074556411267, "roll-in": 0.2455871629865159}, "english-5k": {"dsfb-red": 0.008130418550628448, "redirect": 0.03355871738499191, "dsfb": 0.0, "oneh-in": 0.009125980005807442, "unknown": 0.002157049819554486, "sfT": 0.0, "roll-out": 0.17119508856348778, "oneh-out": 0.009291906915003941, "dsfb-alt": 0.040983946571535236, "sfb": 0.015099348736881403, "bad-redirect": 0.0029037209109387314, "sfR": 0.10644211224955408, "sft": 0.0, "alternate": 0.3392790475795412, "roll-in": 0.26183266271207534}, "mt-quotes": {"dsfb-red": 0.008017475287170844, "redirect": 0.04526750815792305, "dsfb": 0.0, "oneh-in": 0.009268057995959885, "unknown": 0.007977133909467972, "sfT": 5.9765004004255265e-06, "roll-out": 0.18265828761310526, "oneh-out": 0.027043664311925508, "dsfb-alt": 0.028262870393612315, "sfb": 0.011700493658933076, "bad-redirect": 0.005646298753302016, "sfR": 0.0964592223377679, "sft": 0.0, "alternate": 0.2995003645665244, "roll-in": 0.2781926465139073}, "wordle": {"dsfb-red": 0.010838101649276339, "redirect": 0.03491529226971839, "dsfb": 0.0, "oneh-in": 0.011331762593963873, "unknown": 0.0, "sfT": 4.4878267698866824e-05, "roll-out": 0.1885784808706384, "oneh-out": 0.010344440704588802, "dsfb-alt": 0.050241220688881406, "sfb": 0.024189386289689217, "bad-redirect": 0.004083922360596881, "sfR": 0.13138112868843263, "sft": 0.0, "alternate": 0.32509817121059126, "roll-in": 0.20895321440592393}, "english-1k": {"dsfb-red": 0.0077628793225123505, "redirect": 0.040931545518701484, "dsfb": 0.0, "oneh-in": 0.01305575158786168, "unknown": 0.0, "sfT": 0.0, "roll-out": 0.19760056457304165, "oneh-out": 0.010232886379675371, "dsfb-alt": 0.02646436132674665, "sfb": 0.013408609738884969, "bad-redirect": 0.006351446718419196, "sfR": 0.10832745236414962, "sft": 0.0, "alternate": 0.3083980239943543, "roll-in": 0.2674664784756528}, "english-10k": {"dsfb-red": 0.00764168966249204, "redirect": 0.035854190386136894, "dsfb": 0.0, "oneh-in": 0.009031087782945138, "unknown": 0.0, "sfT": 0.0, "roll-out": 0.17792014820246618, "oneh-out": 0.00876092703730148, "dsfb-alt": 0.043553771636981146, "sfb": 0.014299222322996468, "bad-redirect": 0.002585824279732155, "sfR": 0.10567144593890508, "sft": 0.0, "alternate": 0.3392447077439648, "roll-in": 0.25543698500607864}, "reddit": {"dsfb-red": 0.008448819220597382, "redirect": 0.04013086121897286, "dsfb": 0.0, "oneh-in": 0.008543886135456868, "unknown": 0.039285409944231534, "sfT": 4.618499055230394e-05, "roll-out": 0.17198099335936248, "oneh-out": 0.021080470322772403, "dsfb-alt": 0.03092682563218281, "sfb": 0.012644723739403532, "bad-redirect": 0.004834141383380932, "sfR": 0.10397777127267367, "sft": 0.0, "alternate": 0.2924602160131565, "roll-in": 0.2656396967672567}, "akl": {"dsfb-red": 0.009241137376911976, "redirect": 0.03411452759324013, "dsfb": 0.0, "oneh-in": 0.008232968376517569, "unknown": 0.13277008071454782, "sfT": 0.00018281154871870945, "roll-out": 0.14333347013109088, "oneh-out": 0.019540081327049267, "dsfb-alt": 0.026919204386548164, "sfb": 0.014584156353857633, "bad-redirect": 0.0038039577279610475, "sfR": 0.13064861186637447, "sft": 0.0, "alternate": 0.2511558154542741, "roll-in": 0.22547317714290827}, "french": {"dsfb-red": 0.006936546206543848, "redirect": 0.027028614696976663, "dsfb": 0.0, "oneh-in": 0.005689308164623976, "unknown": 0.15807953387545715, "sfT": 1.656991320556612e-05, "roll-out": 0.19197702181518964, "oneh-out": 0.00940014472156201, "dsfb-alt": 0.03037597687391448, "sfb": 0.013337491692383368, "bad-redirect": 0.0039015703408621415, "sfR": 0.10898279115633469, "sft": 0.0, "alternate": 0.2483658297646969, "roll-in": 0.19590860077824956}, "keymash": {"dsfb-red": 0.007955240483882223, "redirect": 0.0453300932216261, "dsfb": 0.0, "oneh-in": 0.009383735679130424, "unknown": 0.01232282349464109, "sfT": 4.104871250713221e-06, "roll-out": 0.18206745945413422, "oneh-out": 0.02419821602295444, "dsfb-alt": 0.028984495901286055, "sfb": 0.012175048129615415, "bad-redirect": 0.0057796587210042156, "sfR": 0.099723742164827, "sft": 0.0, "alternate": 0.29840361557059764, "roll-in": 0.27367176628505047}, "movie": {"dsfb-red": 0.009378188368882955, "redirect": 0.04534243007779143, "dsfb": 0.0, "oneh-in": 0.007642939269308265, "unknown": 0.030236445784519856, "sfT": 1.2238598988354775e-05, "roll-out": 0.17147869516531913, "oneh-out": 0.03661196627042119, "dsfb-alt": 0.026875963378427088, "sfb": 0.01429270965081961, "bad-redirect": 0.004798188792627995, "sfR": 0.11567713207251198, "sft": 0.0, "alternate": 0.283881278220334, "roll-in": 0.25377182435004814}, "dutch": {"dsfb-red": 0.006368282949654382, "redirect": 0.02817053289854265, "dsfb": 0.0, "oneh-in": 0.00866466183651713, "unknown": 0.07290361491625476, "sfT": 1.832527170801466e-05, "roll-out": 0.1216328075295278, "oneh-out": 0.004686015834540942,