{"english-450k": {"sfR": 0.11369548401129392, "unknown": 0.0001543587941537776, "sfT": 6.577789523598478e-05, "bad-redirect": 0.0016476631891111564, "oneh-in": 0.002247265247462289, "dsfb": 0.0, "sfb": 0.037859417728224445, "dsfb-alt": 0.05897149098316612, "redirect": 0.028982910025779088, "sft": 0.0, "alternate": 0.3592578148524733, "roll-out": 0.16430090375904594, "roll-in": 0.2197110333210353, "oneh-out": 0.003480089177285168, "dsfb-red": 0.009625791015733487}, "shai": {"sfR": 0.09823378925716947, "unknown": 0.06456276146546681, "sfT": 2.6980619779399083e-05, "bad-redirect": 0.0007201437438866892, "oneh-in": 0.0018342060847161272, "dsfb": 0.0, "sfb": 0.017647171520726968, "dsfb-alt": 0.05299885466862644, "redirect": 0.02695759858782716, "sft": 0.0, "alternate": 0.29165047545649925, "roll-out": 0.1995332054756686, "roll-in": 0.2245888967879632, "oneh-out": 0.010745218574370524, "dsfb-red": 0.010500697757299358}, "tr-quotes": {"sfR": 0.09677191928064538, "unknown": 0.09006264302720696, "sfT": 2.080395737500289e-05, "bad-redirect": 0.0005952243360070271, "oneh-in": 0.0014169806523196412, "dsfb": 0.0, "sfb": 0.014025334596981114, "dsfb-alt": 0.0516007489424655, "redirect": 0.024268972053350595, "sft": 0.0, "alternate": 0.2783950902660595, "roll-out": 0.20511315041261183, "roll-in": 0.2083088694204942, "oneh-out": 0.018940847414530407, "dsfb-red": 0.010479415639952845}, "gutenberg": {"sfR": 0.09863878308844841, "unknown": 0.09436925698728084, "sfT": 2.8415516690706193e-05, "bad-redirect": 0.0007564210543065989, "oneh-in": 0.0016200633249261291, "dsfb": 0.0, "sfb": 0.014767733460937947, "dsfb-alt": 0.04859432227666635, "redirect": 0.022765185915148235, "sft": 0.0, "alternate": 0.26687038697766124, "roll-out": 0.22200986359415367, "roll-in": 0.20905920770719744, "oneh-out": 0.010187341607174046, "dsfb-red": 0.0103330184894084}, "english-200": {"sfR": 0.10690423162583519, "unknown": 0.0, "sfT": 0.0, "bad-redirect": 0.0, "oneh-in": 0.0022271714922048997, "dsfb": 0.0, "sfb": 0.011135857461024499, "dsfb-alt": 0.066815144766147, "redirect": 0.024498886414253896, "sft": 0.0, "alternate": 0.2962138084632517, "roll-out": 0.21380846325167038, "roll-in": 0.25389755011135856, "oneh-out": 0.011135857461024499, "dsfb-red": 0.013363028953229399}, "monkeyracer": {"sfR": 0.09690789370786869, "unknown": 0.0900202543128392, "sfT": 1.955049501853387e-05, "bad-redirect": 0.000599222672318063, "oneh-in": 0.0014418490076168729, "dsfb": 0.0, "sfb": 0.013873031265151634, "dsfb-alt": 0.05162601467069146, "redirect": 0.02428366986252092, "sft": 0.0, "alternate": 0.27773042213428845, "roll-out": 0.20554412937735583, "roll-in": 0.20819713155137087, "oneh-out": 0.01936378779110687, "dsfb-red": 0.010393043151852605}, "chained-bigrams": {"sfR": 0.11914286586209158, "unknown": 0.05987563217928082, "sfT": 5.1944375365639704e-05, "bad-redirect": 0.002981607145987719, "oneh-in": 0.005540516937437545, "dsfb": 0.0, "sfb": 0.019775873006391106, "dsfb-alt": 0.060895040545831496, "redirect": 0.03465209280641825, "sft": 0.0, "alternate": 0.2985808147345415, "roll-out": 0.1840889183817509, "roll-in": 0.18873858928166773, "oneh-out": 0.005500909351221245, "dsfb-red": 0.020175195392014462}, "english-5k": {"sfR": 0.10644211224955408, "unknown": 0.0022400132741527356, "sfT": 4.148172729912474e-05, "bad-redirect": 0.00157630563736674, "oneh-in": 0.002198531546853611, "dsfb": 0.0, "sfb": 0.023686066287800223, "dsfb-alt": 0.05342846476127266, "redirect": 0.027958684199610073, "sft": 0.0, "alternate": 0.34205832330858255, "roll-out": 0.16791803210685693, "roll-in": 0.25498817770771975, "oneh-out": 0.004438544821006347, "dsfb-red": 0.013025262371925167}, "mt-quotes": {"sfR": 0.0964592223377679, "unknown": 0.0857358864943044, "sfT": 7.470625500531909e-06, "bad-redirect": 0.0005334026607379783, "oneh-in": 0.0013641362163971265, "dsfb": 0.0, "sfb": 0.013000382496025626, "dsfb-alt": 0.05194325910519836, "redirect": 0.02406587298741349, "sft": 0.0, "alternate": 0.2774784547160565, "roll-out": 0.20965264579672727, "roll-in": 0.2083960865875378, "oneh-out": 0.020896833650087855, "dsfb-red": 0.010466346326245204}, "wordle": {"sfR": 0.13138112868843263, "unknown": 0.0, "sfT": 6.731740154830023e-05, "bad-redirect": 0.001032200157073937, "oneh-in": 0.0021990351172444743, "dsfb": 0.0, "sfb": 0.03179625266464715, "dsfb-alt": 0.06969594973634018, "redirect": 0.027443060697857062, "sft": 0.0, "alternate": 0.3339167508134186, "roll-out": 0.19028385504319534, "roll-in": 0.1948838774823292, "oneh-out": 0.008235162122742062, "dsfb-red": 0.009065410075171098}, "english-1k": {"sfR": 0.10832745236414962, "unknown": 0.0, "sfT": 0.0, "bad-redirect": 0.0, "oneh-in": 0.0028228652081863093, "dsfb": 0.0, "sfb": 0.014114326040931546, "dsfb-alt": 0.05187014820042343, "redirect": 0.024700070571630206, "sft": 0.0, "alternate": 0.3147494707127735, "roll-out": 0.19654199011997178, "roll-in": 0.26323218066337334, "oneh-out": 0.0077628793225123505, "dsfb-red": 0.01587861679604799}, "english-10k": {"sfR": 0.10567144593890508, "unknown": 0.0, "sfT": 1.929719611740414e-05, "bad-redirect": 0.000964859805870207, "oneh-in": 0.0022577719457362844, "dsfb": 0.0, "sfb": 0.02398641477393335, "dsfb-alt": 0.055884679956002395, "redirect": 0.03130005210242952, "sft": 0.0, "alternate": 0.3364659115030586, "roll-out": 0.17079948283514404, "roll-in": 0.25645973640030106, "oneh-out": 0.004283977538063719, "dsfb-red": 0.011906370004438355}, "reddit": {"sfR": 0.10397777127267367, "unknown": 0.10396709590989395, "sfT": 8.780017668661836e-05, "bad-redirect": 0.0007655546122530316, "oneh-in": 0.0012877858679547522, "dsfb": 0.0, "sfb": 0.014933034573005153, "dsfb-alt": 0.05434486328699664, "redirect": 0.022916782550538948, "sft": 0.0, "alternate": 0.2706593272611121, "roll-out": 0.1935146234677811, "roll-in": 0.2085362448231514, "oneh-out": 0.015379452024264164, "dsfb-red": 0.009629664173688527}, "akl": {"sfR": 0.13064861186637447, "unknown": 0.17107002670620014, "sfT": 0.0001175340636917017, "bad-redirect": 0.0008217254341514852, "oneh-in": 0.002506017968900195, "dsfb": 0.0, "sfb": 0.018986136885601305, "dsfb-alt": 0.04826471962195985, "redirect": 0.01970374448405869, "sft": 0.0, "alternate": 0.23629416802004616, "roll-out": 0.16461733989899976, "roll-in": 0.18189289536110567, "oneh-out": 0.014806747142127244, "dsfb-red": 0.010270332546783289}, "french": {"sfR": 0.10898279115633469, "unknown": 0.21023212216107084, "sfT": 1.2854417296903915e-05, "bad-redirect": 0.0012403763599595208, "oneh-in": 0.0005555715112133891, "dsfb": 0.0, "sfb": 0.03813330309399082, "dsfb-alt": 0.03826497847117321, "redirect": 0.02210242145010921, "sft": 0.0, "alternate": 0.23785816762558673, "roll-out": 0.1689408123449389, "roll-in": 0.15770163198513418, "oneh-out": 0.009147685763671419, "dsfb-red": 0.006827283659520165}, "keymash": {"sfR": 0.099723742164827, "unknown": 0.0849421007910087, "sfT": 2.873409875499255e-05, "bad-redirect": 0.0006280453013591229, "oneh-in": 0.0017733043803081117, "dsfb": 0.0, "sfb": 0.014108442488701342, "dsfb-alt": 0.05129447114891241, "redirect": 0.024547130079265064, "sft": 0.0, "alternate": 0.2771362776206524, "roll-out": 0.2079815116598868, "roll-in": 0.20897489050255938, "oneh-out": 0.01811890170064816, "dsfb-red": 0.0107424480631165}, "movie": {"sfR": 0.11567713207251198, "unknown": 0.15450046842250645, "sfT": 1.3422979535614915e-05, "bad-redirect": 0.0004811216978647856, "oneh-in": 0.0009418457307489798, "dsfb": 0.0, "sfb": 0.011614167244271513, "dsfb-alt": 0.050828612370538984, "redirect": 0.01749264269383934, "sft": 0.0, "alternate": 0.24954384899200663, "roll-out": 0.181170744379226, "roll-in": 0.1789943793247162, "oneh-out": 0.02852817424185498, "dsfb-red": 0.01021343985037852}, "dutch": {"sfR": 0.18880787437283908, "unknown": 0.10091669751062121, "sfT": 4.0398079411112555e-05, "bad-redirect": 0.0007163172988879429, "oneh-in": 0.0015659859145004504, "dsfb": 0.0, "sfb": 0.03202669364510059, "dsfb-alt": 0.0385826940795996,