{"english-450k": {"sft": 0.0, "bad-redirect": 0.0012220071203840727, "alternate": 0.35749964479936575, "unknown": 0.00015377410175167997, "sfR": 0.11369548401129392, "dsfb-red": 0.010273337851056627, "oneh-out": 0.0033599348886541023, "oneh-in": 0.003405833242218767, "roll-in": 0.23006388933877722, "sfb": 0.03525636715408574, "redirect": 0.028806625266546648, "roll-out": 0.1624480135367985, "dsfb": 0.0, "sfT": 3.098869731117505e-05, "dsfb-alt": 0.05378409999175584}, "shai": {"sft": 0.0, "bad-redirect": 0.0026515551457394694, "alternate": 0.315451891128187, "unknown": 0.024097749651430984, "sfR": 0.09823378925716947, "dsfb-red": 0.006808281312458722, "oneh-out": 0.007177622813489954, "oneh-in": 0.00877643450509702, "roll-in": 0.22537395502832674, "sfb": 0.02143071287047166, "redirect": 0.021168094021828485, "roll-out": 0.21021803019104648, "dsfb": 0.0, "sfT": 0.00010438105506105492, "dsfb-alt": 0.05850750301969295}, "tr-quotes": {"sft": 0.0, "bad-redirect": 0.0022664755784655927, "alternate": 0.3059164143223689, "unknown": 0.013894731975682485, "sfR": 0.09677191928064538, "dsfb-red": 0.007662790966459398, "oneh-out": 0.00973047317445274, "oneh-in": 0.01711818959339821, "roll-in": 0.21295855389380736, "sfb": 0.022825408566607336, "redirect": 0.022160837706016966, "roll-out": 0.2324796005640184, "dsfb": 0.0, "sfT": 0.0001074871131041816, "dsfb-alt": 0.05610711726497307}, "gutenberg": {"sft": 0.0, "bad-redirect": 0.002160337015605423, "alternate": 0.27961323071921945, "unknown": 0.03298207965968062, "sfR": 0.09863878308844841, "dsfb-red": 0.008449448606370456, "oneh-out": 0.010912695029898807, "oneh-in": 0.007596793668871332, "roll-in": 0.20478551399691522, "sfb": 0.020570181969180153, "redirect": 0.023141596792911123, "roll-out": 0.25764235321396545, "dsfb": 0.0, "sfT": 0.0001504128016828048, "dsfb-alt": 0.053356573437250775}, "english-200": {"sft": 0.0, "bad-redirect": 0.004454342984409799, "alternate": 0.3207126948775056, "unknown": 0.0, "sfR": 0.10690423162583519, "dsfb-red": 0.0066815144766146995, "oneh-out": 0.008908685968819599, "oneh-in": 0.008908685968819599, "roll-in": 0.2071269487750557, "sfb": 0.013363028953229399, "redirect": 0.017817371937639197, "roll-out": 0.2561247216035635, "dsfb": 0.0, "sfT": 0.0, "dsfb-alt": 0.04899777282850779}, "monkeyracer": {"sft": 0.0, "bad-redirect": 0.0022297339568637877, "alternate": 0.3052008226848304, "unknown": 0.013491796612290222, "sfR": 0.09690789370786869, "dsfb-red": 0.007699962463049564, "oneh-out": 0.009713663449958552, "oneh-in": 0.017524086209862833, "roll-in": 0.21301730609819042, "sfb": 0.02286137134992258, "redirect": 0.02219958709354521, "roll-out": 0.23303603547241816, "dsfb": 0.0, "sfT": 0.00011730297011120321, "dsfb-alt": 0.056000437931088415}, "chained-bigrams": {"sft": 0.0, "bad-redirect": 0.0028582392544943248, "alternate": 0.31450890813572285, "unknown": 0.023159399756770463, "sfR": 0.11914286586209158, "dsfb-red": 0.013486058454304208, "oneh-out": 0.007837756937982962, "oneh-in": 0.006811855524511577, "roll-in": 0.20503094261510063, "sfb": 0.023151608100465616, "redirect": 0.02652020084292735, "roll-out": 0.19811519833985777, "dsfb": 0.0, "sfT": 8.8954742813658e-05, "dsfb-alt": 0.05928801143295702}, "english-5k": {"sft": 0.0, "bad-redirect": 0.0013274152735719916, "alternate": 0.3600199112291036, "unknown": 0.002157049819554486, "sfR": 0.10644211224955408, "dsfb-red": 0.006554112913261708, "oneh-out": 0.004604471730202846, "oneh-in": 0.004355581366408097, "roll-in": 0.24988592524992742, "sfb": 0.02181938855933961, "redirect": 0.020782345376861494, "roll-out": 0.16406023146803833, "dsfb": 0.0, "sfT": 0.0, "dsfb-alt": 0.05799145476417638}, "mt-quotes": {"sft": 0.0, "bad-redirect": 0.002227740524258615, "alternate": 0.3039782574915432, "unknown": 0.007995063410669249, "sfR": 0.0964592223377679, "dsfb-red": 0.007609579134841802, "oneh-out": 0.010215333309427331, "oneh-in": 0.01889620014104541, "roll-in": 0.21241677723192406, "sfb": 0.022359582123092, "redirect": 0.022301311244187855, "roll-out": 0.23967111318296458, "dsfb": 0.0, "sfT": 9.711813150691482e-05, "dsfb-alt": 0.05577270173677101}, "wordle": {"sft": 0.0, "bad-redirect": 0.0029844048019746438, "alternate": 0.3162571524739145, "unknown": 0.0, "sfR": 0.13138112868843263, "dsfb-red": 0.012745428026478179, "oneh-out": 0.007517109839560193, "oneh-in": 0.003365870077415012, "roll-in": 0.1932233815774711, "sfb": 0.03361382250645125, "redirect": 0.03509480534051385, "roll-out": 0.20399416582519914, "dsfb": 0.0, "sfT": 0.0, "dsfb-alt": 0.059822730842589475}, "english-1k": {"sft": 0.0, "bad-redirect": 0.001058574453069866, "alternate": 0.3348623853211009, "unknown": 0.0, "sfR": 0.10832745236414962, "dsfb-red": 0.005998588567395907, "oneh-out": 0.009174311926605505, "oneh-in": 0.0038814396612561752, "roll-in": 0.21630204657727595, "sfb": 0.01799576570218772, "redirect": 0.020112914608327453, "roll-out": 0.22653493295695132, "dsfb": 0.0, "sfT": 0.0, "dsfb-alt": 0.05575158786167961}, "english-10k": {"sft": 0.0, "bad-redirect": 0.0016209644738619479, "alternate": 0.3506300534532332, "unknown": 0.0, "sfR": 0.10567144593890508, "dsfb-red": 0.006946990602265491, "oneh-out": 0.004631327068176994, "oneh-in": 0.00302965979043245, "roll-in": 0.2582157812469848, "sfb": 0.023851334401111517, "redirect": 0.025144246540977595, "roll-out": 0.16109299318808978, "dsfb": 0.0, "sfT": 1.929719611740414e-05, "dsfb-alt": 0.059145906099843694}, "reddit": {"sft": 0.0, "bad-redirect": 0.002726637483595994, "alternate": 0.2968981328790498, "unknown": 0.04519937363713543, "sfR": 0.10397777127267367, "dsfb-red": 0.007758928583134013, "oneh-out": 0.009508901473331164, "oneh-in": 0.012550705632115387, "roll-in": 0.2061139862797241, "sfb": 0.02270743306781646, "redirect": 0.02131251899793179, "roll-out": 0.21734716485775454, "dsfb": 0.0, "sfT": 0.00016664803160356873, "dsfb-alt": 0.05373179780413406}, "akl": {"sft": 0.0, "bad-redirect": 0.0029617002763767677, "alternate": 0.25167045010061306, "unknown": 0.13920166722946467, "sfR": 0.13064861186637447, "dsfb-red": 0.00864798197076384, "oneh-out": 0.005196181697038198, "oneh-in": 0.011958034730636362, "roll-in": 0.17714340240434123, "sfb": 0.022414637890447134, "redirect": 0.020168148575113815, "roll-out": 0.18742356857680234, "dsfb": 0.0, "sfT": 0.00022560511573868579, "dsfb-alt": 0.04234000956628942}, "french": {"sft": 0.0, "bad-redirect": 0.002255950235606637, "alternate": 0.25750683362846805, "unknown": 0.15842537463172957, "sfR": 0.10898279115633469, "dsfb-red": 0.006495990268277232, "oneh-out": 0.005599551971120768, "oneh-in": 0.002714574270912957, "roll-in": 0.20653004997956254, "sfb": 0.041195336159717065, "redirect": 0.019834890253464688, "roll-out": 0.14871901611630808, "dsfb": 0.0, "sfT": 0.00039475645845701775, "dsfb-alt": 0.04134488487004072}, "keymash": {"sft": 0.0, "bad-redirect": 0.0022207353466358526, "alternate": 0.3041052817378383, "unknown": 0.012376186820900362, "sfR": 0.099723742164827, "dsfb-red": 0.007827989475110113, "oneh-out": 0.009055345979073367, "oneh-in": 0.016686301634149244, "roll-in": 0.21259538694568844, "sfb": 0.02254395290891701, "redirect": 0.021952851448814308, "roll-out": 0.23513523498335476, "dsfb": 0.0, "sfT": 9.030716751569087e-05, "dsfb-alt": 0.05568668338717556}, "movie": {"sft": 0.0, "bad-redirect": 0.0038037039264452303, "alternate": 0.2897768613889178, "unknown": 0.030282373430185833, "sfR": 0.11567713207251198, "dsfb-red": 0.011162786657926816, "oneh-out": 0.007573850404051423, "oneh-in": 0.02774740426553338, "roll-in": 0.19044075932479254, "sfb": 0.02505254372700081, "redirect": 0.0215645430153197, "roll-out": 0.22218307917623437, "dsfb": 0.0, "sfT": 0.00013515098022624038, "dsfb-alt": 0.05459981163085385}, "dutch": {"sft": 0.0, "bad-redirect": 0.0013011301528575105, "alternate": 0.26879309509499894, "unknown": 0.07360268279108878, "sfR": 0.18880787437283908, "dsfb-red": 0.007277643179274699, "oneh-out": 0.0034799188911281264, "oneh-in": 0.004930807037435088,