{"english-450k": {"dsfb": 0.0, "unknown": 0.00015377410175167997, "oneh-out": 0.010516277544128197, "dsfb-red": 0.022517966135785456, "dsfb-alt": 0.04368880097713794, "redirect": 0.052093169564889456, "bad-redirect": 0.002111031917773538, "sfR": 0.11369548401129392, "sfb": 0.025811830783002525, "sfT": 1.4909656253489883e-05, "roll-in": 0.25556027857084807, "alternate": 0.2529677524599471, "roll-out": 0.20737168486716664, "sft": 0.0, "oneh-in": 0.013497039410021979}, "shai": {"dsfb": 0.0, "unknown": 0.024097749651430984, "oneh-out": 0.01033599638101295, "dsfb-red": 0.01727440857831215, "dsfb-alt": 0.03813233964973729, "redirect": 0.04264304179453207, "bad-redirect": 0.002023569705907761, "sfR": 0.09823378925716947, "sfb": 0.016294219807637587, "sfT": 5.6136409307187535e-05, "roll-in": 0.30588464695524226, "alternate": 0.23862599094076634, "roll-out": 0.19107496501924523, "sft": 0.0, "oneh-in": 0.015323145849698712}, "tr-quotes": {"dsfb": 0.0, "unknown": 0.013894731975682485, "oneh-out": 0.013952520746168604, "dsfb-red": 0.01634728739511338, "dsfb-alt": 0.0376123991585955, "redirect": 0.0455179029610966, "bad-redirect": 0.003035066225930977, "sfR": 0.09677191928064538, "sfb": 0.013616190101939391, "sfT": 5.778877048611914e-06, "roll-in": 0.3207484801553362, "alternate": 0.2350512008506507, "roll-out": 0.19072259078615844, "sft": 0.0, "oneh-in": 0.012723931485633711}, "gutenberg": {"dsfb": 0.0, "unknown": 0.03298207965968062, "oneh-out": 0.012814829717174679, "dsfb-red": 0.014101105439373979, "dsfb-alt": 0.04190455190056236, "redirect": 0.041436453622277464, "bad-redirect": 0.003446044427470909, "sfR": 0.09863878308844841, "sfb": 0.01654048282888214, "sfT": 1.7049310014423718e-05, "roll-in": 0.32579602281273456, "alternate": 0.21988192026757566, "roll-out": 0.18229993676600353, "sft": 0.0, "oneh-in": 0.010140740159801289}, "english-200": {"dsfb": 0.0, "unknown": 0.0, "oneh-out": 0.011135857461024499, "dsfb-red": 0.011135857461024499, "dsfb-alt": 0.053452115812917596, "redirect": 0.035634743875278395, "bad-redirect": 0.0, "sfR": 0.10690423162583519, "sfb": 0.0066815144766146995, "sfT": 0.0, "roll-in": 0.32516703786191536, "alternate": 0.23385300668151449, "roll-out": 0.20935412026726058, "sft": 0.0, "oneh-in": 0.0066815144766146995}, "monkeyracer": {"dsfb": 0.0, "unknown": 0.013491796612290222, "oneh-out": 0.013964918591738743, "dsfb-red": 0.01634030373649061, "dsfb-alt": 0.03758387162362951, "redirect": 0.045419710027057886, "bad-redirect": 0.003122214054459859, "sfR": 0.09690789370786869, "sfb": 0.01353089760232729, "sfT": 5.865148505560161e-06, "roll-in": 0.32156165444109047, "alternate": 0.23473008586577412, "roll-out": 0.1906720678167571, "sft": 0.0, "oneh-in": 0.012668720772009947}, "chained-bigrams": {"dsfb": 0.0, "unknown": 0.023159399756770463, "oneh-out": 0.007648809272590446, "dsfb-red": 0.025617018016257292, "dsfb-alt": 0.051071060554804884, "redirect": 0.054077990583783354, "bad-redirect": 0.006291762466163109, "sfR": 0.11914286586209158, "sfb": 0.01896943657883955, "sfT": 7.207282081982508e-05, "roll-in": 0.2875354926177303, "alternate": 0.24309188505488896, "roll-out": 0.153032025655327, "sft": 0.0, "oneh-in": 0.010290180759933225}, "english-5k": {"dsfb": 0.0, "unknown": 0.002157049819554486, "oneh-out": 0.01165636537105405, "dsfb-red": 0.020326046376571122, "dsfb-alt": 0.04189654457211598, "redirect": 0.038660969842784255, "bad-redirect": 0.0023229767287509854, "sfR": 0.10644211224955408, "sfb": 0.017214916829136766, "sfT": 0.0, "roll-in": 0.277678682540341, "alternate": 0.2516696395237898, "roll-out": 0.20786493549591406, "sft": 0.0, "oneh-in": 0.022109760650433484}, "mt-quotes": {"dsfb": 0.0, "unknown": 0.007995063410669249, "oneh-out": 0.014079140818302435, "dsfb-red": 0.016256081089157434, "dsfb-alt": 0.037236585744851246, "redirect": 0.04517188415151624, "bad-redirect": 0.0031540980863245718, "sfR": 0.0964592223377679, "sfb": 0.012665698473601798, "sfT": 0.0, "roll-in": 0.32825928449337205, "alternate": 0.2361210719451118, "roll-out": 0.19016776036623995, "sft": 0.0, "oneh-in": 0.012434109083085308}, "wordle": {"dsfb": 0.0, "unknown": 0.0, "oneh-out": 0.01110737125546954, "dsfb-red": 0.02432402109278582, "dsfb-alt": 0.05609783462358353, "redirect": 0.049029507461012006, "bad-redirect": 0.003702457085156513, "sfR": 0.13138112868843263, "sfb": 0.03372601817569842, "sfT": 2.2439133849433412e-05, "roll-in": 0.23356894423875238, "alternate": 0.23386065297879502, "roll-out": 0.21700886345787052, "sft": 0.0, "oneh-in": 0.0061707618085941884}, "english-1k": {"dsfb": 0.0, "unknown": 0.0, "oneh-out": 0.019407198306280876, "dsfb-red": 0.017642907551164433, "dsfb-alt": 0.043401552575864505, "redirect": 0.04481298517995766, "bad-redirect": 0.0, "sfR": 0.10832745236414962, "sfb": 0.014467184191954835, "sfT": 0.0, "roll-in": 0.2882851093860268, "alternate": 0.21594918842625266, "roll-out": 0.23465067043048696, "sft": 0.0, "oneh-in": 0.01305575158786168}, "english-10k": {"dsfb": 0.0, "unknown": 0.0, "oneh-out": 0.009301248528588796, "dsfb-red": 0.02035854190386137, "dsfb-alt": 0.04077497539607495, "redirect": 0.041546863240771115, "bad-redirect": 0.0019683140039752226, "sfR": 0.10567144593890508, "sfb": 0.019277898921286736, "sfT": 0.0, "roll-in": 0.287161575423091, "alternate": 0.24601995330078538, "roll-out": 0.20771501900773817, "sft": 0.0, "oneh-in": 0.020204164334922135}, "reddit": {"dsfb": 0.0, "unknown": 0.04519937363713543, "oneh-out": 0.011797174849519525, "dsfb-red": 0.015910822888801864, "dsfb-alt": 0.03825525616469425, "redirect": 0.042012347087133625, "bad-redirect": 0.002624528575043212, "sfR": 0.10397777127267367, "sfb": 0.014511938333111398, "sfT": 9.413047952793171e-05, "roll-in": 0.2952754777365309, "alternate": 0.23208396004267898, "roll-out": 0.1870350902920311, "sft": 0.0, "oneh-in": 0.011222128641118089}, "akl": {"dsfb": 0.0, "unknown": 0.13920166722946467, "oneh-out": 0.009537628603378324, "dsfb-red": 0.01434698808028676, "dsfb-alt": 0.03505440478113846, "redirect": 0.032825556693779886, "bad-redirect": 0.0022039428243353972, "sfR": 0.13064861186637447, "sfb": 0.020816871378622186, "sfT": 0.00027615686985119824, "roll-in": 0.2550981357545861, "alternate": 0.19325221547509766, "roll-out": 0.15831255279860168, "sft": 0.0, "oneh-in": 0.008425267644483201}, "french": {"dsfb": 0.0, "unknown": 0.15842537463172957, "oneh-out": 0.012556608314353967, "dsfb-red": 0.0210975296251995, "dsfb-alt": 0.029284115477433058, "redirect": 0.042276215868694254, "bad-redirect": 0.0013267466579975757, "sfR": 0.10898279115633469, "sfb": 0.050536767056819205, "sfT": 6.965056644907494e-05, "roll-in": 0.21765247687317288, "alternate": 0.18011964585990456, "roll-out": 0.1521493626958188, "sft": 0.0, "oneh-in": 0.025522715216092867}, "keymash": {"dsfb": 0.0, "unknown": 0.012376186820900362, "oneh-out": 0.01429726656623415, "dsfb-red": 0.01585301277025446, "dsfb-alt": 0.03817119776038225, "redirect": 0.045346512706628955, "bad-redirect": 0.003008870626772791, "sfR": 0.099723742164827, "sfb": 0.014133071716205621, "sfT": 0.0, "roll-in": 0.32170696966089657, "alternate": 0.23135054369019717, "roll-out": 0.191102281076954, "sft": 0.0, "oneh-in": 0.012930344439746647}, "movie": {"dsfb": 0.0, "unknown": 0.030282373430185833, "oneh-out": 0.01632063234340614, "dsfb-red": 0.018990489292607663, "dsfb-alt": 0.04107523856385173, "redirect": 0.04504620334313781, "bad-redirect": 0.0037980452193860986, "sfR": 0.11567713207251198, "sfb": 0.012040939034800916, "sfT": 5.1323157047939386e-06, "roll-in": 0.29516645086814436, "alternate": 0.22552803303737418, "roll-out": 0.18590774017691225, "sft": 0.0, "oneh-in": 0.010161590301976244}, "dutch": {"dsfb": 0.0, "unknown": 0.07360268279108878, "oneh-out": 0.009432870853920724, "dsfb-red": 0.022406105306335248, "dsfb-alt": 0.027092139071670424, "redirect": 0.04081782137335611, "bad-redirect": 0.0011445584575988177, "sfR": 0.18880787437283908, "sfb": 0.03225387680805612, "sfT": 7.018112863519509e-05,