{"english-450k": {"alternate": 0.31179570145839824, "sft": 0.0, "dsfb": 0.0, "sfb": 0.03684877691119867, "dsfb-alt": 0.04173914416234335, "oneh-in": 0.008758399837221636, "roll-out": 0.18916553285065027, "sfR": 0.11369548401129392, "sfT": 0.0003724490601361982, "unknown": 0.00015377410175167997, "roll-in": 0.2017665311544576, "bad-redirect": 0.005417175105434657, "dsfb-red": 0.024423478674221673, "redirect": 0.05847391774898103, "oneh-out": 0.007389634923911054}, "shai": {"alternate": 0.36794368740968403, "sft": 0.0, "dsfb": 0.0, "sfb": 0.024825061392424463, "dsfb-alt": 0.04557353343243644, "oneh-in": 0.008450139690794589, "roll-out": 0.16197219622167597, "sfR": 0.09823378925716947, "sfT": 7.748558427536504e-05, "unknown": 0.024097749651430984, "roll-in": 0.1980093752138401, "bad-redirect": 0.0036874855440231133, "dsfb-red": 0.016977103125958893, "redirect": 0.04373389716416695, "oneh-out": 0.006418496312119674}, "tr-quotes": {"alternate": 0.3861676798964425, "sft": 0.0, "dsfb": 0.0, "sfb": 0.024032038094357503, "dsfb-alt": 0.053258130880007394, "oneh-in": 0.008735350546681769, "roll-out": 0.15056632995076397, "sfR": 0.09677191928064538, "sfT": 4.8542567208340074e-05, "unknown": 0.013894731975682485, "roll-in": 0.20444857955202145, "bad-redirect": 0.0028651672407017867, "dsfb-red": 0.015815630706641087, "redirect": 0.03758812787499133, "oneh-out": 0.005807771433854973}, "gutenberg": {"alternate": 0.3811140246487558, "sft": 0.0, "dsfb": 0.0, "sfb": 0.021200627566157954, "dsfb-alt": 0.05223870701063839, "oneh-in": 0.009472786080791756, "roll-out": 0.14511633880843508, "sfR": 0.09863878308844841, "sfT": 1.5154942235043304e-05, "unknown": 0.03298207965968062, "roll-in": 0.20071811693780753, "bad-redirect": 0.0030400814123496865, "dsfb-red": 0.013665211413338547, "redirect": 0.036243233791883996, "oneh-out": 0.0055548546394771844}, "english-200": {"alternate": 0.40311804008908686, "sft": 0.0, "dsfb": 0.0, "sfb": 0.017817371937639197, "dsfb-alt": 0.0556792873051225, "oneh-in": 0.017817371937639197, "roll-out": 0.133630289532294, "sfR": 0.10690423162583519, "sfT": 0.0, "unknown": 0.0, "roll-in": 0.2182628062360802, "bad-redirect": 0.0, "dsfb-red": 0.0066815144766146995, "redirect": 0.031180400890868598, "oneh-out": 0.008908685968819599}, "monkeyracer": {"alternate": 0.3864917809718942, "sft": 0.0, "dsfb": 0.0, "sfb": 0.02400214273425403, "dsfb-alt": 0.053326907737303905, "oneh-in": 0.008788925035581902, "roll-out": 0.15026510471245133, "sfR": 0.09690789370786869, "sfT": 4.887623754633467e-05, "unknown": 0.013491796612290222, "roll-in": 0.2045763798739384, "bad-redirect": 0.0028612149459624316, "dsfb-red": 0.01595222641037271, "redirect": 0.0373600184556673, "oneh-out": 0.005926732564868542}, "chained-bigrams": {"alternate": 0.34281145035838373, "sft": 0.0, "dsfb": 0.0, "sfb": 0.025796226111268746, "dsfb-alt": 0.06702382753428492, "oneh-in": 0.007689715468190888, "roll-out": 0.15981401316400332, "sfR": 0.11914286586209158, "sfT": 0.00012077067272511231, "unknown": 0.023159399756770463, "roll-in": 0.19179746368601183, "bad-redirect": 0.0034913113292630586, "dsfb-red": 0.019051898274732502, "redirect": 0.03593446957325748, "oneh-out": 0.004166588209016375}, "english-5k": {"alternate": 0.3255071141162318, "sft": 0.0, "dsfb": 0.0, "sfb": 0.030530551292155806, "dsfb-alt": 0.04218691666320985, "oneh-in": 0.009001534823910067, "roll-out": 0.193885593396109, "sfR": 0.10644211224955408, "sfT": 0.00016592690919649896, "unknown": 0.002157049819554486, "roll-in": 0.19894636412660224, "bad-redirect": 0.005890405276475713, "dsfb-red": 0.01725639855643589, "redirect": 0.06209814576678973, "oneh-out": 0.0059318870037748375}, "mt-quotes": {"alternate": 0.39421444878736805, "sft": 0.0, "dsfb": 0.0, "sfb": 0.023423399194367745, "dsfb-alt": 0.05451913077778176, "oneh-in": 0.00884522059262978, "roll-out": 0.14775253702441998, "sfR": 0.0964592223377679, "sfT": 3.137662710223402e-05, "unknown": 0.007995063410669249, "roll-in": 0.2065254419622046, "bad-redirect": 0.0026655191785897848, "dsfb-red": 0.015271452648187328, "redirect": 0.03629976930708454, "oneh-out": 0.005997418151827016}, "wordle": {"alternate": 0.29235947492426795, "sft": 0.0, "dsfb": 0.0, "sfb": 0.041489958487602376, "dsfb-alt": 0.043688993604846856, "oneh-in": 0.010097610232245036, "roll-out": 0.1863794457533939, "sfR": 0.13138112868843263, "sfT": 0.0001570739369460339, "unknown": 0.0, "roll-in": 0.1981824301581959, "bad-redirect": 0.0067093010209805905, "dsfb-red": 0.029686974082800403, "redirect": 0.051767081790642884, "oneh-out": 0.008100527319645461}, "english-1k": {"alternate": 0.36450247000705716, "sft": 0.0, "dsfb": 0.0, "sfb": 0.017642907551164433, "dsfb-alt": 0.043048694424841216, "oneh-in": 0.011997177134791814, "roll-out": 0.17995765702187722, "sfR": 0.10832745236414962, "sfT": 0.0, "unknown": 0.0, "roll-in": 0.20677487649964715, "bad-redirect": 0.0038814396612561752, "dsfb-red": 0.015172900494001412, "redirect": 0.040931545518701484, "oneh-out": 0.0077628793225123505}, "english-10k": {"alternate": 0.3249261882248509, "sft": 0.0, "dsfb": 0.0, "sfb": 0.030277300708207097, "dsfb-alt": 0.041122324926188225, "oneh-in": 0.008741629841184076, "roll-out": 0.19876112000926266, "sfR": 0.10567144593890508, "sfT": 0.00015437756893923313, "unknown": 0.0, "roll-in": 0.19818220412574053, "bad-redirect": 0.005326026128403543, "dsfb-red": 0.02120761853302715, "redirect": 0.05903012292313927, "oneh-out": 0.006599641072152216}, "reddit": {"alternate": 0.35707642642043663, "sft": 0.0, "dsfb": 0.0, "sfb": 0.024006755819055973, "dsfb-alt": 0.05013614833285481, "oneh-in": 0.008280560520223539, "roll-out": 0.14907233906750145, "sfR": 0.10397777127267367, "sfT": 0.00011390799373037817, "unknown": 0.04519937363713543, "roll-in": 0.19593841776515214, "bad-redirect": 0.0031417779947810584, "dsfb-red": 0.017404324870392666, "redirect": 0.03962514868251977, "oneh-out": 0.006027047623542508}, "akl": {"alternate": 0.33977769079400694, "sft": 0.0, "dsfb": 0.0, "sfb": 0.02753779797982051, "dsfb-alt": 0.052024658783855364, "oneh-in": 0.007076600609803319, "roll-out": 0.13619638804228404, "sfR": 0.11790358951788564, "sfT": 0.00022898291809734524, "unknown": 0.07331127266302054, "roll-in": 0.18524129508674278, "bad-redirect": 0.003181350877786439, "dsfb-red": 0.01751180321445923, "redirect": 0.03431763771903771, "oneh-out": 0.005690931793200174}, "french": {"alternate": 0.2657283870913904, "sft": 0.0, "dsfb": 0.0, "sfb": 0.03068028797430459, "dsfb-alt": 0.03608610979383298, "oneh-in": 0.005485135671707651, "roll-out": 0.19300186944877007, "sfR": 0.10898279115633469, "sfT": 7.874454232229252e-05, "unknown": 0.15842537463172957, "roll-in": 0.1408199317418456, "bad-redirect": 0.006367461077146534, "dsfb-red": 0.01022324692003742, "redirect": 0.03529845462487327, "oneh-out": 0.00882220532570494}, "keymash": {"alternate": 0.38388755936670044, "sft": 0.0, "dsfb": 0.0, "sfb": 0.023475758682828914, "dsfb-alt": 0.052759910185417036, "oneh-in": 0.008513502973979221, "roll-out": 0.15339082889665165, "sfR": 0.099723742164827, "sfT": 3.283897000570577e-05, "unknown": 0.012376186820900362, "roll-in": 0.20350720199660938, "bad-redirect": 0.003222323931809879, "dsfb-red": 0.01596794916527443, "redirect": 0.0372558114714732, "oneh-out": 0.00588638537352276}, "movie": {"alternate": 0.3594930535422914, "sft": 0.0, "dsfb": 0.0, "sfb": 0.024246375367832407, "dsfb-alt": 0.05919757691531771, "oneh-in": 0.0075943796668706, "roll-out": 0.1375963312628168, "sfR": 0.11567713207251198, "sfT": 7.079963715843945e-05, "unknown": 0.030282373430185833, "roll-in": 0.2010721539105153, "bad-redirect": 0.00279013737366772, "dsfb-red": 0.019824951187071723, "redirect": 0.03540916202575922, "oneh-out": 0.006745573608000832}, "dutch": {"alternate": 0.2321006474128428, "sft": 0.0, "dsfb": 0.0, "sfb": 0.06704605477879155, "dsfb-alt": 0.0442613945445702, "oneh-in": 0.005070577578495728, "roll-out": 0.1934500852770643, "sfR": 0.18880787437283908, "sfT": 0.0001944953250653963,