{"english-450k": {"sfR": 0.11369548401129392, "unknown": 0.00015377410175167997, "sfT": 0.059216769445846085, "bad-redirect": 3.420450552271208e-05, "oneh-in": 0.0030588183015738167, "dsfb": 0.0, "sfb": 0.3465594652637167, "dsfb-alt": 0.07975379772332472, "redirect": 0.011996134013837331, "sft": 0.0, "alternate": 0.11189872425964786, "roll-out": 0.1203612697414081, "roll-in": 0.10869928743536957, "oneh-out": 0.005276264236529125, "dsfb-red": 0.039296006960178355}, "shai": {"sfR": 0.09823378925716947, "unknown": 0.023621906111313578, "sfT": 0.06553129256482083, "bad-redirect": 0.000256608103769066, "oneh-in": 0.0021811185667225965, "dsfb": 0.0, "sfb": 0.36839825918300934, "dsfb-alt": 0.06759335735670276, "redirect": 0.016350836147636588, "sft": 0.0, "alternate": 0.10391489141335873, "roll-out": 0.10999366259262275, "roll-in": 0.10017672286603463, "oneh-out": 0.00891861010213854, "dsfb-red": 0.034828945734701126}, "tr-quotes": {"sfR": 0.09677191928064538, "unknown": 0.01476965396084233, "sfT": 0.06126418714315434, "bad-redirect": 0.00041261182127089066, "oneh-in": 0.001655070386722452, "dsfb": 0.0, "sfb": 0.3928237904810337, "dsfb-alt": 0.05859665749751508, "redirect": 0.019647026189870784, "sft": 0.0, "alternate": 0.10223411386699337, "roll-out": 0.11355840133145327, "roll-in": 0.09413097246942974, "oneh-out": 0.011020318531702919, "dsfb-red": 0.03311527703936571}, "gutenberg": {"sfR": 0.09863878308844841, "unknown": 0.03802431837805746, "sfT": 0.0663892554490542, "bad-redirect": 0.00017712338737206862, "oneh-in": 0.0016314295316024116, "dsfb": 0.0, "sfb": 0.38259428363156367, "dsfb-alt": 0.05521021230937451, "redirect": 0.017822212068410923, "sft": 0.0, "alternate": 0.09699977608572848, "roll-out": 0.10401386222566239, "roll-in": 0.09496352015967247, "oneh-out": 0.009263837314726095, "dsfb-red": 0.03427138637032692}, "english-200": {"sfR": 0.10690423162583519, "unknown": 0.0, "sfT": 0.0556792873051225, "bad-redirect": 0.0, "oneh-in": 0.0, "dsfb": 0.0, "sfb": 0.44320712694877507, "dsfb-alt": 0.0400890868596882, "redirect": 0.017817371937639197, "sft": 0.0, "alternate": 0.0957683741648107, "roll-out": 0.10244988864142539, "roll-in": 0.08908685968819599, "oneh-out": 0.013363028953229399, "dsfb-red": 0.035634743875278395}, "monkeyracer": {"sfR": 0.09690789370786869, "unknown": 0.014352018393105714, "sfT": 0.06141299247696952, "bad-redirect": 0.000436953563664232, "oneh-in": 0.0016627696013263055, "dsfb": 0.0, "sfb": 0.3932582072978088, "dsfb-alt": 0.05846966545192924, "redirect": 0.019886763532852653, "sft": 0.0, "alternate": 0.10232044825374978, "roll-out": 0.11337625318673068, "roll-in": 0.09386388163348296, "oneh-out": 0.011088063249761484, "dsfb-red": 0.032964089650749956}, "chained-bigrams": {"sfR": 0.11914286586209158, "unknown": 0.02365222201805197, "sfT": 0.056103821223043304, "bad-redirect": 0.0005090548785832691, "oneh-in": 0.002566701447754672, "dsfb": 0.0, "sfb": 0.3973023987263239, "dsfb-alt": 0.05093730378823837, "redirect": 0.01463922358742141, "sft": 0.0, "alternate": 0.09542766128890877, "roll-out": 0.09754958902259515, "roll-in": 0.10466661775237987, "oneh-out": 0.006840424930962679, "dsfb-red": 0.030662115473645047}, "english-5k": {"sfR": 0.10644211224955408, "unknown": 0.002157049819554486, "sfT": 0.05865516240096238, "bad-redirect": 8.296345459824948e-05, "oneh-in": 0.0026963122744431078, "dsfb": 0.0, "sfb": 0.3363753266686025, "dsfb-alt": 0.08541087650889784, "redirect": 0.012112664371344423, "sft": 0.0, "alternate": 0.11573401916455801, "roll-out": 0.1130377068901149, "roll-in": 0.12270294935081097, "oneh-out": 0.007591156095739827, "dsfb-red": 0.037001700750819266}, "mt-quotes": {"sfR": 0.0964592223377679, "unknown": 0.008869126594231481, "sfT": 0.06243500555814537, "bad-redirect": 0.0004661670312331911, "oneh-in": 0.0015718196053119136, "dsfb": 0.0, "sfb": 0.4007497519752334, "dsfb-alt": 0.057701617241008356, "redirect": 0.020157241725535197, "sft": 0.0, "alternate": 0.1027121358817131, "roll-out": 0.11284529231063459, "roll-in": 0.09181249327643705, "oneh-out": 0.011530163397520948, "dsfb-red": 0.03268996306522753}, "wordle": {"sfR": 0.13138112868843263, "unknown": 0.0, "sfT": 0.04189386289689218, "bad-redirect": 0.0001795130707954673, "oneh-in": 0.0026926960619320095, "dsfb": 0.0, "sfb": 0.3204083922360597, "dsfb-alt": 0.06258274430606979, "redirect": 0.021855716369348143, "sft": 0.0, "alternate": 0.11841130932346011, "roll-out": 0.1333782116010322, "roll-in": 0.1135644564119825, "oneh-out": 0.009087849209020532, "dsfb-red": 0.044564119824974754}, "english-1k": {"sfR": 0.10832745236414962, "unknown": 0.0, "sfT": 0.05222300635144672, "bad-redirect": 0.0, "oneh-in": 0.0014114326040931546, "dsfb": 0.0, "sfb": 0.3662667607621736, "dsfb-alt": 0.058927311220889206, "redirect": 0.01305575158786168, "sft": 0.0, "alternate": 0.1122088920254058, "roll-out": 0.12491178546224418, "roll-in": 0.11326746647847566, "oneh-out": 0.0077628793225123505, "dsfb-red": 0.04163726182074806}, "english-10k": {"sfR": 0.10567144593890508, "unknown": 0.0, "sfT": 0.07020319947511626, "bad-redirect": 5.789158835221242e-05, "oneh-in": 0.002566527083614751, "dsfb": 0.0, "sfb": 0.33278014704463443, "dsfb-alt": 0.08442523301364312, "redirect": 0.012929121398660775, "sft": 0.0, "alternate": 0.11373767391598001, "roll-out": 0.11474112811408502, "roll-in": 0.11613052623453812, "oneh-out": 0.006985584994500299, "dsfb-red": 0.039771521197969936}, "reddit": {"sfR": 0.10397777127267367, "unknown": 0.041217688064775854, "sfT": 0.05745899771079019, "bad-redirect": 0.00034299753324204963, "oneh-in": 0.001858749218310607, "dsfb": 0.0, "sfb": 0.36508418459987146, "dsfb-alt": 0.06189043444418911, "redirect": 0.01884081666899839, "sft": 0.0, "alternate": 0.10397155334207214, "roll-out": 0.11192046592527209, "roll-in": 0.09022082456127536, "oneh-out": 0.010689446767116213, "dsfb-red": 0.03252606989141283}, "akl": {"sfR": 0.13064861186637447, "unknown": 0.13295000147380848, "sfT": 0.046256782205920915, "bad-redirect": 0.00012546520399967653, "oneh-in": 0.00234628332064145, "dsfb": 0.0, "sfb": 0.31849262970990827, "dsfb-alt": 0.05280654518218682, "redirect": 0.014113254163422455, "sft": 0.0, "alternate": 0.08806876560547598, "roll-out": 0.09995818732478759, "roll-in": 0.07722190586882888, "oneh-out": 0.009940708425759327, "dsfb-red": 0.0270708596488857}, "french": {"sfR": 0.10898279115633469, "unknown": 0.15822382396052298, "sfT": 0.045624237246519095, "bad-redirect": 0.00013113603100209787, "oneh-in": 0.0019285970678474872, "dsfb": 0.0, "sfb": 0.28021748775156063, "dsfb-alt": 0.06453597658506464, "redirect": 0.013511101235083277, "sft": 0.0, "alternate": 0.09297967085889966, "roll-out": 0.105522076390506, "roll-in": 0.09213300222871325, "oneh-out": 0.005809971890625449, "dsfb-red": 0.030400127597320786}, "keymash": {"sfR": 0.099723742164827, "unknown": 0.013394194891077241, "sfT": 0.0627757960371573, "bad-redirect": 0.00038996276881775603, "oneh-in": 0.0019210797453337875, "dsfb": 0.0, "sfb": 0.39378850882342076, "dsfb-alt": 0.05932770418655819, "redirect": 0.020023561960979094, "sft": 0.0, "alternate": 0.10148473193138297, "roll-out": 0.11207119488697237, "roll-in": 0.09291786563114447, "oneh-out": 0.009654657181677496, "dsfb-red": 0.032526999790651566}, "movie": {"sfR": 0.11567713207251198, "unknown": 0.030451476652766863, "sfT": 0.049146660395591, "bad-redirect": 0.0006595683669853133, "oneh-in": 0.0017074819556333679, "dsfb": 0.0, "sfb": 0.37488394715609835, "dsfb-alt": 0.05430397968971598, "redirect": 0.02167232164512037, "sft": 0.0, "alternate": 0.09568557802179234, "roll-out": 0.12117476337721639, "roll-in": 0.08969721837700649, "oneh-out": 0.011563238880739327, "dsfb-red": 0.03337663340882224}, "dutch": {"sfR": 0.18880787437283908, "unknown": 0.07325981014373002, "sfT": 0.04300609550177696, "bad-redirect": 0.0005501884903020761, "oneh-in": 0.0027971859698420537, "dsfb": 0.0, "sfb": 0.2709151328695163, "dsfb-alt": 0.048004878180156356, "redirect": 0.03274634607171622,