{"english-450k": {"alternate": 0.31144079317032497, "oneh-in": 0.023671271898923055, "unknown": 0.00015377410175167997, "roll-in": 0.24337470421873109, "sfT": 3.157338971327269e-05, "redirect": 0.03586707836807673, "sfb": 0.02400016137510298, "dsfb-red": 0.01585715029108911, "sfR": 0.11369548401129392, "oneh-out": 0.009427872637623435, "bad-redirect": 0.006361160988621301, "dsfb": 0.0, "sft": 0.0, "roll-out": 0.17747110011629533, "dsfb-alt": 0.03864787543245312}, "shai": {"alternate": 0.29587612586321727, "oneh-in": 0.021226633955003557, "unknown": 0.02357661071706909, "roll-in": 0.27230369131724874, "sfT": 6.0641565156164805e-05, "redirect": 0.023887423896151668, "sfb": 0.015779718624376205, "dsfb-red": 0.013228407066685285, "sfR": 0.09823378925716947, "oneh-out": 0.006920302554500775, "bad-redirect": 0.008284780345011337, "dsfb": 0.0, "sft": 0.0, "roll-out": 0.1915298967405894, "dsfb-alt": 0.029091978097821023}, "tr-quotes": {"alternate": 0.2825512586394212, "oneh-in": 0.023003397979704583, "unknown": 0.01476503085920344, "roll-in": 0.28454265967037284, "sfT": 3.236171147222672e-05, "redirect": 0.0272797669956774, "sfb": 0.01460553385266175, "dsfb-red": 0.014161716095328356, "sfR": 0.09677191928064538, "oneh-out": 0.007665102517278842, "bad-redirect": 0.009531679803980491, "dsfb": 0.0, "sft": 0.0, "roll-out": 0.19931578095744434, "dsfb-alt": 0.025773791636809134}, "gutenberg": {"alternate": 0.2627357398623855, "oneh-in": 0.018271177232124083, "unknown": 0.03800726906804304, "roll-in": 0.29993108290018616, "sfT": 0.00010286417042035643, "redirect": 0.02706881063634466, "sfb": 0.014489071960591089, "dsfb-red": 0.010694084988158306, "sfR": 0.09863878308844841, "oneh-out": 0.008649493843873028, "bad-redirect": 0.012934364324053583, "dsfb": 0.0, "sft": 0.0, "roll-out": 0.18148535862086995, "dsfb-alt": 0.026991899304501812}, "english-200": {"alternate": 0.3051224944320713, "oneh-in": 0.022271714922048998, "unknown": 0.0, "roll-in": 0.29175946547884185, "sfT": 0.0, "redirect": 0.022271714922048998, "sfb": 0.011135857461024499, "dsfb-red": 0.013363028953229399, "sfR": 0.10690423162583519, "oneh-out": 0.0066815144766146995, "bad-redirect": 0.011135857461024499, "dsfb": 0.0, "sft": 0.0, "roll-out": 0.18485523385300667, "dsfb-alt": 0.024498886414253896}, "monkeyracer": {"alternate": 0.28198949747407603, "oneh-in": 0.02300017986455417, "unknown": 0.014345175719849227, "roll-in": 0.2844264666781363, "sfT": 3.225831678058088e-05, "redirect": 0.027262187778594554, "sfb": 0.014628657897617968, "dsfb-red": 0.014197569482459297, "sfR": 0.09690789370786869, "oneh-out": 0.007695074839294931, "bad-redirect": 0.009554326915557501, "dsfb": 0.0, "sft": 0.0, "roll-out": 0.20026647324710262, "dsfb-alt": 0.02569423807810814}, "chained-bigrams": {"alternate": 0.282687783786732, "oneh-in": 0.025011866043247587, "unknown": 0.02361326373652774, "roll-in": 0.2686796843600031, "sfT": 3.181592991145432e-05, "redirect": 0.033277514773305004, "sfb": 0.01641507192023422, "dsfb-red": 0.021025784538626812, "sfR": 0.11914286586209158, "oneh-out": 0.008920147859664478, "bad-redirect": 0.00843966238753231, "dsfb": 0.0, "sft": 0.0, "roll-out": 0.15182886406092036, "dsfb-alt": 0.040925674741203386}, "english-5k": {"alternate": 0.3261293400257187, "oneh-in": 0.028871282200190817, "unknown": 0.002157049819554486, "roll-in": 0.22337910150578671, "sfT": 0.0, "redirect": 0.024640146015680094, "sfb": 0.018500850375409633, "dsfb-red": 0.013730451736010287, "sfR": 0.10644211224955408, "oneh-out": 0.0070933753681503295, "bad-redirect": 0.007051893640851205, "dsfb": 0.0, "sft": 0.0, "roll-out": 0.2044219521300867, "dsfb-alt": 0.03758244493300701}, "mt-quotes": {"alternate": 0.2811106728344151, "oneh-in": 0.023631082583282535, "unknown": 0.008864644218931163, "roll-in": 0.2902278241952642, "sfT": 1.792950120127658e-05, "redirect": 0.027110899941430296, "sfb": 0.013989493312296052, "dsfb-red": 0.014195682576110733, "sfR": 0.0964592223377679, "oneh-out": 0.007717156142049462, "bad-redirect": 0.009631130395285736, "dsfb": 0.0, "sft": 0.0, "roll-out": 0.20225672655120067, "dsfb-alt": 0.024787535410764873}, "wordle": {"alternate": 0.2952316840569954, "oneh-in": 0.01736788959946146, "unknown": 0.0, "roll-in": 0.21541568495456076, "sfT": 6.731740154830023e-05, "redirect": 0.03134746998765848, "sfb": 0.0286098956580276, "dsfb-red": 0.0188039941658252, "sfR": 0.13138112868843263, "oneh-out": 0.009805901492202401, "bad-redirect": 0.009985414562997869, "dsfb": 0.0, "sft": 0.0, "roll-out": 0.20011219566924718, "dsfb-alt": 0.041871423763042745}, "english-1k": {"alternate": 0.30698659139026113, "oneh-in": 0.025758645024700072, "unknown": 0.0, "roll-in": 0.24135497529992944, "sfT": 0.0, "redirect": 0.02328863796753705, "sfb": 0.01799576570218772, "dsfb-red": 0.009880028228652082, "sfR": 0.10832745236414962, "oneh-out": 0.0067043048694424845, "bad-redirect": 0.01058574453069866, "dsfb": 0.0, "sft": 0.0, "roll-out": 0.223712067748765, "dsfb-alt": 0.025405786873676783}, "english-10k": {"alternate": 0.31987032284209105, "oneh-in": 0.02776866521294456, "unknown": 0.0, "roll-in": 0.24673394955712935, "sfT": 1.929719611740414e-05, "redirect": 0.02674591381872214, "sfb": 0.018158661546477297, "dsfb-red": 0.012736149437486733, "sfR": 0.10567144593890508, "oneh-out": 0.0065224522876826, "bad-redirect": 0.006889099013913279, "dsfb": 0.0, "sft": 0.0, "roll-out": 0.19264390884004554, "dsfb-alt": 0.036240134308484974}, "reddit": {"alternate": 0.2750462271301422, "oneh-in": 0.021871308688977426, "unknown": 0.040159553597531705, "roll-in": 0.26868532158219366, "sfT": 0.0001046560126546125, "redirect": 0.02535200135895495, "sfb": 0.015313302232443102, "dsfb-red": 0.014582957588656546, "sfR": 0.10397777127267367, "oneh-out": 0.007700495018444967, "bad-redirect": 0.008069787655797087, "dsfb": 0.0, "sft": 0.0, "roll-out": 0.19083829129019625, "dsfb-alt": 0.028298326571333805}, "akl": {"alternate": 0.23626051626584224, "oneh-in": 0.017973644054820933, "unknown": 0.13242029519012413, "roll-in": 0.23033303895872478, "sfT": 0.00013673187060539777, "redirect": 0.017941005312307426, "sfb": 0.020911872109102447, "dsfb-red": 0.01317354992873957, "sfR": 0.13064861186637447, "oneh-out": 0.007081717651750943, "bad-redirect": 0.007013302301243833, "dsfb": 0.0, "sft": 0.0, "roll-out": 0.16068608860447584, "dsfb-alt": 0.02541962588588799}, "french": {"alternate": 0.22504536987559515, "oneh-in": 0.01941526394336098, "unknown": 0.1582127523819887, "roll-in": 0.18371840328421074, "sfT": 0.0001832278829150756, "redirect": 0.026933165404903734, "sfb": 0.027840315716474284, "dsfb-red": 0.011716846311642942, "sfR": 0.10898279115633469, "oneh-out": 0.014876830636445123, "bad-redirect": 0.0055639251595449675, "dsfb": 0.0, "sft": 0.0, "roll-out": 0.19054502774284388, "dsfb-alt": 0.026966080503739744}, "keymash": {"alternate": 0.28325664065546585, "oneh-in": 0.021772237113782927, "unknown": 0.013394194891077241, "roll-in": 0.284972476838264, "sfT": 2.052435625356611e-05, "redirect": 0.025721123256969045, "sfb": 0.01462976113754192, "dsfb-red": 0.014568188068781223, "sfR": 0.099723742164827, "oneh-out": 0.008107120720158612, "bad-redirect": 0.009929683555475282, "dsfb": 0.0, "sft": 0.0, "roll-out": 0.19887690722580487, "dsfb-alt": 0.02502740001559851}, "movie": {"alternate": 0.25931538330041853, "oneh-in": 0.02009801670213448, "unknown": 0.030313825313607518, "roll-in": 0.2613846277143206, "sfT": 2.0134469303422374e-05, "redirect": 0.025120843005226146, "sfb": 0.013622087065393203, "dsfb-red": 0.01807535792309133, "sfR": 0.11567713207251198, "oneh-out": 0.011495860787384083, "bad-redirect": 0.009884445253917372, "dsfb": 0.0, "sft": 0.0, "roll-out": 0.20764888749161228, "dsfb-alt": 0.027343398901079088}, "dutch": {"alternate": 0.2265555672265103, "oneh-in": 0.010788582344429112, "unknown": 0.07324141314884507, "roll-in": 0.23398992554739756, "sfT": 6.134124707741503e-05, "redirect": 0.02106289157940855, "sfb": 0.03621701267301917,