{"english-450k": {"sft": 0.0, "bad-redirect": 0.002784889911191071, "oneh-out": 0.006226681736138843, "dsfb-alt": 0.047525552519702675, "redirect": 0.0311375015275089, "roll-out": 0.20507676718893342, "dsfb-red": 0.017882817118156393, "alternate": 0.3247068790815184, "roll-in": 0.19001626029570234, "sfR": 0.11369548401129392, "sfT": 0.001918375771282365, "oneh-in": 0.007742789134778031, "unknown": 0.00015377410175167997, "sfb": 0.05113222760204198, "dsfb": 0.0}, "shai": {"sft": 0.0, "bad-redirect": 0.002668348849544205, "oneh-out": 0.014521464203517862, "dsfb-alt": 0.04634312551921534, "redirect": 0.02209367906508263, "roll-out": 0.25731345868090894, "dsfb-red": 0.02233636530838024, "alternate": 0.2905014013976201, "roll-in": 0.18713464502003788, "sfR": 0.09823378925716947, "sfT": 0.0002050039431724905, "oneh-in": 0.009647717712817524, "unknown": 0.023260762136131256, "sfb": 0.02574023890640206, "dsfb": 0.0}, "tr-quotes": {"sft": 0.0, "bad-redirect": 0.0024386861145142278, "oneh-out": 0.02575067612861469, "dsfb-alt": 0.0471082499248746, "redirect": 0.023412542474746306, "roll-out": 0.27928619310695546, "dsfb-red": 0.029107047918448488, "alternate": 0.2722301842306003, "roll-in": 0.17614710709414946, "sfR": 0.09677191928064538, "sfT": 0.0002149742262083632, "oneh-in": 0.007310279466494071, "unknown": 0.013835787429786644, "sfb": 0.026386352603961997, "dsfb": 0.0}, "gutenberg": {"sft": 0.0, "bad-redirect": 0.002267558231918354, "oneh-out": 0.019774168628284503, "dsfb-alt": 0.04379588869149577, "redirect": 0.021682365292454393, "roll-out": 0.28793443062692586, "dsfb-red": 0.025971403381749584, "alternate": 0.2555386577949635, "roll-in": 0.181066324468071, "sfR": 0.09863878308844841, "sfT": 0.0001900050882718554, "oneh-in": 0.006622899193491861, "unknown": 0.032975828246008664, "sfb": 0.023541687267916268, "dsfb": 0.0}, "english-200": {"sft": 0.0, "bad-redirect": 0.0, "oneh-out": 0.017817371937639197, "dsfb-alt": 0.060133630289532294, "redirect": 0.015590200445434299, "roll-out": 0.29175946547884185, "dsfb-red": 0.028953229398663696, "alternate": 0.27839643652561247, "roll-in": 0.16703786191536749, "sfR": 0.10690423162583519, "sfT": 0.0, "oneh-in": 0.0066815144766146995, "unknown": 0.0, "sfb": 0.026726057906458798, "dsfb": 0.0}, "monkeyracer": {"sft": 0.0, "bad-redirect": 0.0024574972238297073, "oneh-out": 0.026102843423995496, "dsfb-alt": 0.04721053537075559, "redirect": 0.02333742590362388, "roll-out": 0.279816459952766, "dsfb-red": 0.02933845034956285, "alternate": 0.27169811689631984, "roll-in": 0.17587723071148162, "sfR": 0.09690789370786869, "sfT": 0.00019843752443811878, "oneh-in": 0.007231728107355678, "unknown": 0.013436077701487402, "sfb": 0.026387303126515164, "dsfb": 0.0}, "chained-bigrams": {"sft": 0.0, "bad-redirect": 0.0027777254726775833, "oneh-out": 0.011836824536445148, "dsfb-alt": 0.055631776711908054, "redirect": 0.03478974540113719, "roll-out": 0.22762674589915388, "dsfb-red": 0.031170521047536245, "alternate": 0.2822761246119593, "roll-in": 0.1798788267583658, "sfR": 0.11914286586209158, "sfT": 0.00011752414926475984, "oneh-in": 0.006728095219234483, "unknown": 0.022916559801936097, "sfb": 0.02510666452828988, "dsfb": 0.0}, "english-5k": {"sft": 0.0, "bad-redirect": 0.0036503920023229766, "oneh-out": 0.00630522254946696, "dsfb-alt": 0.04778694984859169, "redirect": 0.022317169286929107, "roll-out": 0.20902642386028955, "dsfb-red": 0.016758617828846394, "alternate": 0.3361264363048077, "roll-in": 0.2002737794001742, "sfR": 0.10644211224955408, "sfT": 0.0003733355456921226, "oneh-in": 0.01874974073920438, "unknown": 0.002157049819554486, "sfb": 0.030032770564566307, "dsfb": 0.0}, "mt-quotes": {"sft": 0.0, "bad-redirect": 0.002453353414374679, "oneh-out": 0.027716020606973382, "dsfb-alt": 0.04777763832610177, "redirect": 0.022831725654725618, "roll-out": 0.28618173342417613, "dsfb-red": 0.03063554105258125, "alternate": 0.2688379292621413, "roll-in": 0.17614091392644124, "sfR": 0.0964592223377679, "sfT": 0.0001464242598104254, "oneh-in": 0.007101576600805632, "unknown": 0.007977133909467972, "sfb": 0.025740787224632744, "dsfb": 0.0}, "wordle": {"sft": 0.0, "bad-redirect": 0.00282733086502861, "oneh-out": 0.007382475036463593, "dsfb-alt": 0.05760125659149557, "redirect": 0.03278357455402221, "roll-out": 0.21151127566475933, "dsfb-red": 0.02216986424324021, "alternate": 0.29951755862223717, "roll-in": 0.1882418938628969, "sfR": 0.13138112868843263, "sfT": 0.0005385392123864019, "oneh-in": 0.003590261415909346, "unknown": 0.0, "sfb": 0.04245484124312802, "dsfb": 0.0}, "english-1k": {"sft": 0.0, "bad-redirect": 0.0038814396612561752, "oneh-out": 0.012350035285815103, "dsfb-alt": 0.0497529992942837, "redirect": 0.020465772759350742, "roll-out": 0.2526464361326747, "dsfb-red": 0.02081863091037403, "alternate": 0.29604798870853916, "roll-in": 0.20148200423429782, "sfR": 0.10832745236414962, "sfT": 0.0, "oneh-in": 0.010232886379675371, "unknown": 0.0, "sfb": 0.02399435426958363, "dsfb": 0.0}, "english-10k": {"sft": 0.0, "bad-redirect": 0.0037436560467764032, "oneh-out": 0.005480403697342776, "dsfb-alt": 0.045792246386600025, "redirect": 0.024256575519577005, "roll-out": 0.20729048069315528, "dsfb-red": 0.01775342042801181, "alternate": 0.3262383975608344, "roll-in": 0.2175758862237317, "sfR": 0.10567144593890508, "sfT": 0.00040524111846548696, "oneh-in": 0.01636402230755871, "unknown": 0.0, "sfb": 0.029428224079041315, "dsfb": 0.0}, "reddit": {"sft": 0.0, "bad-redirect": 0.0020006378997478556, "oneh-out": 0.018901235476590336, "dsfb-alt": 0.04651289274800132, "redirect": 0.022376197162338744, "roll-out": 0.26087466431134454, "dsfb-red": 0.029087816470661387, "alternate": 0.2688281092415492, "roll-in": 0.1727119747791745, "sfR": 0.10397777127267367, "sfT": 0.0002215980568592296, "oneh-in": 0.00680702333990149, "unknown": 0.039285409944231534, "sfb": 0.028414669296926227, "dsfb": 0.0}, "akl": {"sft": 0.0, "bad-redirect": 0.001907896334708748, "oneh-out": 0.016702240260528817, "dsfb-alt": 0.04060412755813557, "redirect": 0.019441967438691112, "roll-out": 0.21605644283712158, "dsfb-red": 0.024374963757036013, "alternate": 0.22635123591008835, "roll-in": 0.15785160777185533, "sfR": 0.13064861186637447, "sfT": 0.0003292040917864691, "oneh-in": 0.004758758307591512, "unknown": 0.13277008071454782, "sfb": 0.02820286315153422, "dsfb": 0.0}, "french": {"sft": 0.0, "bad-redirect": 0.004072513116337286, "oneh-out": 0.011395021442231762, "dsfb-alt": 0.028436248300179347, "redirect": 0.02633946511511153, "roll-out": 0.16621377318452593, "dsfb-red": 0.01278912644541218, "alternate": 0.22440182500964118, "roll-in": 0.20832150329923302, "sfR": 0.10898279115633469, "sfT": 0.00017070306606168205, "oneh-in": 0.018882060316791273, "unknown": 0.15807953387545715, "sfb": 0.03191543567268297, "dsfb": 0.0}, "keymash": {"sft": 0.0, "bad-redirect": 0.002635327342957888, "oneh-out": 0.024789317483057145, "dsfb-alt": 0.046545135111837214, "redirect": 0.023159683596523994, "roll-out": 0.27974287086485533, "dsfb-red": 0.028725889012491124, "alternate": 0.2715413381059303, "roll-in": 0.17751926210834398, "sfR": 0.099723742164827, "sfT": 0.0001888240775328082, "oneh-in": 0.007261517242511689, "unknown": 0.01232282349464109, "sfb": 0.025844269394490443, "dsfb": 0.0}, "movie": {"sft": 0.0, "bad-redirect": 0.0016748456916644218, "oneh-out": 0.03893914244794878, "dsfb-alt": 0.04416976173816531, "redirect": 0.0288574320339933, "roll-out": 0.27841036127686225, "dsfb-red": 0.030005623175642714, "alternate": 0.24767108015111117, "roll-in": 0.15537414647286868, "sfR": 0.11567713207251198, "sfT": 0.0001275183055883417, "oneh-in": 0.004654352355055179, "unknown": 0.030236445784519856, "sfb": 0.02420215849406803, "dsfb": 0.0}, "dutch": {"sft": 0.0, "bad-redirect": 0.0020896547601291864, "oneh-out": 0.005827543987914071, "dsfb-alt": 0.04054462779239396, "redirect": 0.024734185837405206, "roll-out": 0.1432408311152642, "dsfb-red": 0.014606496706884122, "alternate": 0.2168028289342341,