{"english-450k": {"sfT": 0.0003964214486222016, "roll-in": 0.1709643507195517, "redirect": 0.024608826165686624, "dsfb-alt": 0.06012655082351001, "sft": 0.0, "oneh-in": 0.0023490017254272784, "roll-out": 0.2048958048904842, "sfR": 0.11369548401129392, "unknown": 0.0, "sfb": 0.04543440014360045, "oneh-out": 0.006981811973447948, "dsfb-red": 0.010943687690061574, "alternate": 0.3563401997660061, "bad-redirect": 0.0032634606423079912, "dsfb": 0.0}, "shai": {"sfT": 0.00011886412480922755, "roll-in": 0.19963654539076112, "redirect": 0.02233413595290858, "dsfb-alt": 0.05562213647804565, "sft": 0.0, "oneh-in": 0.002260160055337557, "roll-out": 0.23367191798572778, "sfR": 0.09823378925716947, "unknown": 0.016772683614515952, "sfb": 0.024998920155943415, "oneh-out": 0.017018338461366973, "dsfb-red": 0.011095455737540458, "alternate": 0.3143948670019163, "bad-redirect": 0.0038421857839574963, "dsfb": 0.0}, "tr-quotes": {"sfT": 5.5477219666674374e-05, "roll-in": 0.19750583666581908, "redirect": 0.022183953214211415, "dsfb-alt": 0.06070248029402926, "sft": 0.0, "oneh-in": 0.0018642657358822034, "roll-out": 0.23534361202931045, "sfR": 0.09677191928064538, "unknown": 0.010735997780911213, "sfb": 0.022378123483044774, "oneh-out": 0.026267307736760594, "dsfb-red": 0.010797253877626499, "alternate": 0.31163519104967524, "bad-redirect": 0.0037585816324171885, "dsfb": 0.0}, "gutenberg": {"sfT": 6.952329750326115e-05, "roll-in": 0.2126465719710101, "redirect": 0.01938279224506451, "dsfb-alt": 0.059276283311036626, "sft": 0.0, "oneh-in": 0.0024645724809739173, "roll-out": 0.2356485538585809, "sfR": 0.09863878308844841, "unknown": 0.030721151714990094, "sfb": 0.020052451255075484, "oneh-out": 0.015189040855072151, "dsfb-red": 0.010528517244240459, "alternate": 0.2918218627469924, "bad-redirect": 0.003559895931011672, "dsfb": 0.0}, "english-200": {"sfT": 0.0, "roll-in": 0.21603563474387527, "redirect": 0.026726057906458798, "dsfb-alt": 0.066815144766147, "sft": 0.0, "oneh-in": 0.0, "roll-out": 0.24721603563474387, "sfR": 0.10690423162583519, "unknown": 0.0, "sfb": 0.017817371937639197, "oneh-out": 0.011135857461024499, "dsfb-red": 0.015590200445434299, "alternate": 0.289532293986637, "bad-redirect": 0.0022271714922048997, "dsfb": 0.0}, "monkeyracer": {"sfT": 5.571891080282153e-05, "roll-in": 0.1968637095891268, "redirect": 0.022203497192548917, "dsfb-alt": 0.06084993822043574, "sft": 0.0, "oneh-in": 0.0018807576207829583, "roll-out": 0.23592950873516116, "sfR": 0.09690789370786869, "unknown": 0.01033830176580071, "sfb": 0.02233741808342587, "oneh-out": 0.02674507718535433, "dsfb-red": 0.010743974537435287, "alternate": 0.3113308803978917, "bad-redirect": 0.003813324053365031, "dsfb": 0.0}, "chained-bigrams": {"sfT": 0.0002259580328405327, "roll-in": 0.17590248482412607, "redirect": 0.03121467376659704, "dsfb-alt": 0.06854839495126644, "sft": 0.0, "oneh-in": 0.00907792889983761, "roll-out": 0.20461928344032793, "sfR": 0.11914286586209158, "unknown": 0.017076064096761982, "sfb": 0.02422685667053436, "oneh-out": 0.009140911454968446, "dsfb-red": 0.02059594483247614, "alternate": 0.3171840434670533, "bad-redirect": 0.003044589701118557, "dsfb": 0.0}, "english-5k": {"sfT": 0.00012444518189737422, "roll-in": 0.19264114157713527, "redirect": 0.02513792674326959, "dsfb-alt": 0.05471439830754553, "sft": 0.0, "oneh-in": 0.0024059401833492347, "roll-out": 0.22611689550752892, "sfR": 0.10644211224955408, "unknown": 0.0, "sfb": 0.029742398473472435, "oneh-out": 0.007923009914132825, "dsfb-red": 0.01182229228025055, "alternate": 0.33919608412494295, "bad-redirect": 0.0037333554569212264, "dsfb": 0.0}, "mt-quotes": {"sfT": 4.183550280297869e-05, "roll-in": 0.1985826729300391, "redirect": 0.022095121980373174, "dsfb-alt": 0.062212380918229525, "sft": 0.0, "oneh-in": 0.0017795029942267006, "roll-out": 0.23730441902439608, "sfR": 0.0964592223377679, "unknown": 0.006137865911237016, "sfb": 0.02098498703099413, "oneh-out": 0.02833608252351753, "dsfb-red": 0.010687476841060948, "alternate": 0.31148474199447773, "bad-redirect": 0.0038936900108772305, "dsfb": 0.0}, "wordle": {"sfT": 0.0002468304723437675, "roll-in": 0.17807696622910354, "redirect": 0.026814764950072928, "dsfb-alt": 0.06381689666778863, "sft": 0.0, "oneh-in": 0.0029844048019746438, "roll-out": 0.2064624705486368, "sfR": 0.13138112868843263, "unknown": 0.0, "sfb": 0.03563334455290026, "oneh-out": 0.008706383933580164, "dsfb-red": 0.011331762593963873, "alternate": 0.32911477616963986, "bad-redirect": 0.0054302703915628855, "dsfb": 0.0}, "english-1k": {"sfT": 0.0, "roll-in": 0.20995059985885675, "redirect": 0.02399435426958363, "dsfb-alt": 0.05328158080451659, "sft": 0.0, "oneh-in": 0.0028228652081863093, "roll-out": 0.24629498941425548, "sfR": 0.10832745236414962, "unknown": 0.0, "sfb": 0.02081863091037403, "oneh-out": 0.009880028228652082, "dsfb-red": 0.010938602681721948, "alternate": 0.30980945659844744, "bad-redirect": 0.0038814396612561752, "dsfb": 0.0}, "english-10k": {"sfT": 0.00013508037282182898, "roll-in": 0.18839852569421664, "redirect": 0.023889928793346327, "dsfb-alt": 0.05667586499681596, "sft": 0.0, "oneh-in": 0.0021612859651492637, "roll-out": 0.22857528801065205, "sfR": 0.10567144593890508, "unknown": 0.0, "sfb": 0.028366878292584087, "oneh-out": 0.010323999922811215, "dsfb-red": 0.010941510198568148, "alternate": 0.34034464792265684, "bad-redirect": 0.004515543891472569, "dsfb": 0.0}, "reddit": {"sfT": 0.00010813955208799795, "roll-in": 0.1879760205131778, "redirect": 0.022256633099205773, "dsfb-alt": 0.05793849005795973, "sft": 0.0, "oneh-in": 0.0018454518366025226, "roll-out": 0.22480632176255108, "sfR": 0.10397777127267367, "unknown": 0.041052351042636465, "sfb": 0.02469679628617239, "oneh-out": 0.02040541282096087, "dsfb-red": 0.010735631757668515, "alternate": 0.3011906400666592, "bad-redirect": 0.0030103399316439667, "dsfb": 0.0}, "akl": {"sfT": 0.0001894826013142023, "roll-in": 0.1648355821492812, "redirect": 0.021285722838074308, "dsfb-alt": 0.05101509577667273, "sft": 0.0, "oneh-in": 0.002598795015181957, "roll-out": 0.1849781336485101, "sfR": 0.13064861186637447, "unknown": 0.13144916288543582, "sfb": 0.024113285542077256, "oneh-out": 0.01775564888056155, "dsfb-red": 0.009091705798772937, "alternate": 0.2589211430438476, "bad-redirect": 0.0031176299538958614, "dsfb": 0.0}, "french": {"sfT": 0.00010310501146537616, "roll-in": 0.1617266976194443, "redirect": 0.01722232731981819, "dsfb-alt": 0.0411944821949316, "sft": 0.0, "oneh-in": 0.0021530699517163816, "roll-out": 0.20932492690398527, "sfR": 0.10898279115633469, "unknown": 0.15037208219521925, "sfb": 0.035457262111291896, "oneh-out": 0.011374181705098902, "dsfb-red": 0.00840233930618777, "alternate": 0.2495349824651815, "bad-redirect": 0.0041517520593248435, "dsfb": 0.0}, "keymash": {"sfT": 9.44120387664041e-05, "roll-in": 0.2001986757685345, "redirect": 0.02181328582629006, "dsfb-alt": 0.0600132176854273, "sft": 0.0, "oneh-in": 0.001978547942843773, "roll-out": 0.2347781111845427, "sfR": 0.099723742164827, "unknown": 0.009691601022933916, "sfb": 0.0212673379499452, "oneh-out": 0.025589767376946224, "dsfb-red": 0.011157040059438536, "alternate": 0.30974537483631825, "bad-redirect": 0.003948886143186119, "dsfb": 0.0}, "movie": {"sfT": 6.119299494177387e-05, "roll-in": 0.1804782765525946, "redirect": 0.019454371673617885, "dsfb-alt": 0.06138618056881587, "sft": 0.0, "oneh-in": 0.001840000979087919, "roll-out": 0.22205621885983895, "sfR": 0.11567713207251198, "unknown": 0.024744473186874588, "sfb": 0.0199394413066402, "oneh-out": 0.03905126380642274, "dsfb-red": 0.010415705728282836, "alternate": 0.3022589163786538, "bad-redirect": 0.0026368258917168243, "dsfb": 0.0}, "dutch": {"sfT": 7.595484437881615e-05, "roll-in": 0.17157550250423265, "redirect": 0.016873253921670904, "dsfb-alt": 0.04460249204329971, "sft": 0.0, "oneh-in": 0.001780743037051225, "roll-out": 0.1791011285677753, "sfR": 0.18880787437283908, "unknown": 0.06864641402584021,