{"english-450k": {"oneh-in": 0.011057118016068516, "sfT": 6.694728004018006e-05, "bad-redirect": 0.004303043733237599, "sfR": 0.11369548401129392, "dsfb": 0.0, "sft": 0.0, "roll-out": 0.1898627785401517, "alternate": 0.30094381047546603, "redirect": 0.04232968348846197, "dsfb-alt": 0.04079311185574937, "unknown": 0.00015377410175167997, "oneh-out": 0.005826459786903007, "dsfb-red": 0.024029395995207863, "roll-in": 0.23051673360420183, "sfb": 0.036421659111466345}, "shai": {"oneh-in": 0.011184564159457127, "sfT": 3.409830157172657e-05, "bad-redirect": 0.004520885190360638, "sfR": 0.09823378925716947, "dsfb": 0.0, "sft": 0.0, "roll-out": 0.2382922804231936, "alternate": 0.2850569592582191, "redirect": 0.031200332979010308, "dsfb-alt": 0.036216669200494295, "unknown": 0.021625131245562576, "oneh-out": 0.007904857146307336, "dsfb-red": 0.019720607573677877, "roll-in": 0.22918815001580675, "sfb": 0.01682167524916918}, "tr-quotes": {"oneh-in": 0.009175700977785996, "sfT": 1.3869304916668594e-05, "bad-redirect": 0.0041538568225422436, "sfR": 0.09677191928064538, "dsfb": 0.0, "sft": 0.0, "roll-out": 0.27192159219620443, "alternate": 0.2664466840803495, "redirect": 0.03564180208501884, "dsfb-alt": 0.03361457201636578, "unknown": 0.013984882457640832, "oneh-out": 0.009142183490904048, "dsfb-red": 0.02326344744689212, "roll-in": 0.22159797508148216, "sfb": 0.014271514759251981}, "gutenberg": {"oneh-in": 0.007762929723122994, "sfT": 1.1366206676282477e-05, "bad-redirect": 0.004364244490136595, "sfR": 0.09863878308844841, "dsfb": 0.0, "sft": 0.0, "roll-out": 0.2747935802149198, "alternate": 0.2579774668741378, "redirect": 0.03348939135099869, "dsfb-alt": 0.02978950164109081, "unknown": 0.033398840571144305, "oneh-out": 0.012336880726437, "dsfb-red": 0.021619282845401024, "roll-in": 0.21203166018982322, "sfb": 0.013786072077663017}, "english-200": {"oneh-in": 0.0066815144766146995, "sfT": 0.0, "bad-redirect": 0.0022271714922048997, "sfR": 0.10690423162583519, "dsfb": 0.0, "sft": 0.0, "roll-out": 0.2561247216035635, "alternate": 0.3051224944320713, "redirect": 0.028953229398663696, "dsfb-alt": 0.024498886414253896, "unknown": 0.0, "oneh-out": 0.011135857461024499, "dsfb-red": 0.028953229398663696, "roll-in": 0.22048997772828507, "sfb": 0.008908685968819599}, "monkeyracer": {"oneh-in": 0.009070452163848788, "sfT": 1.5640396014827094e-05, "bad-redirect": 0.004200423854732002, "sfR": 0.09690789370786869, "dsfb": 0.0, "sft": 0.0, "roll-out": 0.2727929446173577, "alternate": 0.2660607316577256, "redirect": 0.035563327963464036, "dsfb-alt": 0.03342254875893458, "unknown": 0.013260123246320596, "oneh-out": 0.009187755133959991, "dsfb-red": 0.023573009368597214, "roll-in": 0.2217661526189843, "sfb": 0.01417899651219169}, "chained-bigrams": {"oneh-in": 0.008787689702482096, "sfT": 7.531934428017757e-05, "bad-redirect": 0.004304890108427391, "sfR": 0.11914286586209158, "dsfb": 0.0, "sft": 0.0, "roll-out": 0.20724831813852138, "alternate": 0.2688991493459229, "redirect": 0.042957998427384035, "dsfb-alt": 0.05169309444980842, "unknown": 0.020740090474115794, "oneh-out": 0.007936451251177676, "dsfb-red": 0.03314895244427505, "roll-in": 0.21653856967266602, "sfb": 0.01852661077884747}, "english-5k": {"oneh-in": 0.0191230762848965, "sfT": 0.0, "bad-redirect": 0.004977807275894968, "sfR": 0.10644211224955408, "dsfb": 0.0, "sft": 0.0, "roll-out": 0.17347658356493964, "alternate": 0.32173227693201145, "redirect": 0.03380760774878666, "dsfb-alt": 0.038660969842784255, "unknown": 0.002157049819554486, "oneh-out": 0.005185215912390592, "dsfb-red": 0.01908159455759738, "roll-in": 0.2548222507985233, "sfb": 0.020533455013066745}, "mt-quotes": {"oneh-in": 0.008731667085021695, "sfT": 8.96475060063829e-06, "bad-redirect": 0.004226879908200954, "sfR": 0.0964592223377679, "dsfb": 0.0, "sft": 0.0, "roll-out": 0.2805309522955738, "alternate": 0.26387295155448776, "redirect": 0.03560500113553507, "dsfb-alt": 0.03347288461768327, "unknown": 0.008011498786770418, "oneh-out": 0.009409999880469993, "dsfb-red": 0.024118167365917213, "roll-in": 0.22238707402493396, "sfb": 0.013164736257037329}, "wordle": {"oneh-in": 0.00756198810725906, "sfT": 2.2439133849433412e-05, "bad-redirect": 0.007068327162571525, "sfR": 0.13138112868843263, "dsfb": 0.0, "sft": 0.0, "roll-out": 0.22142937282620892, "alternate": 0.28311455177830136, "redirect": 0.039874340850443175, "dsfb-alt": 0.04442948502187816, "unknown": 0.0, "oneh-out": 0.010972736452372938, "dsfb-red": 0.02710647369011556, "roll-in": 0.19647705598563894, "sfb": 0.030562100302928306}, "english-1k": {"oneh-in": 0.009880028228652082, "sfT": 0.0, "bad-redirect": 0.0035285815102328866, "sfR": 0.10832745236414962, "dsfb": 0.0, "sft": 0.0, "roll-out": 0.2145377558221595, "alternate": 0.30239943542695835, "redirect": 0.03669724770642202, "dsfb-alt": 0.02928722653493296, "unknown": 0.0, "oneh-out": 0.009880028228652082, "dsfb-red": 0.01834862385321101, "roll-in": 0.25582215949188425, "sfb": 0.011291460832745237}, "english-10k": {"oneh-in": 0.017502556878485558, "sfT": 0.0, "bad-redirect": 0.00540321491287316, "sfR": 0.10567144593890508, "dsfb": 0.0, "sft": 0.0, "roll-out": 0.18326547152698713, "alternate": 0.31062696590185446, "redirect": 0.03421392871615754, "dsfb-alt": 0.04173983520194516, "unknown": 0.0, "oneh-out": 0.005268134540051331, "dsfb-red": 0.01848671388047317, "roll-in": 0.2579456205013412, "sfb": 0.019876112000926264}, "reddit": {"oneh-in": 0.009885835422988775, "sfT": 8.42791798399707e-05, "bad-redirect": 0.0036373770296533486, "sfR": 0.10397777127267367, "dsfb": 0.0, "sft": 0.0, "roll-out": 0.24767808050234885, "alternate": 0.25839674405180957, "redirect": 0.032516106219485086, "dsfb-alt": 0.03486434891430624, "unknown": 0.04471343861488479, "oneh-out": 0.008803765668670076, "dsfb-red": 0.022822989187730375, "roll-in": 0.21698656234027924, "sfb": 0.01563270159532996}, "akl": {"oneh-in": 0.007994490600029802, "sfT": 0.00013322339109221265, "bad-redirect": 0.003614895155884339, "sfR": 0.13064861186637447, "dsfb": 0.0, "sft": 0.0, "roll-out": 0.20825857533544337, "alternate": 0.21936879340399923, "redirect": 0.024611860246982628, "dsfb-alt": 0.030872025417797523, "unknown": 0.13799139004302904, "oneh-out": 0.006660922478588577, "dsfb-red": 0.02054545836839445, "roll-in": 0.18962046973450916, "sfb": 0.01967928395787522}, "french": {"oneh-in": 0.013843877828322006, "sfT": 6.834714651337489e-05, "bad-redirect": 0.004808525888534254, "sfR": 0.10898279115633469, "dsfb": 0.0, "sft": 0.0, "roll-out": 0.16568572331034565, "alternate": 0.2309030589213379, "redirect": 0.022582889005717265, "dsfb-alt": 0.029662436859229584, "unknown": 0.1554278533619013, "oneh-out": 0.012849548199442966, "dsfb-red": 0.017345852576942863, "roll-in": 0.19859797559707232, "sfb": 0.039241120148305816}, "keymash": {"oneh-in": 0.008669488081506324, "sfT": 2.052435625356611e-05, "bad-redirect": 0.004326534298251736, "sfR": 0.099723742164827, "dsfb": 0.0, "sft": 0.0, "roll-out": 0.2721201249522809, "alternate": 0.2681466095815905, "redirect": 0.03457533054475746, "dsfb-alt": 0.03338491788205063, "unknown": 0.011982119180831894, "oneh-out": 0.009141548275338343, "dsfb-red": 0.023229466407786118, "roll-in": 0.22110888991966768, "sfb": 0.01357070435485791}, "movie": {"oneh-in": 0.008131693641810949, "sfT": 2.3029621752280492e-05, "bad-redirect": 0.0027496052393837065, "sfR": 0.11567713207251198, "dsfb": 0.0, "sft": 0.0, "roll-out": 0.2858198459805217, "alternate": 0.23677148917035326, "redirect": 0.035661829875841385, "dsfb-alt": 0.034978179104395116, "unknown": 0.02926604332279805, "oneh-out": 0.009248564497877261, "dsfb-red": 0.024916734757581646, "roll-in": 0.20046390870057793, "sfb": 0.016291944014594727}, "dutch": {"oneh-in": 0.005181318163690149, "sfT": 0.00010568410122019413, "bad-redirect": 0.004209218085042099, "sfR": 0.18880787437283908, "dsfb": 0.0, "sft": 0.0, "roll-out": 0.1413768533313748, "alternate": 0.21043095982573276, "redirect": 0.03304249106929897,