{"english-450k": {"redirect": 0.042403354731126275, "dsfb-alt": 0.048651085393740634, "unknown": 0.00015377410175167997, "roll-in": 0.20774764208171545, "sfT": 3.069635111012623e-05, "sfb": 0.0351926356822571, "oneh-out": 0.006788278788353629, "sfR": 0.11369548401129392, "bad-redirect": 0.0009524639230170596, "roll-out": 0.2253457140000503, "oneh-in": 0.0031935899002573233, "dsfb-red": 0.019916084946450946, "dsfb": 0.0, "alternate": 0.2959291960888756, "sft": 0.0}, "shai": {"redirect": 0.0344238145634504, "dsfb-alt": 0.05676463858277395, "unknown": 0.023621906111313578, "roll-in": 0.21083804258873995, "sfT": 5.1553845282111e-05, "sfb": 0.02400485596970306, "oneh-out": 0.008284908068501901, "sfR": 0.09823378925716947, "bad-redirect": 0.0005484098348016633, "roll-out": 0.25677270838513233, "oneh-in": 0.0025654153273762066, "dsfb-red": 0.01692677232985915, "dsfb": 0.0, "alternate": 0.26696318513589623, "sft": 0.0}, "tr-quotes": {"redirect": 0.03566722914403273, "dsfb-alt": 0.05972585007281385, "unknown": 0.01476965396084233, "roll-in": 0.19542081782667992, "sfT": 1.271352950694621e-05, "sfb": 0.024958969972954857, "oneh-out": 0.011212177249716834, "sfR": 0.09677191928064538, "bad-redirect": 0.0006379880261667553, "roll-out": 0.281648598044428, "oneh-in": 0.0023843646702572754, "dsfb-red": 0.020478028709461176, "dsfb": 0.0, "alternate": 0.25631168951249395, "sft": 0.0}, "gutenberg": {"redirect": 0.03073990595600596, "dsfb-alt": 0.05517024114922958, "unknown": 0.03802431837805746, "roll-in": 0.19880632097485681, "sfT": 1.9511988127618252e-05, "sfb": 0.024769427025732715, "oneh-out": 0.012556248515289253, "sfR": 0.09863878308844841, "bad-redirect": 0.0006071448732914224, "roll-out": 0.2779181504302299, "oneh-in": 0.0031353681116525214, "dsfb-red": 0.02500205538904063, "dsfb": 0.0, "alternate": 0.23461252412003775, "sft": 0.0}, "english-200": {"redirect": 0.026726057906458798, "dsfb-alt": 0.05790645879732739, "unknown": 0.0, "roll-in": 0.18485523385300667, "sfT": 0.0, "sfb": 0.013363028953229399, "oneh-out": 0.017817371937639197, "sfR": 0.10690423162583519, "bad-redirect": 0.0, "roll-out": 0.289532293986637, "oneh-in": 0.0022271714922048997, "dsfb-red": 0.031180400890868598, "dsfb": 0.0, "alternate": 0.26948775055679286, "sft": 0.0}, "monkeyracer": {"redirect": 0.03587418083425872, "dsfb-alt": 0.059910536934795186, "unknown": 0.014352018393105714, "roll-in": 0.19558999483866932, "sfT": 1.4662871263900401e-05, "sfb": 0.02488875768334454, "oneh-out": 0.011240557110906048, "sfR": 0.09690789370786869, "bad-redirect": 0.0006432112861097643, "roll-out": 0.2820940926224252, "oneh-in": 0.0024291490060528334, "dsfb-red": 0.020482076106167008, "dsfb": 0.0, "alternate": 0.2555728686050331, "sft": 0.0}, "chained-bigrams": {"redirect": 0.03915631945531128, "dsfb-alt": 0.05593565130779705, "unknown": 0.02365222201805197, "roll-in": 0.1781406380976931, "sfT": 7.01249067436136e-05, "sfb": 0.024211273357924668, "oneh-out": 0.008659127373452138, "sfR": 0.11914286586209158, "bad-redirect": 0.0018953203961537787, "roll-out": 0.24032324984790038, "oneh-in": 0.005035357887006699, "dsfb-red": 0.019970015109320186, "dsfb": 0.0, "alternate": 0.28380783438055357, "sft": 0.0}, "english-5k": {"redirect": 0.03559132202264902, "dsfb-alt": 0.05089807939602605, "unknown": 0.002157049819554486, "roll-in": 0.23959845687974446, "sfT": 0.0, "sfb": 0.02546978056166259, "oneh-out": 0.005765960094578338, "sfR": 0.10644211224955408, "bad-redirect": 0.0003318538183929979, "roll-out": 0.21587090886464513, "oneh-in": 0.002530385365246609, "dsfb-red": 0.01601194673746215, "dsfb": 0.0, "alternate": 0.2993321441904841, "sft": 0.0}, "mt-quotes": {"redirect": 0.036009909037663906, "dsfb-alt": 0.06060619643561516, "unknown": 0.008869126594231481, "roll-in": 0.19524629158150153, "sfT": 8.96475060063829e-06, "sfb": 0.024397568759637108, "oneh-out": 0.011696011283632755, "sfR": 0.0964592223377679, "bad-redirect": 0.0006230501667443611, "roll-out": 0.28865600458995233, "oneh-in": 0.0024010590358709556, "dsfb-red": 0.02083258627078328, "dsfb": 0.0, "alternate": 0.2541940091559986, "sft": 0.0}, "wordle": {"redirect": 0.049837316279591606, "dsfb-alt": 0.05423538651408056, "unknown": 0.0, "roll-in": 0.18420284976999887, "sfT": 0.0, "sfb": 0.03175137439694828, "oneh-out": 0.008953214405923931, "sfR": 0.13138112868843263, "bad-redirect": 0.002176595983395041, "roll-out": 0.2303601480982834, "oneh-in": 0.005452709525412319, "dsfb-red": 0.028744530461124202, "dsfb": 0.0, "alternate": 0.27290474587680913, "sft": 0.0}, "english-1k": {"redirect": 0.033168666196189134, "dsfb-alt": 0.05751587861679605, "unknown": 0.0, "roll-in": 0.21418489767113622, "sfT": 0.0, "sfb": 0.020112914608327453, "oneh-out": 0.011997177134791814, "sfR": 0.10832745236414962, "bad-redirect": 0.0007057163020465773, "roll-out": 0.2519407198306281, "oneh-in": 0.0024700070571630206, "dsfb-red": 0.019407198306280876, "dsfb": 0.0, "alternate": 0.2801693719124912, "sft": 0.0}, "english-10k": {"redirect": 0.03741726327164663, "dsfb-alt": 0.05372339399085313, "unknown": 0.0, "roll-in": 0.24109916829084735, "sfT": 0.0, "sfb": 0.025761756816734527, "oneh-out": 0.005596186874047201, "sfR": 0.10567144593890508, "bad-redirect": 0.0005210242951699118, "roll-out": 0.21964068620829394, "oneh-in": 0.002354257926323305, "dsfb-red": 0.014241330734644257, "dsfb": 0.0, "alternate": 0.29397348565253467, "sft": 0.0}, "reddit": {"redirect": 0.036675414845534056, "dsfb-alt": 0.05650578145809349, "unknown": 0.041217688064775854, "roll-in": 0.18937085966823594, "sfT": 0.00011581832180675084, "sfb": 0.026845091308999872, "oneh-out": 0.009480733498557983, "sfR": 0.10397777127267367, "bad-redirect": 0.0004909917730410382, "roll-out": 0.26072854294220865, "oneh-in": 0.002285913559152841, "dsfb-red": 0.019006565722683666, "dsfb": 0.0, "alternate": 0.25329882756423616, "sft": 0.0}, "akl": {"redirect": 0.035215004195474395, "dsfb-alt": 0.047547161438706874, "unknown": 0.13295000147380848, "roll-in": 0.16213148333349928, "sfT": 0.00023269619757167263, "sfb": 0.02424075206185558, "oneh-out": 0.0068164815420745884, "sfR": 0.13064861186637447, "bad-redirect": 0.0007813532121476507, "roll-out": 0.2256132692474136, "oneh-in": 0.002758109634203208, "dsfb-red": 0.01958344316891997, "dsfb": 0.0, "alternate": 0.21148163262795022, "sft": 0.0}, "french": {"redirect": 0.03496385024735689, "dsfb-alt": 0.03632806648304626, "unknown": 0.15822382396052298, "roll-in": 0.21290305433689538, "sfT": 7.835501452541664e-05, "sfb": 0.03186953132000498, "oneh-out": 0.007254820380268122, "sfR": 0.10898279115633469, "bad-redirect": 0.0019665610462045436, "roll-out": 0.18973043522854638, "oneh-in": 0.005133317161937027, "dsfb-red": 0.01221953193351126, "dsfb": 0.0, "alternate": 0.2003458617308461, "sft": 0.0}, "keymash": {"redirect": 0.03541272427990296, "dsfb-alt": 0.06072336041180068, "unknown": 0.013394194891077241, "roll-in": 0.19692709338171607, "sfT": 3.694384125641899e-05, "sfb": 0.024239264735461574, "oneh-out": 0.011345864136971345, "sfR": 0.099723742164827, "bad-redirect": 0.0007552963101312328, "roll-out": 0.2795171029460661, "oneh-in": 0.0022371548316387057, "dsfb-red": 0.020865060567375304, "dsfb": 0.0, "alternate": 0.25482219750177537, "sft": 0.0}, "movie": {"redirect": 0.03613531889906827, "dsfb-alt": 0.05845918144302031, "unknown": 0.030451476652766863, "roll-in": 0.1612372249753221, "sfT": 2.816193745707443e-05, "sfb": 0.023365459436348032, "oneh-out": 0.014108867470317121, "sfR": 0.11567713207251198, "bad-redirect": 0.0005403407252277926, "roll-out": 0.2832223678425416, "oneh-in": 0.0023209910791141203, "dsfb-red": 0.022011186079475355, "dsfb": 0.0, "alternate": 0.25244229138682933, "sft": 0.0}, "dutch": {"redirect": 0.029476880912522506, "dsfb-alt": 0.04105642645223923, "unknown": 0.07325981014373002, "roll-in": 0.20588769104409543, "sfT": 0.00031923986055723384, "sfb": 0.06093611871247286, "oneh-out": 0.005614418567638667, "sfR": 0.18880787437283908,