{"english-450k": {"dsfb": 0.0, "sfR": 0.11369548401129392, "oneh-in": 0.013514872528285957, "oneh-out": 0.004888905520139437, "unknown": 0.00015377410175167997, "dsfb-red": 0.016630698339064293, "sfb": 0.030577073860098312, "sfT": 2.7188196697540374e-05, "redirect": 0.03773224713076821, "dsfb-alt": 0.04544960214605499, "alternate": 0.32405085420636487, "sft": 0.0, "roll-out": 0.13499728995071628, "roll-in": 0.2750588931422013, "bad-redirect": 0.003223116866563254}, "shai": {"dsfb": 0.0, "sfR": 0.09823378925716947, "oneh-in": 0.019438168361544484, "oneh-out": 0.006637565320889402, "unknown": 0.023621906111313578, "dsfb-red": 0.015220243290801154, "sfb": 0.021016586869158197, "sfT": 3.8607327829508804e-05, "redirect": 0.028634940874086932, "dsfb-alt": 0.04791547522582287, "alternate": 0.29051202566978973, "sft": 0.0, "roll-out": 0.1422907610555131, "roll-in": 0.302408787623857, "bad-redirect": 0.0040311430122246085}, "tr-quotes": {"dsfb": 0.0, "sfR": 0.09677191928064538, "oneh-in": 0.023619426273086615, "oneh-out": 0.008194447654931694, "unknown": 0.01476965396084233, "dsfb-red": 0.016035228034488338, "sfb": 0.023517718037031045, "sfT": 3.4673262291671484e-06, "redirect": 0.03407341485402557, "dsfb-alt": 0.04930653475416657, "alternate": 0.2739291740828922, "sft": 0.0, "roll-out": 0.14829291971984004, "roll-in": 0.30756108273040383, "bad-redirect": 0.003925013291417212}, "gutenberg": {"dsfb": 0.0, "sfR": 0.09863878308844841, "oneh-in": 0.014364422560707857, "oneh-out": 0.007883790387447465, "unknown": 0.03802431837805746, "dsfb-red": 0.015473006585201276, "sfb": 0.01899975108007379, "sfT": 8.524655007211859e-06, "redirect": 0.0285833576759593, "dsfb-alt": 0.04888283448946599, "alternate": 0.26227161975643737, "sft": 0.0, "roll-out": 0.14529895586236735, "roll-in": 0.317961485987551, "bad-redirect": 0.0036091494932755626}, "english-200": {"dsfb": 0.0, "sfR": 0.10690423162583519, "oneh-in": 0.011135857461024499, "oneh-out": 0.004454342984409799, "unknown": 0.0, "dsfb-red": 0.017817371937639197, "sfb": 0.004454342984409799, "sfT": 0.0, "redirect": 0.0334075723830735, "dsfb-alt": 0.0467706013363029, "alternate": 0.2873051224944321, "sft": 0.0, "roll-out": 0.15812917594654788, "roll-in": 0.3273942093541203, "bad-redirect": 0.0022271714922048997}, "monkeyracer": {"dsfb": 0.0, "sfR": 0.09690789370786869, "oneh-in": 0.02391416550667063, "oneh-out": 0.008210230383033298, "unknown": 0.014352018393105714, "dsfb-red": 0.015900417598573597, "sfb": 0.023261178973051598, "sfT": 4.887623754633467e-06, "redirect": 0.03413711935186199, "dsfb-alt": 0.04927018002095813, "alternate": 0.27338336956691744, "sft": 0.0, "roll-out": 0.14895913164521327, "roll-in": 0.3077169713937157, "bad-redirect": 0.003982435835275349}, "chained-bigrams": {"dsfb": 0.0, "sfR": 0.11914286586209158, "oneh-in": 0.0170448974715426, "oneh-out": 0.005336635264127409, "unknown": 0.02365222201805197, "dsfb-red": 0.023151608100465616, "sfb": 0.020929687444200377, "sfT": 4.0906195600441264e-05, "redirect": 0.040943855272581355, "dsfb-alt": 0.04877057403079912, "alternate": 0.2811917857762016, "sft": 0.0, "roll-out": 0.11324847786747562, "roll-in": 0.30259416703622927, "bad-redirect": 0.003952317660633111}, "english-5k": {"dsfb": 0.0, "sfR": 0.10644211224955408, "oneh-in": 0.0233127307421081, "oneh-out": 0.006014850458373086, "unknown": 0.002157049819554486, "dsfb-red": 0.016302318828556022, "sfb": 0.021777906832040485, "sfT": 0.0, "redirect": 0.02708756792632845, "dsfb-alt": 0.04596175384743021, "alternate": 0.3287426888455635, "sft": 0.0, "roll-out": 0.13211930144771228, "roll-in": 0.28601650972746506, "bad-redirect": 0.004065209275314224}, "mt-quotes": {"dsfb": 0.0, "sfR": 0.0964592223377679, "oneh-in": 0.024872700541470935, "oneh-out": 0.008317794432292226, "unknown": 0.008869126594231481, "dsfb-red": 0.015730149053919985, "sfb": 0.022845172780626578, "sfT": 4.482375300319145e-06, "redirect": 0.034490383810855715, "dsfb-alt": 0.04940623468521772, "alternate": 0.27196961547196424, "sft": 0.0, "roll-out": 0.15083043473063912, "roll-in": 0.3122303104194308, "bad-redirect": 0.003974372766282976}, "wordle": {"dsfb": 0.0, "sfR": 0.13138112868843263, "oneh-in": 0.006664422753281723, "oneh-out": 0.009985414562997869, "unknown": 0.0, "dsfb-red": 0.019544485582856503, "sfb": 0.033052844160215415, "sfT": 0.0, "redirect": 0.03893189722876697, "dsfb-alt": 0.056322225962077865, "alternate": 0.296712666891058, "sft": 0.0, "roll-out": 0.17100863906653202, "roll-in": 0.23220015707393696, "bad-redirect": 0.004196118029844048}, "english-1k": {"dsfb": 0.0, "sfR": 0.10832745236414962, "oneh-in": 0.014467184191954835, "oneh-out": 0.010938602681721948, "unknown": 0.0, "dsfb-red": 0.014467184191954835, "sfb": 0.017290049400141144, "sfT": 0.0, "redirect": 0.03175723359209598, "dsfb-alt": 0.04728299223712068, "alternate": 0.28757939308398023, "sft": 0.0, "roll-out": 0.16725476358503882, "roll-in": 0.29675370501058573, "bad-redirect": 0.0038814396612561752}, "english-10k": {"dsfb": 0.0, "sfR": 0.10567144593890508, "oneh-in": 0.020570811061152813, "oneh-out": 0.006348777522625962, "unknown": 0.0, "dsfb-red": 0.015457054090040718, "sfb": 0.02334960730205901, "sfT": 0.0, "redirect": 0.02875282221493217, "dsfb-alt": 0.04623608189730032, "alternate": 0.3174388761312981, "sft": 0.0, "roll-out": 0.13612242141216882, "roll-in": 0.2954786669496922, "bad-redirect": 0.004573435479824781}, "reddit": {"dsfb": 0.0, "sfR": 0.10397777127267367, "oneh-in": 0.019525051237059166, "oneh-out": 0.007539952545203138, "unknown": 0.041217688064775854, "dsfb-red": 0.015541080762490595, "sfb": 0.022568803181333023, "sfT": 7.472753945810735e-05, "redirect": 0.031829137260256164, "dsfb-alt": 0.048501282073612435, "alternate": 0.272035849741085, "sft": 0.0, "roll-out": 0.1428919033366502, "roll-in": 0.29070102859929686, "bad-redirect": 0.0035957243861057717}, "akl": {"dsfb": 0.0, "sfR": 0.13064861186637447, "oneh-in": 0.016109455468413764, "oneh-out": 0.004663263425067142, "unknown": 0.13295000147380848, "dsfb-red": 0.016354381929077174, "sfb": 0.024765343871883373, "sfT": 0.00016156301082195448, "redirect": 0.024846557760332948, "dsfb-alt": 0.04112975708745599, "alternate": 0.2299169876451859, "sft": 0.0, "roll-out": 0.12327665401151518, "roll-in": 0.25103544001632877, "bad-redirect": 0.004141982433734891}, "french": {"dsfb": 0.0, "sfR": 0.10898279115633469, "oneh-in": 0.014841054006485907, "oneh-out": 0.010759042404640188, "unknown": 0.15822382396052298, "dsfb-red": 0.0159084650427942, "sfb": 0.048935837775336034, "sfT": 0.00043694531522634345, "redirect": 0.031407026988568246, "dsfb-alt": 0.02924782946497024, "alternate": 0.2234563961011084, "sft": 0.0, "roll-out": 0.12693747567979455, "roll-in": 0.22705801505653778, "bad-redirect": 0.0038052970476804347}, "keymash": {"dsfb": 0.0, "sfR": 0.099723742164827, "oneh-in": 0.022864132866472642, "oneh-out": 0.007663794625081584, "unknown": 0.013394194891077241, "dsfb-red": 0.016797133157918503, "sfb": 0.02354554149409104, "sfT": 3.283897000570577e-05, "redirect": 0.03337260326829849, "dsfb-alt": 0.04771091854703977, "alternate": 0.27269070205613, "sft": 0.0, "roll-out": 0.14985242987853686, "roll-in": 0.3083004601560672, "bad-redirect": 0.004051507924453949}, "movie": {"dsfb": 0.0, "sfR": 0.11567713207251198, "oneh-in": 0.030507010940649507, "oneh-out": 0.0073893502343560106, "unknown": 0.030451476652766863, "dsfb-red": 0.017425790991838434, "sfb": 0.0310998592034725, "sfT": 1.7502512531733173e-05, "redirect": 0.03714585870155834, "dsfb-alt": 0.052879696282716375, "alternate": 0.25149794529714725, "sft": 0.0, "roll-out": 0.14475288492071692, "roll-in": 0.2762970315870344, "bad-redirect": 0.004858460602699677}, "dutch": {"dsfb": 0.0, "sfR": 0.18880787437283908, "oneh-in": 0.007301240104487758, "oneh-out": 0.0023576842723516942, "unknown": 0.07325981014373002, "dsfb-red": 0.009916392651257636, "sfb": 0.04243743829341299, "sfT": 0.00032754181828796846, "redirect": 0.03191068140640113,