{"english-450k": {"sfT": 2.7188196697540374e-05, "alternate": 0.32405085420636487, "roll-out": 0.13499728995071628, "unknown": 0.00015377410175167997, "bad-redirect": 0.003223116866563254, "sft": 0.0, "dsfb": 0.0, "oneh-in": 0.013514872528285957, "redirect": 0.03773224713076821, "sfR": 0.11369548401129392, "sfb": 0.030577073860098312, "roll-in": 0.2750588931422013, "oneh-out": 0.004888905520139437, "dsfb-alt": 0.04544960214605499, "dsfb-red": 0.016630698339064293}, "shai": {"sfT": 3.8607327829508804e-05, "alternate": 0.29051202566978973, "roll-out": 0.1422907610555131, "unknown": 0.023621906111313578, "bad-redirect": 0.0040311430122246085, "sft": 0.0, "dsfb": 0.0, "oneh-in": 0.019438168361544484, "redirect": 0.028634940874086932, "sfR": 0.09823378925716947, "sfb": 0.021016586869158197, "roll-in": 0.302408787623857, "oneh-out": 0.006637565320889402, "dsfb-alt": 0.04791547522582287, "dsfb-red": 0.015220243290801154}, "tr-quotes": {"sfT": 3.4673262291671484e-06, "alternate": 0.2739291740828922, "roll-out": 0.14829291971984004, "unknown": 0.01476965396084233, "bad-redirect": 0.003925013291417212, "sft": 0.0, "dsfb": 0.0, "oneh-in": 0.023619426273086615, "redirect": 0.03407341485402557, "sfR": 0.09677191928064538, "sfb": 0.023517718037031045, "roll-in": 0.30756108273040383, "oneh-out": 0.008194447654931694, "dsfb-alt": 0.04930653475416657, "dsfb-red": 0.016035228034488338}, "gutenberg": {"sfT": 8.524655007211859e-06, "alternate": 0.26227161975643737, "roll-out": 0.14529895586236735, "unknown": 0.03802431837805746, "bad-redirect": 0.0036091494932755626, "sft": 0.0, "dsfb": 0.0, "oneh-in": 0.014364422560707857, "redirect": 0.0285833576759593, "sfR": 0.09863878308844841, "sfb": 0.01899975108007379, "roll-in": 0.317961485987551, "oneh-out": 0.007883790387447465, "dsfb-alt": 0.04888283448946599, "dsfb-red": 0.015473006585201276}, "english-200": {"sfT": 0.0, "alternate": 0.2873051224944321, "roll-out": 0.15812917594654788, "unknown": 0.0, "bad-redirect": 0.0022271714922048997, "sft": 0.0, "dsfb": 0.0, "oneh-in": 0.011135857461024499, "redirect": 0.0334075723830735, "sfR": 0.10690423162583519, "sfb": 0.004454342984409799, "roll-in": 0.3273942093541203, "oneh-out": 0.004454342984409799, "dsfb-alt": 0.0467706013363029, "dsfb-red": 0.017817371937639197}, "monkeyracer": {"sfT": 4.887623754633467e-06, "alternate": 0.27338336956691744, "roll-out": 0.14895913164521327, "unknown": 0.014352018393105714, "bad-redirect": 0.003982435835275349, "sft": 0.0, "dsfb": 0.0, "oneh-in": 0.02391416550667063, "redirect": 0.03413711935186199, "sfR": 0.09690789370786869, "sfb": 0.023261178973051598, "roll-in": 0.3077169713937157, "oneh-out": 0.008210230383033298, "dsfb-alt": 0.04927018002095813, "dsfb-red": 0.015900417598573597}, "chained-bigrams": {"sfT": 4.0906195600441264e-05, "alternate": 0.2811917857762016, "roll-out": 0.11324847786747562, "unknown": 0.02365222201805197, "bad-redirect": 0.003952317660633111, "sft": 0.0, "dsfb": 0.0, "oneh-in": 0.0170448974715426, "redirect": 0.040943855272581355, "sfR": 0.11914286586209158, "sfb": 0.020929687444200377, "roll-in": 0.30259416703622927, "oneh-out": 0.005336635264127409, "dsfb-alt": 0.04877057403079912, "dsfb-red": 0.023151608100465616}, "english-5k": {"sfT": 0.0, "alternate": 0.3287426888455635, "roll-out": 0.13211930144771228, "unknown": 0.002157049819554486, "bad-redirect": 0.004065209275314224, "sft": 0.0, "dsfb": 0.0, "oneh-in": 0.0233127307421081, "redirect": 0.02708756792632845, "sfR": 0.10644211224955408, "sfb": 0.021777906832040485, "roll-in": 0.28601650972746506, "oneh-out": 0.006014850458373086, "dsfb-alt": 0.04596175384743021, "dsfb-red": 0.016302318828556022}, "mt-quotes": {"sfT": 4.482375300319145e-06, "alternate": 0.27196961547196424, "roll-out": 0.15083043473063912, "unknown": 0.008869126594231481, "bad-redirect": 0.003974372766282976, "sft": 0.0, "dsfb": 0.0, "oneh-in": 0.024872700541470935, "redirect": 0.034490383810855715, "sfR": 0.0964592223377679, "sfb": 0.022845172780626578, "roll-in": 0.3122303104194308, "oneh-out": 0.008317794432292226, "dsfb-alt": 0.04940623468521772, "dsfb-red": 0.015730149053919985}, "wordle": {"sfT": 0.0, "alternate": 0.296712666891058, "roll-out": 0.17100863906653202, "unknown": 0.0, "bad-redirect": 0.004196118029844048, "sft": 0.0, "dsfb": 0.0, "oneh-in": 0.006664422753281723, "redirect": 0.03893189722876697, "sfR": 0.13138112868843263, "sfb": 0.033052844160215415, "roll-in": 0.23220015707393696, "oneh-out": 0.009985414562997869, "dsfb-alt": 0.056322225962077865, "dsfb-red": 0.019544485582856503}, "english-1k": {"sfT": 0.0, "alternate": 0.28757939308398023, "roll-out": 0.16725476358503882, "unknown": 0.0, "bad-redirect": 0.0038814396612561752, "sft": 0.0, "dsfb": 0.0, "oneh-in": 0.014467184191954835, "redirect": 0.03175723359209598, "sfR": 0.10832745236414962, "sfb": 0.017290049400141144, "roll-in": 0.29675370501058573, "oneh-out": 0.010938602681721948, "dsfb-alt": 0.04728299223712068, "dsfb-red": 0.014467184191954835}, "english-10k": {"sfT": 0.0, "alternate": 0.3174388761312981, "roll-out": 0.13612242141216882, "unknown": 0.0, "bad-redirect": 0.004573435479824781, "sft": 0.0, "dsfb": 0.0, "oneh-in": 0.020570811061152813, "redirect": 0.02875282221493217, "sfR": 0.10567144593890508, "sfb": 0.02334960730205901, "roll-in": 0.2954786669496922, "oneh-out": 0.006348777522625962, "dsfb-alt": 0.04623608189730032, "dsfb-red": 0.015457054090040718}, "reddit": {"sfT": 7.472753945810735e-05, "alternate": 0.272035849741085, "roll-out": 0.1428919033366502, "unknown": 0.041217688064775854, "bad-redirect": 0.0035957243861057717, "sft": 0.0, "dsfb": 0.0, "oneh-in": 0.019525051237059166, "redirect": 0.031829137260256164, "sfR": 0.10397777127267367, "sfb": 0.022568803181333023, "roll-in": 0.29070102859929686, "oneh-out": 0.007539952545203138, "dsfb-alt": 0.048501282073612435, "dsfb-red": 0.015541080762490595}, "akl": {"sfT": 0.00016156301082195448, "alternate": 0.2299169876451859, "roll-out": 0.12327665401151518, "unknown": 0.13295000147380848, "bad-redirect": 0.004141982433734891, "sft": 0.0, "dsfb": 0.0, "oneh-in": 0.016109455468413764, "redirect": 0.024846557760332948, "sfR": 0.13064861186637447, "sfb": 0.024765343871883373, "roll-in": 0.25103544001632877, "oneh-out": 0.004663263425067142, "dsfb-alt": 0.04112975708745599, "dsfb-red": 0.016354381929077174}, "french": {"sfT": 0.00043694531522634345, "alternate": 0.2234563961011084, "roll-out": 0.12693747567979455, "unknown": 0.15822382396052298, "bad-redirect": 0.0038052970476804347, "sft": 0.0, "dsfb": 0.0, "oneh-in": 0.014841054006485907, "redirect": 0.031407026988568246, "sfR": 0.10898279115633469, "sfb": 0.048935837775336034, "roll-in": 0.22705801505653778, "oneh-out": 0.010759042404640188, "dsfb-alt": 0.02924782946497024, "dsfb-red": 0.0159084650427942}, "keymash": {"sfT": 3.283897000570577e-05, "alternate": 0.27269070205613, "roll-out": 0.14985242987853686, "unknown": 0.013394194891077241, "bad-redirect": 0.004051507924453949, "sft": 0.0, "dsfb": 0.0, "oneh-in": 0.022864132866472642, "redirect": 0.03337260326829849, "sfR": 0.099723742164827, "sfb": 0.02354554149409104, "roll-in": 0.3083004601560672, "oneh-out": 0.007663794625081584, "dsfb-alt": 0.04771091854703977, "dsfb-red": 0.016797133157918503}, "movie": {"sfT": 1.7502512531733173e-05, "alternate": 0.25149794529714725, "roll-out": 0.14475288492071692, "unknown": 0.030451476652766863, "bad-redirect": 0.004858460602699677, "sft": 0.0, "dsfb": 0.0, "oneh-in": 0.030507010940649507, "redirect": 0.03714585870155834, "sfR": 0.11567713207251198, "sfb": 0.0310998592034725, "roll-in": 0.2762970315870344, "oneh-out": 0.0073893502343560106, "dsfb-alt": 0.052879696282716375, "dsfb-red": 0.017425790991838434}, "dutch": {"sfT": 0.00032754181828796846, "alternate": 0.22128308890493018, "roll-out": 0.11255857049109827, "unknown": 0.07325981014373002, "bad-redirect": 0.002594263171486279, "sft": 0.0, "dsfb": 0.0, "oneh-in": 0.007301240104487758, "redirect": 0.03191068140640113, "sfR": 0.18880787437283908,