{"english-450k": {"sfT": 0.00014471136951916652, "alternate": 0.3720412371857351, "oneh-out": 0.008597317080443735, "roll-in": 0.21810897613928776, "redirect": 0.027554798833655598, "sfb": 0.022398688885757537, "roll-out": 0.17359575887519216, "bad-redirect": 0.0024305663155198996, "oneh-in": 0.008260826603036541, "dsfb-red": 0.010847505789916511, "sfR": 0.11369548401129392, "unknown": 0.00015377410175167997, "dsfb-alt": 0.042170354808890365, "sft": 0.0, "dsfb": 0.0}, "shai": {"sfT": 4.51018738042372e-05, "alternate": 0.33841225922573864, "oneh-out": 0.008493190247932195, "roll-in": 0.2244807846588142, "redirect": 0.0341932272180771, "sfb": 0.013190302892000422, "roll-out": 0.2026812992374056, "bad-redirect": 0.0013347646621148595, "oneh-in": 0.006705998018969957, "dsfb-red": 0.008596336642584468, "sfR": 0.09823378925716947, "unknown": 0.023260762136131256, "dsfb-alt": 0.040372183929257593, "sft": 0.0, "dsfb": 0.0}, "tr-quotes": {"sfT": 3.0050160652781953e-05, "alternate": 0.34070987725665147, "oneh-out": 0.00948776033841104, "roll-in": 0.22387600841404498, "redirect": 0.040534199394373686, "sfb": 0.01198539099882111, "roll-out": 0.20551189292896604, "bad-redirect": 0.001533713968701602, "oneh-in": 0.006694251173112041, "dsfb-red": 0.009159520122049883, "sfR": 0.09677191928064538, "unknown": 0.013835787429786644, "dsfb-alt": 0.03986962853378331, "sft": 0.0, "dsfb": 0.0}, "gutenberg": {"sfT": 0.0001733346518133078, "alternate": 0.32036619644669645, "oneh-out": 0.00940743039240313, "roll-in": 0.23204035154919503, "redirect": 0.02980465658332585, "sfb": 0.010529843301686026, "roll-out": 0.21378072996052516, "bad-redirect": 0.0018316642058829212, "oneh-in": 0.005046785201047358, "dsfb-red": 0.006966726945449407, "sfR": 0.09863878308844841, "unknown": 0.032975828246008664, "dsfb-alt": 0.03843766942751827, "sft": 0.0, "dsfb": 0.0}, "english-200": {"sfT": 0.0, "alternate": 0.33853006681514475, "oneh-out": 0.008908685968819599, "roll-in": 0.267260579064588, "redirect": 0.0378619153674833, "sfb": 0.008908685968819599, "roll-out": 0.18262806236080179, "bad-redirect": 0.0, "oneh-in": 0.0066815144766146995, "dsfb-red": 0.0022271714922048997, "sfR": 0.10690423162583519, "unknown": 0.0, "dsfb-alt": 0.0400890868596882, "sft": 0.0, "dsfb": 0.0}, "monkeyracer": {"sfT": 3.03032672787275e-05, "alternate": 0.34060383658914245, "oneh-out": 0.009482967608739854, "roll-in": 0.2238121119226739, "redirect": 0.041041376667657226, "sfb": 0.011923846911803806, "roll-out": 0.2054805902685456, "bad-redirect": 0.0015630620767317829, "oneh-in": 0.006709729890360824, "dsfb-red": 0.009133991272659023, "sfR": 0.09690789370786869, "unknown": 0.013436077701487402, "dsfb-alt": 0.03987421211505075, "sft": 0.0, "dsfb": 0.0}, "chained-bigrams": {"sfT": 5.648950821013318e-05, "alternate": 0.3445684688551265, "oneh-out": 0.009963580499821765, "roll-in": 0.19381550266896694, "redirect": 0.033130771912897074, "sfb": 0.014854143440496743, "roll-out": 0.1858037320735091, "bad-redirect": 0.0030329022166612884, "oneh-in": 0.009177272517724395, "dsfb-red": 0.01426002964725224, "sfR": 0.11914286586209158, "unknown": 0.022916559801936097, "dsfb-alt": 0.049277680995306175, "sft": 0.0, "dsfb": 0.0}, "english-5k": {"sfT": 0.0, "alternate": 0.3613473265026756, "oneh-out": 0.007757083004936325, "roll-in": 0.22964284232795454, "redirect": 0.028083129381507446, "sfb": 0.01480897664578753, "roll-out": 0.18853445057452192, "bad-redirect": 0.0019911229103579875, "oneh-in": 0.007674119550338076, "dsfb-red": 0.010121541460986436, "sfR": 0.10644211224955408, "unknown": 0.002157049819554486, "dsfb-alt": 0.04144024557182561, "sft": 0.0, "dsfb": 0.0}, "mt-quotes": {"sfT": 1.3447125900957435e-05, "alternate": 0.34265069745759674, "oneh-out": 0.00953102401357861, "roll-in": 0.22456700254598916, "redirect": 0.0421657044501022, "sfb": 0.011123761370292012, "roll-out": 0.20771177729168908, "bad-redirect": 0.0014821720993055307, "oneh-in": 0.006841598833387121, "dsfb-red": 0.009144045612651057, "sfR": 0.0964592223377679, "unknown": 0.007977133909467972, "dsfb-alt": 0.04033241295227167, "sft": 0.0, "dsfb": 0.0}, "wordle": {"sfT": 0.0002019522046449007, "alternate": 0.33824750364635925, "oneh-out": 0.010120049366094468, "roll-in": 0.21198249747559744, "redirect": 0.03076405250757321, "sfb": 0.02425670369123752, "roll-out": 0.18243015819589364, "bad-redirect": 0.0028048917311791766, "oneh-in": 0.00756198810725906, "dsfb-red": 0.012453719286435544, "sfR": 0.13138112868843263, "unknown": 0.0, "dsfb-alt": 0.04779535509929317, "sft": 0.0, "dsfb": 0.0}, "english-1k": {"sfT": 0.0, "alternate": 0.32815808045165845, "oneh-out": 0.0077628793225123505, "roll-in": 0.2861679604798871, "redirect": 0.033168666196189134, "sfb": 0.008115737473535639, "roll-out": 0.17537050105857446, "bad-redirect": 0.00035285815102328866, "oneh-in": 0.0077628793225123505, "dsfb-red": 0.010938602681721948, "sfR": 0.10832745236414962, "unknown": 0.0, "dsfb-alt": 0.03387438249823571, "sft": 0.0, "dsfb": 0.0}, "english-10k": {"sfT": 7.718878446961657e-05, "alternate": 0.3610891337488663, "oneh-out": 0.007275042936261362, "roll-in": 0.2265876768105594, "redirect": 0.03023870631597229, "sfb": 0.015071110167692634, "roll-out": 0.19125451071959243, "bad-redirect": 0.001505181297157523, "oneh-in": 0.00787325601590089, "dsfb-red": 0.009764381235406495, "sfR": 0.10567144593890508, "unknown": 0.0, "dsfb-alt": 0.043592366029215956, "sft": 0.0, "dsfb": 0.0}, "reddit": {"sfT": 5.5212227148496355e-05, "alternate": 0.33204120240544016, "oneh-out": 0.008408739788406817, "roll-in": 0.21493157373388794, "redirect": 0.03609456273807698, "sfb": 0.012584117644745277, "roll-out": 0.19364403883060202, "bad-redirect": 0.0014018436913381793, "oneh-in": 0.006964756507148654, "dsfb-red": 0.00910443632492583, "sfR": 0.10397777127267367, "unknown": 0.039285409944231534, "dsfb-alt": 0.04150633489137444, "sft": 0.0, "dsfb": 0.0}, "akl": {"sfT": 0.00013495292324659967, "alternate": 0.28312881162635, "oneh-out": 0.0077529243732663445, "roll-in": 0.18567367735819795, "redirect": 0.032413063274958576, "sfb": 0.017122121252409576, "roll-out": 0.1567011723979615, "bad-redirect": 0.0016981040843816006, "oneh-in": 0.006406211807451778, "dsfb-red": 0.008567558725584843, "sfR": 0.13064861186637447, "unknown": 0.13277008071454782, "dsfb-alt": 0.03698270959526897, "sft": 0.0, "dsfb": 0.0}, "french": {"sfT": 4.287802133302914e-05, "alternate": 0.2541968211745153, "oneh-out": 0.007792698340400341, "roll-in": 0.18002993461191638, "redirect": 0.024657633906584913, "sfb": 0.04112691410401198, "roll-out": 0.17429666973359878, "bad-redirect": 0.0022323088947039395, "oneh-in": 0.006135032837118367, "dsfb-red": 0.010042311258388574, "sfR": 0.10898279115633469, "unknown": 0.15807953387545715, "dsfb-alt": 0.03238447208563655, "sft": 0.0, "dsfb": 0.0}, "keymash": {"sfT": 2.873409875499255e-05, "alternate": 0.33796636468497165, "oneh-out": 0.008977353425309816, "roll-in": 0.22699938016444116, "redirect": 0.040527393858291634, "sfb": 0.011756351262042665, "roll-out": 0.20427070804924202, "bad-redirect": 0.0015475364615188845, "oneh-in": 0.007171210074995998, "dsfb-red": 0.00944120387664041, "sfR": 0.099723742164827, "unknown": 0.01232282349464109, "dsfb-alt": 0.039267198384322674, "sft": 0.0, "dsfb": 0.0}, "movie": {"sfT": 2.671436123264537e-05, "alternate": 0.33282830469479235, "oneh-out": 0.00809129310536552, "roll-in": 0.21701510045718406, "redirect": 0.047141372531240996, "sfb": 0.013469038779119476, "roll-out": 0.17928613173285796, "bad-redirect": 0.0017781499949532228, "oneh-in": 0.006569758895651995, "dsfb-red": 0.01038899136705019, "sfR": 0.11567713207251198, "unknown": 0.030236445784519856, "dsfb-alt": 0.03749156622351972, "sft": 0.0, "dsfb": 0.0}, "dutch": {"sfT": 4.875382952455172e-05, "alternate": 0.27395155149603967, "oneh-out": 0.0031467288726561805, "roll-in": 0.22082929636443463, "redirect": 0.0201756400190798, "sfb": 0.027494882640979344, "roll-out": 0.13948113804168974,