{"english-450k": {"sfT": 1.5202002454538705e-05, "roll-out": 0.1692026725120315, "sft": 0.0, "dsfb-red": 0.016969527586079877, "alternate": 0.2644359092346903, "sfR": 0.11369548401129392, "oneh-in": 0.010549020318645665, "redirect": 0.0488832082773734, "bad-redirect": 0.00165672592134367, "dsfb-alt": 0.03991490386779871, "oneh-out": 0.005584397132434583, "roll-in": 0.30100111033087157, "dsfb": 0.0, "sfb": 0.0279380647032306, "unknown": 0.00015377410175167997}, "shai": {"sfT": 3.0196929496323575e-05, "roll-out": 0.15509639562761465, "sft": 0.0, "dsfb-red": 0.012382478907046095, "alternate": 0.24529640442118347, "sfR": 0.09823378925716947, "oneh-in": 0.01647112458288604, "redirect": 0.04168107103810247, "bad-redirect": 0.003767424967480825, "dsfb-alt": 0.03989482705929745, "oneh-out": 0.008144973438158454, "roll-in": 0.33060413133628497, "dsfb": 0.0, "sfb": 0.024344472731112173, "unknown": 0.024052709704167625}, "tr-quotes": {"sfT": 1.8492406555558125e-05, "roll-out": 0.15324657312591017, "sft": 0.0, "dsfb-red": 0.011502276877557152, "alternate": 0.25552691800929245, "sfR": 0.09677191928064538, "oneh-in": 0.024561383232010355, "redirect": 0.042667760800721204, "bad-redirect": 0.00406023901435473, "dsfb-alt": 0.036545618455421744, "oneh-out": 0.009068213864681814, "roll-in": 0.3230311365895379, "dsfb": 0.0, "sfb": 0.02910935946926793, "unknown": 0.013890108874043596}, "gutenberg": {"sfT": 3.5803551030289807e-05, "roll-out": 0.1461207326050626, "sft": 0.0, "dsfb-red": 0.012209010901328823, "alternate": 0.2330087523580143, "sfR": 0.09863878308844841, "oneh-in": 0.015395905816580492, "redirect": 0.03883624440829991, "bad-redirect": 0.002545840858709337, "dsfb-alt": 0.03524206042048145, "oneh-out": 0.007662338794037894, "roll-in": 0.34930986287429394, "dsfb": 0.0, "sfb": 0.028029823410824342, "unknown": 0.03296484091288825}, "english-200": {"sfT": 0.0, "roll-out": 0.1603563474387528, "sft": 0.0, "dsfb-red": 0.0066815144766146995, "alternate": 0.2561247216035635, "sfR": 0.10690423162583519, "oneh-in": 0.013363028953229399, "redirect": 0.0334075723830735, "bad-redirect": 0.0022271714922048997, "dsfb-alt": 0.0334075723830735, "oneh-out": 0.013363028953229399, "roll-in": 0.34966592427616927, "dsfb": 0.0, "sfb": 0.024498886414253896, "unknown": 0.0}, "monkeyracer": {"sfT": 2.052801976946056e-05, "roll-out": 0.15339318391541673, "sft": 0.0, "dsfb-red": 0.011566072852964637, "alternate": 0.2553499929618218, "sfR": 0.09690789370786869, "oneh-in": 0.025047116692994666, "redirect": 0.04269143844722148, "bad-redirect": 0.004044019894583731, "dsfb-alt": 0.036373695981982264, "oneh-out": 0.009182867510205358, "roll-in": 0.3227464144392136, "dsfb": 0.0, "sfb": 0.029191821636923847, "unknown": 0.013484953939033737}, "chained-bigrams": {"sfT": 0.00013635398533480423, "roll-out": 0.12417043209279344, "sft": 0.0, "dsfb-red": 0.020389465940397724, "alternate": 0.26635192703893035, "sfR": 0.11914286586209158, "oneh-in": 0.020910857608130332, "redirect": 0.04868226859267753, "bad-redirect": 0.003359502476772748, "dsfb-alt": 0.04847514039590704, "oneh-out": 0.005452860804008028, "roll-in": 0.29268837465400177, "dsfb": 0.0, "sfb": 0.027119509073708418, "unknown": 0.023120441475246233}, "english-5k": {"sfT": 0.0, "roll-out": 0.17281287592815364, "sft": 0.0, "dsfb-red": 0.013523043099514664, "alternate": 0.25598373916289874, "sfR": 0.10644211224955408, "oneh-in": 0.010826730825071556, "redirect": 0.04397063093707222, "bad-redirect": 0.000622225909486871, "dsfb-alt": 0.03820467084249388, "oneh-out": 0.007674119550338076, "roll-in": 0.3268760111171029, "dsfb": 0.0, "sfb": 0.020906790558758867, "unknown": 0.002157049819554486}, "mt-quotes": {"sfT": 1.792950120127658e-05, "roll-out": 0.15263384372646752, "sft": 0.0, "dsfb-red": 0.011225361877099245, "alternate": 0.2586285724531144, "sfR": 0.0964592223377679, "oneh-in": 0.02627867226067104, "redirect": 0.042530270974528155, "bad-redirect": 0.004235844658801592, "dsfb-alt": 0.03590083790535614, "oneh-out": 0.00948470613547531, "roll-in": 0.32521425753935523, "dsfb": 0.0, "sfb": 0.029399899594793274, "unknown": 0.00799058103536893}, "wordle": {"sfT": 0.0, "roll-out": 0.2054975877931112, "sft": 0.0, "dsfb-red": 0.02196791203859531, "alternate": 0.2366655447099742, "sfR": 0.13138112868843263, "oneh-in": 0.008863457870526198, "redirect": 0.04893975092561427, "bad-redirect": 0.0040614832267474475, "dsfb-alt": 0.04584315045439246, "oneh-out": 0.010613710310782004, "roll-in": 0.25174464265679347, "dsfb": 0.0, "sfb": 0.03442163132503085, "unknown": 0.0}, "english-1k": {"sfT": 0.0, "roll-out": 0.1990119971771348, "sft": 0.0, "dsfb-red": 0.009880028228652082, "alternate": 0.2268877911079746, "sfR": 0.10832745236414962, "oneh-in": 0.010232886379675371, "redirect": 0.04728299223712068, "bad-redirect": 0.00035285815102328866, "dsfb-alt": 0.034227240649259, "oneh-out": 0.012702893436838392, "roll-in": 0.33380381086803107, "dsfb": 0.0, "sfb": 0.017290049400141144, "unknown": 0.0}, "english-10k": {"sfT": 0.0, "roll-out": 0.17352038748769805, "sft": 0.0, "dsfb-red": 0.01402906157735281, "alternate": 0.2539703981011559, "sfR": 0.10567144593890508, "oneh-in": 0.00941703170529322, "redirect": 0.04245383145828911, "bad-redirect": 0.0036664672623067866, "dsfb-alt": 0.038266339900812414, "oneh-out": 0.007275042936261362, "roll-in": 0.3283996835259837, "dsfb": 0.0, "sfb": 0.023330310105941606, "unknown": 0.0}, "reddit": {"sfT": 8.072072558006082e-05, "roll-out": 0.14927067607072483, "sft": 0.0, "dsfb-red": 0.010924304748270263, "alternate": 0.24972692609296518, "sfR": 0.10397777127267367, "oneh-in": 0.019047693962445572, "redirect": 0.03989143343340081, "bad-redirect": 0.0042823936860285905, "dsfb-alt": 0.039695493704626196, "oneh-out": 0.009212912993733188, "roll-in": 0.3024195054235525, "dsfb": 0.0, "sfb": 0.027336420198760272, "unknown": 0.04413374768723884}, "akl": {"sfT": 0.00012590994083937606, "roll-out": 0.12906112371706702, "sft": 0.0, "dsfb-red": 0.011690327860739454, "alternate": 0.21225470879335903, "sfR": 0.13064861186637447, "oneh-in": 0.016138709269425112, "redirect": 0.032751236226345654, "bad-redirect": 0.004288967959255582, "dsfb-alt": 0.03440296414138747, "oneh-out": 0.00900587158871093, "roll-in": 0.2528074198313049, "dsfb": 0.0, "sfb": 0.02815053245006291, "unknown": 0.1386736163551281}, "french": {"sfT": 2.353646803430775e-05, "roll-out": 0.1468244128396572, "sft": 0.0, "dsfb-red": 0.013200797399356617, "alternate": 0.1857677839327664, "sfR": 0.10898279115633469, "oneh-in": 0.01706047852021626, "redirect": 0.03764888033306065, "bad-redirect": 0.0037416691802445944, "dsfb-alt": 0.028179444609169758, "oneh-out": 0.007717459548249932, "roll-in": 0.25011864492328495, "dsfb": 0.0, "sfb": 0.04231969316356094, "unknown": 0.15841440792606368}, "keymash": {"sfT": 4.104871250713222e-05, "roll-out": 0.15246312799399048, "sft": 0.0, "dsfb-red": 0.011510058986999873, "alternate": 0.25218687015881747, "sfR": 0.099723742164827, "oneh-in": 0.024062755271680905, "redirect": 0.0421939715860812, "bad-redirect": 0.0041500248344710665, "dsfb-alt": 0.03611465726377492, "oneh-out": 0.009375525936628997, "roll-in": 0.3268339538530374, "dsfb": 0.0, "sfb": 0.028968076416283205, "unknown": 0.012376186820900362}, "movie": {"sfT": 4.6454037020314365e-05, "roll-out": 0.14441533646474777, "sft": 0.0, "dsfb-red": 0.011788665978234508, "alternate": 0.25254625367931105, "sfR": 0.11567713207251198, "oneh-in": 0.03410134270590686, "redirect": 0.041283294746653765, "bad-redirect": 0.0061356176261618605, "dsfb-alt": 0.04018682155556804, "oneh-out": 0.009508075435565816, "roll-in": 0.2803008958259666, "dsfb": 0.0, "sfb": 0.033865387781324925, "unknown": 0.030144722091026487}, "dutch": {"sfT": 0.00010762062699755772, "roll-out": 0.12242054318185315, "sft": 0.0, "dsfb-red": 0.018685877910871687, "alternate": 0.21337141284151126, "sfR": 0.18880787437283908, "oneh-in": 0.007690607301297483, "redirect": 0.03193264662933882, "bad-redirect": 0.0019347685595285692,