{"english-450k": {"roll-out": 0.16950232736810655, "bad-redirect": 0.0016704661927929645, "sfb": 0.028773005453426034, "dsfb-alt": 0.04475908041917768, "dsfb": 0.0, "sfT": 1.169384804195285e-05, "unknown": 0.00015377410175167997, "roll-in": 0.2980975278620547, "oneh-in": 0.010509261235303026, "sft": 0.0, "oneh-out": 0.007035603674440932, "sfR": 0.11369548401129392, "dsfb-red": 0.017208082086135716, "alternate": 0.25888045437615953, "redirect": 0.04970323937131534}, "shai": {"roll-out": 0.15851466327598213, "bad-redirect": 0.003538540601981711, "sfb": 0.028789393407857796, "dsfb-alt": 0.039152273648430026, "dsfb": 0.0, "sfT": 2.0428017672596237e-05, "unknown": 0.024097749651430984, "roll-in": 0.32283918946827705, "oneh-in": 0.01658403988936204, "sft": 0.0, "oneh-out": 0.009786804723632685, "sfR": 0.09823378925716947, "dsfb-red": 0.011756784749226925, "alternate": 0.24211526510906967, "redirect": 0.044571078199906924}, "tr-quotes": {"roll-out": 0.1601257483645778, "bad-redirect": 0.003102101199694875, "sfb": 0.03080950509696956, "dsfb-alt": 0.03436582603268533, "dsfb": 0.0, "sfT": 4.623101638889531e-06, "unknown": 0.013894731975682485, "roll-in": 0.32018330597998196, "oneh-in": 0.024207715956635307, "sft": 0.0, "oneh-out": 0.010469013661265342, "sfR": 0.09677191928064538, "dsfb-red": 0.010141929220313909, "alternate": 0.2485390998821109, "redirect": 0.04738448024779825}, "gutenberg": {"roll-out": 0.1522215440385572, "bad-redirect": 0.0029292608972559327, "sfb": 0.02763333223460002, "dsfb-alt": 0.034884593220512364, "dsfb": 0.0, "sfT": 4.110778081255496e-05, "unknown": 0.03298207965968062, "roll-in": 0.3427580024725288, "oneh-in": 0.014857905367236454, "sft": 0.0, "oneh-out": 0.01010285280421368, "sfR": 0.09863878308844841, "dsfb-red": 0.010859652732076156, "alternate": 0.23032121278940731, "redirect": 0.04176967291467048}, "english-200": {"roll-out": 0.1603563474387528, "bad-redirect": 0.0022271714922048997, "sfb": 0.024498886414253896, "dsfb-alt": 0.0334075723830735, "dsfb": 0.0, "sfT": 0.0, "unknown": 0.0, "roll-in": 0.34743875278396436, "oneh-in": 0.015590200445434299, "sft": 0.0, "oneh-out": 0.013363028953229399, "sfR": 0.10690423162583519, "dsfb-red": 0.0066815144766146995, "alternate": 0.2561247216035635, "redirect": 0.0334075723830735}, "monkeyracer": {"roll-out": 0.16020946400362857, "bad-redirect": 0.0030821355396718647, "sfb": 0.03074608599089729, "dsfb-alt": 0.03423487182695466, "dsfb": 0.0, "sfT": 4.887623754633467e-06, "unknown": 0.013491796612290222, "roll-in": 0.3200504011761578, "oneh-in": 0.024686410059902717, "sft": 0.0, "oneh-out": 0.010582682953532383, "sfR": 0.09690789370786869, "dsfb-red": 0.010163324835384832, "alternate": 0.24837144376495612, "redirect": 0.047468601905000234}, "chained-bigrams": {"roll-out": 0.13130304413518784, "bad-redirect": 0.003473780102577155, "sfb": 0.029307665885985993, "dsfb-alt": 0.049024452165398684, "dsfb": 0.0, "sfT": 0.00016752061055418804, "unknown": 0.023159399756770463, "roll-in": 0.2859752134426849, "oneh-in": 0.019869372882049256, "sft": 0.0, "oneh-out": 0.006080089136548127, "sfR": 0.11914286586209158, "dsfb-red": 0.02079787859171007, "alternate": 0.2614646106217157, "redirect": 0.05023410680672602}, "english-5k": {"roll-out": 0.17700253038536526, "bad-redirect": 0.0006637076367859958, "sfb": 0.02708756792632845, "dsfb-alt": 0.042643215663500225, "dsfb": 0.0, "sfT": 0.0, "unknown": 0.002157049819554486, "roll-in": 0.3146389015638611, "oneh-in": 0.010577840461276808, "sft": 0.0, "oneh-out": 0.009291906915003941, "sfR": 0.10644211224955408, "dsfb-red": 0.015306757373377028, "alternate": 0.25025926079561955, "redirect": 0.043929149209773095}, "mt-quotes": {"roll-out": 0.1594156775558504, "bad-redirect": 0.003139156835323508, "sfb": 0.030662435304383166, "dsfb-alt": 0.03346690811728285, "dsfb": 0.0, "sfT": 2.9882502002127633e-06, "unknown": 0.007995063410669249, "roll-in": 0.3234048720431264, "oneh-in": 0.025918588111545404, "sft": 0.0, "oneh-out": 0.010811489224369778, "sfR": 0.0964592223377679, "dsfb-red": 0.00980743715709829, "alternate": 0.25154044297820966, "redirect": 0.04737571867417315}, "wordle": {"roll-out": 0.20305172220352294, "bad-redirect": 0.004196118029844048, "sfb": 0.03334455290025805, "dsfb-alt": 0.04615729832828453, "dsfb": 0.0, "sfT": 0.0, "unknown": 0.0, "roll-in": 0.25421294738023115, "oneh-in": 0.009065410075171098, "sft": 0.0, "oneh-out": 0.01157859306630764, "sfR": 0.13138112868843263, "dsfb-red": 0.02084595534612364, "alternate": 0.2354538314821048, "redirect": 0.05071244249971951}, "english-1k": {"roll-out": 0.19724770642201836, "bad-redirect": 0.00035285815102328866, "sfb": 0.027875793930839804, "dsfb-alt": 0.034227240649259, "dsfb": 0.0, "sfT": 0.0, "unknown": 0.0, "roll-in": 0.3221594918842625, "oneh-in": 0.01058574453069866, "sft": 0.0, "oneh-out": 0.016231474947071278, "sfR": 0.10832745236414962, "dsfb-red": 0.011644318983768526, "alternate": 0.22547635850388145, "redirect": 0.045871559633027525}, "english-10k": {"roll-out": 0.17602902298296058, "bad-redirect": 0.0037629532428938074, "sfb": 0.029003685764458425, "dsfb-alt": 0.04366955481368557, "dsfb": 0.0, "sfT": 0.0, "unknown": 0.0, "roll-in": 0.31888616584010343, "oneh-in": 0.009339842920823604, "sft": 0.0, "oneh-out": 0.008741629841184076, "sfR": 0.10567144593890508, "dsfb-red": 0.014588680264757532, "alternate": 0.24717778506782964, "redirect": 0.04312923332239826}, "reddit": {"roll-out": 0.15261446189522898, "bad-redirect": 0.0040413926890995365, "sfb": 0.030036725120832934, "dsfb-alt": 0.036673691804524, "dsfb": 0.0, "sfT": 7.300449844804573e-05, "unknown": 0.04519937363713543, "roll-in": 0.30003979850159107, "oneh-in": 0.019003494214796166, "sft": 0.0, "oneh-out": 0.010086532243247693, "sfR": 0.10397777127267367, "dsfb-red": 0.010094136098139922, "alternate": 0.24183817011546435, "redirect": 0.04632144790881817}, "akl": {"roll-out": 0.13075675704122808, "bad-redirect": 0.00457347599865225, "sfb": 0.029570033611974963, "dsfb-alt": 0.03037616854913476, "dsfb": 0.0, "sfT": 0.00013695423902524754, "unknown": 0.13920166722946467, "roll-in": 0.2527941271413183, "oneh-in": 0.016169840848204078, "sft": 0.0, "oneh-out": 0.009592331234661366, "sfR": 0.13064861186637447, "dsfb-red": 0.011525528154028577, "alternate": 0.20635668294807058, "redirect": 0.03829782113786266}, "french": {"roll-out": 0.14647526109711134, "bad-redirect": 0.00364803269061097, "sfb": 0.042577051182589164, "dsfb-alt": 0.030684258161465056, "dsfb": 0.0, "sfT": 2.033035462925246e-05, "unknown": 0.15842537463172957, "roll-in": 0.24021929036634984, "oneh-in": 0.01444748111325786, "sft": 0.0, "oneh-out": 0.012393096530696146, "sfR": 0.10898279115633469, "dsfb-red": 0.012778669122249899, "alternate": 0.19102127042003966, "redirect": 0.038327093172936574}, "keymash": {"roll-out": 0.15848497411878676, "bad-redirect": 0.0031238070217927613, "sfb": 0.031213440990423336, "dsfb-alt": 0.0345876451585096, "dsfb": 0.0, "sfT": 4.104871250713221e-06, "unknown": 0.012376186820900362, "roll-in": 0.3236444688912332, "oneh-in": 0.023656373017860294, "sft": 0.0, "oneh-out": 0.011037998793167853, "sfR": 0.099723742164827, "dsfb-red": 0.010044619950495253, "alternate": 0.24605419251025193, "redirect": 0.04604844569050092}, "movie": {"roll-out": 0.15033934476646582, "bad-redirect": 0.004099272671905928, "sfb": 0.03427163030903515, "dsfb-alt": 0.03810323297726029, "dsfb": 0.0, "sfT": 2.539838284680077e-05, "unknown": 0.030282373430185833, "roll-in": 0.28745705469035093, "oneh-in": 0.033580873254305324, "sft": 0.0, "oneh-out": 0.010181461575602497, "sfR": 0.11567713207251198, "dsfb-red": 0.01072535544247207, "alternate": 0.2354366922935911, "redirect": 0.049820178133466266}, "dutch": {"roll-out": 0.12589716280684207, "bad-redirect": 0.0021283135524995185, "sfb": 0.0285688654924698, "dsfb-alt": 0.02935107846017081, "dsfb": 0.0, "sfT": 0.0001068675336396941, "unknown": 0.07360268279108878, "roll-in": 0.27393433793357425, "oneh-in": 0.011473520753406071, "sft": 0.0,