{"english-450k": {"oneh-in": 0.0024223806218905326, "dsfb-alt": 0.05033733828139023, "bad-redirect": 0.0021487445777088362, "sfR": 0.11369548401129392, "dsfb-red": 0.013214340633607768, "unknown": 0.00015377410175167997, "dsfb": 0.0, "redirect": 0.03658683471505893, "sfb": 0.024635722016183116, "alternate": 0.3549348915775644, "oneh-out": 0.004699172835658753, "sft": 0.0, "roll-out": 0.17682559970437953, "roll-in": 0.22014136692897918, "sfT": 0.00020434999453312604}, "shai": {"oneh-in": 0.0021322662667863502, "dsfb-alt": 0.04702430198725366, "bad-redirect": 0.0010851039421507025, "sfR": 0.09823378925716947, "dsfb-red": 0.008709306134783736, "unknown": 0.023260762136131256, "dsfb": 0.0, "redirect": 0.033525082416485094, "sfb": 0.014436911252764632, "alternate": 0.33033994497207575, "oneh-out": 0.013050600486185272, "sft": 0.0, "roll-out": 0.20992243932979382, "roll-in": 0.21824111671511903, "sfT": 3.837510330121101e-05}, "tr-quotes": {"oneh-in": 0.002229490765354476, "dsfb-alt": 0.048529853678833126, "bad-redirect": 0.0009500473867917987, "sfR": 0.09677191928064538, "dsfb-red": 0.00948776033841104, "unknown": 0.013835787429786644, "dsfb": 0.0, "redirect": 0.03181965280506692, "sfb": 0.011496498000508542, "alternate": 0.3304234761101223, "oneh-out": 0.023377869212454636, "sft": 0.0, "roll-out": 0.2218580245486697, "roll-in": 0.20919534915975127, "sfT": 2.4271283604170037e-05}, "gutenberg": {"oneh-in": 0.0017452810351431744, "dsfb-alt": 0.042397276959979205, "bad-redirect": 0.0012631644352908593, "sfR": 0.09863878308844841, "dsfb-red": 0.006697347847221512, "unknown": 0.032975828246008664, "dsfb": 0.0, "redirect": 0.02818876086751436, "sfb": 0.011042269786008427, "alternate": 0.315634634044138, "oneh-out": 0.014447206432666782, "sft": 0.0, "roll-out": 0.2348453419201236, "roll-in": 0.21197141929443894, "sfT": 0.00015268604301806128}, "english-200": {"oneh-in": 0.004454342984409799, "dsfb-alt": 0.04899777282850779, "bad-redirect": 0.0, "sfR": 0.10690423162583519, "dsfb-red": 0.0022271714922048997, "unknown": 0.0, "dsfb": 0.0, "redirect": 0.028953229398663696, "sfb": 0.008908685968819599, "alternate": 0.32962138084632514, "oneh-out": 0.0200445434298441, "sft": 0.0, "roll-out": 0.20044543429844097, "roll-in": 0.24944320712694878, "sfT": 0.0}, "monkeyracer": {"oneh-in": 0.0022561271251388083, "dsfb-alt": 0.04858493517055852, "bad-redirect": 0.0009687270281683532, "sfR": 0.09690789370786869, "dsfb-red": 0.009463417113721319, "unknown": 0.013436077701487402, "dsfb": 0.0, "redirect": 0.03178128470212866, "sfb": 0.011425309288831193, "alternate": 0.33020786086303705, "oneh-out": 0.02396108669471511, "sft": 0.0, "roll-out": 0.22242695935061077, "roll-in": 0.20855881570921375, "sfT": 2.1505544520387257e-05}, "chained-bigrams": {"oneh-in": 0.004326966467957788, "dsfb-alt": 0.06243648988480686, "bad-redirect": 0.0028283712386590817, "sfR": 0.11914286586209158, "dsfb-red": 0.017944184470060236, "unknown": 0.022916559801936097, "dsfb": 0.0, "redirect": 0.037214249121328424, "sfb": 0.01578135054077341, "alternate": 0.3320076695870227, "oneh-out": 0.007065084354419071, "sft": 0.0, "roll-out": 0.1995209429981904, "roll-in": 0.1787828004381508, "sfT": 3.2465234603524814e-05}, "english-5k": {"oneh-in": 0.0015348239100676153, "dsfb-alt": 0.049031401667565436, "bad-redirect": 0.0018666777284606132, "sfR": 0.10644211224955408, "dsfb-red": 0.009955614551789936, "unknown": 0.002157049819554486, "dsfb": 0.0, "redirect": 0.03567428547724727, "sfb": 0.01717343510183764, "alternate": 0.35143319367818476, "oneh-out": 0.005351142821587091, "sft": 0.0, "roll-out": 0.17210768656406852, "roll-in": 0.24727257643008255, "sfT": 0.0}, "mt-quotes": {"oneh-in": 0.0023143997800647853, "dsfb-alt": 0.04949887044142432, "bad-redirect": 0.0008785455588625525, "sfR": 0.0964592223377679, "dsfb-red": 0.009407011630269779, "unknown": 0.007977133909467972, "dsfb": 0.0, "redirect": 0.03143041560583785, "sfb": 0.01050967595414829, "alternate": 0.3318989732372312, "oneh-out": 0.02570941059753051, "sft": 0.0, "roll-out": 0.2260760688970966, "roll-in": 0.2078313072996976, "sfT": 8.96475060063829e-06}, "wordle": {"oneh-in": 0.00197464377875014, "dsfb-alt": 0.05423538651408056, "bad-redirect": 0.002019522046449007, "sfR": 0.13138112868843263, "dsfb-red": 0.016515202513182992, "unknown": 0.0, "dsfb": 0.0, "redirect": 0.03778750140244586, "sfb": 0.03018063502748794, "alternate": 0.3220688881409178, "oneh-out": 0.00756198810725906, "sft": 0.0, "roll-out": 0.19838438236284078, "roll-in": 0.1975990126781106, "sfT": 0.00029170874004263433}, "english-1k": {"oneh-in": 0.0024700070571630206, "dsfb-alt": 0.03952011291460833, "bad-redirect": 0.0, "sfR": 0.10832745236414962, "dsfb-red": 0.009174311926605505, "unknown": 0.0, "dsfb": 0.0, "redirect": 0.03493295695130558, "sfb": 0.011644318983768526, "alternate": 0.323923782639379, "oneh-out": 0.008468595624558928, "sft": 0.0, "roll-out": 0.1930134086097389, "roll-in": 0.26852505292872264, "sfT": 0.0}, "english-10k": {"oneh-in": 0.0018525308272707975, "dsfb-alt": 0.05034638467030741, "bad-redirect": 0.0012543177476312692, "sfR": 0.10567144593890508, "dsfb-red": 0.009783678431523899, "unknown": 0.0, "dsfb": 0.0, "redirect": 0.03761023523282067, "sfb": 0.017637637251307386, "alternate": 0.3516721020435731, "oneh-out": 0.00470851585264661, "sft": 0.0, "roll-out": 0.17653075008201308, "roll-in": 0.2428552131375311, "sfT": 7.718878446961657e-05}, "reddit": {"oneh-in": 0.002579429849475512, "dsfb-alt": 0.05090971883154596, "bad-redirect": 0.0010767133442222035, "sfR": 0.10397777127267367, "dsfb-red": 0.00920175068458105, "unknown": 0.039285409944231534, "dsfb": 0.0, "redirect": 0.0313736551149877, "sfb": 0.013336599619769797, "alternate": 0.3208814778148169, "oneh-out": 0.01774245293991063, "sft": 0.0, "roll-out": 0.2077171261099334, "roll-in": 0.2018545914454385, "sfT": 6.330302841313354e-05}, "akl": {"oneh-in": 0.0030593941354974293, "dsfb-alt": 0.04587183776355877, "bad-redirect": 0.001413472506973906, "sfR": 0.13064861186637447, "dsfb-red": 0.010557286638798303, "unknown": 0.13277008071454782, "dsfb": 0.0, "redirect": 0.02552018582686449, "sfb": 0.020599419771611324, "alternate": 0.2723799669476522, "oneh-out": 0.015181487344778505, "sft": 0.0, "roll-out": 0.1676981802332116, "roll-in": 0.17408316821036882, "sfT": 0.00021690803976233956}, "french": {"oneh-in": 0.00028723180468093456, "dsfb-alt": 0.03829431291064563, "bad-redirect": 0.0018546167501177534, "sfR": 0.10898279115633469, "dsfb-red": 0.00757357397281932, "unknown": 0.15807953387545715, "dsfb": 0.0, "redirect": 0.02329359745295564, "sfb": 0.04572626356562389, "alternate": 0.25250562631702533, "oneh-out": 0.010800856715450977, "sft": 0.0, "roll-out": 0.19324709217874178, "roll-in": 0.1593010930464599, "sfT": 5.341025368701918e-05}, "keymash": {"oneh-in": 0.0021550574066244413, "dsfb-alt": 0.04742768243074056, "bad-redirect": 0.0009810642289204599, "sfR": 0.099723742164827, "dsfb-red": 0.009835271516708878, "unknown": 0.01232282349464109, "dsfb": 0.0, "redirect": 0.03182096193552889, "sfb": 0.011904126627068343, "alternate": 0.3284841120958241, "oneh-out": 0.02274919647145267, "sft": 0.0, "roll-out": 0.2218929203285539, "roll-in": 0.21067430720035465, "sfT": 2.873409875499255e-05}, "movie": {"oneh-in": 0.0013941475019637688, "dsfb-alt": 0.05299339681525335, "bad-redirect": 0.0007605039091795941, "sfR": 0.11567713207251198, "dsfb-red": 0.010287003042147235, "unknown": 0.030236445784519856, "dsfb": 0.0, "redirect": 0.02802481250926942, "sfb": 0.011065404257374315, "alternate": 0.3158387605378614, "oneh-out": 0.03473603908139971, "sft": 0.0, "roll-out": 0.20432709485006334, "roll-in": 0.19464175712592427, "sfT": 1.7502512531733173e-05}, "dutch": {"oneh-in": 0.0010862654455413268, "dsfb-alt": 0.03377593227668119, "bad-redirect": 0.0008906046188506655, "sfR": 0.18880787437283908, "dsfb-red": 0.01079482226082284, "unknown": 0.07290361491625476, "dsfb": 0.0, "redirect": 0.026292425648796202, "sfb": 0.029895780127437023,