{"english-450k": {"alternate": 0.3478925639404994, "sft": 0.0, "dsfb": 0.0, "sfb": 0.025256373001009764, "dsfb-alt": 0.049300386306270066, "oneh-in": 0.0025825863400652867, "roll-out": 0.1832782650539291, "sfR": 0.11369548401129392, "sfT": 0.00014909656253489883, "unknown": 0.00015377410175167997, "roll-in": 0.2166802802547622, "bad-redirect": 0.002145821115698348, "dsfb-red": 0.01405688238503047, "redirect": 0.03991811967601024, "oneh-out": 0.004890367251144682}, "shai": {"alternate": 0.31053572108657546, "sft": 0.0, "dsfb": 0.0, "sfb": 0.014894943171561599, "dsfb-alt": 0.04319317009084314, "oneh-in": 0.0027817286050767997, "roll-out": 0.22025576125832255, "sfR": 0.09823378925716947, "sfT": 3.934657591125679e-05, "unknown": 0.023260762136131256, "roll-in": 0.21898543890281033, "bad-redirect": 0.001087476502748145, "dsfb-red": 0.010673670197201973, "redirect": 0.04242841601507044, "oneh-out": 0.013629776200577589}, "tr-quotes": {"alternate": 0.3077448510205497, "sft": 0.0, "dsfb": 0.0, "sfb": 0.011926446452925267, "dsfb-alt": 0.04516423568572155, "oneh-in": 0.0038406416865074777, "roll-out": 0.23150181456739327, "sfR": 0.09677191928064538, "sfT": 2.6582834423614803e-05, "unknown": 0.013835787429786644, "roll-in": 0.21155890987263354, "bad-redirect": 0.0009500473867917987, "dsfb-red": 0.01103534361202931, "redirect": 0.041469221700839096, "oneh-out": 0.02417419846975336}, "gutenberg": {"alternate": 0.29571327303939565, "sft": 0.0, "dsfb": 0.0, "sfb": 0.012191772154536462, "dsfb-alt": 0.04051560144472064, "oneh-in": 0.002660450109361852, "roll-out": 0.2428263133746533, "sfR": 0.09863878308844841, "sfT": 0.00016840929558691872, "unknown": 0.032975828246008664, "roll-in": 0.21311845898485376, "bad-redirect": 0.0012544503435057094, "dsfb-red": 0.008446607054701386, "redirect": 0.036356516985090945, "oneh-out": 0.015133535879136305}, "english-200": {"alternate": 0.2984409799554566, "sft": 0.0, "dsfb": 0.0, "sfb": 0.008908685968819599, "dsfb-alt": 0.042316258351893093, "oneh-in": 0.0066815144766146995, "roll-out": 0.20935412026726058, "sfR": 0.10690423162583519, "sfT": 0.0, "unknown": 0.0, "roll-in": 0.2561247216035635, "bad-redirect": 0.0, "dsfb-red": 0.008908685968819599, "redirect": 0.042316258351893093, "oneh-out": 0.0200445434298441}, "monkeyracer": {"alternate": 0.3071363216916652, "sft": 0.0, "dsfb": 0.0, "sfb": 0.011811431565447237, "dsfb-alt": 0.04521931745311791, "oneh-in": 0.003864155340413219, "roll-out": 0.2322432628994166, "sfR": 0.09690789370786869, "sfT": 2.4438118773167336e-05, "unknown": 0.013436077701487402, "roll-in": 0.2110544363983296, "bad-redirect": 0.0009687270281683532, "dsfb-red": 0.011045052160720709, "redirect": 0.04149592567683814, "oneh-out": 0.024792960257753727}, "chained-bigrams": {"alternate": 0.31556987200256603, "sft": 0.0, "dsfb": 0.0, "sfb": 0.016281964458359766, "dsfb-alt": 0.058308210652622636, "oneh-in": 0.004825632471467929, "roll-out": 0.20783269236138482, "sfR": 0.11914286586209158, "sfT": 2.9218711143172335e-05, "unknown": 0.022916559801936097, "roll-in": 0.17821855466074155, "bad-redirect": 0.002830968457427364, "dsfb-red": 0.020853069490536058, "redirect": 0.04563313375871448, "oneh-out": 0.007557257311008507}, "english-5k": {"alternate": 0.3343012403036462, "sft": 0.0, "dsfb": 0.0, "sfb": 0.017712697556726262, "dsfb-alt": 0.04417803957356784, "oneh-in": 0.0021155680922553613, "roll-out": 0.1857966565727797, "sfR": 0.10644211224955408, "sfT": 0.0, "unknown": 0.002157049819554486, "roll-in": 0.24403700170075082, "bad-redirect": 0.0018666777284606132, "dsfb-red": 0.011697847098353175, "redirect": 0.04397063093707222, "oneh-out": 0.005724478367279214}, "mt-quotes": {"alternate": 0.3077090878665089, "sft": 0.0, "dsfb": 0.0, "sfb": 0.010892171979775522, "dsfb-alt": 0.04604146495977815, "oneh-in": 0.00402218476948638, "roll-out": 0.2360463656901065, "sfR": 0.0964592223377679, "sfT": 7.470625500531909e-06, "unknown": 0.007977133909467972, "roll-in": 0.21080013387360896, "bad-redirect": 0.0008785455588625525, "dsfb-red": 0.010913089731177012, "redirect": 0.04165770191606603, "oneh-out": 0.026595426781893593}, "wordle": {"alternate": 0.3120834735779199, "sft": 0.0, "dsfb": 0.0, "sfb": 0.03166161786155054, "dsfb-alt": 0.05421294738023112, "oneh-in": 0.002176595983395041, "roll-out": 0.20329855267586672, "sfR": 0.13138112868843263, "sfT": 0.00026926960619320093, "unknown": 0.0, "roll-in": 0.195960955907102, "bad-redirect": 0.002019522046449007, "dsfb-red": 0.017928867945697296, "redirect": 0.041086054078312575, "oneh-out": 0.007921014248849995}, "english-1k": {"alternate": 0.30310515172900493, "sft": 0.0, "dsfb": 0.0, "sfb": 0.012350035285815103, "dsfb-alt": 0.0374029640084686, "oneh-in": 0.0035285815102328866, "roll-out": 0.2021877205363444, "sfR": 0.10832745236414962, "sfT": 0.0, "unknown": 0.0, "roll-in": 0.2699364855328158, "bad-redirect": 0.0, "dsfb-red": 0.011644318983768526, "redirect": 0.04269583627381793, "oneh-out": 0.008821453775582216}, "english-10k": {"alternate": 0.33577121244283203, "sft": 0.0, "dsfb": 0.0, "sfb": 0.017483259682368153, "dsfb-alt": 0.04617819030894811, "oneh-in": 0.002334960730205901, "roll-out": 0.18998089577584376, "sfR": 0.10567144593890508, "sfT": 7.718878446961657e-05, "unknown": 0.0, "roll-in": 0.2395746897975724, "bad-redirect": 0.0012543177476312692, "dsfb-red": 0.0116555064549121, "redirect": 0.04500106134578646, "oneh-out": 0.005017270990525077}, "reddit": {"alternate": 0.30269792637633053, "sft": 0.0, "dsfb": 0.0, "sfb": 0.013447211361133101, "dsfb-alt": 0.046351938243213604, "oneh-in": 0.0035367664176310545, "roll-out": 0.2166153219174375, "sfR": 0.10397777127267367, "sfT": 0.00011855271297489211, "unknown": 0.039285409944231534, "roll-in": 0.20378507161014625, "bad-redirect": 0.001093831382083033, "dsfb-red": 0.010599811177179745, "redirect": 0.040197160840446965, "oneh-out": 0.018293226744518155}, "akl": {"alternate": 0.28441784872283166, "sft": 0.0, "dsfb": 0.0, "sfb": 0.021710442922104545, "dsfb-alt": 0.04757516630689832, "oneh-in": 0.0032148681285144322, "roll-out": 0.19585895296569433, "sfR": 0.11790358951788564, "sfT": 0.0002567384233212659, "unknown": 0.06665478384099267, "roll-in": 0.19411568420232228, "bad-redirect": 0.0013645424164215447, "dsfb-red": 0.013060142338656567, "redirect": 0.03601970690434301, "oneh-out": 0.017847533310013753}, "french": {"alternate": 0.24150976599372295, "sft": 0.0, "dsfb": 0.0, "sfb": 0.04624823081343756, "dsfb-alt": 0.033046819158708954, "oneh-in": 0.00028068474132575156, "roll-out": 0.19635867018386297, "sfR": 0.10898279115633469, "sfT": 5.210683375131913e-05, "unknown": 0.15807953387545715, "roll-in": 0.15681368839031729, "bad-redirect": 0.0018627369064987815, "dsfb-red": 0.011743648820435671, "redirect": 0.031145159436199266, "oneh-out": 0.01387616368994768}, "keymash": {"alternate": 0.3070402646820982, "sft": 0.0, "dsfb": 0.0, "sfb": 0.012532171928427465, "dsfb-alt": 0.04387696879887362, "oneh-in": 0.0036040769581262085, "roll-out": 0.2316748285190035, "sfR": 0.099723742164827, "sfT": 2.873409875499255e-05, "unknown": 0.01232282349464109, "roll-in": 0.2126077015594406, "bad-redirect": 0.0009769593576697466, "dsfb-red": 0.011358178750723483, "redirect": 0.040695693579570875, "oneh-out": 0.023557856107843177}, "movie": {"alternate": 0.29706672365730397, "sft": 0.0, "dsfb": 0.0, "sfb": 0.011312413400397346, "dsfb-alt": 0.049070728442727765, "oneh-in": 0.003482605200299148, "roll-out": 0.2110395058027409, "sfR": 0.11567713207251198, "sfT": 1.8160501724655473e-05, "unknown": 0.030236445784519856, "roll-in": 0.19673955827079914, "bad-redirect": 0.0007598459199866718, "dsfb-red": 0.011644829540661693, "redirect": 0.037564076632579754, "oneh-out": 0.035387974773747125}, "dutch": {"alternate": 0.2446412835235474, "sft": 0.0, "dsfb": 0.0, "sfb": 0.027918192831275637, "dsfb-alt": 0.04142085191426828, "oneh-in": 0.0012805276702816703, "roll-out": 0.17946957052771295, "sfR": 0.18880787437283908, "sfT": 4.211943565765796e-05,