{"english-450k": {"alternate": 0.3184038949869058, "dsfb-alt": 0.04794857747262032, "sfT": 1.3740271449294599e-05, "roll-in": 0.22829051728321506, "roll-out": 0.18849109016483062, "dsfb-red": 0.02117229657235773, "bad-redirect": 0.001280476360593837, "dsfb": 0.0, "sfR": 0.11369548401129392, "redirect": 0.039757036919232346, "sfb": 0.02426093418643853, "oneh-out": 0.005149385985273937, "unknown": 0.0, "sft": 0.0, "oneh-in": 0.011536565785788584}, "shai": {"alternate": 0.2756088540091088, "dsfb-alt": 0.04284884304191838, "sfT": 6.364887279762128e-05, "roll-in": 0.2505802245951785, "roll-out": 0.2158808369248147, "dsfb-red": 0.021230334065821102, "bad-redirect": 0.0021915609296783876, "dsfb": 0.0, "sfR": 0.09823378925716947, "redirect": 0.033164050683158114, "sfb": 0.01788235304135176, "oneh-out": 0.008025946756179417, "unknown": 0.015277366654353607, "sft": 0.0, "oneh-in": 0.019012191168470225}, "tr-quotes": {"alternate": 0.2528397401816879, "dsfb-alt": 0.03945701671251242, "sfT": 2.7738609833337187e-05, "roll-in": 0.244496197498902, "roll-out": 0.24263424331383926, "dsfb-red": 0.025526455699128547, "bad-redirect": 0.0017047687293405146, "dsfb": 0.0, "sfR": 0.09677191928064538, "redirect": 0.03826656804049837, "sfb": 0.014679503478883983, "oneh-out": 0.010015949700654168, "unknown": 0.009203439587619334, "sft": 0.0, "oneh-in": 0.024376459166454773}, "gutenberg": {"alternate": 0.2431536601269302, "dsfb-alt": 0.03962430140452216, "sfT": 3.353030969503331e-05, "roll-in": 0.23004615058784125, "roll-out": 0.2516271672040988, "dsfb-red": 0.029035164391341527, "bad-redirect": 0.0018314747691049833, "dsfb": 0.0, "sfR": 0.09863878308844841, "redirect": 0.034567854927799964, "sfb": 0.01650430040429597, "oneh-out": 0.011890757114392914, "unknown": 0.0289468868528224, "sft": 0.0, "oneh-in": 0.014099968818706352}, "english-200": {"alternate": 0.2739420935412027, "dsfb-alt": 0.035634743875278395, "sfT": 0.0, "roll-in": 0.24276169265033407, "roll-out": 0.24721603563474387, "dsfb-red": 0.026726057906458798, "bad-redirect": 0.0022271714922048997, "dsfb": 0.0, "sfR": 0.10690423162583519, "redirect": 0.0378619153674833, "sfb": 0.008908685968819599, "oneh-out": 0.008908685968819599, "unknown": 0.0, "sft": 0.0, "oneh-in": 0.008908685968819599}, "monkeyracer": {"alternate": 0.2528563273222078, "dsfb-alt": 0.03937469696732721, "sfT": 2.7370693025947417e-05, "roll-in": 0.2448181412953376, "roll-out": 0.24246426169510613, "dsfb-red": 0.025500688177424652, "bad-redirect": 0.0016744998983374258, "dsfb": 0.0, "sfR": 0.09690789370786869, "redirect": 0.038295509642304146, "sfb": 0.014623770273863334, "oneh-out": 0.009940449192173547, "unknown": 0.008749824045544833, "sft": 0.0, "oneh-in": 0.024766567089478705}, "chained-bigrams": {"alternate": 0.27274563034174854, "dsfb-alt": 0.05507467328611157, "sfT": 8.8954742813658e-05, "roll-in": 0.22527691221855076, "roll-out": 0.1998287134222318, "dsfb-red": 0.029218061838480264, "bad-redirect": 0.00265565619056833, "dsfb": 0.0, "sfR": 0.11914286586209158, "redirect": 0.04118344870395537, "sfb": 0.020125848235417104, "oneh-out": 0.008254610550292219, "unknown": 0.016449485068913954, "sft": 0.0, "oneh-in": 0.00995513953882485}, "english-5k": {"alternate": 0.321566350022815, "dsfb-alt": 0.0476210229393952, "sfT": 4.148172729912474e-05, "roll-in": 0.2532044634338574, "roll-out": 0.1715269423818808, "dsfb-red": 0.02128012610445099, "bad-redirect": 0.001410378728170241, "dsfb": 0.0, "sfR": 0.10644211224955408, "redirect": 0.03065499647405318, "sfb": 0.019828265648981623, "oneh-out": 0.0059733687310739615, "unknown": 0.0, "sft": 0.0, "oneh-in": 0.020450491558468495}, "mt-quotes": {"alternate": 0.24919765482124287, "dsfb-alt": 0.038738181470458155, "sfT": 1.792950120127658e-05, "roll-in": 0.24526063518246255, "roll-out": 0.24891377105222265, "dsfb-red": 0.02613075387576051, "bad-redirect": 0.0015553842292107434, "dsfb": 0.0, "sfR": 0.0964592223377679, "redirect": 0.038851734978066245, "sfb": 0.013669750540873287, "oneh-out": 0.010180968432124885, "unknown": 0.00519059059776957, "sft": 0.0, "oneh-in": 0.02583342298083934}, "wordle": {"alternate": 0.29101312689330194, "dsfb-alt": 0.0577583305284416, "sfT": 0.0, "roll-in": 0.21581958936385057, "roll-out": 0.20179513070795468, "dsfb-red": 0.018512285425782565, "bad-redirect": 0.0024683047234376754, "dsfb": 0.0, "sfR": 0.13138112868843263, "redirect": 0.039156288567261305, "sfb": 0.028565017390328733, "oneh-out": 0.008145405587344329, "unknown": 0.0, "sft": 0.0, "oneh-in": 0.005385392123864019}, "english-1k": {"alternate": 0.29322512350035285, "dsfb-alt": 0.04269583627381793, "sfT": 0.0, "roll-in": 0.24029640084685958, "roll-out": 0.2208892025405787, "dsfb-red": 0.022230063514467185, "bad-redirect": 0.0007057163020465773, "dsfb": 0.0, "sfR": 0.10832745236414962, "redirect": 0.035638673253352154, "sfb": 0.012702893436838392, "oneh-out": 0.011291460832745237, "unknown": 0.0, "sft": 0.0, "oneh-in": 0.011997177134791814}, "english-10k": {"alternate": 0.3072113621890739, "dsfb-alt": 0.0484552594508018, "sfT": 0.0, "roll-in": 0.2683854036008568, "roll-out": 0.171513479091488, "dsfb-red": 0.01970243723586963, "bad-redirect": 0.001640261669979352, "dsfb": 0.0, "sfR": 0.10567144593890508, "redirect": 0.032612261438413, "sfb": 0.020860269002913878, "oneh-out": 0.00563478126628201, "unknown": 0.0, "sft": 0.0, "oneh-in": 0.01831303911541653}, "reddit": {"alternate": 0.24344891380056588, "dsfb-alt": 0.04249382467720606, "sfT": 0.00013095111676468334, "roll-in": 0.23865031950237078, "roll-out": 0.22719610472868004, "dsfb-red": 0.022461150575617435, "bad-redirect": 0.0026425455908223342, "dsfb": 0.0, "sfR": 0.10397777127267367, "redirect": 0.037920574177196416, "sfb": 0.01805938011352218, "oneh-out": 0.009229356798155298, "unknown": 0.03416235953235918, "sft": 0.0, "oneh-in": 0.019626748114066065}, "akl": {"alternate": 0.20730246525289603, "dsfb-alt": 0.038776036778550675, "sfT": 0.00022800175315262208, "roll-in": 0.19726512539491087, "roll-out": 0.19768732890139895, "dsfb-red": 0.024138981448371007, "bad-redirect": 0.0032012651873615772, "dsfb": 0.0, "sfR": 0.13064861186637447, "redirect": 0.03478044688788355, "sfb": 0.02201832795107045, "oneh-out": 0.006258237977842865, "unknown": 0.12132969495771949, "sft": 0.0, "oneh-in": 0.016365475642467455}, "french": {"alternate": 0.21833024025789857, "dsfb-alt": 0.027232098025329284, "sfT": 6.466161428139545e-05, "roll-in": 0.24082073626656453, "roll-out": 0.13770108754512886, "dsfb-red": 0.0236940170463057, "bad-redirect": 0.002125503369168243, "dsfb": 0.0, "sfR": 0.10898279115633469, "redirect": 0.02893211718560234, "sfb": 0.03823492490346041, "oneh-out": 0.009505437081425228, "unknown": 0.14994695755044427, "sft": 0.0, "oneh-in": 0.014429427998056497}, "keymash": {"alternate": 0.25358252638406, "dsfb-alt": 0.04012101160447103, "sfT": 2.052435625356611e-05, "roll-in": 0.244679060641263, "roll-out": 0.24060702836055547, "dsfb-red": 0.025840164523239728, "bad-redirect": 0.0016747874702909944, "dsfb": 0.0, "sfR": 0.099723742164827, "redirect": 0.03780996909031948, "sfb": 0.014990989807604684, "oneh-out": 0.009937893297976709, "unknown": 0.0074831802900502025, "sft": 0.0, "oneh-in": 0.023529122009088185}, "movie": {"alternate": 0.21854716249398434, "dsfb-alt": 0.04056582333069129, "sfT": 4.7112026213236665e-05, "roll-in": 0.23724339901951713, "roll-out": 0.2430175173830875, "dsfb-red": 0.025710664517761696, "bad-redirect": 0.003103077033821566, "dsfb": 0.0, "sfR": 0.11567713207251198, "redirect": 0.03898493849577617, "sfb": 0.014303500673583536, "oneh-out": 0.009594140422000052, "unknown": 0.02041358831906001, "sft": 0.0, "oneh-in": 0.03279194421199148}, "dutch": {"alternate": 0.20524055074936554, "dsfb-alt": 0.03257863935323769, "sfT": 7.751482347724792e-05, "roll-in": 0.28531348891692226, "roll-out": 0.12756580251833702, "dsfb-red": 0.016088010649744206, "bad-redirect": 0.0015354497719185043, "dsfb": 0.0, "sfR": 0.18880787437283908, "redirect": 0.026883657727101846,