{"english-450k": {"alternate": 0.34090987492844826, "oneh-in": 0.008238023599354733, "unknown": 0.00015377410175167997, "roll-in": 0.17836509479910262, "sfT": 0.002637839772063514, "redirect": 0.027044654712825404, "sfb": 0.07662540102590129, "dsfb-red": 0.010981108003795823, "sfR": 0.11369548401129392, "oneh-out": 0.0036034592741277707, "bad-redirect": 0.005103487631709272, "dsfb": 0.0, "sft": 0.0, "roll-out": 0.16838439549529585, "dsfb-alt": 0.06425740264432986}, "shai": {"alternate": 0.30762092395637525, "oneh-in": 0.009923128262561103, "unknown": 0.023621906111313578, "roll-in": 0.18325470726859677, "sfT": 0.0010276825571202673, "redirect": 0.023960237896999442, "sfb": 0.06895024140513799, "dsfb-red": 0.012021857437052445, "sfR": 0.09823378925716947, "oneh-out": 0.005882479526311503, "bad-redirect": 0.002890065217936527, "dsfb": 0.0, "sft": 0.0, "roll-out": 0.2034355296716376, "dsfb-alt": 0.05917745143178807}, "tr-quotes": {"alternate": 0.2993180925082638, "oneh-in": 0.011213333025126558, "unknown": 0.01476965396084233, "roll-in": 0.17798132266937888, "sfT": 0.00093617808187513, "redirect": 0.02245787198631562, "sfb": 0.0743984188992395, "dsfb-red": 0.011732276184091906, "sfR": 0.09677191928064538, "oneh-out": 0.008661380920459536, "bad-redirect": 0.0023693395899308848, "dsfb": 0.0, "sft": 0.0, "roll-out": 0.219616976029218, "dsfb-alt": 0.059773236864612465}, "gutenberg": {"alternate": 0.2693455679181997, "oneh-in": 0.01187181343659911, "unknown": 0.03802431837805746, "roll-in": 0.19017974898111428, "sfT": 0.0011737502761041039, "redirect": 0.02024927606735311, "sfb": 0.06618125386687823, "dsfb-red": 0.01283396283174642, "sfR": 0.09863878308844841, "oneh-out": 0.008473128203612712, "bad-redirect": 0.0024353992171714588, "dsfb": 0.0, "sft": 0.0, "roll-out": 0.22358711420726582, "dsfb-alt": 0.0570058835274492}, "english-200": {"alternate": 0.31403118040089084, "oneh-in": 0.022271714922048998, "unknown": 0.0, "roll-in": 0.18262806236080179, "sfT": 0.0, "redirect": 0.022271714922048998, "sfb": 0.0757238307349666, "dsfb-red": 0.008908685968819599, "sfR": 0.10690423162583519, "oneh-out": 0.0066815144766146995, "bad-redirect": 0.0022271714922048997, "dsfb": 0.0, "sft": 0.0, "roll-out": 0.19599109131403117, "dsfb-alt": 0.062360801781737196}, "monkeyracer": {"alternate": 0.2992037083378951, "oneh-in": 0.011315826516727403, "unknown": 0.014352018393105714, "roll-in": 0.17835525595508078, "sfT": 0.0009266934638785054, "redirect": 0.022431260459514834, "sfb": 0.07431338661494909, "dsfb-red": 0.011730297011120322, "sfR": 0.09690789370786869, "oneh-out": 0.008702902857500352, "bad-redirect": 0.002356812174484258, "dsfb": 0.0, "sft": 0.0, "roll-out": 0.2200623269781191, "dsfb-alt": 0.059341617529755857}, "chained-bigrams": {"alternate": 0.31034037201263026, "oneh-in": 0.0074377852476675355, "unknown": 0.02365222201805197, "roll-in": 0.17451751791593972, "sfT": 0.0008492905372282091, "redirect": 0.023765850339164306, "sfb": 0.0643084353120461, "dsfb-red": 0.012498466017664984, "sfR": 0.11914286586209158, "oneh-out": 0.006783286118060475, "bad-redirect": 0.002914728762704458, "dsfb": 0.0, "sft": 0.0, "roll-out": 0.19655556846950442, "dsfb-alt": 0.05723361138724597}, "english-5k": {"alternate": 0.3432612934002572, "oneh-in": 0.009001534823910067, "unknown": 0.002157049819554486, "roll-in": 0.1863359190276683, "sfT": 0.0012859335462728667, "redirect": 0.029120172563985563, "sfb": 0.06442112249554072, "dsfb-red": 0.008918571369311817, "sfR": 0.10644211224955408, "oneh-out": 0.00472891691210022, "bad-redirect": 0.004645953457501971, "dsfb": 0.0, "sft": 0.0, "roll-out": 0.17667067656697225, "dsfb-alt": 0.06301074376737047}, "mt-quotes": {"alternate": 0.2990745389129941, "oneh-in": 0.01164072865492882, "unknown": 0.008869126594231481, "roll-in": 0.17984036767430464, "sfT": 0.0008979691851639354, "redirect": 0.021821697087053706, "sfb": 0.07492738552013482, "dsfb-red": 0.011926106549049138, "sfR": 0.0964592223377679, "oneh-out": 0.009058880481944993, "bad-redirect": 0.0022606112764609557, "dsfb": 0.0, "sft": 0.0, "roll-out": 0.22438173103357598, "dsfb-alt": 0.058841634692389524}, "wordle": {"alternate": 0.3003253674408168, "oneh-in": 0.01079322338157747, "unknown": 0.0, "roll-in": 0.18319308874677437, "sfT": 0.00197464377875014, "redirect": 0.036463592505329295, "sfb": 0.0773028161112981, "dsfb-red": 0.01736788959946146, "sfR": 0.13138112868843263, "oneh-out": 0.006260518343991922, "bad-redirect": 0.007113205430270391, "dsfb": 0.0, "sft": 0.0, "roll-out": 0.17403792213620553, "dsfb-alt": 0.05378660383709189}, "english-1k": {"alternate": 0.3260409315455187, "oneh-in": 0.010232886379675371, "unknown": 0.0, "roll-in": 0.19230769230769232, "sfT": 0.00035285815102328866, "redirect": 0.02893436838390967, "sfb": 0.05998588567395907, "dsfb-red": 0.012350035285815103, "sfR": 0.10832745236414962, "oneh-out": 0.007057163020465773, "bad-redirect": 0.003175723359209598, "dsfb": 0.0, "sft": 0.0, "roll-out": 0.1926605504587156, "dsfb-alt": 0.05857445306986592}, "english-10k": {"alternate": 0.33901314139055594, "oneh-in": 0.007950444800370507, "unknown": 0.0, "roll-in": 0.18758804345728566, "sfT": 0.001505181297157523, "redirect": 0.025974025974025976, "sfb": 0.07068562937805137, "dsfb-red": 0.012060747573377589, "sfR": 0.10567144593890508, "oneh-out": 0.004515543891472569, "bad-redirect": 0.004322571930298527, "dsfb": 0.0, "sft": 0.0, "roll-out": 0.17697458559271337, "dsfb-alt": 0.06373863877578588}, "reddit": {"alternate": 0.2883234942073047, "oneh-in": 0.011357836849367073, "unknown": 0.041217688064775854, "roll-in": 0.1712208700720325, "sfT": 0.0008606589845257807, "redirect": 0.023531196500278965, "sfb": 0.07459943510475059, "dsfb-red": 0.012261047455358724, "sfR": 0.10397777127267367, "oneh-out": 0.00790096709422431, "bad-redirect": 0.002860772480487965, "dsfb": 0.0, "sft": 0.0, "roll-out": 0.20226984432886336, "dsfb-alt": 0.05961841758535655}, "akl": {"alternate": 0.23611474141282962, "oneh-in": 0.010394636493479305, "unknown": 0.13295000147380848, "roll-in": 0.14902852302426092, "sfT": 0.0007840216331858479, "redirect": 0.023226826190147286, "sfb": 0.07456455383641981, "dsfb-red": 0.010568232106575353, "sfR": 0.13064861186637447, "oneh-out": 0.00630777672026495, "bad-redirect": 0.00280700597896795, "dsfb": 0.0, "sft": 0.0, "roll-out": 0.1659366517339684, "dsfb-alt": 0.05666841752971762}, "french": {"alternate": 0.24914987431061633, "oneh-in": 0.005469090122844033, "unknown": 0.15822382396052298, "roll-in": 0.19505426144683238, "sfT": 0.0005095622856670116, "redirect": 0.017382662953747633, "sfb": 0.050740355258040215, "dsfb-red": 0.006715579072846836, "sfR": 0.10898279115633469, "oneh-out": 0.0023969742799140456, "bad-redirect": 0.0054039490897357136, "dsfb": 0.0, "sft": 0.0, "roll-out": 0.14547651182592158, "dsfb-alt": 0.054494564236976545}, "keymash": {"alternate": 0.2980382820292842, "oneh-in": 0.011793295103299085, "unknown": 0.013394194891077241, "roll-in": 0.1806307545163846, "sfT": 0.0009810642289204599, "redirect": 0.02269172827394269, "sfb": 0.07309133749019962, "dsfb-red": 0.011255556969455653, "sfR": 0.099723742164827, "oneh-out": 0.008209742501426443, "bad-redirect": 0.0026106981154536088, "dsfb": 0.0, "sft": 0.0, "roll-out": 0.21833399695418554, "dsfb-alt": 0.059245606761543924}, "movie": {"alternate": 0.28333383121182265, "oneh-in": 0.01133583781566538, "unknown": 0.030451476652766863, "roll-in": 0.15469404884306417, "sfT": 0.0009804038974542267, "redirect": 0.022649435596609986, "sfb": 0.07897120494534149, "dsfb-red": 0.01170668052479639, "sfR": 0.11567713207251198, "oneh-out": 0.00817564731989816, "bad-redirect": 0.0024063980763554347, "dsfb": 0.0, "sft": 0.0, "roll-out": 0.21739291785176004, "dsfb-alt": 0.062224985191953214}, "dutch": {"alternate": 0.2591845741807537, "oneh-in": 0.006912141869591557, "unknown": 0.07325981014373002, "roll-in": 0.1782508503051588, "sfT": 0.008536402865355263, "redirect": 0.016557994697433805, "sfb": 0.07232043376456057,