{"monkeyracer": {"oneh-out": 0.013976648888749863, "dsfb-alt": 0.028891721538389353, "bad-redirect": 0.01761988363545365, "sfb": 0.023323740557110905, "roll-out": 0.171885019628697, "oneh-in": 0.02583793421649436, "sft": 0.0, "unknown": 0.013436077701487402, "dsfb-red": 0.023214257785007117, "dsfb": 0.0, "sfT": 2.6393168275020725e-05, "sfR": 0.09690789370786869, "alternate": 0.24802833257738086, "roll-in": 0.29877164239798554, "redirect": 0.03808045419710027}}