{"english-450k": {"alternate": 0.2296110450733526, "sft": 0.0, "dsfb": 0.0, "sfb": 0.044376983934406866, "dsfb-alt": 0.03399109279594644, "oneh-in": 0.010574162091935863, "roll-out": 0.17872614235739792, "sfR": 0.11369548401129392, "sfT": 6.285443322549657e-05, "unknown": 0.00015377410175167997, "roll-in": 0.29326095231190297, "bad-redirect": 0.002684907510432374, "dsfb-red": 0.032265080824954204, "redirect": 0.054340727158552794, "oneh-out": 0.006256793394846872}, "shai": {"alternate": 0.21469755619291728, "sft": 0.0, "dsfb": 0.0, "sfb": 0.02407451558737479, "dsfb-alt": 0.032757862890303635, "oneh-in": 0.010733386734653752, "roll-out": 0.16363020194554614, "sfR": 0.09823378925716947, "sfT": 6.220521031336997e-05, "unknown": 0.023621906111313578, "roll-in": 0.3411881396431112, "bad-redirect": 0.0023338642502104727, "dsfb-red": 0.0299112275295676, "redirect": 0.04875356193722321, "oneh-out": 0.010001782710295566}, "tr-quotes": {"alternate": 0.21860798409653037, "sft": 0.0, "dsfb": 0.0, "sfb": 0.021519382353621046, "dsfb-alt": 0.0322160837706017, "oneh-in": 0.0120778530315989, "roll-out": 0.16145604586116827, "sfR": 0.09677191928064538, "sfT": 1.733663114583574e-05, "unknown": 0.01476965396084233, "roll-in": 0.3438697672268325, "bad-redirect": 0.00280853424562539, "dsfb-red": 0.030566792260927858, "redirect": 0.051563764129354386, "oneh-out": 0.013754883151106076}, "gutenberg": {"alternate": 0.19844885377488772, "sft": 0.0, "dsfb": 0.0, "sfb": 0.020442122707294036, "dsfb-alt": 0.02797678111300169, "oneh-in": 0.00958739533144427, "roll-out": 0.1593222027860088, "sfR": 0.09863878308844841, "sfT": 3.788735558760826e-05, "unknown": 0.03802431837805746, "roll-in": 0.35577571897887517, "bad-redirect": 0.0024814323542104028, "dsfb-red": 0.032931121166415285, "redirect": 0.04556655425488264, "oneh-out": 0.010766828710886515}, "english-200": {"alternate": 0.21380846325167038, "sft": 0.0, "dsfb": 0.0, "sfb": 0.015590200445434299, "dsfb-alt": 0.0200445434298441, "oneh-in": 0.011135857461024499, "roll-out": 0.16481069042316257, "sfR": 0.10690423162583519, "sfT": 0.0, "unknown": 0.0, "roll-in": 0.37193763919821826, "bad-redirect": 0.0, "dsfb-red": 0.0378619153674833, "redirect": 0.044543429844097995, "oneh-out": 0.013363028953229399}, "monkeyracer": {"alternate": 0.2185139277726512, "sft": 0.0, "dsfb": 0.0, "sfb": 0.021434185213569608, "dsfb-alt": 0.03214003628571875, "oneh-in": 0.012196576317312354, "roll-out": 0.16131797707117945, "sfR": 0.09690789370786869, "sfT": 1.8572970267607176e-05, "unknown": 0.014352018393105714, "roll-in": 0.3440584090589174, "bad-redirect": 0.002872945242973552, "dsfb-red": 0.030614120149522184, "redirect": 0.05167195833398502, "oneh-out": 0.013901379482928508}, "chained-bigrams": {"alternate": 0.23653195975090074, "sft": 0.0, "dsfb": 0.0, "sfb": 0.02535404961596874, "dsfb-alt": 0.04260542597958976, "oneh-in": 0.02076216683364619, "roll-out": 0.13813243088638533, "sfR": 0.11914286586209158, "sfT": 9.869431319471544e-05, "unknown": 0.02365222201805197, "roll-in": 0.29419086571145286, "bad-redirect": 0.002430996767111938, "dsfb-red": 0.03286650490322438, "redirect": 0.0571823163165724, "oneh-out": 0.0070495010418093786}, "english-5k": {"alternate": 0.2195213008669681, "sft": 0.0, "dsfb": 0.0, "sfb": 0.029369062927780312, "dsfb-alt": 0.03459576056747003, "oneh-in": 0.009955614551789936, "roll-out": 0.17646326793047662, "sfR": 0.10644211224955408, "sfT": 4.148172729912474e-05, "unknown": 0.002157049819554486, "roll-in": 0.33782718712407184, "bad-redirect": 0.00029037209109387317, "dsfb-red": 0.030032770564566307, "redirect": 0.04513211930144771, "oneh-out": 0.008171900277927573}, "mt-quotes": {"alternate": 0.22030575776048578, "sft": 0.0, "dsfb": 0.0, "sfb": 0.020175171226736472, "dsfb-alt": 0.03220287828259284, "oneh-in": 0.012039660056657223, "roll-out": 0.1604003059968205, "sfR": 0.0964592223377679, "sfT": 1.1953000800851053e-05, "unknown": 0.008869126594231481, "roll-in": 0.3492741540263683, "bad-redirect": 0.003103297832920955, "dsfb-red": 0.030547387671674975, "redirect": 0.052180824996115274, "oneh-out": 0.014430260216827435}, "wordle": {"alternate": 0.19964097385840907, "sft": 0.0, "dsfb": 0.0, "sfb": 0.04321777179400875, "dsfb-alt": 0.04182654549534388, "oneh-in": 0.00783125771345226, "roll-out": 0.21321664983731628, "sfR": 0.13138112868843263, "sfT": 4.4878267698866824e-05, "unknown": 0.0, "roll-in": 0.2516548861213957, "bad-redirect": 0.003208796140468978, "dsfb-red": 0.042185571636934815, "redirect": 0.05623246942668013, "oneh-out": 0.009559071019858633}, "english-1k": {"alternate": 0.19124911785462245, "sft": 0.0, "dsfb": 0.0, "sfb": 0.022230063514467185, "dsfb-alt": 0.02858151023288638, "oneh-in": 0.0077628793225123505, "roll-out": 0.1993648553281581, "sfR": 0.10832745236414962, "sfT": 0.0, "unknown": 0.0, "roll-in": 0.3394495412844037, "bad-redirect": 0.0, "dsfb-red": 0.03987297106563162, "redirect": 0.04904728299223712, "oneh-out": 0.014114326040931546}, "english-10k": {"alternate": 0.21973717218888095, "sft": 0.0, "dsfb": 0.0, "sfb": 0.02931244090233689, "dsfb-alt": 0.03438760348121418, "oneh-in": 0.009011790586827734, "roll-out": 0.1798884622064414, "sfR": 0.10567144593890508, "sfT": 5.789158835221242e-05, "unknown": 0.0, "roll-in": 0.3355975376777754, "bad-redirect": 0.003164740163254279, "dsfb-red": 0.029331738098454293, "redirect": 0.0461202987205959, "oneh-out": 0.007718878446961656}, "reddit": {"alternate": 0.21826816773504573, "sft": 0.0, "dsfb": 0.0, "sfb": 0.02179186151544828, "dsfb-alt": 0.03529016478827104, "oneh-in": 0.010878606704090368, "roll-out": 0.15685014618691961, "sfR": 0.10397777127267367, "sfT": 0.0001160805236995863, "unknown": 0.041217688064775854, "roll-in": 0.32214589025689605, "bad-redirect": 0.0019154597419895917, "dsfb-red": 0.026724890469841445, "redirect": 0.04921604443348191, "oneh-out": 0.01160722830686686}, "akl": {"alternate": 0.20370137009351746, "sft": 0.0, "dsfb": 0.0, "sfb": 0.028558927973348767, "dsfb-alt": 0.0353432903730154, "oneh-in": 0.00986689624434559, "roll-out": 0.15322575349071943, "sfR": 0.11790358951788564, "sfT": 0.0002453388408185842, "unknown": 0.06692211644153111, "roll-in": 0.3001878081217317, "bad-redirect": 0.0015641590187239383, "dsfb-red": 0.028076242390314022, "redirect": 0.044453539328745496, "oneh-out": 0.009950968165302868}, "french": {"alternate": 0.15786631235218263, "sft": 0.0, "dsfb": 0.0, "sfb": 0.052023684548524476, "dsfb-alt": 0.02848618276737117, "oneh-in": 0.013113093717706178, "roll-out": 0.15252599112988274, "sfR": 0.10898279115633469, "sfT": 3.134200581016666e-05, "unknown": 0.15822382396052298, "roll-in": 0.25169337096950906, "bad-redirect": 0.002952306081713973, "dsfb-red": 0.020322069672649677, "redirect": 0.04091769273157461, "oneh-out": 0.012861338906217632}, "keymash": {"alternate": 0.21527176300115347, "sft": 0.0, "dsfb": 0.0, "sfb": 0.022084207328837133, "dsfb-alt": 0.031541830690480395, "oneh-in": 0.012216096842122546, "roll-out": 0.16064413639666192, "sfR": 0.099723742164827, "sfT": 2.462922750427933e-05, "unknown": 0.013394194891077241, "roll-in": 0.34650039201520444, "bad-redirect": 0.002820046549239983, "dsfb-red": 0.031648557342998936, "redirect": 0.05060485277879259, "oneh-out": 0.013525550771100065}, "movie": {"alternate": 0.22032228573865012, "sft": 0.0, "dsfb": 0.0, "sfb": 0.018540951076003148, "dsfb-alt": 0.037973082714900255, "oneh-in": 0.014130449515844972, "roll-out": 0.15382089718405628, "sfR": 0.11567713207251198, "sfT": 1.9081686594746693e-05, "unknown": 0.030451476652766863, "roll-in": 0.3129922992892796, "bad-redirect": 0.003200985825728404, "dsfb-red": 0.029306049065727726, "redirect": 0.04809203531717514, "oneh-out": 0.015473273860760802}, "dutch": {"alternate": 0.18604701619211683, "sft": 0.0, "dsfb": 0.0, "sfb": 0.03818023740299844, "dsfb-alt": 0.018278149580765478, "oneh-in": 0.008061595434016489, "roll-out": 0.1376611265652642, "sfR": 0.18880787437283908, "sfT": 7.152593820280869e-05,