{"english-450k": {"dsfb": 0.0, "oneh-out": 0.006298306555395805, "dsfb-red": 0.01692918381033514, "sfb": 0.018539719031913097, "oneh-in": 0.006982396665850046, "dsfb-alt": 0.04238055172744447, "alternate": 0.35547105451028793, "bad-redirect": 0.0058165200160673475, "sfT": 5.262231618878782e-06, "sft": 0.0, "unknown": 0.00015377410175167997, "roll-out": 0.1705983332758386, "sfR": 0.11369548401129392, "redirect": 0.03473657560862094, "roll-in": 0.22839283845358216}, "shai": {"dsfb": 0.0, "oneh-out": 0.01538515366916303, "dsfb-red": 0.014518963919429854, "sfb": 0.012016833646423603, "oneh-in": 0.004690467152150105, "dsfb-alt": 0.03722217431516212, "alternate": 0.322344148700487, "bad-redirect": 0.008951446650439848, "sfT": 3.0475598930280932e-05, "sft": 0.0, "unknown": 0.023260762136131256, "roll-out": 0.1825223988298361, "sfR": 0.09823378925716947, "redirect": 0.02888825138955417, "roll-in": 0.25193513473512313}, "tr-quotes": {"dsfb": 0.0, "oneh-out": 0.026670673354753704, "dsfb-red": 0.014347795936293659, "sfb": 0.009294745844987401, "oneh-in": 0.004319132706132545, "dsfb-alt": 0.034832759298213174, "alternate": 0.3263204734056078, "bad-redirect": 0.008785048889299832, "sfT": 3.4673262291671484e-06, "sft": 0.0, "unknown": 0.013835787429786644, "roll-out": 0.18416472111139365, "sfR": 0.09677191928064538, "redirect": 0.02999699498393472, "roll-in": 0.2506564804327223}, "gutenberg": {"dsfb": 0.0, "oneh-out": 0.0161688078705677, "dsfb-red": 0.010618499713761028, "sfb": 0.012211663016219955, "oneh-in": 0.004982566133326362, "dsfb-alt": 0.04062017054614244, "alternate": 0.299799992649853, "bad-redirect": 0.00839204926265523, "sfT": 1.6670436458547633e-05, "sft": 0.0, "unknown": 0.032975828246008664, "roll-out": 0.18805370002231564, "sfR": 0.09863878308844841, "redirect": 0.02547185859832697, "roll-in": 0.262049410415916}, "english-200": {"dsfb": 0.0, "oneh-out": 0.0200445434298441, "dsfb-red": 0.022271714922048998, "sfb": 0.004454342984409799, "oneh-in": 0.004454342984409799, "dsfb-alt": 0.0378619153674833, "alternate": 0.31625835189309576, "bad-redirect": 0.0066815144766146995, "sfT": 0.0, "sft": 0.0, "unknown": 0.0, "roll-out": 0.1714922048997773, "sfR": 0.10690423162583519, "redirect": 0.0334075723830735, "roll-in": 0.27616926503340755}, "monkeyracer": {"dsfb": 0.0, "oneh-out": 0.027309108966639035, "dsfb-red": 0.014354950967358494, "sfb": 0.009192642757714625, "oneh-in": 0.004348030092121933, "dsfb-alt": 0.0348077013309977, "alternate": 0.32609150413688476, "bad-redirect": 0.008754711669299467, "sfT": 4.887623754633467e-06, "sft": 0.0, "unknown": 0.013436077701487402, "roll-out": 0.1847863912914275, "sfR": 0.09690789370786869, "redirect": 0.02996797628915964, "roll-in": 0.25003812346528614}, "chained-bigrams": {"dsfb": 0.0, "oneh-out": 0.00817604468255169, "dsfb-red": 0.021637429558557218, "sfb": 0.014880764932871634, "oneh-in": 0.014425602343730217, "dsfb-alt": 0.04873161574927489, "alternate": 0.3170262624268802, "bad-redirect": 0.006309942997541083, "sfT": 3.636106275594779e-05, "sft": 0.0, "unknown": 0.022916559801936097, "roll-out": 0.16356374776071045, "sfR": 0.11914286586209158, "redirect": 0.037351901716047374, "roll-in": 0.22580090110505166}, "english-5k": {"dsfb": 0.0, "oneh-out": 0.006180777367569586, "dsfb-red": 0.01601194673746215, "sfb": 0.012485999917036545, "oneh-in": 0.006595594640560833, "dsfb-alt": 0.038909860206579, "alternate": 0.34521093458331603, "bad-redirect": 0.006678558095159082, "sfT": 0.0, "sft": 0.0, "unknown": 0.002157049819554486, "roll-out": 0.17397436429252913, "sfR": 0.10644211224955408, "redirect": 0.03173352138383042, "roll-in": 0.25361928070684864}, "mt-quotes": {"dsfb": 0.0, "oneh-out": 0.029250487084782634, "dsfb-red": 0.014109023320304562, "sfb": 0.008550877947908823, "oneh-in": 0.004201479781499145, "dsfb-alt": 0.034671172947968586, "alternate": 0.3281024013578609, "bad-redirect": 0.008888550220532865, "sfT": 1.4941251001063816e-06, "sft": 0.0, "unknown": 0.007977133909467972, "roll-out": 0.18514002940438198, "sfR": 0.0964592223377679, "redirect": 0.029997549634835825, "roll-in": 0.2526505779275887}, "wordle": {"dsfb": 0.0, "oneh-out": 0.010748345113878604, "dsfb-red": 0.020329855267586672, "sfb": 0.023605968809603948, "oneh-in": 0.0046000224391338496, "dsfb-alt": 0.04864804218557164, "alternate": 0.3115898126332324, "bad-redirect": 0.009177605744418265, "sfT": 0.0, "sft": 0.0, "unknown": 0.0, "roll-out": 0.2030966004712218, "sfR": 0.13138112868843263, "redirect": 0.03729384045775833, "roll-in": 0.1995287781891619}, "english-1k": {"dsfb": 0.0, "oneh-out": 0.01058574453069866, "dsfb-red": 0.015525758645024701, "sfb": 0.011291460832745237, "oneh-in": 0.004940014114326041, "dsfb-alt": 0.03881439661256175, "alternate": 0.30910374029640086, "bad-redirect": 0.004940014114326041, "sfT": 0.0, "sft": 0.0, "unknown": 0.0, "roll-out": 0.19477769936485534, "sfR": 0.10832745236414962, "redirect": 0.034227240649259, "roll-in": 0.2674664784756528}, "english-10k": {"dsfb": 0.0, "oneh-out": 0.006097913973099708, "dsfb-red": 0.015013218579340421, "sfb": 0.01379749522394396, "oneh-in": 0.005576889677929797, "dsfb-alt": 0.041604754829123326, "alternate": 0.34553559367823855, "bad-redirect": 0.009571409274232454, "sfT": 0.0, "sft": 0.0, "unknown": 0.0, "roll-out": 0.1813357519152467, "sfR": 0.10567144593890508, "redirect": 0.031994751162656064, "roll-in": 0.24380077574728393}, "reddit": {"dsfb": 0.0, "oneh-out": 0.021567641439660695, "dsfb-red": 0.015278916327068393, "sfb": 0.010984536268795897, "oneh-in": 0.004742745295021142, "dsfb-alt": 0.03554727247290284, "alternate": 0.31541569207159537, "bad-redirect": 0.0090293342113351, "sfT": 6.877181074941608e-05, "sft": 0.0, "unknown": 0.039285409944231534, "roll-out": 0.1765909521243691, "sfR": 0.10397777127267367, "redirect": 0.02746519878555575, "roll-in": 0.2400457579760411}, "akl": {"dsfb": 0.0, "oneh-out": 0.01972558600440838, "dsfb-red": 0.014806302405287545, "sfb": 0.017713398880790095, "oneh-in": 0.004801774243031338, "dsfb-alt": 0.0293355831746467, "alternate": 0.26987034166883, "bad-redirect": 0.008028957705106515, "sfT": 0.0001494315781390397, "sft": 0.0, "unknown": 0.13277008071454782, "roll-out": 0.14654627376868243, "sfR": 0.13064861186637447, "redirect": 0.021381687165040582, "roll-in": 0.20422197082511506}, "french": {"dsfb": 0.0, "oneh-out": 0.012840169568641263, "dsfb-red": 0.012703819857896365, "sfb": 0.04765859111121838, "oneh-in": 0.0006399941702670646, "dsfb-alt": 0.03541829434976597, "alternate": 0.2493649985273602, "bad-redirect": 0.006330680664018447, "sfT": 3.856325189071174e-05, "sft": 0.0, "unknown": 0.15807953387545715, "roll-out": 0.19179410855087975, "sfR": 0.10898279115633469, "redirect": 0.019440403468097816, "roll-in": 0.1567080514481722}, "keymash": {"dsfb": 0.0, "oneh-out": 0.025852479136991867, "dsfb-red": 0.0143752591199977, "sfb": 0.009999466366737408, "oneh-in": 0.004425051208268853, "dsfb-alt": 0.03523210994487158, "alternate": 0.32278244592858346, "bad-redirect": 0.008763900120272727, "sfT": 0.0, "sft": 0.0, "unknown": 0.01232282349464109, "roll-out": 0.18708771699375648, "sfR": 0.099723742164827, "redirect": 0.029739792211417287, "roll-in": 0.24969521330963454}, "movie": {"dsfb": 0.0, "oneh-out": 0.039032840109020916, "dsfb-red": 0.01540563257172839, "sfb": 0.00831316706121892, "oneh-in": 0.0030707039655297886, "dsfb-alt": 0.039171807426566105, "alternate": 0.31114966635341995, "bad-redirect": 0.009317126971779765, "sfT": 4.737522189040558e-06, "sft": 0.0, "unknown": 0.030236445784519856, "roll-out": 0.17758154492967346, "sfR": 0.11567713207251198, "redirect": 0.025234806733440286, "roll-in": 0.22580438849840154}, "dutch": {"dsfb": 0.0, "oneh-out": 0.004624620795080823, "dsfb-red": 0.011551412123562251, "sfb": 0.023101084960083722, "oneh-in": 0.002694299072522496, "dsfb-alt": 0.038502346190633245, "alternate": 0.2642712177508838, "bad-redirect": 0.005888185934016327, "sfT": 2.748790756202199e-05, "sft": 0.0, "unknown": 0.07290361491625476,