{"english-450k": {"roll-out": 0.22611575389361288, "bad-redirect": 0.012735769902490849, "sfb": 0.08755242498250308, "dsfb-alt": 0.03552444862044751, "dsfb": 0.0, "sfT": 0.0036461418194808984, "unknown": 0.00015377410175167997, "roll-in": 0.19404157513794357, "oneh-in": 0.015618595791033274, "sft": 0.0, "oneh-out": 0.026351794216339697, "sfR": 0.11369548401129392, "dsfb-red": 0.03523999576682701, "alternate": 0.18336304545223325, "redirect": 0.06596119630404239}, "shai": {"roll-out": 0.21099697705590698, "bad-redirect": 0.011151363792728151, "sfb": 0.0818383582592821, "dsfb-alt": 0.027947455639696524, "dsfb": 0.0, "sfT": 0.003974294447697308, "unknown": 0.023260762136131256, "roll-in": 0.21372136168412945, "oneh-in": 0.01884399094262413, "sft": 0.0, "oneh-out": 0.02129425386723507, "sfR": 0.09823378925716947, "dsfb-red": 0.029310257543194537, "alternate": 0.20352937547393155, "redirect": 0.0558977599002735}, "tr-quotes": {"roll-out": 0.20973509627609163, "bad-redirect": 0.010361526548161162, "sfb": 0.08263794179515037, "dsfb-alt": 0.026670673354753704, "dsfb": 0.0, "sfT": 0.0027981322669378885, "unknown": 0.013835787429786644, "roll-in": 0.22062712373731536, "oneh-in": 0.019117681052217932, "sft": 0.0, "oneh-out": 0.019673609024294398, "sfR": 0.09677191928064538, "dsfb-red": 0.025457109174545203, "alternate": 0.2172464806638774, "redirect": 0.05506691939622293}, "gutenberg": {"roll-out": 0.20201935816546393, "bad-redirect": 0.014249434436499467, "sfb": 0.07720950533131925, "dsfb-alt": 0.025600107296991022, "dsfb": 0.0, "sfT": 0.003299420361346865, "unknown": 0.032975828246008664, "roll-in": 0.23035910014499492, "oneh-in": 0.019636448090723548, "sft": 0.0, "oneh-out": 0.018295046266144276, "sfR": 0.09863878308844841, "dsfb-red": 0.026013647783229767, "alternate": 0.20204815255571051, "redirect": 0.049655168233119384}, "english-200": {"roll-out": 0.22048997772828507, "bad-redirect": 0.008908685968819599, "sfb": 0.0779510022271715, "dsfb-alt": 0.0378619153674833, "dsfb": 0.0, "sfT": 0.0, "unknown": 0.0, "roll-in": 0.22939866369710468, "oneh-in": 0.026726057906458798, "sft": 0.0, "oneh-out": 0.022271714922048998, "sfR": 0.10690423162583519, "dsfb-red": 0.028953229398663696, "alternate": 0.1915367483296214, "redirect": 0.04899777282850779}, "monkeyracer": {"roll-out": 0.20964680075699516, "bad-redirect": 0.01035589721131739, "sfb": 0.082728897195677, "dsfb-alt": 0.026750942333859894, "dsfb": 0.0, "sfT": 0.0027165412828252813, "unknown": 0.013436077701487402, "roll-in": 0.2209596946994698, "oneh-in": 0.019114518979620566, "sft": 0.0, "oneh-out": 0.019675618186652487, "sfR": 0.09690789370786869, "dsfb-red": 0.025488957880413533, "alternate": 0.21723043777468445, "redirect": 0.05498772228912836}, "chained-bigrams": {"roll-out": 0.19704839073078595, "bad-redirect": 0.012352372461949122, "sfb": 0.08519916447472224, "dsfb-alt": 0.0402737728303646, "dsfb": 0.0, "sfT": 0.002232309531338366, "unknown": 0.022916559801936097, "roll-in": 0.19943783199760537, "oneh-in": 0.021461467987006114, "sft": 0.0, "oneh-out": 0.016317676216423643, "sfR": 0.11914286586209158, "dsfb-red": 0.03325738632785082, "alternate": 0.19485568878566387, "redirect": 0.05550451299226224}, "english-5k": {"roll-out": 0.2324221180569959, "bad-redirect": 0.00954079727879869, "sfb": 0.09449537478740615, "dsfb-alt": 0.03546687684075165, "dsfb": 0.0, "sfT": 0.0059733687310739615, "unknown": 0.002157049819554486, "roll-in": 0.18189737420666197, "oneh-in": 0.016675654374248144, "sft": 0.0, "oneh-out": 0.027046086199029328, "sfR": 0.10644211224955408, "dsfb-red": 0.034720205749367405, "alternate": 0.19239225121334053, "redirect": 0.06077073049321774}, "mt-quotes": {"roll-out": 0.20937025615280716, "bad-redirect": 0.010275098313431588, "sfb": 0.08346332221704258, "dsfb-alt": 0.026099377248658275, "dsfb": 0.0, "sfT": 0.002599777674185104, "unknown": 0.007977133909467972, "roll-in": 0.22569058462126917, "oneh-in": 0.01930857866867477, "sft": 0.0, "oneh-out": 0.019162154408864346, "sfR": 0.0964592223377679, "dsfb-red": 0.024910053668973597, "alternate": 0.22012795687357312, "redirect": 0.05455648390528442}, "wordle": {"roll-out": 0.1977785257489061, "bad-redirect": 0.01512397621451812, "sfb": 0.0861662739818243, "dsfb-alt": 0.036934814316167394, "dsfb": 0.0, "sfT": 0.0034556266128127453, "unknown": 0.0, "roll-in": 0.21768203747335352, "oneh-in": 0.02104790755076854, "sft": 0.0, "oneh-out": 0.01730057219791316, "sfR": 0.13138112868843263, "dsfb-red": 0.03700213171771569, "alternate": 0.17143498260967127, "redirect": 0.06469202288791652}, "english-1k": {"roll-out": 0.20783345095271702, "bad-redirect": 0.014467184191954835, "sfb": 0.08151023288637968, "dsfb-alt": 0.034227240649259, "dsfb": 0.0, "sfT": 0.0038814396612561752, "unknown": 0.0, "roll-in": 0.21347918136908964, "oneh-in": 0.019407198306280876, "sft": 0.0, "oneh-out": 0.021877205363443897, "sfR": 0.10832745236414962, "dsfb-red": 0.032462949894142556, "alternate": 0.20465772759350742, "redirect": 0.05786873676781934}, "english-10k": {"roll-out": 0.22772621138148627, "bad-redirect": 0.01225371953455163, "sfb": 0.08865131896335463, "dsfb-alt": 0.03236139788888674, "dsfb": 0.0, "sfT": 0.005461106501225372, "unknown": 0.0, "roll-in": 0.19642615927905677, "oneh-in": 0.01802358117365547, "sft": 0.0, "oneh-out": 0.02460392504969028, "sfR": 0.10567144593890508, "dsfb-red": 0.03485073618803188, "alternate": 0.1905791088554833, "redirect": 0.06339128924567261}, "reddit": {"roll-out": 0.2016548685179244, "bad-redirect": 0.009532799302992454, "sfb": 0.08337709295637691, "dsfb-alt": 0.027874833056991268, "dsfb": 0.0, "sfT": 0.003113010701395682, "unknown": 0.039285409944231534, "roll-in": 0.21111885855275417, "oneh-in": 0.01901990056180501, "sft": 0.0, "oneh-out": 0.01982081497217757, "sfR": 0.10397777127267367, "dsfb-red": 0.028188463978235746, "alternate": 0.19800423156397623, "redirect": 0.05503194461846534}, "akl": {"roll-out": 0.1678609045013372, "bad-redirect": 0.007179164434849549, "sfb": 0.07462867006414316, "dsfb-alt": 0.02766984604915434, "dsfb": 0.0, "sfT": 0.0023296798119593343, "unknown": 0.13277008071454782, "roll-in": 0.18315819637765304, "oneh-in": 0.017877259698617164, "sft": 0.0, "oneh-out": 0.016174708245838568, "sfR": 0.13064861186637447, "dsfb-red": 0.027282529676980468, "alternate": 0.159976362731122, "redirect": 0.052443985827422886}, "french": {"roll-out": 0.17197478442745173, "bad-redirect": 0.011179792352619499, "sfb": 0.0870150264692378, "dsfb-alt": 0.030025461784079558, "dsfb": 0.0, "sfT": 0.006371745882912169, "unknown": 0.15807953387545715, "roll-in": 0.15332100238146806, "oneh-in": 0.01842730159577703, "sft": 0.0, "oneh-out": 0.012689467256765322, "sfR": 0.10898279115633469, "dsfb-red": 0.02604868261474369, "alternate": 0.1569338577156535, "redirect": 0.058950552487499794}, "keymash": {"roll-out": 0.21163484707302155, "bad-redirect": 0.010159556345515222, "sfb": 0.08114099001284825, "dsfb-alt": 0.026094666540783948, "dsfb": 0.0, "sfT": 0.0029596121717642325, "unknown": 0.01232282349464109, "roll-in": 0.21967218498191804, "oneh-in": 0.019198482839585737, "sft": 0.0, "oneh-out": 0.01929289487835214, "sfR": 0.099723742164827, "dsfb-red": 0.026546202378362402, "alternate": 0.21623640774507108, "redirect": 0.055017589373309306}, "movie": {"roll-out": 0.20157498925174652, "bad-redirect": 0.009165131468214714, "sfb": 0.0750901214898086, "dsfb-alt": 0.028733598467885323, "dsfb": 0.0, "sfT": 0.0020372661391260248, "unknown": 0.030236445784519856, "roll-in": 0.21154523629642097, "oneh-in": 0.018365794352847232, "sft": 0.0, "oneh-out": 0.016216670050924416, "sfR": 0.11567713207251198, "dsfb-red": 0.022242140286191082, "alternate": 0.21539578905340226, "redirect": 0.05371968528640098}, "dutch": {"roll-out": 0.16482515019102212, "bad-redirect": 0.010728872799627068, "sfb": 0.11862948914916194, "dsfb-alt": 0.028999903855081312, "dsfb": 0.0, "sfT": 0.005161020504616301, "unknown": 0.07290361491625476, "roll-in": 0.14848836770206364,