{"english-450k": {"roll-out": 0.0, "sfR": 0.11369548401129392, "dsfb": 0.0, "roll-in": 0.0, "dsfb-red": 0.0021244798430217838, "oneh-in": 0.0007127400381570262, "sfT": 0.0, "dsfb-alt": 0.0, "alternate": 0.0, "sft": 0.0, "oneh-out": 9.325843813457397e-05, "unknown": 0.8785585110457165, "redirect": 0.0035408971871033227, "bad-redirect": 9.062732232513457e-06, "sfb": 0.0012655667043403472}, "shai": {"roll-out": 0.0, "sfR": 0.09823378925716947, "dsfb": 0.0, "roll-in": 0.0, "dsfb-red": 0.003204791380320922, "oneh-in": 0.009183346064398029, "sfT": 0.0, "dsfb-alt": 0.0, "alternate": 0.0, "sft": 0.0, "oneh-out": 6.022743141403373e-05, "unknown": 0.8857024466866669, "redirect": 0.0025219699885404936, "bad-redirect": 7.109940974717561e-06, "sfb": 0.0010863192505154611}, "tr-quotes": {"roll-out": 0.0, "sfR": 0.09677191928064538, "dsfb": 0.0, "roll-in": 0.0, "dsfb-red": 0.003290492591479624, "oneh-in": 0.017557384249092717, "sfT": 0.0, "dsfb-alt": 0.0, "alternate": 0.0, "sft": 0.0, "oneh-out": 9.477358359723538e-05, "unknown": 0.8787140842791429, "redirect": 0.0029171771341392943, "bad-redirect": 0.0, "sfb": 0.0006541688819028687}, "gutenberg": {"roll-out": 0.0, "sfR": 0.09863878308844841, "dsfb": 0.0, "roll-in": 0.0, "dsfb-red": 0.003381257049416099, "oneh-in": 0.007462104119757384, "sfT": 0.0, "dsfb-alt": 0.0, "alternate": 0.0, "sft": 0.0, "oneh-out": 0.00015211773268424716, "unknown": 0.8873917700328445, "redirect": 0.002444871056068361, "bad-redirect": 0.0, "sfb": 0.0005290969207809494}, "english-200": {"roll-out": 0.0, "sfR": 0.10690423162583519, "dsfb": 0.0, "roll-in": 0.0, "dsfb-red": 0.004454342984409799, "oneh-in": 0.004454342984409799, "sfT": 0.0, "dsfb-alt": 0.0, "alternate": 0.0, "sft": 0.0, "oneh-out": 0.0, "unknown": 0.8752783964365256, "redirect": 0.0066815144766146995, "bad-redirect": 0.0, "sfb": 0.0022271714922048997}, "monkeyracer": {"roll-out": 0.0, "sfR": 0.09690789370786869, "dsfb": 0.0, "roll-in": 0.0, "dsfb-red": 0.00327568544035535, "oneh-in": 0.01802751145659008, "sfT": 0.0, "dsfb-alt": 0.0, "alternate": 0.0, "sft": 0.0, "oneh-out": 0.00010068504934544943, "unknown": 0.8781241691039617, "redirect": 0.0029227990052708135, "bad-redirect": 0.0, "sfb": 0.0006412562366079109}, "chained-bigrams": {"roll-out": 0.0, "sfR": 0.11914286586209158, "dsfb": 0.0, "roll-in": 0.0, "dsfb-red": 0.0013680849861925357, "oneh-in": 0.0027231838785436615, "sfT": 0.0, "dsfb-alt": 0.0, "alternate": 0.0, "sft": 0.0, "oneh-out": 8.051378181674155e-05, "unknown": 0.8722837149838096, "redirect": 0.0035776688533084348, "bad-redirect": 2.467357829867886e-05, "sfb": 0.000799294075938781}, "english-5k": {"roll-out": 0.0, "sfR": 0.10644211224955408, "dsfb": 0.0, "roll-in": 0.0, "dsfb-red": 0.0013688970008711163, "oneh-in": 0.001742232546563239, "sfT": 0.0, "dsfb-alt": 0.0, "alternate": 0.0, "sft": 0.0, "oneh-out": 8.296345459824948e-05, "unknown": 0.8863400672003983, "redirect": 0.002779275729041357, "bad-redirect": 0.0, "sfb": 0.001244451818973742}, "mt-quotes": {"roll-out": 0.0, "sfR": 0.0964592223377679, "dsfb": 0.0, "roll-in": 0.0, "dsfb-red": 0.0033752286011403164, "oneh-in": 0.019489367805787642, "sfT": 0.0, "dsfb-alt": 0.0, "alternate": 0.0, "sft": 0.0, "oneh-out": 8.665925580617014e-05, "unknown": 0.8770872927648486, "redirect": 0.0029195204456078697, "bad-redirect": 0.0, "sfb": 0.0005827087890414889}, "wordle": {"roll-out": 0.0, "sfR": 0.13138112868843263, "dsfb": 0.0, "roll-in": 0.0, "dsfb-red": 0.0026029395265342757, "oneh-in": 0.0014361045663637384, "sfT": 0.0, "dsfb-alt": 0.0, "alternate": 0.0, "sft": 0.0, "oneh-out": 0.000381465275440368, "unknown": 0.8604285874565242, "redirect": 0.0028722091327274767, "bad-redirect": 6.731740154830023e-05, "sfb": 0.0008302479524290362}, "english-1k": {"roll-out": 0.0, "sfR": 0.10832745236414962, "dsfb": 0.0, "roll-in": 0.0, "dsfb-red": 0.0014114326040931546, "oneh-in": 0.0028228652081863093, "sfT": 0.0, "dsfb-alt": 0.0, "alternate": 0.0, "sft": 0.0, "oneh-out": 0.0, "unknown": 0.8824982357092449, "redirect": 0.0045871559633027525, "bad-redirect": 0.0, "sfb": 0.00035285815102328866}, "english-10k": {"roll-out": 0.0, "sfR": 0.10567144593890508, "dsfb": 0.0, "roll-in": 0.0, "dsfb-red": 0.0012736149437486733, "oneh-in": 0.0011771289631616526, "sfT": 0.0, "dsfb-alt": 0.0, "alternate": 0.0, "sft": 0.0, "oneh-out": 7.718878446961657e-05, "unknown": 0.8882113428918779, "redirect": 0.002315663534088497, "bad-redirect": 0.0, "sfb": 0.0012736149437486733}, "reddit": {"roll-out": 0.0, "sfR": 0.10397777127267367, "dsfb": 0.0, "roll-in": 0.0, "dsfb-red": 0.003051131054686512, "oneh-in": 0.011565276004013187, "sfT": 0.0, "dsfb-alt": 0.0, "alternate": 0.0, "sft": 0.0, "oneh-out": 5.2552750806879506e-05, "unknown": 0.8785032092575248, "redirect": 0.002200585571741528, "bad-redirect": 2.32235962225697e-06, "sfb": 0.0006471517289311883}, "akl": {"roll-out": 0.0, "sfR": 0.13064861186637447, "dsfb": 0.0, "roll-in": 0.0, "dsfb-red": 0.0021058042283750356, "oneh-in": 0.010226575383277297, "sfT": 0.0, "dsfb-alt": 0.0, "alternate": 2.470760220552905e-08, "sft": 0.0, "oneh-out": 6.453625696084188e-05, "unknown": 0.8551111368948666, "redirect": 0.0012985080339115794, "bad-redirect": 2.8216081718714178e-05, "sfb": 0.0005165865469132014}, "french": {"roll-out": 0.0, "sfR": 0.10898279115633469, "dsfb": 0.0, "roll-in": 0.0, "dsfb-red": 0.0007121766673958327, "oneh-in": 0.00575037413770344, "sfT": 0.0, "dsfb-alt": 0.0, "alternate": 0.0, "sft": 0.0, "oneh-out": 0.0002605042050799129, "unknown": 0.8811735567616834, "redirect": 0.0020454404250719086, "bad-redirect": 1.0022849850383123e-05, "sfb": 0.0010651337968804007}, "keymash": {"roll-out": 0.0, "sfR": 0.099723742164827, "dsfb": 0.0, "roll-in": 0.0, "dsfb-red": 0.0033659944255848414, "oneh-in": 0.016747874702909945, "sfT": 0.0, "dsfb-alt": 0.0, "alternate": 0.0, "sft": 0.0, "oneh-out": 0.0001724045925299553, "unknown": 0.8763776974135207, "redirect": 0.0028405709054935492, "bad-redirect": 0.0, "sfb": 0.0007717157951340856}, "movie": {"roll-out": 0.0, "sfR": 0.11567713207251198, "dsfb": 0.0, "roll-in": 0.0, "dsfb-red": 0.0025531296663771075, "oneh-in": 0.027512896917175872, "sfT": 0.0, "dsfb-alt": 0.0, "alternate": 0.0, "sft": 0.0, "oneh-out": 8.001148585935166e-05, "unknown": 0.8518192545798351, "redirect": 0.001958833827329686, "bad-redirect": 3.9479351575337985e-07, "sfb": 0.0003983466573951603}, "dutch": {"roll-out": 0.0, "sfR": 0.18880787437283908, "dsfb": 0.0, "roll-in": 0.0, "dsfb-red": 0.0006898335158030724, "oneh-in": 0.0001922539757860403, "sfT": 0.0, "dsfb-alt": 0.0, "alternate": 0.0, "sft": 0.0, "oneh-out": 2.6896191352272004e-05, "unknown": 0.8081875520911986, "redirect": 0.000945992842242111, "bad-redirect": 1.4344635387878402e-06, "sfb": 0.0011481625472400223}}